"w","datetime","min","max","mean","idw","lon","lat"
"1","2016-10-31","","","","-1.0","-46.7653984458","-24.0007326234"
"1","2016-11-01","0.0","0.0","0.0","-288.0","-46.7653984458","-24.0007326234"
"1","2016-11-02","1.53","5.58","3.08","-288.0","-46.7653984458","-24.0007326234"
"1","2016-11-03","3.25","14.15","7.44","-288.0","-46.7653984458","-24.0007326234"
"1","2016-11-04","0.04","0.69","0.21","-288.0","-46.7653984458","-24.0007326234"
"1","2016-11-05","0.0","0.0","0.0","-288.0","-46.7653984458","-24.0007326234"
"1","2016-11-06","0.0","0.0","0.0","-288.0","-46.7653984458","-24.0007326234"
"1","2016-11-07","0.0","0.03","0.0","-288.0","-46.7653984458","-24.0007326234"
"1","2016-11-08","0.0","0.0","0.0","-288.0","-46.7653984458","-24.0007326234"
"1","2016-11-09","22.55","93.98","50.08","-288.0","-46.7653984458","-24.0007326234"
"1","2016-11-10","4.38","18.43","9.61","-288.0","-46.7653984458","-24.0007326234"
"1","2016-11-11","3.41","10.47","6.59","-288.0","-46.7653984458","-24.0007326234"
"1","2016-11-12","0.02","0.26","0.09","-288.0","-46.7653984458","-24.0007326234"
"1","2016-11-13","6.08","19.02","11.61","-288.0","-46.7653984458","-24.0007326234"
"1","2016-11-14","5.24","14.88","9.34","-287.0","-46.7653984458","-24.0007326234"
"1","2016-11-15","","","","-1.0","-46.7653984458","-24.0007326234"
"1","2016-11-16","14.06","41.51","27.18","-288.0","-46.7653984458","-24.0007326234"
"1","2016-11-17","2.4","9.66","5.44","-288.0","-46.7653984458","-24.0007326234"
"1","2016-11-18","0.81","3.83","2.09","-287.0","-46.7653984458","-24.0007326234"
"1","2016-11-19","0.0","0.0","0.0","0.0","-46.7653984458","-24.0007326234"
"1","2016-11-20","0.0","0.0","0.0","0.0","-46.7653984458","-24.0007326234"
"1","2016-11-21","0.0","0.0","0.0","0.0","-46.7653984458","-24.0007326234"
"1","2016-11-22","","","","-1.0","-46.7653984458","-24.0007326234"
"1","2016-11-23","0.0","0.02","0.01","-288.0","-46.7653984458","-24.0007326234"
"1","2016-11-24","0.0","0.0","0.0","-287.0","-46.7653984458","-24.0007326234"
"1","2016-11-25","0.0","0.0","0.0","0.0","-46.7653984458","-24.0007326234"
"1","2016-11-26","","","","-1.0","-46.7653984458","-24.0007326234"
"1","2016-11-27","0.0","0.0","0.0","-288.0","-46.7653984458","-24.0007326234"
"1","2016-11-28","1.69","8.6","4.95","-288.0","-46.7653984458","-24.0007326234"
"1","2016-11-29","9.88","39.72","22.24","-288.0","-46.7653984458","-24.0007326234"
"1","2016-11-30","0.07","0.41","0.19","-287.0","-46.7653984458","-24.0007326234"
"1","2016-12-01","0.0","0.0","0.0","0.0","-46.7653984458","-24.0007326234"
"1","2016-12-02","","","","-1.0","-46.7653984458","-24.0007326234"
"1","2016-12-03","3.83","16.05","8.86","-288.0","-46.7653984458","-24.0007326234"
"1","2016-12-04","0.18","1.55","0.71","-288.0","-46.7653984458","-24.0007326234"
"1","2016-12-05","0.0","0.04","0.0","-287.0","-46.7653984458","-24.0007326234"
"1","2016-12-06","","","","-1.0","-46.7653984458","-24.0007326234"
"1","2016-12-07","0.58","3.29","1.61","-288.0","-46.7653984458","-24.0007326234"
"1","2016-12-08","4.82","12.31","8.72","-288.0","-46.7653984458","-24.0007326234"
"1","2016-12-09","0.0","0.0","0.0","-288.0","-46.7653984458","-24.0007326234"
"1","2016-12-10","3.62","15.76","9.1","-288.0","-46.7653984458","-24.0007326234"
"1","2016-12-11","4.47","13.43","8.16","-288.0","-46.7653984458","-24.0007326234"
"1","2016-12-12","9.07","26.53","16.49","-288.0","-46.7653984458","-24.0007326234"
"1","2016-12-13","1.01","5.71","2.83","-288.0","-46.7653984458","-24.0007326234"
"1","2016-12-14","0.02","0.68","0.25","-288.0","-46.7653984458","-24.0007326234"
"1","2016-12-15","0.0","0.0","0.0","-287.0","-46.7653984458","-24.0007326234"
"1","2016-12-16","0.0","0.0","0.0","0.0","-46.7653984458","-24.0007326234"
"1","2016-12-17","","","","-1.0","-46.7653984458","-24.0007326234"
"1","2016-12-18","0.0","0.0","0.0","-288.0","-46.7653984458","-24.0007326234"
"1","2016-12-19","10.06","56.47","27.36","-288.0","-46.7653984458","-24.0007326234"
"1","2016-12-20","3.5","26.6","11.97","-288.0","-46.7653984458","-24.0007326234"
"1","2016-12-21","9.06","38.9","20.27","-288.0","-46.7653984458","-24.0007326234"
"1","2016-12-22","0.0","0.0","0.0","-288.0","-46.7653984458","-24.0007326234"
"1","2016-12-23","0.27","1.09","0.61","-288.0","-46.7653984458","-24.0007326234"
"1","2016-12-24","0.0","0.03","0.0","-288.0","-46.7653984458","-24.0007326234"
"1","2016-12-25","0.0","0.0","0.0","-288.0","-46.7653984458","-24.0007326234"
"1","2016-12-26","0.0","0.0","0.0","-288.0","-46.7653984458","-24.0007326234"
"1","2016-12-27","0.71","2.92","1.54","-288.0","-46.7653984458","-24.0007326234"
"1","2016-12-28","0.0","0.0","0.0","-288.0","-46.7653984458","-24.0007326234"
"1","2016-12-29","0.0","0.26","0.06","-288.0","-46.7653984458","-24.0007326234"
"1","2016-12-30","0.0","0.0","0.0","-288.0","-46.7653984458","-24.0007326234"
"1","2016-12-31","0.02","0.34","0.13","-287.0","-46.7653984458","-24.0007326234"
"1","2017-01-01","","","","-1.0","-46.7653984458","-24.0007326234"
"1","2017-01-02","13.72","51.83","32.36","-288.0","-46.7653984458","-24.0007326234"
"1","2017-01-03","0.06","0.37","0.17","-288.0","-46.7653984458","-24.0007326234"
"1","2017-01-04","0.01","0.37","0.15","-288.0","-46.7653984458","-24.0007326234"
"1","2017-01-05","0.2","0.92","0.47","-288.0","-46.7653984458","-24.0007326234"
"1","2017-01-06","4.65","30.55","14.16","-288.0","-46.7653984458","-24.0007326234"
"1","2017-01-07","0.25","2.36","0.86","-288.0","-46.7653984458","-24.0007326234"
"1","2017-01-08","0.0","0.03","0.0","-288.0","-46.7653984458","-24.0007326234"
"1","2017-01-09","6.72","19.48","12.6","-288.0","-46.7653984458","-24.0007326234"
"1","2017-01-10","0.0","0.12","0.04","-288.0","-46.7653984458","-24.0007326234"
"1","2017-01-11","5.82","64.18","27.79","-288.0","-46.7653984458","-24.0007326234"
"1","2017-01-12","23.51","106.91","55.64","-288.0","-46.7653984458","-24.0007326234"
"1","2017-01-13","0.0","0.0","0.0","-288.0","-46.7653984458","-24.0007326234"
"1","2017-01-14","0.0","0.0","0.0","-288.0","-46.7653984458","-24.0007326234"
"1","2017-01-15","0.0","0.05","0.0","-288.0","-46.7653984458","-24.0007326234"
"1","2017-01-16","10.53","45.72","23.72","-288.0","-46.7653984458","-24.0007326234"
"1","2017-01-17","13.52","39.51","24.9","-288.0","-46.7653984458","-24.0007326234"
"1","2017-01-18","11.85","37.79","21.84","-288.0","-46.7653984458","-24.0007326234"
"1","2017-01-19","9.21","34.01","19.64","-288.0","-46.7653984458","-24.0007326234"
"1","2017-01-20","4.13","16.53","9.48","-288.0","-46.7653984458","-24.0007326234"
"1","2017-01-21","9.12","38.53","19.37","-288.0","-46.7653984458","-24.0007326234"
"1","2017-01-22","3.94","19.86","10.82","-288.0","-46.7653984458","-24.0007326234"
"1","2017-01-23","2.92","24.97","10.54","-288.0","-46.7653984458","-24.0007326234"
"1","2017-01-24","2.85","15.66","7.06","-288.0","-46.7653984458","-24.0007326234"
"1","2017-01-25","0.42","1.93","1.06","-288.0","-46.7653984458","-24.0007326234"
"1","2017-01-26","5.15","19.66","10.75","-288.0","-46.7653984458","-24.0007326234"
"1","2017-01-27","5.3","23.77","12.96","-288.0","-46.7653984458","-24.0007326234"
"1","2017-01-28","0.03","0.77","0.22","-288.0","-46.7653984458","-24.0007326234"
"1","2017-01-29","0.21","4.1","1.55","-288.0","-46.7653984458","-24.0007326234"
"1","2017-01-30","0.0","0.3","0.1","-288.0","-46.7653984458","-24.0007326234"
"1","2017-01-31","0.25","2.07","0.9","-288.0","-46.7653984458","-24.0007326234"
"1","2017-02-01","8.7","40.26","22.17","-288.0","-46.7653984458","-24.0007326234"
"1","2017-02-02","5.71","22.52","12.88","-288.0","-46.7653984458","-24.0007326234"
"1","2017-02-03","1.28","4.7","2.75","-288.0","-46.7653984458","-24.0007326234"
"1","2017-02-04","3.39","17.11","8.75","-288.0","-46.7653984458","-24.0007326234"
"1","2017-02-05","0.0","1.55","0.4","-288.0","-46.7653984458","-24.0007326234"
"1","2017-02-06","8.06","26.32","16.0","-288.0","-46.7653984458","-24.0007326234"
"1","2017-02-07","8.97","55.41","29.06","-288.0","-46.7653984458","-24.0007326234"
"1","2017-02-08","0.01","0.25","0.11","-287.0","-46.7653984458","-24.0007326234"
"1","2017-02-09","0.0","0.0","0.0","0.0","-46.7653984458","-24.0007326234"
"1","2017-02-10","0.0","0.0","0.0","0.0","-46.7653984458","-24.0007326234"
"1","2017-02-11","0.0","0.0","0.0","0.0","-46.7653984458","-24.0007326234"
"1","2017-02-12","0.0","0.0","0.0","0.0","-46.7653984458","-24.0007326234"
"1","2017-02-13","0.0","0.0","0.0","0.0","-46.7653984458","-24.0007326234"
"1","2017-02-14","0.0","0.0","0.0","0.0","-46.7653984458","-24.0007326234"
"1","2017-02-15","0.0","0.0","0.0","0.0","-46.7653984458","-24.0007326234"
"1","2017-02-16","","","","-1.0","-46.7653984458","-24.0007326234"
"1","2017-02-17","0.0","0.0","0.0","-288.0","-46.7653984458","-24.0007326234"
"1","2017-02-18","0.0","0.0","0.0","-287.0","-46.7653984458","-24.0007326234"
"1","2017-02-19","0.0","0.0","0.0","0.0","-46.7653984458","-24.0007326234"
"1","2017-02-20","0.0","0.0","0.0","0.0","-46.7653984458","-24.0007326234"
"1","2017-02-21","","","","-1.0","-46.7653984458","-24.0007326234"
"1","2017-02-22","0.0","0.0","0.0","-288.0","-46.7653984458","-24.0007326234"
"1","2017-02-23","0.01","0.64","0.19","-288.0","-46.7653984458","-24.0007326234"
"1","2017-02-24","13.67","76.86","36.12","-288.0","-46.7653984458","-24.0007326234"
"1","2017-02-25","0.51","2.27","1.16","-288.0","-46.7653984458","-24.0007326234"
"1","2017-02-26","8.46","33.15","19.93","-288.0","-46.7653984458","-24.0007326234"
"1","2017-02-27","0.04","0.29","0.12","-288.0","-46.7653984458","-24.0007326234"
"1","2017-02-28","0.01","0.23","0.07","-288.0","-46.7653984458","-24.0007326234"
"1","2017-03-01","0.07","0.9","0.35","-288.0","-46.7653984458","-24.0007326234"
"1","2017-03-02","11.41","49.23","25.16","-288.0","-46.7653984458","-24.0007326234"
"1","2017-03-03","1.27","6.29","3.13","-288.0","-46.7653984458","-24.0007326234"
"1","2017-03-04","0.0","0.37","0.08","-288.0","-46.7653984458","-24.0007326234"
"1","2017-03-05","9.58","39.61","21.88","-288.0","-46.7653984458","-24.0007326234"
"1","2017-03-06","2.97","17.36","7.92","-288.0","-46.7653984458","-24.0007326234"
"1","2017-03-07","48.6","135.01","85.11","-288.0","-46.7653984458","-24.0007326234"
"1","2017-03-08","15.13","47.81","28.95","-288.0","-46.7653984458","-24.0007326234"
"1","2017-03-09","0.0","0.0","0.0","-288.0","-46.7653984458","-24.0007326234"
"1","2017-03-10","0.0","0.33","0.04","-288.0","-46.7653984458","-24.0007326234"
"1","2017-03-11","0.0","0.03","0.0","-288.0","-46.7653984458","-24.0007326234"
"1","2017-03-12","0.02","0.11","0.05","-288.0","-46.7653984458","-24.0007326234"
"1","2017-03-13","0.02","0.62","0.19","-288.0","-46.7653984458","-24.0007326234"
"1","2017-03-14","0.0","0.0","0.0","-288.0","-46.7653984458","-24.0007326234"
"1","2017-03-15","0.35","1.96","0.98","-288.0","-46.7653984458","-24.0007326234"
"1","2017-03-16","0.0","0.0","0.0","-288.0","-46.7653984458","-24.0007326234"
"1","2017-03-17","1.52","18.48","6.29","-288.0","-46.7653984458","-24.0007326234"
"1","2017-03-18","4.1","16.82","8.6","-288.0","-46.7653984458","-24.0007326234"
"1","2017-03-19","3.58","11.82","7.13","-288.0","-46.7653984458","-24.0007326234"
"1","2017-03-20","0.01","0.26","0.09","-287.0","-46.7653984458","-24.0007326234"
"1","2017-03-21","0.0","0.0","0.0","0.0","-46.7653984458","-24.0007326234"
"1","2017-03-22","0.0","0.0","0.0","0.0","-46.7653984458","-24.0007326234"
"1","2017-03-23","","","","-1.0","-46.7653984458","-24.0007326234"
"1","2017-03-24","0.0","0.0","0.0","-288.0","-46.7653984458","-24.0007326234"
"1","2017-03-25","0.25","0.98","0.56","-287.0","-46.7653984458","-24.0007326234"
"1","2017-03-26","","","","-1.0","-46.7653984458","-24.0007326234"
"1","2017-03-27","1.71","6.72","3.9","-288.0","-46.7653984458","-24.0007326234"
"1","2017-03-28","0.58","4.51","2.0","-288.0","-46.7653984458","-24.0007326234"
"1","2017-03-29","0.64","2.16","1.33","-287.0","-46.7653984458","-24.0007326234"
"1","2017-03-30","0.0","0.0","0.0","0.0","-46.7653984458","-24.0007326234"
"1","2017-03-31","0.0","0.0","0.0","0.0","-46.7653984458","-24.0007326234"
"1","2017-04-01","0.0","0.0","0.0","0.0","-46.7653984458","-24.0007326234"
"1","2017-04-02","0.0","0.0","0.0","0.0","-46.7653984458","-24.0007326234"
"1","2017-04-03","0.0","0.0","0.0","0.0","-46.7653984458","-24.0007326234"
"1","2017-04-04","","","","-1.0","-46.7653984458","-24.0007326234"
"1","2017-04-05","0.0","0.0","0.0","-288.0","-46.7653984458","-24.0007326234"
"1","2017-04-06","20.93","57.37","35.83","-288.0","-46.7653984458","-24.0007326234"
"1","2017-04-07","5.46","20.32","11.94","-288.0","-46.7653984458","-24.0007326234"
"1","2017-04-08","0.0","0.02","0.0","-287.0","-46.7653984458","-24.0007326234"
"1","2017-04-09","","","","-1.0","-46.7653984458","-24.0007326234"
"1","2017-04-10","0.0","0.02","0.0","-288.0","-46.7653984458","-24.0007326234"
"1","2017-04-11","0.0","0.0","0.0","-288.0","-46.7653984458","-24.0007326234"
"1","2017-04-12","11.88","37.04","23.63","-287.0","-46.7653984458","-24.0007326234"
"1","2017-04-13","0.0","0.0","0.0","0.0","-46.7653984458","-24.0007326234"
"1","2017-04-14","0.0","0.0","0.0","0.0","-46.7653984458","-24.0007326234"
"1","2017-04-15","0.0","0.0","0.0","0.0","-46.7653984458","-24.0007326234"
"1","2017-04-16","","","","-1.0","-46.7653984458","-24.0007326234"
"1","2017-04-17","3.18","9.0","5.65","-287.0","-46.7653984458","-24.0007326234"
"1","2017-04-18","0.0","0.0","0.0","0.0","-46.7653984458","-24.0007326234"
"1","2017-04-19","0.0","0.0","0.0","0.0","-46.7653984458","-24.0007326234"
"1","2017-04-20","","","","-1.0","-46.7653984458","-24.0007326234"
"1","2017-04-21","6.8","29.49","15.54","-288.0","-46.7653984458","-24.0007326234"
"1","2017-04-22","1.34","4.21","2.63","-287.0","-46.7653984458","-24.0007326234"
"1","2017-04-23","0.0","0.0","0.0","0.0","-46.7653984458","-24.0007326234"
"1","2017-04-24","0.0","0.0","0.0","0.0","-46.7653984458","-24.0007326234"
"1","2017-04-25","","","","-1.0","-46.7653984458","-24.0007326234"
"1","2017-04-26","10.45","33.88","19.83","-288.0","-46.7653984458","-24.0007326234"
"1","2017-04-27","0.28","1.0","0.59","-287.0","-46.7653984458","-24.0007326234"
"1","2017-04-28","0.0","0.0","0.0","0.0","-46.7653984458","-24.0007326234"
"1","2017-04-29","0.0","0.0","0.0","0.0","-46.7653984458","-24.0007326234"
"1","2017-04-30","0.0","0.0","0.0","0.0","-46.7653984458","-24.0007326234"
"1","2017-05-01","","","","-1.0","-46.7653984458","-24.0007326234"
"1","2017-05-02","0.0","0.0","0.0","-287.0","-46.7653984458","-24.0007326234"
"1","2017-05-03","0.0","0.0","0.0","0.0","-46.7653984458","-24.0007326234"
"1","2017-05-04","","","","-1.0","-46.7653984458","-24.0007326234"
"1","2017-05-05","9.37","25.51","16.76","-288.0","-46.7653984458","-24.0007326234"
"1","2017-05-06","5.17","27.8","14.06","-288.0","-46.7653984458","-24.0007326234"
"1","2017-05-07","0.26","3.98","1.51","-287.0","-46.7653984458","-24.0007326234"
"1","2017-05-08","0.0","0.0","0.0","0.0","-46.7653984458","-24.0007326234"
"1","2017-05-09","0.0","0.0","0.0","0.0","-46.7653984458","-24.0007326234"
"1","2017-05-10","0.0","0.0","0.0","0.0","-46.7653984458","-24.0007326234"
"1","2017-05-11","0.0","0.0","0.0","0.0","-46.7653984458","-24.0007326234"
"1","2017-05-12","0.0","0.0","0.0","0.0","-46.7653984458","-24.0007326234"
"1","2017-05-13","","","","-1.0","-46.7653984458","-24.0007326234"
"1","2017-05-14","0.03","0.33","0.15","-287.0","-46.7653984458","-24.0007326234"
"1","2017-05-15","0.0","0.0","0.0","0.0","-46.7653984458","-24.0007326234"
"1","2017-05-16","0.0","0.0","0.0","0.0","-46.7653984458","-24.0007326234"
"1","2017-05-17","","","","-1.0","-46.7653984458","-24.0007326234"
"1","2017-05-18","0.89","4.07","2.27","-288.0","-46.7653984458","-24.0007326234"
"1","2017-05-19","17.32","68.32","36.98","-288.0","-46.7653984458","-24.0007326234"
"1","2017-05-20","0.0","0.0","0.0","-288.0","-46.7653984458","-24.0007326234"
"1","2017-05-21","11.59","45.48","25.38","-288.0","-46.7653984458","-24.0007326234"
"1","2017-05-22","3.44","9.69","6.1","-287.0","-46.7653984458","-24.0007326234"
"1","2017-05-23","0.0","0.0","0.0","0.0","-46.7653984458","-24.0007326234"
"1","2017-05-24","0.0","0.0","0.0","0.0","-46.7653984458","-24.0007326234"
"1","2017-05-25","0.0","0.0","0.0","0.0","-46.7653984458","-24.0007326234"
"1","2017-05-26","0.0","0.0","0.0","0.0","-46.7653984458","-24.0007326234"
"1","2017-05-27","0.0","0.0","0.0","0.0","-46.7653984458","-24.0007326234"
"1","2017-05-28","0.0","0.0","0.0","0.0","-46.7653984458","-24.0007326234"
"1","2017-05-29","0.0","0.0","0.0","0.0","-46.7653984458","-24.0007326234"
"1","2017-05-30","0.0","0.0","0.0","0.0","-46.7653984458","-24.0007326234"
"1","2017-05-31","0.0","0.0","0.0","0.0","-46.7653984458","-24.0007326234"
"1","2017-06-01","0.0","0.0","0.0","0.0","-46.7653984458","-24.0007326234"
"1","2017-06-02","0.0","0.0","0.0","0.0","-46.7653984458","-24.0007326234"
"1","2017-06-03","0.0","0.0","0.0","0.0","-46.7653984458","-24.0007326234"
"1","2017-06-04","","","","-1.0","-46.7653984458","-24.0007326234"
"1","2017-06-05","25.59","87.79","52.64","-288.0","-46.7653984458","-24.0007326234"
"1","2017-06-06","16.37","63.96","35.41","-288.0","-46.7653984458","-24.0007326234"
"1","2017-06-07","4.29","14.11","8.5","-287.0","-46.7653984458","-24.0007326234"
"1","2017-06-08","","","","-1.0","-46.7653984458","-24.0007326234"
"1","2017-06-09","0.2","0.85","0.41","-288.0","-46.7653984458","-24.0007326234"
"1","2017-06-10","0.0","0.0","0.0","-287.0","-46.7653984458","-24.0007326234"
"1","2017-06-11","","","","-1.0","-46.7653984458","-24.0007326234"
"1","2017-06-12","0.01","0.08","0.04","-288.0","-46.7653984458","-24.0007326234"
"1","2017-06-13","10.7","71.17","34.0","-288.0","-46.7653984458","-24.0007326234"
"1","2017-06-14","0.13","0.67","0.36","-287.0","-46.7653984458","-24.0007326234"
"3","2016-10-31","","","","-1.0","-46.7939181504","-23.9322671942"
"3","2016-11-01","0.0","0.02","0.0","-288.0","-46.7939181504","-23.9322671942"
"3","2016-11-02","1.16","14.21","4.86","-288.0","-46.7939181504","-23.9322671942"
"3","2016-11-03","2.38","23.04","8.63","-288.0","-46.7939181504","-23.9322671942"
"3","2016-11-04","0.08","0.53","0.24","-288.0","-46.7939181504","-23.9322671942"
"3","2016-11-05","0.0","0.0","0.0","-288.0","-46.7939181504","-23.9322671942"
"3","2016-11-06","0.0","2.09","0.5","-288.0","-46.7939181504","-23.9322671942"
"3","2016-11-07","0.0","0.0","0.0","-288.0","-46.7939181504","-23.9322671942"
"3","2016-11-08","0.0","0.0","0.0","-288.0","-46.7939181504","-23.9322671942"
"3","2016-11-09","8.88","77.7","30.49","-288.0","-46.7939181504","-23.9322671942"
"3","2016-11-10","1.82","12.85","5.37","-288.0","-46.7939181504","-23.9322671942"
"3","2016-11-11","3.67","26.27","13.52","-288.0","-46.7939181504","-23.9322671942"
"3","2016-11-12","0.0","0.14","0.07","-288.0","-46.7939181504","-23.9322671942"
"3","2016-11-13","5.63","33.4","15.33","-288.0","-46.7939181504","-23.9322671942"
"3","2016-11-14","5.41","21.38","11.79","-287.0","-46.7939181504","-23.9322671942"
"3","2016-11-15","","","","-1.0","-46.7939181504","-23.9322671942"
"3","2016-11-16","6.89","49.95","23.04","-288.0","-46.7939181504","-23.9322671942"
"3","2016-11-17","0.38","6.11","1.97","-288.0","-46.7939181504","-23.9322671942"
"3","2016-11-18","0.14","2.05","0.67","-287.0","-46.7939181504","-23.9322671942"
"3","2016-11-19","0.0","0.0","0.0","0.0","-46.7939181504","-23.9322671942"
"3","2016-11-20","0.0","0.0","0.0","0.0","-46.7939181504","-23.9322671942"
"3","2016-11-21","0.0","0.0","0.0","0.0","-46.7939181504","-23.9322671942"
"3","2016-11-22","","","","-1.0","-46.7939181504","-23.9322671942"
"3","2016-11-23","0.0","0.48","0.1","-288.0","-46.7939181504","-23.9322671942"
"3","2016-11-24","0.0","0.0","0.0","-287.0","-46.7939181504","-23.9322671942"
"3","2016-11-25","0.0","0.0","0.0","0.0","-46.7939181504","-23.9322671942"
"3","2016-11-26","","","","-1.0","-46.7939181504","-23.9322671942"
"3","2016-11-27","0.2","11.42","2.91","-288.0","-46.7939181504","-23.9322671942"
"3","2016-11-28","2.07","35.62","14.17","-288.0","-46.7939181504","-23.9322671942"
"3","2016-11-29","2.25","17.13","7.54","-288.0","-46.7939181504","-23.9322671942"
"3","2016-11-30","0.01","0.7","0.23","-287.0","-46.7939181504","-23.9322671942"
"3","2016-12-01","0.0","0.0","0.0","0.0","-46.7939181504","-23.9322671942"
"3","2016-12-02","","","","-1.0","-46.7939181504","-23.9322671942"
"3","2016-12-03","4.23","45.43","16.06","-288.0","-46.7939181504","-23.9322671942"
"3","2016-12-04","0.29","3.33","1.13","-288.0","-46.7939181504","-23.9322671942"
"3","2016-12-05","0.01","0.1","0.04","-287.0","-46.7939181504","-23.9322671942"
"3","2016-12-06","","","","-1.0","-46.7939181504","-23.9322671942"
"3","2016-12-07","0.58","4.89","1.78","-288.0","-46.7939181504","-23.9322671942"
"3","2016-12-08","7.83","35.29","18.26","-288.0","-46.7939181504","-23.9322671942"
"3","2016-12-09","0.02","1.32","0.43","-288.0","-46.7939181504","-23.9322671942"
"3","2016-12-10","3.38","20.54","9.61","-288.0","-46.7939181504","-23.9322671942"
"3","2016-12-11","5.46","29.52","13.53","-288.0","-46.7939181504","-23.9322671942"
"3","2016-12-12","7.4","50.96","20.78","-288.0","-46.7939181504","-23.9322671942"
"3","2016-12-13","0.03","3.07","0.6","-288.0","-46.7939181504","-23.9322671942"
"3","2016-12-14","0.0","0.0","0.0","-288.0","-46.7939181504","-23.9322671942"
"3","2016-12-15","0.0","0.0","0.0","-287.0","-46.7939181504","-23.9322671942"
"3","2016-12-16","0.0","0.0","0.0","0.0","-46.7939181504","-23.9322671942"
"3","2016-12-17","","","","-1.0","-46.7939181504","-23.9322671942"
"3","2016-12-18","0.0","0.08","0.01","-288.0","-46.7939181504","-23.9322671942"
"3","2016-12-19","1.16","26.71","6.96","-288.0","-46.7939181504","-23.9322671942"
"3","2016-12-20","0.99","34.59","8.9","-288.0","-46.7939181504","-23.9322671942"
"3","2016-12-21","3.27","47.76","15.71","-288.0","-46.7939181504","-23.9322671942"
"3","2016-12-22","0.0","0.0","0.0","-288.0","-46.7939181504","-23.9322671942"
"3","2016-12-23","0.08","2.58","0.82","-288.0","-46.7939181504","-23.9322671942"
"3","2016-12-24","0.03","1.55","0.39","-288.0","-46.7939181504","-23.9322671942"
"3","2016-12-25","0.0","0.0","0.0","-288.0","-46.7939181504","-23.9322671942"
"3","2016-12-26","0.0","0.01","0.0","-288.0","-46.7939181504","-23.9322671942"
"3","2016-12-27","0.5","17.23","3.3","-288.0","-46.7939181504","-23.9322671942"
"3","2016-12-28","0.0","0.4","0.08","-288.0","-46.7939181504","-23.9322671942"
"3","2016-12-29","0.02","1.04","0.31","-288.0","-46.7939181504","-23.9322671942"
"3","2016-12-30","0.0","0.03","0.0","-288.0","-46.7939181504","-23.9322671942"
"3","2016-12-31","0.0","0.21","0.06","-287.0","-46.7939181504","-23.9322671942"
"3","2017-01-01","","","","-1.0","-46.7939181504","-23.9322671942"
"3","2017-01-02","9.99","65.52","30.58","-288.0","-46.7939181504","-23.9322671942"
"3","2017-01-03","0.05","1.0","0.36","-288.0","-46.7939181504","-23.9322671942"
"3","2017-01-04","0.0","0.16","0.03","-288.0","-46.7939181504","-23.9322671942"
"3","2017-01-05","0.0","0.36","0.09","-288.0","-46.7939181504","-23.9322671942"
"3","2017-01-06","5.27","101.21","43.33","-288.0","-46.7939181504","-23.9322671942"
"3","2017-01-07","0.01","1.05","0.27","-288.0","-46.7939181504","-23.9322671942"
"3","2017-01-08","0.09","12.25","3.4","-288.0","-46.7939181504","-23.9322671942"
"3","2017-01-09","0.89","9.07","3.39","-288.0","-46.7939181504","-23.9322671942"
"3","2017-01-10","0.05","1.4","0.46","-288.0","-46.7939181504","-23.9322671942"
"3","2017-01-11","3.5","72.36","24.59","-288.0","-46.7939181504","-23.9322671942"
"3","2017-01-12","7.09","85.41","33.1","-288.0","-46.7939181504","-23.9322671942"
"3","2017-01-13","0.0","0.01","0.0","-288.0","-46.7939181504","-23.9322671942"
"3","2017-01-14","0.0","0.0","0.0","-288.0","-46.7939181504","-23.9322671942"
"3","2017-01-15","0.0","0.14","0.0","-288.0","-46.7939181504","-23.9322671942"
"3","2017-01-16","10.05","104.48","36.98","-288.0","-46.7939181504","-23.9322671942"
"3","2017-01-17","10.02","45.49","23.47","-288.0","-46.7939181504","-23.9322671942"
"3","2017-01-18","10.7","62.7","29.29","-288.0","-46.7939181504","-23.9322671942"
"3","2017-01-19","7.22","55.5","22.96","-288.0","-46.7939181504","-23.9322671942"
"3","2017-01-20","2.03","10.99","5.6","-288.0","-46.7939181504","-23.9322671942"
"3","2017-01-21","8.21","92.39","39.88","-288.0","-46.7939181504","-23.9322671942"
"3","2017-01-22","0.74","9.54","3.36","-288.0","-46.7939181504","-23.9322671942"
"3","2017-01-23","0.45","10.07","2.87","-288.0","-46.7939181504","-23.9322671942"
"3","2017-01-24","2.36","32.97","13.63","-288.0","-46.7939181504","-23.9322671942"
"3","2017-01-25","0.03","2.69","0.74","-288.0","-46.7939181504","-23.9322671942"
"3","2017-01-26","4.94","27.01","13.2","-288.0","-46.7939181504","-23.9322671942"
"3","2017-01-27","3.43","32.5","14.48","-288.0","-46.7939181504","-23.9322671942"
"3","2017-01-28","0.0","0.25","0.04","-288.0","-46.7939181504","-23.9322671942"
"3","2017-01-29","0.0","0.07","0.01","-288.0","-46.7939181504","-23.9322671942"
"3","2017-01-30","0.0","0.3","0.05","-288.0","-46.7939181504","-23.9322671942"
"3","2017-01-31","0.0","0.25","0.05","-288.0","-46.7939181504","-23.9322671942"
"3","2017-02-01","1.35","12.52","4.8","-288.0","-46.7939181504","-23.9322671942"
"3","2017-02-02","4.64","34.92","14.15","-288.0","-46.7939181504","-23.9322671942"
"3","2017-02-03","1.37","18.79","6.13","-288.0","-46.7939181504","-23.9322671942"
"3","2017-02-04","1.26","15.97","6.14","-288.0","-46.7939181504","-23.9322671942"
"3","2017-02-05","0.0","1.09","0.17","-288.0","-46.7939181504","-23.9322671942"
"3","2017-02-06","2.51","29.41","8.59","-288.0","-46.7939181504","-23.9322671942"
"3","2017-02-07","2.73","78.88","22.89","-288.0","-46.7939181504","-23.9322671942"
"3","2017-02-08","0.0","0.05","0.01","-287.0","-46.7939181504","-23.9322671942"
"3","2017-02-09","0.0","0.0","0.0","0.0","-46.7939181504","-23.9322671942"
"3","2017-02-10","0.0","0.0","0.0","0.0","-46.7939181504","-23.9322671942"
"3","2017-02-11","0.0","0.0","0.0","0.0","-46.7939181504","-23.9322671942"
"3","2017-02-12","0.0","0.0","0.0","0.0","-46.7939181504","-23.9322671942"
"3","2017-02-13","0.0","0.0","0.0","0.0","-46.7939181504","-23.9322671942"
"3","2017-02-14","0.0","0.0","0.0","0.0","-46.7939181504","-23.9322671942"
"3","2017-02-15","0.0","0.0","0.0","0.0","-46.7939181504","-23.9322671942"
"3","2017-02-16","","","","-1.0","-46.7939181504","-23.9322671942"
"3","2017-02-17","0.0","0.06","0.0","-288.0","-46.7939181504","-23.9322671942"
"3","2017-02-18","0.0","0.0","0.0","-287.0","-46.7939181504","-23.9322671942"
"3","2017-02-19","0.0","0.0","0.0","0.0","-46.7939181504","-23.9322671942"
"3","2017-02-20","0.0","0.0","0.0","0.0","-46.7939181504","-23.9322671942"
"3","2017-02-21","","","","-1.0","-46.7939181504","-23.9322671942"
"3","2017-02-22","0.0","0.19","0.01","-288.0","-46.7939181504","-23.9322671942"
"3","2017-02-23","0.0","0.64","0.11","-288.0","-46.7939181504","-23.9322671942"
"3","2017-02-24","7.4","81.75","30.48","-288.0","-46.7939181504","-23.9322671942"
"3","2017-02-25","1.67","11.49","5.26","-288.0","-46.7939181504","-23.9322671942"
"3","2017-02-26","0.04","2.24","0.47","-288.0","-46.7939181504","-23.9322671942"
"3","2017-02-27","0.01","1.65","0.35","-288.0","-46.7939181504","-23.9322671942"
"3","2017-02-28","0.09","3.38","0.84","-288.0","-46.7939181504","-23.9322671942"
"3","2017-03-01","0.0","0.08","0.01","-288.0","-46.7939181504","-23.9322671942"
"3","2017-03-02","3.78","42.01","16.44","-288.0","-46.7939181504","-23.9322671942"
"3","2017-03-03","0.39","6.42","2.32","-288.0","-46.7939181504","-23.9322671942"
"3","2017-03-04","0.0","0.12","0.03","-288.0","-46.7939181504","-23.9322671942"
"3","2017-03-05","20.33","117.08","58.41","-288.0","-46.7939181504","-23.9322671942"
"3","2017-03-06","0.78","10.46","2.66","-288.0","-46.7939181504","-23.9322671942"
"3","2017-03-07","12.82","86.81","31.95","-288.0","-46.7939181504","-23.9322671942"
"3","2017-03-08","7.13","32.55","17.22","-288.0","-46.7939181504","-23.9322671942"
"3","2017-03-09","0.0","0.0","0.0","-288.0","-46.7939181504","-23.9322671942"
"3","2017-03-10","0.92","7.2","2.89","-288.0","-46.7939181504","-23.9322671942"
"3","2017-03-11","0.0","0.06","0.0","-288.0","-46.7939181504","-23.9322671942"
"3","2017-03-12","0.0","0.0","0.0","-288.0","-46.7939181504","-23.9322671942"
"3","2017-03-13","0.0","0.0","0.0","-288.0","-46.7939181504","-23.9322671942"
"3","2017-03-14","0.0","0.0","0.0","-288.0","-46.7939181504","-23.9322671942"
"3","2017-03-15","0.14","4.79","1.16","-288.0","-46.7939181504","-23.9322671942"
"3","2017-03-16","0.0","0.06","0.01","-288.0","-46.7939181504","-23.9322671942"
"3","2017-03-17","0.02","0.97","0.27","-288.0","-46.7939181504","-23.9322671942"
"3","2017-03-18","2.41","16.8","7.12","-288.0","-46.7939181504","-23.9322671942"
"3","2017-03-19","3.69","24.68","11.73","-288.0","-46.7939181504","-23.9322671942"
"3","2017-03-20","0.0","0.23","0.03","-287.0","-46.7939181504","-23.9322671942"
"3","2017-03-21","0.0","0.0","0.0","0.0","-46.7939181504","-23.9322671942"
"3","2017-03-22","0.0","0.0","0.0","0.0","-46.7939181504","-23.9322671942"
"3","2017-03-23","","","","-1.0","-46.7939181504","-23.9322671942"
"3","2017-03-24","0.0","0.0","0.0","-288.0","-46.7939181504","-23.9322671942"
"3","2017-03-25","0.02","0.68","0.16","-287.0","-46.7939181504","-23.9322671942"
"3","2017-03-26","","","","-1.0","-46.7939181504","-23.9322671942"
"3","2017-03-27","0.75","6.61","2.73","-288.0","-46.7939181504","-23.9322671942"
"3","2017-03-28","0.29","9.22","2.47","-288.0","-46.7939181504","-23.9322671942"
"3","2017-03-29","0.04","1.09","0.37","-287.0","-46.7939181504","-23.9322671942"
"3","2017-03-30","0.0","0.0","0.0","0.0","-46.7939181504","-23.9322671942"
"3","2017-03-31","0.0","0.0","0.0","0.0","-46.7939181504","-23.9322671942"
"3","2017-04-01","0.0","0.0","0.0","0.0","-46.7939181504","-23.9322671942"
"3","2017-04-02","0.0","0.0","0.0","0.0","-46.7939181504","-23.9322671942"
"3","2017-04-03","0.0","0.0","0.0","0.0","-46.7939181504","-23.9322671942"
"3","2017-04-04","","","","-1.0","-46.7939181504","-23.9322671942"
"3","2017-04-05","0.0","0.0","0.0","-288.0","-46.7939181504","-23.9322671942"
"3","2017-04-06","9.78","75.18","32.84","-288.0","-46.7939181504","-23.9322671942"
"3","2017-04-07","4.14","20.39","10.02","-288.0","-46.7939181504","-23.9322671942"
"3","2017-04-08","0.01","1.04","0.26","-287.0","-46.7939181504","-23.9322671942"
"3","2017-04-09","","","","-1.0","-46.7939181504","-23.9322671942"
"3","2017-04-10","0.0","0.0","0.0","-288.0","-46.7939181504","-23.9322671942"
"3","2017-04-11","0.0","0.06","0.01","-288.0","-46.7939181504","-23.9322671942"
"3","2017-04-12","2.24","30.04","13.45","-287.0","-46.7939181504","-23.9322671942"
"3","2017-04-13","0.0","0.0","0.0","0.0","-46.7939181504","-23.9322671942"
"3","2017-04-14","0.0","0.0","0.0","0.0","-46.7939181504","-23.9322671942"
"3","2017-04-15","0.0","0.0","0.0","0.0","-46.7939181504","-23.9322671942"
"3","2017-04-16","","","","-1.0","-46.7939181504","-23.9322671942"
"3","2017-04-17","0.04","1.26","0.37","-287.0","-46.7939181504","-23.9322671942"
"3","2017-04-18","0.0","0.0","0.0","0.0","-46.7939181504","-23.9322671942"
"3","2017-04-19","0.0","0.0","0.0","0.0","-46.7939181504","-23.9322671942"
"3","2017-04-20","","","","-1.0","-46.7939181504","-23.9322671942"
"3","2017-04-21","4.85","34.86","15.39","-288.0","-46.7939181504","-23.9322671942"
"3","2017-04-22","1.04","4.7","2.64","-287.0","-46.7939181504","-23.9322671942"
"3","2017-04-23","0.0","0.0","0.0","0.0","-46.7939181504","-23.9322671942"
"3","2017-04-24","0.0","0.0","0.0","0.0","-46.7939181504","-23.9322671942"
"3","2017-04-25","","","","-1.0","-46.7939181504","-23.9322671942"
"3","2017-04-26","7.93","40.18","19.86","-288.0","-46.7939181504","-23.9322671942"
"3","2017-04-27","0.17","1.31","0.49","-287.0","-46.7939181504","-23.9322671942"
"3","2017-04-28","0.0","0.0","0.0","0.0","-46.7939181504","-23.9322671942"
"3","2017-04-29","0.0","0.0","0.0","0.0","-46.7939181504","-23.9322671942"
"3","2017-04-30","0.0","0.0","0.0","0.0","-46.7939181504","-23.9322671942"
"3","2017-05-01","","","","-1.0","-46.7939181504","-23.9322671942"
"3","2017-05-02","0.0","0.0","0.0","-287.0","-46.7939181504","-23.9322671942"
"3","2017-05-03","0.0","0.0","0.0","0.0","-46.7939181504","-23.9322671942"
"3","2017-05-04","","","","-1.0","-46.7939181504","-23.9322671942"
"3","2017-05-05","5.02","48.53","21.19","-288.0","-46.7939181504","-23.9322671942"
"3","2017-05-06","2.4","36.68","13.72","-288.0","-46.7939181504","-23.9322671942"
"3","2017-05-07","0.03","2.75","0.65","-287.0","-46.7939181504","-23.9322671942"
"3","2017-05-08","0.0","0.0","0.0","0.0","-46.7939181504","-23.9322671942"
"3","2017-05-09","0.0","0.0","0.0","0.0","-46.7939181504","-23.9322671942"
"3","2017-05-10","0.0","0.0","0.0","0.0","-46.7939181504","-23.9322671942"
"3","2017-05-11","0.0","0.0","0.0","0.0","-46.7939181504","-23.9322671942"
"3","2017-05-12","0.0","0.0","0.0","0.0","-46.7939181504","-23.9322671942"
"3","2017-05-13","","","","-1.0","-46.7939181504","-23.9322671942"
"3","2017-05-14","0.14","1.48","0.55","-287.0","-46.7939181504","-23.9322671942"
"3","2017-05-15","0.0","0.0","0.0","0.0","-46.7939181504","-23.9322671942"
"3","2017-05-16","0.0","0.0","0.0","0.0","-46.7939181504","-23.9322671942"
"3","2017-05-17","","","","-1.0","-46.7939181504","-23.9322671942"
"3","2017-05-18","0.88","6.4","2.93","-288.0","-46.7939181504","-23.9322671942"
"3","2017-05-19","15.38","108.57","47.95","-288.0","-46.7939181504","-23.9322671942"
"3","2017-05-20","0.0","0.06","0.01","-288.0","-46.7939181504","-23.9322671942"
"3","2017-05-21","9.73","58.72","27.47","-288.0","-46.7939181504","-23.9322671942"
"3","2017-05-22","3.04","15.71","7.43","-287.0","-46.7939181504","-23.9322671942"
"3","2017-05-23","0.0","0.0","0.0","0.0","-46.7939181504","-23.9322671942"
"3","2017-05-24","0.0","0.0","0.0","0.0","-46.7939181504","-23.9322671942"
"3","2017-05-25","0.0","0.0","0.0","0.0","-46.7939181504","-23.9322671942"
"3","2017-05-26","0.0","0.0","0.0","0.0","-46.7939181504","-23.9322671942"
"3","2017-05-27","0.0","0.0","0.0","0.0","-46.7939181504","-23.9322671942"
"3","2017-05-28","0.0","0.0","0.0","0.0","-46.7939181504","-23.9322671942"
"3","2017-05-29","0.0","0.0","0.0","0.0","-46.7939181504","-23.9322671942"
"3","2017-05-30","0.0","0.0","0.0","0.0","-46.7939181504","-23.9322671942"
"3","2017-05-31","0.0","0.0","0.0","0.0","-46.7939181504","-23.9322671942"
"3","2017-06-01","0.0","0.0","0.0","0.0","-46.7939181504","-23.9322671942"
"3","2017-06-02","0.0","0.0","0.0","0.0","-46.7939181504","-23.9322671942"
"3","2017-06-03","0.0","0.0","0.0","0.0","-46.7939181504","-23.9322671942"
"3","2017-06-04","","","","-1.0","-46.7939181504","-23.9322671942"
"3","2017-06-05","22.44","118.11","59.76","-288.0","-46.7939181504","-23.9322671942"
"3","2017-06-06","11.69","87.2","36.02","-288.0","-46.7939181504","-23.9322671942"
"3","2017-06-07","3.69","20.23","10.05","-287.0","-46.7939181504","-23.9322671942"
"3","2017-06-08","","","","-1.0","-46.7939181504","-23.9322671942"
"3","2017-06-09","0.25","3.31","1.23","-288.0","-46.7939181504","-23.9322671942"
"3","2017-06-10","0.0","0.0","0.0","-287.0","-46.7939181504","-23.9322671942"
"3","2017-06-11","","","","-1.0","-46.7939181504","-23.9322671942"
"3","2017-06-12","0.0","0.03","0.01","-288.0","-46.7939181504","-23.9322671942"
"3","2017-06-13","8.8","95.66","37.36","-288.0","-46.7939181504","-23.9322671942"
"3","2017-06-14","0.15","1.32","0.54","-287.0","-46.7939181504","-23.9322671942"
"4","2016-10-31","","","","-1.0","-46.7245498267","-23.9547649126"
"4","2016-11-01","0.0","0.09","0.0","-288.0","-46.7245498267","-23.9547649126"
"4","2016-11-02","0.04","28.28","2.82","-288.0","-46.7245498267","-23.9547649126"
"4","2016-11-03","0.36","59.55","8.44","-288.0","-46.7245498267","-23.9547649126"
"4","2016-11-04","0.0","1.05","0.22","-288.0","-46.7245498267","-23.9547649126"
"4","2016-11-05","0.0","0.0","0.0","-288.0","-46.7245498267","-23.9547649126"
"4","2016-11-06","0.0","1.6","0.06","-288.0","-46.7245498267","-23.9547649126"
"4","2016-11-07","0.0","0.02","0.0","-288.0","-46.7245498267","-23.9547649126"
"4","2016-11-08","0.0","0.01","0.0","-288.0","-46.7245498267","-23.9547649126"
"4","2016-11-09","4.08","157.73","49.58","-288.0","-46.7245498267","-23.9547649126"
"4","2016-11-10","0.91","40.39","6.26","-288.0","-46.7245498267","-23.9547649126"
"4","2016-11-11","0.37","38.67","5.41","-288.0","-46.7245498267","-23.9547649126"
"4","2016-11-12","0.0","1.38","0.05","-288.0","-46.7245498267","-23.9547649126"
"4","2016-11-13","3.02","48.39","13.18","-288.0","-46.7245498267","-23.9547649126"
"4","2016-11-14","2.63","34.08","10.59","-287.0","-46.7245498267","-23.9547649126"
"4","2016-11-15","","","","-1.0","-46.7245498267","-23.9547649126"
"4","2016-11-16","1.44","92.34","25.93","-288.0","-46.7245498267","-23.9547649126"
"4","2016-11-17","0.04","30.08","3.01","-288.0","-46.7245498267","-23.9547649126"
"4","2016-11-18","0.02","12.23","0.93","-287.0","-46.7245498267","-23.9547649126"
"4","2016-11-19","0.0","0.0","0.0","0.0","-46.7245498267","-23.9547649126"
"4","2016-11-20","0.0","0.0","0.0","0.0","-46.7245498267","-23.9547649126"
"4","2016-11-21","0.0","0.0","0.0","0.0","-46.7245498267","-23.9547649126"
"4","2016-11-22","","","","-1.0","-46.7245498267","-23.9547649126"
"4","2016-11-23","0.0","1.75","0.06","-288.0","-46.7245498267","-23.9547649126"
"4","2016-11-24","0.0","0.02","0.0","-287.0","-46.7245498267","-23.9547649126"
"4","2016-11-25","0.0","0.0","0.0","0.0","-46.7245498267","-23.9547649126"
"4","2016-11-26","","","","-1.0","-46.7245498267","-23.9547649126"
"4","2016-11-27","0.0","6.65","0.46","-288.0","-46.7245498267","-23.9547649126"
"4","2016-11-28","0.04","50.76","4.68","-288.0","-46.7245498267","-23.9547649126"
"4","2016-11-29","1.19","55.21","10.23","-288.0","-46.7245498267","-23.9547649126"
"4","2016-11-30","0.0","2.1","0.19","-287.0","-46.7245498267","-23.9547649126"
"4","2016-12-01","0.0","0.0","0.0","0.0","-46.7245498267","-23.9547649126"
"4","2016-12-02","","","","-1.0","-46.7245498267","-23.9547649126"
"4","2016-12-03","1.06","63.05","12.83","-288.0","-46.7245498267","-23.9547649126"
"4","2016-12-04","0.0","8.44","0.54","-288.0","-46.7245498267","-23.9547649126"
"4","2016-12-05","0.0","0.24","0.01","-287.0","-46.7245498267","-23.9547649126"
"4","2016-12-06","","","","-1.0","-46.7245498267","-23.9547649126"
"4","2016-12-07","0.12","12.13","2.09","-288.0","-46.7245498267","-23.9547649126"
"4","2016-12-08","0.2","47.03","10.47","-288.0","-46.7245498267","-23.9547649126"
"4","2016-12-09","0.0","4.84","0.19","-288.0","-46.7245498267","-23.9547649126"
"4","2016-12-10","1.27","42.37","7.54","-288.0","-46.7245498267","-23.9547649126"
"4","2016-12-11","1.53","56.64","10.67","-288.0","-46.7245498267","-23.9547649126"
"4","2016-12-12","2.29","100.65","19.63","-288.0","-46.7245498267","-23.9547649126"
"4","2016-12-13","0.0","11.37","0.73","-288.0","-46.7245498267","-23.9547649126"
"4","2016-12-14","0.0","2.54","0.08","-288.0","-46.7245498267","-23.9547649126"
"4","2016-12-15","0.0","0.0","0.0","-287.0","-46.7245498267","-23.9547649126"
"4","2016-12-16","0.0","0.0","0.0","0.0","-46.7245498267","-23.9547649126"
"4","2016-12-17","","","","-1.0","-46.7245498267","-23.9547649126"
"4","2016-12-18","0.0","0.76","0.0","-288.0","-46.7245498267","-23.9547649126"
"4","2016-12-19","2.05","128.5","41.07","-288.0","-46.7245498267","-23.9547649126"
"4","2016-12-20","0.05","52.76","8.36","-288.0","-46.7245498267","-23.9547649126"
"4","2016-12-21","2.04","91.78","25.88","-288.0","-46.7245498267","-23.9547649126"
"4","2016-12-22","0.0","0.62","0.0","-288.0","-46.7245498267","-23.9547649126"
"4","2016-12-23","0.01","17.12","1.42","-288.0","-46.7245498267","-23.9547649126"
"4","2016-12-24","0.0","5.76","0.23","-288.0","-46.7245498267","-23.9547649126"
"4","2016-12-25","0.0","0.0","0.0","-288.0","-46.7245498267","-23.9547649126"
"4","2016-12-26","0.0","0.03","0.0","-288.0","-46.7245498267","-23.9547649126"
"4","2016-12-27","0.05","44.32","5.49","-288.0","-46.7245498267","-23.9547649126"
"4","2016-12-28","0.0","0.98","0.08","-288.0","-46.7245498267","-23.9547649126"
"4","2016-12-29","0.0","1.92","0.1","-288.0","-46.7245498267","-23.9547649126"
"4","2016-12-30","0.0","0.2","0.0","-288.0","-46.7245498267","-23.9547649126"
"4","2016-12-31","0.0","0.55","0.02","-287.0","-46.7245498267","-23.9547649126"
"4","2017-01-01","","","","-1.0","-46.7245498267","-23.9547649126"
"4","2017-01-02","0.24","176.71","30.26","-288.0","-46.7245498267","-23.9547649126"
"4","2017-01-03","0.0","2.27","0.2","-288.0","-46.7245498267","-23.9547649126"
"4","2017-01-04","0.0","13.16","1.17","-288.0","-46.7245498267","-23.9547649126"
"4","2017-01-05","0.0","1.66","0.12","-288.0","-46.7245498267","-23.9547649126"
"4","2017-01-06","0.63","175.89","16.91","-288.0","-46.7245498267","-23.9547649126"
"4","2017-01-07","0.0","15.6","0.3","-288.0","-46.7245498267","-23.9547649126"
"4","2017-01-08","0.0","8.44","0.23","-288.0","-46.7245498267","-23.9547649126"
"4","2017-01-09","0.13","29.22","4.05","-288.0","-46.7245498267","-23.9547649126"
"4","2017-01-10","0.0","1.32","0.04","-288.0","-46.7245498267","-23.9547649126"
"4","2017-01-11","0.08","285.18","30.89","-288.0","-46.7245498267","-23.9547649126"
"4","2017-01-12","1.86","220.77","30.8","-288.0","-46.7245498267","-23.9547649126"
"4","2017-01-13","0.0","0.85","0.0","-288.0","-46.7245498267","-23.9547649126"
"4","2017-01-14","0.0","0.01","0.0","-288.0","-46.7245498267","-23.9547649126"
"4","2017-01-15","0.0","1.87","0.04","-288.0","-46.7245498267","-23.9547649126"
"4","2017-01-16","3.44","174.71","26.41","-288.0","-46.7245498267","-23.9547649126"
"4","2017-01-17","4.95","103.04","24.73","-288.0","-46.7245498267","-23.9547649126"
"4","2017-01-18","4.46","115.09","27.56","-288.0","-46.7245498267","-23.9547649126"
"4","2017-01-19","3.02","108.98","21.38","-288.0","-46.7245498267","-23.9547649126"
"4","2017-01-20","0.74","35.23","6.5","-288.0","-46.7245498267","-23.9547649126"
"4","2017-01-21","1.01","176.54","28.18","-288.0","-46.7245498267","-23.9547649126"
"4","2017-01-22","0.21","68.73","8.99","-288.0","-46.7245498267","-23.9547649126"
"4","2017-01-23","0.07","62.66","6.22","-288.0","-46.7245498267","-23.9547649126"
"4","2017-01-24","0.06","113.98","12.12","-288.0","-46.7245498267","-23.9547649126"
"4","2017-01-25","0.0","4.16","0.21","-288.0","-46.7245498267","-23.9547649126"
"4","2017-01-26","1.73","51.05","11.67","-288.0","-46.7245498267","-23.9547649126"
"4","2017-01-27","1.04","84.86","17.0","-288.0","-46.7245498267","-23.9547649126"
"4","2017-01-28","0.0","17.14","1.07","-288.0","-46.7245498267","-23.9547649126"
"4","2017-01-29","0.0","3.72","0.07","-288.0","-46.7245498267","-23.9547649126"
"4","2017-01-30","0.0","0.53","0.02","-288.0","-46.7245498267","-23.9547649126"
"4","2017-01-31","0.0","13.4","0.5","-288.0","-46.7245498267","-23.9547649126"
"4","2017-02-01","0.56","102.64","8.77","-288.0","-46.7245498267","-23.9547649126"
"4","2017-02-02","1.92","65.08","14.7","-288.0","-46.7245498267","-23.9547649126"
"4","2017-02-03","0.66","47.19","9.95","-288.0","-46.7245498267","-23.9547649126"
"4","2017-02-04","0.07","47.85","3.68","-288.0","-46.7245498267","-23.9547649126"
"4","2017-02-05","0.0","12.56","0.79","-288.0","-46.7245498267","-23.9547649126"
"4","2017-02-06","1.34","115.67","20.01","-288.0","-46.7245498267","-23.9547649126"
"4","2017-02-07","1.69","285.54","57.79","-288.0","-46.7245498267","-23.9547649126"
"4","2017-02-08","0.0","1.72","0.05","-287.0","-46.7245498267","-23.9547649126"
"4","2017-02-09","0.0","0.0","0.0","0.0","-46.7245498267","-23.9547649126"
"4","2017-02-10","0.0","0.0","0.0","0.0","-46.7245498267","-23.9547649126"
"4","2017-02-11","0.0","0.0","0.0","0.0","-46.7245498267","-23.9547649126"
"4","2017-02-12","0.0","0.0","0.0","0.0","-46.7245498267","-23.9547649126"
"4","2017-02-13","0.0","0.0","0.0","0.0","-46.7245498267","-23.9547649126"
"4","2017-02-14","0.0","0.0","0.0","0.0","-46.7245498267","-23.9547649126"
"4","2017-02-15","0.0","0.0","0.0","0.0","-46.7245498267","-23.9547649126"
"4","2017-02-16","","","","-1.0","-46.7245498267","-23.9547649126"
"4","2017-02-17","0.0","0.49","0.02","-288.0","-46.7245498267","-23.9547649126"
"4","2017-02-18","0.0","0.13","0.0","-287.0","-46.7245498267","-23.9547649126"
"4","2017-02-19","0.0","0.0","0.0","0.0","-46.7245498267","-23.9547649126"
"4","2017-02-20","0.0","0.0","0.0","0.0","-46.7245498267","-23.9547649126"
"4","2017-02-21","","","","-1.0","-46.7245498267","-23.9547649126"
"4","2017-02-22","0.0","0.17","0.0","-288.0","-46.7245498267","-23.9547649126"
"4","2017-02-23","0.0","27.32","0.75","-288.0","-46.7245498267","-23.9547649126"
"4","2017-02-24","2.98","269.29","35.96","-288.0","-46.7245498267","-23.9547649126"
"4","2017-02-25","0.09","10.55","1.67","-288.0","-46.7245498267","-23.9547649126"
"4","2017-02-26","0.04","60.97","6.83","-288.0","-46.7245498267","-23.9547649126"
"4","2017-02-27","0.0","3.91","0.12","-288.0","-46.7245498267","-23.9547649126"
"4","2017-02-28","0.0","10.61","0.46","-288.0","-46.7245498267","-23.9547649126"
"4","2017-03-01","0.0","1.87","0.07","-288.0","-46.7245498267","-23.9547649126"
"4","2017-03-02","0.53","147.6","18.4","-288.0","-46.7245498267","-23.9547649126"
"4","2017-03-03","0.01","14.49","1.89","-288.0","-46.7245498267","-23.9547649126"
"4","2017-03-04","0.0","0.54","0.0","-288.0","-46.7245498267","-23.9547649126"
"4","2017-03-05","1.3","261.8","34.2","-288.0","-46.7245498267","-23.9547649126"
"4","2017-03-06","0.7","79.3","8.82","-288.0","-46.7245498267","-23.9547649126"
"4","2017-03-07","5.07","202.03","59.63","-288.0","-46.7245498267","-23.9547649126"
"4","2017-03-08","3.95","88.26","23.6","-288.0","-46.7245498267","-23.9547649126"
"4","2017-03-09","0.0","0.0","0.0","-288.0","-46.7245498267","-23.9547649126"
"4","2017-03-10","0.0","4.53","0.16","-288.0","-46.7245498267","-23.9547649126"
"4","2017-03-11","0.0","0.46","0.0","-288.0","-46.7245498267","-23.9547649126"
"4","2017-03-12","0.0","2.14","0.03","-288.0","-46.7245498267","-23.9547649126"
"4","2017-03-13","0.0","2.27","0.02","-288.0","-46.7245498267","-23.9547649126"
"4","2017-03-14","0.0","0.08","0.0","-288.0","-46.7245498267","-23.9547649126"
"4","2017-03-15","0.01","10.09","1.13","-288.0","-46.7245498267","-23.9547649126"
"4","2017-03-16","0.0","0.45","0.0","-288.0","-46.7245498267","-23.9547649126"
"4","2017-03-17","0.01","33.59","1.05","-288.0","-46.7245498267","-23.9547649126"
"4","2017-03-18","0.83","25.06","5.51","-288.0","-46.7245498267","-23.9547649126"
"4","2017-03-19","1.54","35.92","8.55","-288.0","-46.7245498267","-23.9547649126"
"4","2017-03-20","0.0","1.88","0.15","-287.0","-46.7245498267","-23.9547649126"
"4","2017-03-21","0.0","0.0","0.0","0.0","-46.7245498267","-23.9547649126"
"4","2017-03-22","0.0","0.0","0.0","0.0","-46.7245498267","-23.9547649126"
"4","2017-03-23","","","","-1.0","-46.7245498267","-23.9547649126"
"4","2017-03-24","0.0","0.0","0.0","-288.0","-46.7245498267","-23.9547649126"
"4","2017-03-25","0.0","1.99","0.29","-287.0","-46.7245498267","-23.9547649126"
"4","2017-03-26","","","","-1.0","-46.7245498267","-23.9547649126"
"4","2017-03-27","0.04","14.86","2.43","-288.0","-46.7245498267","-23.9547649126"
"4","2017-03-28","0.0","26.11","2.16","-288.0","-46.7245498267","-23.9547649126"
"4","2017-03-29","0.0","5.56","0.55","-287.0","-46.7245498267","-23.9547649126"
"4","2017-03-30","0.0","0.0","0.0","0.0","-46.7245498267","-23.9547649126"
"4","2017-03-31","0.0","0.0","0.0","0.0","-46.7245498267","-23.9547649126"
"4","2017-04-01","0.0","0.0","0.0","0.0","-46.7245498267","-23.9547649126"
"4","2017-04-02","0.0","0.0","0.0","0.0","-46.7245498267","-23.9547649126"
"4","2017-04-03","0.0","0.0","0.0","0.0","-46.7245498267","-23.9547649126"
"4","2017-04-04","","","","-1.0","-46.7245498267","-23.9547649126"
"4","2017-04-05","0.0","0.0","0.0","-288.0","-46.7245498267","-23.9547649126"
"4","2017-04-06","2.1","152.58","35.16","-288.0","-46.7245498267","-23.9547649126"
"4","2017-04-07","1.25","52.04","9.14","-288.0","-46.7245498267","-23.9547649126"
"4","2017-04-08","0.0","0.47","0.0","-287.0","-46.7245498267","-23.9547649126"
"4","2017-04-09","","","","-1.0","-46.7245498267","-23.9547649126"
"4","2017-04-10","0.0","0.1","0.0","-288.0","-46.7245498267","-23.9547649126"
"4","2017-04-11","0.0","0.21","0.01","-288.0","-46.7245498267","-23.9547649126"
"4","2017-04-12","1.32","102.95","13.97","-287.0","-46.7245498267","-23.9547649126"
"4","2017-04-13","0.0","0.0","0.0","0.0","-46.7245498267","-23.9547649126"
"4","2017-04-14","0.0","0.0","0.0","0.0","-46.7245498267","-23.9547649126"
"4","2017-04-15","0.0","0.0","0.0","0.0","-46.7245498267","-23.9547649126"
"4","2017-04-16","","","","-1.0","-46.7245498267","-23.9547649126"
"4","2017-04-17","0.04","14.21","2.43","-287.0","-46.7245498267","-23.9547649126"
"4","2017-04-18","0.0","0.0","0.0","0.0","-46.7245498267","-23.9547649126"
"4","2017-04-19","0.0","0.0","0.0","0.0","-46.7245498267","-23.9547649126"
"4","2017-04-20","","","","-1.0","-46.7245498267","-23.9547649126"
"4","2017-04-21","2.3","70.37","14.37","-288.0","-46.7245498267","-23.9547649126"
"4","2017-04-22","0.67","8.96","3.08","-287.0","-46.7245498267","-23.9547649126"
"4","2017-04-23","0.0","0.0","0.0","0.0","-46.7245498267","-23.9547649126"
"4","2017-04-24","0.0","0.0","0.0","0.0","-46.7245498267","-23.9547649126"
"4","2017-04-25","","","","-1.0","-46.7245498267","-23.9547649126"
"4","2017-04-26","2.88","83.52","20.78","-288.0","-46.7245498267","-23.9547649126"
"4","2017-04-27","0.02","3.08","0.67","-287.0","-46.7245498267","-23.9547649126"
"4","2017-04-28","0.0","0.0","0.0","0.0","-46.7245498267","-23.9547649126"
"4","2017-04-29","0.0","0.0","0.0","0.0","-46.7245498267","-23.9547649126"
"4","2017-04-30","0.0","0.0","0.0","0.0","-46.7245498267","-23.9547649126"
"4","2017-05-01","","","","-1.0","-46.7245498267","-23.9547649126"
"4","2017-05-02","0.0","0.04","0.0","-287.0","-46.7245498267","-23.9547649126"
"4","2017-05-03","0.0","0.0","0.0","0.0","-46.7245498267","-23.9547649126"
"4","2017-05-04","","","","-1.0","-46.7245498267","-23.9547649126"
"4","2017-05-05","1.27","74.43","13.91","-288.0","-46.7245498267","-23.9547649126"
"4","2017-05-06","0.41","127.12","18.29","-288.0","-46.7245498267","-23.9547649126"
"4","2017-05-07","0.0","19.39","1.05","-287.0","-46.7245498267","-23.9547649126"
"4","2017-05-08","0.0","0.0","0.0","0.0","-46.7245498267","-23.9547649126"
"4","2017-05-09","0.0","0.0","0.0","0.0","-46.7245498267","-23.9547649126"
"4","2017-05-10","0.0","0.0","0.0","0.0","-46.7245498267","-23.9547649126"
"4","2017-05-11","0.0","0.0","0.0","0.0","-46.7245498267","-23.9547649126"
"4","2017-05-12","0.0","0.0","0.0","0.0","-46.7245498267","-23.9547649126"
"4","2017-05-13","","","","-1.0","-46.7245498267","-23.9547649126"
"4","2017-05-14","0.0","2.83","0.39","-287.0","-46.7245498267","-23.9547649126"
"4","2017-05-15","0.0","0.0","0.0","0.0","-46.7245498267","-23.9547649126"
"4","2017-05-16","0.0","0.0","0.0","0.0","-46.7245498267","-23.9547649126"
"4","2017-05-17","","","","-1.0","-46.7245498267","-23.9547649126"
"4","2017-05-18","0.34","11.0","2.42","-288.0","-46.7245498267","-23.9547649126"
"4","2017-05-19","7.12","155.03","36.97","-288.0","-46.7245498267","-23.9547649126"
"4","2017-05-20","0.0","0.05","0.0","-288.0","-46.7245498267","-23.9547649126"
"4","2017-05-21","5.28","85.09","23.52","-288.0","-46.7245498267","-23.9547649126"
"4","2017-05-22","1.16","33.92","7.6","-287.0","-46.7245498267","-23.9547649126"
"4","2017-05-23","0.0","0.0","0.0","0.0","-46.7245498267","-23.9547649126"
"4","2017-05-24","0.0","0.0","0.0","0.0","-46.7245498267","-23.9547649126"
"4","2017-05-25","0.0","0.0","0.0","0.0","-46.7245498267","-23.9547649126"
"4","2017-05-26","0.0","0.0","0.0","0.0","-46.7245498267","-23.9547649126"
"4","2017-05-27","0.0","0.0","0.0","0.0","-46.7245498267","-23.9547649126"
"4","2017-05-28","0.0","0.0","0.0","0.0","-46.7245498267","-23.9547649126"
"4","2017-05-29","0.0","0.0","0.0","0.0","-46.7245498267","-23.9547649126"
"4","2017-05-30","0.0","0.0","0.0","0.0","-46.7245498267","-23.9547649126"
"4","2017-05-31","0.0","0.0","0.0","0.0","-46.7245498267","-23.9547649126"
"4","2017-06-01","0.0","0.0","0.0","0.0","-46.7245498267","-23.9547649126"
"4","2017-06-02","0.0","0.0","0.0","0.0","-46.7245498267","-23.9547649126"
"4","2017-06-03","0.0","0.0","0.0","0.0","-46.7245498267","-23.9547649126"
"4","2017-06-04","","","","-1.0","-46.7245498267","-23.9547649126"
"4","2017-06-05","10.61","166.5","50.73","-288.0","-46.7245498267","-23.9547649126"
"4","2017-06-06","6.15","165.17","37.8","-288.0","-46.7245498267","-23.9547649126"
"4","2017-06-07","1.62","27.23","8.48","-287.0","-46.7245498267","-23.9547649126"
"4","2017-06-08","","","","-1.0","-46.7245498267","-23.9547649126"
"4","2017-06-09","0.01","15.58","1.64","-288.0","-46.7245498267","-23.9547649126"
"4","2017-06-10","0.0","0.0","0.0","-287.0","-46.7245498267","-23.9547649126"
"4","2017-06-11","","","","-1.0","-46.7245498267","-23.9547649126"
"4","2017-06-12","0.0","1.1","0.01","-288.0","-46.7245498267","-23.9547649126"
"4","2017-06-13","3.53","172.18","30.79","-288.0","-46.7245498267","-23.9547649126"
"4","2017-06-14","0.03","5.22","0.7","-287.0","-46.7245498267","-23.9547649126"
"5","2016-10-31","","","","-1.0","-46.6436322024","-23.9536057399"
"5","2016-11-01","0.0","2.57","0.04","-288.0","-46.6436322024","-23.9536057399"
"5","2016-11-02","0.0","6.96","0.68","-288.0","-46.6436322024","-23.9536057399"
"5","2016-11-03","0.76","37.3","5.95","-288.0","-46.6436322024","-23.9536057399"
"5","2016-11-04","0.0","4.45","0.49","-288.0","-46.6436322024","-23.9536057399"
"5","2016-11-05","0.0","0.0","0.0","-288.0","-46.6436322024","-23.9536057399"
"5","2016-11-06","0.0","0.76","0.02","-288.0","-46.6436322024","-23.9536057399"
"5","2016-11-07","0.0","0.03","0.0","-288.0","-46.6436322024","-23.9536057399"
"5","2016-11-08","0.0","0.0","0.0","-288.0","-46.6436322024","-23.9536057399"
"5","2016-11-09","7.84","155.5","51.83","-288.0","-46.6436322024","-23.9536057399"
"5","2016-11-10","1.27","29.59","6.04","-288.0","-46.6436322024","-23.9536057399"
"5","2016-11-11","0.22","39.9","6.87","-288.0","-46.6436322024","-23.9536057399"
"5","2016-11-12","0.0","4.96","0.31","-288.0","-46.6436322024","-23.9536057399"
"5","2016-11-13","3.56","31.95","12.46","-288.0","-46.6436322024","-23.9536057399"
"5","2016-11-14","3.0","34.32","10.27","-287.0","-46.6436322024","-23.9536057399"
"5","2016-11-15","","","","-1.0","-46.6436322024","-23.9536057399"
"5","2016-11-16","1.68","69.38","26.52","-288.0","-46.6436322024","-23.9536057399"
"5","2016-11-17","0.03","22.83","3.07","-288.0","-46.6436322024","-23.9536057399"
"5","2016-11-18","0.0","8.53","0.85","-287.0","-46.6436322024","-23.9536057399"
"5","2016-11-19","0.0","0.0","0.0","0.0","-46.6436322024","-23.9536057399"
"5","2016-11-20","0.0","0.0","0.0","0.0","-46.6436322024","-23.9536057399"
"5","2016-11-21","0.0","0.0","0.0","0.0","-46.6436322024","-23.9536057399"
"5","2016-11-22","","","","-1.0","-46.6436322024","-23.9536057399"
"5","2016-11-23","0.0","0.67","0.05","-288.0","-46.6436322024","-23.9536057399"
"5","2016-11-24","0.0","0.0","0.0","-287.0","-46.6436322024","-23.9536057399"
"5","2016-11-25","0.0","0.0","0.0","0.0","-46.6436322024","-23.9536057399"
"5","2016-11-26","","","","-1.0","-46.6436322024","-23.9536057399"
"5","2016-11-27","0.0","0.56","0.02","-288.0","-46.6436322024","-23.9536057399"
"5","2016-11-28","0.03","59.1","6.64","-288.0","-46.6436322024","-23.9536057399"
"5","2016-11-29","1.69","59.08","10.17","-288.0","-46.6436322024","-23.9536057399"
"5","2016-11-30","0.0","1.37","0.09","-287.0","-46.6436322024","-23.9536057399"
"5","2016-12-01","0.0","0.0","0.0","0.0","-46.6436322024","-23.9536057399"
"5","2016-12-02","","","","-1.0","-46.6436322024","-23.9536057399"
"5","2016-12-03","1.09","53.66","9.8","-288.0","-46.6436322024","-23.9536057399"
"5","2016-12-04","0.0","4.18","0.37","-288.0","-46.6436322024","-23.9536057399"
"5","2016-12-05","0.0","0.11","0.0","-287.0","-46.6436322024","-23.9536057399"
"5","2016-12-06","","","","-1.0","-46.6436322024","-23.9536057399"
"5","2016-12-07","0.14","10.94","2.25","-288.0","-46.6436322024","-23.9536057399"
"5","2016-12-08","0.09","22.17","4.22","-288.0","-46.6436322024","-23.9536057399"
"5","2016-12-09","0.0","3.27","0.16","-288.0","-46.6436322024","-23.9536057399"
"5","2016-12-10","1.44","23.72","6.23","-288.0","-46.6436322024","-23.9536057399"
"5","2016-12-11","1.16","28.09","6.52","-288.0","-46.6436322024","-23.9536057399"
"5","2016-12-12","2.58","81.17","17.89","-288.0","-46.6436322024","-23.9536057399"
"5","2016-12-13","0.0","4.31","0.23","-288.0","-46.6436322024","-23.9536057399"
"5","2016-12-14","0.0","2.77","0.06","-288.0","-46.6436322024","-23.9536057399"
"5","2016-12-15","0.0","0.0","0.0","-287.0","-46.6436322024","-23.9536057399"
"5","2016-12-16","0.0","0.0","0.0","0.0","-46.6436322024","-23.9536057399"
"5","2016-12-17","","","","-1.0","-46.6436322024","-23.9536057399"
"5","2016-12-18","0.0","0.37","0.0","-288.0","-46.6436322024","-23.9536057399"
"5","2016-12-19","1.19","86.21","21.33","-288.0","-46.6436322024","-23.9536057399"
"5","2016-12-20","0.34","60.77","6.47","-288.0","-46.6436322024","-23.9536057399"
"5","2016-12-21","6.71","79.36","26.35","-288.0","-46.6436322024","-23.9536057399"
"5","2016-12-22","0.0","0.16","0.0","-288.0","-46.6436322024","-23.9536057399"
"5","2016-12-23","0.0","9.33","1.37","-288.0","-46.6436322024","-23.9536057399"
"5","2016-12-24","0.0","1.64","0.04","-288.0","-46.6436322024","-23.9536057399"
"5","2016-12-25","0.0","0.14","0.0","-288.0","-46.6436322024","-23.9536057399"
"5","2016-12-26","0.0","0.05","0.0","-288.0","-46.6436322024","-23.9536057399"
"5","2016-12-27","0.46","84.5","18.65","-288.0","-46.6436322024","-23.9536057399"
"5","2016-12-28","0.0","0.39","0.0","-288.0","-46.6436322024","-23.9536057399"
"5","2016-12-29","0.0","1.8","0.09","-288.0","-46.6436322024","-23.9536057399"
"5","2016-12-30","0.0","0.36","0.0","-288.0","-46.6436322024","-23.9536057399"
"5","2016-12-31","0.0","0.17","0.0","-287.0","-46.6436322024","-23.9536057399"
"5","2017-01-01","","","","-1.0","-46.6436322024","-23.9536057399"
"5","2017-01-02","0.04","98.99","14.65","-288.0","-46.6436322024","-23.9536057399"
"5","2017-01-03","0.0","1.54","0.18","-288.0","-46.6436322024","-23.9536057399"
"5","2017-01-04","0.0","0.77","0.03","-288.0","-46.6436322024","-23.9536057399"
"5","2017-01-05","0.0","1.28","0.1","-288.0","-46.6436322024","-23.9536057399"
"5","2017-01-06","0.74","131.82","16.19","-288.0","-46.6436322024","-23.9536057399"
"5","2017-01-07","0.0","17.1","0.92","-288.0","-46.6436322024","-23.9536057399"
"5","2017-01-08","0.0","5.55","0.42","-288.0","-46.6436322024","-23.9536057399"
"5","2017-01-09","0.0","15.04","1.34","-288.0","-46.6436322024","-23.9536057399"
"5","2017-01-10","0.0","1.18","0.0","-288.0","-46.6436322024","-23.9536057399"
"5","2017-01-11","0.11","208.89","34.54","-288.0","-46.6436322024","-23.9536057399"
"5","2017-01-12","2.9","127.14","31.77","-288.0","-46.6436322024","-23.9536057399"
"5","2017-01-13","0.0","0.59","0.0","-288.0","-46.6436322024","-23.9536057399"
"5","2017-01-14","0.0","0.01","0.0","-288.0","-46.6436322024","-23.9536057399"
"5","2017-01-15","0.0","0.79","0.0","-288.0","-46.6436322024","-23.9536057399"
"5","2017-01-16","3.71","98.47","24.11","-288.0","-46.6436322024","-23.9536057399"
"5","2017-01-17","5.85","87.5","26.05","-288.0","-46.6436322024","-23.9536057399"
"5","2017-01-18","6.88","101.51","29.8","-288.0","-46.6436322024","-23.9536057399"
"5","2017-01-19","4.22","82.28","21.6","-288.0","-46.6436322024","-23.9536057399"
"5","2017-01-20","1.18","31.24","8.6","-288.0","-46.6436322024","-23.9536057399"
"5","2017-01-21","3.85","207.93","40.17","-288.0","-46.6436322024","-23.9536057399"
"5","2017-01-22","0.24","42.33","6.02","-288.0","-46.6436322024","-23.9536057399"
"5","2017-01-23","0.18","37.44","3.78","-288.0","-46.6436322024","-23.9536057399"
"5","2017-01-24","0.1","92.88","18.9","-288.0","-46.6436322024","-23.9536057399"
"5","2017-01-25","0.0","2.04","0.17","-288.0","-46.6436322024","-23.9536057399"
"5","2017-01-26","2.67","43.11","11.94","-288.0","-46.6436322024","-23.9536057399"
"5","2017-01-27","1.4","62.77","12.68","-288.0","-46.6436322024","-23.9536057399"
"5","2017-01-28","0.0","24.5","1.73","-288.0","-46.6436322024","-23.9536057399"
"5","2017-01-29","0.0","5.97","0.21","-288.0","-46.6436322024","-23.9536057399"
"5","2017-01-30","0.0","2.92","0.03","-288.0","-46.6436322024","-23.9536057399"
"5","2017-01-31","0.0","10.95","0.69","-288.0","-46.6436322024","-23.9536057399"
"5","2017-02-01","2.36","193.56","32.61","-288.0","-46.6436322024","-23.9536057399"
"5","2017-02-02","1.93","36.25","9.44","-288.0","-46.6436322024","-23.9536057399"
"5","2017-02-03","0.79","33.56","7.8","-288.0","-46.6436322024","-23.9536057399"
"5","2017-02-04","0.14","79.93","13.82","-288.0","-46.6436322024","-23.9536057399"
"5","2017-02-05","0.0","24.34","1.74","-288.0","-46.6436322024","-23.9536057399"
"5","2017-02-06","1.61","71.81","13.63","-288.0","-46.6436322024","-23.9536057399"
"5","2017-02-07","1.4","204.31","46.96","-288.0","-46.6436322024","-23.9536057399"
"5","2017-02-08","0.0","3.99","0.21","-287.0","-46.6436322024","-23.9536057399"
"5","2017-02-09","0.0","0.0","0.0","0.0","-46.6436322024","-23.9536057399"
"5","2017-02-10","0.0","0.0","0.0","0.0","-46.6436322024","-23.9536057399"
"5","2017-02-11","0.0","0.0","0.0","0.0","-46.6436322024","-23.9536057399"
"5","2017-02-12","0.0","0.0","0.0","0.0","-46.6436322024","-23.9536057399"
"5","2017-02-13","0.0","0.0","0.0","0.0","-46.6436322024","-23.9536057399"
"5","2017-02-14","0.0","0.0","0.0","0.0","-46.6436322024","-23.9536057399"
"5","2017-02-15","0.0","0.0","0.0","0.0","-46.6436322024","-23.9536057399"
"5","2017-02-16","","","","-1.0","-46.6436322024","-23.9536057399"
"5","2017-02-17","0.0","0.57","0.05","-288.0","-46.6436322024","-23.9536057399"
"5","2017-02-18","0.0","0.19","0.0","-287.0","-46.6436322024","-23.9536057399"
"5","2017-02-19","0.0","0.0","0.0","0.0","-46.6436322024","-23.9536057399"
"5","2017-02-20","0.0","0.0","0.0","0.0","-46.6436322024","-23.9536057399"
"5","2017-02-21","","","","-1.0","-46.6436322024","-23.9536057399"
"5","2017-02-22","0.0","0.16","0.0","-288.0","-46.6436322024","-23.9536057399"
"5","2017-02-23","0.0","33.57","3.07","-288.0","-46.6436322024","-23.9536057399"
"5","2017-02-24","3.23","171.56","29.62","-288.0","-46.6436322024","-23.9536057399"
"5","2017-02-25","0.05","5.46","0.9","-288.0","-46.6436322024","-23.9536057399"
"5","2017-02-26","0.35","63.65","15.21","-288.0","-46.6436322024","-23.9536057399"
"5","2017-02-27","0.0","17.6","0.67","-288.0","-46.6436322024","-23.9536057399"
"5","2017-02-28","0.0","17.0","1.68","-288.0","-46.6436322024","-23.9536057399"
"5","2017-03-01","0.0","10.06","0.9","-288.0","-46.6436322024","-23.9536057399"
"5","2017-03-02","0.72","95.48","12.8","-288.0","-46.6436322024","-23.9536057399"
"5","2017-03-03","0.04","32.07","3.51","-288.0","-46.6436322024","-23.9536057399"
"5","2017-03-04","0.0","0.51","0.0","-288.0","-46.6436322024","-23.9536057399"
"5","2017-03-05","2.72","172.8","42.23","-288.0","-46.6436322024","-23.9536057399"
"5","2017-03-06","1.37","135.53","17.06","-288.0","-46.6436322024","-23.9536057399"
"5","2017-03-07","2.48","115.07","26.95","-288.0","-46.6436322024","-23.9536057399"
"5","2017-03-08","5.62","112.02","37.78","-288.0","-46.6436322024","-23.9536057399"
"5","2017-03-09","0.0","0.0","0.0","-288.0","-46.6436322024","-23.9536057399"
"5","2017-03-10","0.0","2.27","0.1","-288.0","-46.6436322024","-23.9536057399"
"5","2017-03-11","0.0","0.3","0.0","-288.0","-46.6436322024","-23.9536057399"
"5","2017-03-12","0.0","0.39","0.0","-288.0","-46.6436322024","-23.9536057399"
"5","2017-03-13","0.0","10.7","0.79","-288.0","-46.6436322024","-23.9536057399"
"5","2017-03-14","0.0","0.09","0.0","-288.0","-46.6436322024","-23.9536057399"
"5","2017-03-15","0.3","26.5","3.53","-288.0","-46.6436322024","-23.9536057399"
"5","2017-03-16","0.0","1.99","0.03","-288.0","-46.6436322024","-23.9536057399"
"5","2017-03-17","0.01","58.11","4.47","-288.0","-46.6436322024","-23.9536057399"
"5","2017-03-18","0.66","15.81","4.22","-288.0","-46.6436322024","-23.9536057399"
"5","2017-03-19","1.21","27.45","6.98","-288.0","-46.6436322024","-23.9536057399"
"5","2017-03-20","0.0","2.23","0.25","-287.0","-46.6436322024","-23.9536057399"
"5","2017-03-21","0.0","0.0","0.0","0.0","-46.6436322024","-23.9536057399"
"5","2017-03-22","0.0","0.0","0.0","0.0","-46.6436322024","-23.9536057399"
"5","2017-03-23","","","","-1.0","-46.6436322024","-23.9536057399"
"5","2017-03-24","0.0","0.0","0.0","-288.0","-46.6436322024","-23.9536057399"
"5","2017-03-25","0.02","2.03","0.34","-287.0","-46.6436322024","-23.9536057399"
"5","2017-03-26","","","","-1.0","-46.6436322024","-23.9536057399"
"5","2017-03-27","0.03","9.85","1.83","-288.0","-46.6436322024","-23.9536057399"
"5","2017-03-28","0.01","34.51","4.68","-288.0","-46.6436322024","-23.9536057399"
"5","2017-03-29","0.0","7.59","0.81","-287.0","-46.6436322024","-23.9536057399"
"5","2017-03-30","0.0","0.0","0.0","0.0","-46.6436322024","-23.9536057399"
"5","2017-03-31","0.0","0.0","0.0","0.0","-46.6436322024","-23.9536057399"
"5","2017-04-01","0.0","0.0","0.0","0.0","-46.6436322024","-23.9536057399"
"5","2017-04-02","0.0","0.0","0.0","0.0","-46.6436322024","-23.9536057399"
"5","2017-04-03","0.0","0.0","0.0","0.0","-46.6436322024","-23.9536057399"
"5","2017-04-04","","","","-1.0","-46.6436322024","-23.9536057399"
"5","2017-04-05","0.0","0.0","0.0","-288.0","-46.6436322024","-23.9536057399"
"5","2017-04-06","3.5","110.72","34.3","-288.0","-46.6436322024","-23.9536057399"
"5","2017-04-07","1.59","59.35","12.46","-288.0","-46.6436322024","-23.9536057399"
"5","2017-04-08","0.0","3.36","0.17","-287.0","-46.6436322024","-23.9536057399"
"5","2017-04-09","","","","-1.0","-46.6436322024","-23.9536057399"
"5","2017-04-10","0.0","0.65","0.0","-288.0","-46.6436322024","-23.9536057399"
"5","2017-04-11","0.0","0.13","0.0","-288.0","-46.6436322024","-23.9536057399"
"5","2017-04-12","1.04","92.3","17.6","-287.0","-46.6436322024","-23.9536057399"
"5","2017-04-13","0.0","0.0","0.0","0.0","-46.6436322024","-23.9536057399"
"5","2017-04-14","0.0","0.0","0.0","0.0","-46.6436322024","-23.9536057399"
"5","2017-04-15","0.0","0.0","0.0","0.0","-46.6436322024","-23.9536057399"
"5","2017-04-16","","","","-1.0","-46.6436322024","-23.9536057399"
"5","2017-04-17","0.37","12.18","2.59","-287.0","-46.6436322024","-23.9536057399"
"5","2017-04-18","0.0","0.0","0.0","0.0","-46.6436322024","-23.9536057399"
"5","2017-04-19","0.0","0.0","0.0","0.0","-46.6436322024","-23.9536057399"
"5","2017-04-20","","","","-1.0","-46.6436322024","-23.9536057399"
"5","2017-04-21","2.98","48.15","12.88","-288.0","-46.6436322024","-23.9536057399"
"5","2017-04-22","1.0","10.63","3.69","-287.0","-46.6436322024","-23.9536057399"
"5","2017-04-23","0.0","0.0","0.0","0.0","-46.6436322024","-23.9536057399"
"5","2017-04-24","0.0","0.0","0.0","0.0","-46.6436322024","-23.9536057399"
"5","2017-04-25","","","","-1.0","-46.6436322024","-23.9536057399"
"5","2017-04-26","4.44","65.56","19.03","-288.0","-46.6436322024","-23.9536057399"
"5","2017-04-27","0.09","3.49","0.84","-287.0","-46.6436322024","-23.9536057399"
"5","2017-04-28","0.0","0.0","0.0","0.0","-46.6436322024","-23.9536057399"
"5","2017-04-29","0.0","0.0","0.0","0.0","-46.6436322024","-23.9536057399"
"5","2017-04-30","0.0","0.0","0.0","0.0","-46.6436322024","-23.9536057399"
"5","2017-05-01","","","","-1.0","-46.6436322024","-23.9536057399"
"5","2017-05-02","0.0","2.26","0.02","-287.0","-46.6436322024","-23.9536057399"
"5","2017-05-03","0.0","0.0","0.0","0.0","-46.6436322024","-23.9536057399"
"5","2017-05-04","","","","-1.0","-46.6436322024","-23.9536057399"
"5","2017-05-05","0.88","38.04","8.9","-288.0","-46.6436322024","-23.9536057399"
"5","2017-05-06","0.67","96.95","13.89","-288.0","-46.6436322024","-23.9536057399"
"5","2017-05-07","0.0","33.11","2.84","-287.0","-46.6436322024","-23.9536057399"
"5","2017-05-08","0.0","0.0","0.0","0.0","-46.6436322024","-23.9536057399"
"5","2017-05-09","0.0","0.0","0.0","0.0","-46.6436322024","-23.9536057399"
"5","2017-05-10","0.0","0.0","0.0","0.0","-46.6436322024","-23.9536057399"
"5","2017-05-11","0.0","0.0","0.0","0.0","-46.6436322024","-23.9536057399"
"5","2017-05-12","0.0","0.0","0.0","0.0","-46.6436322024","-23.9536057399"
"5","2017-05-13","","","","-1.0","-46.6436322024","-23.9536057399"
"5","2017-05-14","0.0","3.09","0.51","-287.0","-46.6436322024","-23.9536057399"
"5","2017-05-15","0.0","0.0","0.0","0.0","-46.6436322024","-23.9536057399"
"5","2017-05-16","0.0","0.0","0.0","0.0","-46.6436322024","-23.9536057399"
"5","2017-05-17","","","","-1.0","-46.6436322024","-23.9536057399"
"5","2017-05-18","0.39","6.93","2.1","-288.0","-46.6436322024","-23.9536057399"
"5","2017-05-19","9.71","122.25","35.86","-288.0","-46.6436322024","-23.9536057399"
"5","2017-05-20","0.0","0.06","0.0","-288.0","-46.6436322024","-23.9536057399"
"5","2017-05-21","5.54","72.01","21.89","-288.0","-46.6436322024","-23.9536057399"
"5","2017-05-22","1.31","28.03","7.31","-287.0","-46.6436322024","-23.9536057399"
"5","2017-05-23","0.0","0.0","0.0","0.0","-46.6436322024","-23.9536057399"
"5","2017-05-24","0.0","0.0","0.0","0.0","-46.6436322024","-23.9536057399"
"5","2017-05-25","0.0","0.0","0.0","0.0","-46.6436322024","-23.9536057399"
"5","2017-05-26","0.0","0.0","0.0","0.0","-46.6436322024","-23.9536057399"
"5","2017-05-27","0.0","0.0","0.0","0.0","-46.6436322024","-23.9536057399"
"5","2017-05-28","0.0","0.0","0.0","0.0","-46.6436322024","-23.9536057399"
"5","2017-05-29","0.0","0.0","0.0","0.0","-46.6436322024","-23.9536057399"
"5","2017-05-30","0.0","0.0","0.0","0.0","-46.6436322024","-23.9536057399"
"5","2017-05-31","0.0","0.0","0.0","0.0","-46.6436322024","-23.9536057399"
"5","2017-06-01","0.0","0.0","0.0","0.0","-46.6436322024","-23.9536057399"
"5","2017-06-02","0.0","0.0","0.0","0.0","-46.6436322024","-23.9536057399"
"5","2017-06-03","0.0","0.0","0.0","0.0","-46.6436322024","-23.9536057399"
"5","2017-06-04","","","","-1.0","-46.6436322024","-23.9536057399"
"5","2017-06-05","11.33","138.0","46.22","-288.0","-46.6436322024","-23.9536057399"
"5","2017-06-06","7.82","164.21","40.62","-288.0","-46.6436322024","-23.9536057399"
"5","2017-06-07","1.71","22.7","7.21","-287.0","-46.6436322024","-23.9536057399"
"5","2017-06-08","","","","-1.0","-46.6436322024","-23.9536057399"
"5","2017-06-09","0.07","12.07","1.37","-288.0","-46.6436322024","-23.9536057399"
"5","2017-06-10","0.0","0.0","0.0","-287.0","-46.6436322024","-23.9536057399"
"5","2017-06-11","","","","-1.0","-46.6436322024","-23.9536057399"
"5","2017-06-12","0.0","0.04","0.0","-288.0","-46.6436322024","-23.9536057399"
"5","2017-06-13","3.53","95.37","23.16","-288.0","-46.6436322024","-23.9536057399"
"5","2017-06-14","0.19","10.49","1.71","-287.0","-46.6436322024","-23.9536057399"
"6","2016-10-31","","","","-1.0","-46.7614490759","-23.887859888"
"6","2016-11-01","0.0","0.65","0.01","-288.0","-46.7614490759","-23.887859888"
"6","2016-11-02","0.03","18.59","2.05","-288.0","-46.7614490759","-23.887859888"
"6","2016-11-03","0.49","72.71","8.94","-288.0","-46.7614490759","-23.887859888"
"6","2016-11-04","0.01","0.76","0.18","-288.0","-46.7614490759","-23.887859888"
"6","2016-11-05","0.0","0.0","0.0","-288.0","-46.7614490759","-23.887859888"
"6","2016-11-06","0.0","3.02","0.15","-288.0","-46.7614490759","-23.887859888"
"6","2016-11-07","0.0","0.72","0.03","-288.0","-46.7614490759","-23.887859888"
"6","2016-11-08","0.0","0.22","0.0","-288.0","-46.7614490759","-23.887859888"
"6","2016-11-09","4.0","140.42","32.66","-288.0","-46.7614490759","-23.887859888"
"6","2016-11-10","0.99","39.85","7.22","-288.0","-46.7614490759","-23.887859888"
"6","2016-11-11","0.18","57.88","17.82","-288.0","-46.7614490759","-23.887859888"
"6","2016-11-12","0.0","0.24","0.02","-288.0","-46.7614490759","-23.887859888"
"6","2016-11-13","3.58","47.54","15.16","-288.0","-46.7614490759","-23.887859888"
"6","2016-11-14","3.88","35.4","13.31","-287.0","-46.7614490759","-23.887859888"
"6","2016-11-15","","","","-1.0","-46.7614490759","-23.887859888"
"6","2016-11-16","0.89","57.9","13.03","-288.0","-46.7614490759","-23.887859888"
"6","2016-11-17","0.04","9.99","1.15","-288.0","-46.7614490759","-23.887859888"
"6","2016-11-18","0.0","4.56","0.51","-287.0","-46.7614490759","-23.887859888"
"6","2016-11-19","0.0","0.0","0.0","0.0","-46.7614490759","-23.887859888"
"6","2016-11-20","0.0","0.0","0.0","0.0","-46.7614490759","-23.887859888"
"6","2016-11-21","0.0","0.0","0.0","0.0","-46.7614490759","-23.887859888"
"6","2016-11-22","","","","-1.0","-46.7614490759","-23.887859888"
"6","2016-11-23","0.01","38.12","4.82","-288.0","-46.7614490759","-23.887859888"
"6","2016-11-24","0.0","0.02","0.0","-287.0","-46.7614490759","-23.887859888"
"6","2016-11-25","0.0","0.0","0.0","0.0","-46.7614490759","-23.887859888"
"6","2016-11-26","","","","-1.0","-46.7614490759","-23.887859888"
"6","2016-11-27","0.0","21.17","1.94","-288.0","-46.7614490759","-23.887859888"
"6","2016-11-28","0.51","60.53","6.95","-288.0","-46.7614490759","-23.887859888"
"6","2016-11-29","0.84","39.5","6.55","-288.0","-46.7614490759","-23.887859888"
"6","2016-11-30","0.0","0.89","0.06","-287.0","-46.7614490759","-23.887859888"
"6","2016-12-01","0.0","0.0","0.0","0.0","-46.7614490759","-23.887859888"
"6","2016-12-02","","","","-1.0","-46.7614490759","-23.887859888"
"6","2016-12-03","1.41","58.11","13.15","-288.0","-46.7614490759","-23.887859888"
"6","2016-12-04","0.04","18.01","2.09","-288.0","-46.7614490759","-23.887859888"
"6","2016-12-05","0.0","0.04","0.0","-287.0","-46.7614490759","-23.887859888"
"6","2016-12-06","","","","-1.0","-46.7614490759","-23.887859888"
"6","2016-12-07","0.08","46.01","6.47","-288.0","-46.7614490759","-23.887859888"
"6","2016-12-08","0.0","41.82","9.35","-288.0","-46.7614490759","-23.887859888"
"6","2016-12-09","0.0","45.96","4.75","-288.0","-46.7614490759","-23.887859888"
"6","2016-12-10","1.52","45.86","9.57","-288.0","-46.7614490759","-23.887859888"
"6","2016-12-11","1.55","55.33","14.48","-288.0","-46.7614490759","-23.887859888"
"6","2016-12-12","1.26","94.68","17.48","-288.0","-46.7614490759","-23.887859888"
"6","2016-12-13","0.0","1.15","0.02","-288.0","-46.7614490759","-23.887859888"
"6","2016-12-14","0.0","0.0","0.0","-288.0","-46.7614490759","-23.887859888"
"6","2016-12-15","0.0","0.0","0.0","-287.0","-46.7614490759","-23.887859888"
"6","2016-12-16","0.0","0.0","0.0","0.0","-46.7614490759","-23.887859888"
"6","2016-12-17","","","","-1.0","-46.7614490759","-23.887859888"
"6","2016-12-18","0.0","0.6","0.0","-288.0","-46.7614490759","-23.887859888"
"6","2016-12-19","0.43","82.84","10.54","-288.0","-46.7614490759","-23.887859888"
"6","2016-12-20","0.07","41.67","6.17","-288.0","-46.7614490759","-23.887859888"
"6","2016-12-21","0.39","95.99","27.01","-288.0","-46.7614490759","-23.887859888"
"6","2016-12-22","0.0","0.01","0.0","-288.0","-46.7614490759","-23.887859888"
"6","2016-12-23","0.0","26.05","2.3","-288.0","-46.7614490759","-23.887859888"
"6","2016-12-24","0.0","17.64","1.21","-288.0","-46.7614490759","-23.887859888"
"6","2016-12-25","0.0","0.07","0.0","-288.0","-46.7614490759","-23.887859888"
"6","2016-12-26","0.0","0.04","0.0","-288.0","-46.7614490759","-23.887859888"
"6","2016-12-27","0.0","28.73","2.99","-288.0","-46.7614490759","-23.887859888"
"6","2016-12-28","0.0","0.52","0.0","-288.0","-46.7614490759","-23.887859888"
"6","2016-12-29","0.0","13.83","1.02","-288.0","-46.7614490759","-23.887859888"
"6","2016-12-30","0.0","0.14","0.0","-288.0","-46.7614490759","-23.887859888"
"6","2016-12-31","0.0","0.32","0.03","-287.0","-46.7614490759","-23.887859888"
"6","2017-01-01","","","","-1.0","-46.7614490759","-23.887859888"
"6","2017-01-02","0.5","118.1","25.53","-288.0","-46.7614490759","-23.887859888"
"6","2017-01-03","0.0","10.44","0.59","-288.0","-46.7614490759","-23.887859888"
"6","2017-01-04","0.0","3.25","0.19","-288.0","-46.7614490759","-23.887859888"
"6","2017-01-05","0.0","1.08","0.05","-288.0","-46.7614490759","-23.887859888"
"6","2017-01-06","0.47","115.39","20.55","-288.0","-46.7614490759","-23.887859888"
"6","2017-01-07","0.03","6.8","1.28","-288.0","-46.7614490759","-23.887859888"
"6","2017-01-08","0.04","63.87","14.28","-288.0","-46.7614490759","-23.887859888"
"6","2017-01-09","0.06","17.21","2.58","-288.0","-46.7614490759","-23.887859888"
"6","2017-01-10","0.0","3.79","0.52","-288.0","-46.7614490759","-23.887859888"
"6","2017-01-11","0.12","133.05","19.23","-288.0","-46.7614490759","-23.887859888"
"6","2017-01-12","0.75","93.62","14.02","-288.0","-46.7614490759","-23.887859888"
"6","2017-01-13","0.0","10.61","0.21","-288.0","-46.7614490759","-23.887859888"
"6","2017-01-14","0.0","0.03","0.0","-288.0","-46.7614490759","-23.887859888"
"6","2017-01-15","0.0","12.27","0.71","-288.0","-46.7614490759","-23.887859888"
"6","2017-01-16","2.8","125.22","17.61","-288.0","-46.7614490759","-23.887859888"
"6","2017-01-17","4.87","100.58","25.06","-288.0","-46.7614490759","-23.887859888"
"6","2017-01-18","6.38","120.58","32.47","-288.0","-46.7614490759","-23.887859888"
"6","2017-01-19","3.89","99.99","23.52","-288.0","-46.7614490759","-23.887859888"
"6","2017-01-20","1.01","31.31","7.59","-288.0","-46.7614490759","-23.887859888"
"6","2017-01-21","0.93","96.49","13.59","-288.0","-46.7614490759","-23.887859888"
"6","2017-01-22","0.28","25.69","4.82","-288.0","-46.7614490759","-23.887859888"
"6","2017-01-23","0.08","27.42","1.86","-288.0","-46.7614490759","-23.887859888"
"6","2017-01-24","0.03","97.08","17.94","-288.0","-46.7614490759","-23.887859888"
"6","2017-01-25","0.0","1.86","0.11","-288.0","-46.7614490759","-23.887859888"
"6","2017-01-26","2.39","47.93","13.41","-288.0","-46.7614490759","-23.887859888"
"6","2017-01-27","0.88","73.24","12.89","-288.0","-46.7614490759","-23.887859888"
"6","2017-01-28","0.0","8.6","0.65","-288.0","-46.7614490759","-23.887859888"
"6","2017-01-29","0.0","0.65","0.0","-288.0","-46.7614490759","-23.887859888"
"6","2017-01-30","0.0","0.5","0.0","-288.0","-46.7614490759","-23.887859888"
"6","2017-01-31","0.0","1.73","0.16","-288.0","-46.7614490759","-23.887859888"
"6","2017-02-01","1.17","46.18","8.55","-288.0","-46.7614490759","-23.887859888"
"6","2017-02-02","1.83","43.74","10.3","-288.0","-46.7614490759","-23.887859888"
"6","2017-02-03","0.36","45.83","9.56","-288.0","-46.7614490759","-23.887859888"
"6","2017-02-04","0.06","18.02","1.96","-288.0","-46.7614490759","-23.887859888"
"6","2017-02-05","0.0","28.32","1.81","-288.0","-46.7614490759","-23.887859888"
"6","2017-02-06","1.55","62.86","12.09","-288.0","-46.7614490759","-23.887859888"
"6","2017-02-07","0.04","84.38","7.44","-288.0","-46.7614490759","-23.887859888"
"6","2017-02-08","0.0","0.44","0.01","-287.0","-46.7614490759","-23.887859888"
"6","2017-02-09","0.0","0.0","0.0","0.0","-46.7614490759","-23.887859888"
"6","2017-02-10","0.0","0.0","0.0","0.0","-46.7614490759","-23.887859888"
"6","2017-02-11","0.0","0.0","0.0","0.0","-46.7614490759","-23.887859888"
"6","2017-02-12","0.0","0.0","0.0","0.0","-46.7614490759","-23.887859888"
"6","2017-02-13","0.0","0.0","0.0","0.0","-46.7614490759","-23.887859888"
"6","2017-02-14","0.0","0.0","0.0","0.0","-46.7614490759","-23.887859888"
"6","2017-02-15","0.0","0.0","0.0","0.0","-46.7614490759","-23.887859888"
"6","2017-02-16","","","","-1.0","-46.7614490759","-23.887859888"
"6","2017-02-17","0.0","0.13","0.0","-288.0","-46.7614490759","-23.887859888"
"6","2017-02-18","0.0","0.04","0.0","-287.0","-46.7614490759","-23.887859888"
"6","2017-02-19","0.0","0.0","0.0","0.0","-46.7614490759","-23.887859888"
"6","2017-02-20","0.0","0.0","0.0","0.0","-46.7614490759","-23.887859888"
"6","2017-02-21","","","","-1.0","-46.7614490759","-23.887859888"
"6","2017-02-22","0.0","7.0","0.44","-288.0","-46.7614490759","-23.887859888"
"6","2017-02-23","0.0","36.04","2.12","-288.0","-46.7614490759","-23.887859888"
"6","2017-02-24","3.61","273.55","53.18","-288.0","-46.7614490759","-23.887859888"
"6","2017-02-25","0.34","15.81","3.89","-288.0","-46.7614490759","-23.887859888"
"6","2017-02-26","0.0","29.52","1.56","-288.0","-46.7614490759","-23.887859888"
"6","2017-02-27","0.0","19.28","1.72","-288.0","-46.7614490759","-23.887859888"
"6","2017-02-28","0.0","2.59","0.08","-288.0","-46.7614490759","-23.887859888"
"6","2017-03-01","0.0","0.51","0.04","-288.0","-46.7614490759","-23.887859888"
"6","2017-03-02","0.32","105.37","12.87","-288.0","-46.7614490759","-23.887859888"
"6","2017-03-03","0.03","13.84","1.92","-288.0","-46.7614490759","-23.887859888"
"6","2017-03-04","0.0","0.4","0.0","-288.0","-46.7614490759","-23.887859888"
"6","2017-03-05","0.81","167.13","25.68","-288.0","-46.7614490759","-23.887859888"
"6","2017-03-06","0.31","60.17","5.93","-288.0","-46.7614490759","-23.887859888"
"6","2017-03-07","2.96","153.11","26.47","-288.0","-46.7614490759","-23.887859888"
"6","2017-03-08","2.24","37.05","11.13","-288.0","-46.7614490759","-23.887859888"
"6","2017-03-09","0.0","0.0","0.0","-288.0","-46.7614490759","-23.887859888"
"6","2017-03-10","0.0","33.26","2.32","-288.0","-46.7614490759","-23.887859888"
"6","2017-03-11","0.0","0.14","0.0","-288.0","-46.7614490759","-23.887859888"
"6","2017-03-12","0.0","0.15","0.0","-288.0","-46.7614490759","-23.887859888"
"6","2017-03-13","0.0","0.2","0.0","-288.0","-46.7614490759","-23.887859888"
"6","2017-03-14","0.0","0.05","0.0","-288.0","-46.7614490759","-23.887859888"
"6","2017-03-15","0.01","11.31","1.11","-288.0","-46.7614490759","-23.887859888"
"6","2017-03-16","0.0","0.04","0.0","-288.0","-46.7614490759","-23.887859888"
"6","2017-03-17","0.04","10.52","1.21","-288.0","-46.7614490759","-23.887859888"
"6","2017-03-18","0.84","21.24","5.41","-288.0","-46.7614490759","-23.887859888"
"6","2017-03-19","1.37","30.82","8.57","-288.0","-46.7614490759","-23.887859888"
"6","2017-03-20","0.0","0.32","0.0","-287.0","-46.7614490759","-23.887859888"
"6","2017-03-21","0.0","0.0","0.0","0.0","-46.7614490759","-23.887859888"
"6","2017-03-22","0.0","0.0","0.0","0.0","-46.7614490759","-23.887859888"
"6","2017-03-23","","","","-1.0","-46.7614490759","-23.887859888"
"6","2017-03-24","0.0","0.0","0.0","-288.0","-46.7614490759","-23.887859888"
"6","2017-03-25","0.0","3.16","0.39","-287.0","-46.7614490759","-23.887859888"
"6","2017-03-26","","","","-1.0","-46.7614490759","-23.887859888"
"6","2017-03-27","0.06","9.54","1.95","-288.0","-46.7614490759","-23.887859888"
"6","2017-03-28","0.03","15.23","1.58","-288.0","-46.7614490759","-23.887859888"
"6","2017-03-29","0.0","0.89","0.11","-287.0","-46.7614490759","-23.887859888"
"6","2017-03-30","0.0","0.0","0.0","0.0","-46.7614490759","-23.887859888"
"6","2017-03-31","0.0","0.0","0.0","0.0","-46.7614490759","-23.887859888"
"6","2017-04-01","0.0","0.0","0.0","0.0","-46.7614490759","-23.887859888"
"6","2017-04-02","0.0","0.0","0.0","0.0","-46.7614490759","-23.887859888"
"6","2017-04-03","0.0","0.0","0.0","0.0","-46.7614490759","-23.887859888"
"6","2017-04-04","","","","-1.0","-46.7614490759","-23.887859888"
"6","2017-04-05","0.0","0.0","0.0","-288.0","-46.7614490759","-23.887859888"
"6","2017-04-06","2.02","183.57","37.56","-288.0","-46.7614490759","-23.887859888"
"6","2017-04-07","1.84","44.34","10.73","-288.0","-46.7614490759","-23.887859888"
"6","2017-04-08","0.0","5.83","0.43","-287.0","-46.7614490759","-23.887859888"
"6","2017-04-09","","","","-1.0","-46.7614490759","-23.887859888"
"6","2017-04-10","0.0","0.11","0.0","-288.0","-46.7614490759","-23.887859888"
"6","2017-04-11","0.0","0.23","0.0","-288.0","-46.7614490759","-23.887859888"
"6","2017-04-12","0.68","50.44","9.46","-287.0","-46.7614490759","-23.887859888"
"6","2017-04-13","0.0","0.0","0.0","0.0","-46.7614490759","-23.887859888"
"6","2017-04-14","0.0","0.0","0.0","0.0","-46.7614490759","-23.887859888"
"6","2017-04-15","0.0","0.0","0.0","0.0","-46.7614490759","-23.887859888"
"6","2017-04-16","","","","-1.0","-46.7614490759","-23.887859888"
"6","2017-04-17","0.0","1.5","0.05","-287.0","-46.7614490759","-23.887859888"
"6","2017-04-18","0.0","0.0","0.0","0.0","-46.7614490759","-23.887859888"
"6","2017-04-19","0.0","0.0","0.0","0.0","-46.7614490759","-23.887859888"
"6","2017-04-20","","","","-1.0","-46.7614490759","-23.887859888"
"6","2017-04-21","2.62","65.55","17.62","-288.0","-46.7614490759","-23.887859888"
"6","2017-04-22","0.61","7.83","2.8","-287.0","-46.7614490759","-23.887859888"
"6","2017-04-23","0.0","0.0","0.0","0.0","-46.7614490759","-23.887859888"
"6","2017-04-24","0.0","0.0","0.0","0.0","-46.7614490759","-23.887859888"
"6","2017-04-25","","","","-1.0","-46.7614490759","-23.887859888"
"6","2017-04-26","3.64","78.96","20.7","-288.0","-46.7614490759","-23.887859888"
"6","2017-04-27","0.03","3.69","0.73","-287.0","-46.7614490759","-23.887859888"
"6","2017-04-28","0.0","0.0","0.0","0.0","-46.7614490759","-23.887859888"
"6","2017-04-29","0.0","0.0","0.0","0.0","-46.7614490759","-23.887859888"
"6","2017-04-30","0.0","0.0","0.0","0.0","-46.7614490759","-23.887859888"
"6","2017-05-01","","","","-1.0","-46.7614490759","-23.887859888"
"6","2017-05-02","0.0","0.04","0.0","-287.0","-46.7614490759","-23.887859888"
"6","2017-05-03","0.0","0.0","0.0","0.0","-46.7614490759","-23.887859888"
"6","2017-05-04","","","","-1.0","-46.7614490759","-23.887859888"
"6","2017-05-05","2.87","103.37","27.01","-288.0","-46.7614490759","-23.887859888"
"6","2017-05-06","0.32","49.73","8.5","-288.0","-46.7614490759","-23.887859888"
"6","2017-05-07","0.0","4.02","0.17","-287.0","-46.7614490759","-23.887859888"
"6","2017-05-08","0.0","0.0","0.0","0.0","-46.7614490759","-23.887859888"
"6","2017-05-09","0.0","0.0","0.0","0.0","-46.7614490759","-23.887859888"
"6","2017-05-10","0.0","0.0","0.0","0.0","-46.7614490759","-23.887859888"
"6","2017-05-11","0.0","0.0","0.0","0.0","-46.7614490759","-23.887859888"
"6","2017-05-12","0.0","0.0","0.0","0.0","-46.7614490759","-23.887859888"
"6","2017-05-13","","","","-1.0","-46.7614490759","-23.887859888"
"6","2017-05-14","0.06","3.63","0.73","-287.0","-46.7614490759","-23.887859888"
"6","2017-05-15","0.0","0.0","0.0","0.0","-46.7614490759","-23.887859888"
"6","2017-05-16","0.0","0.0","0.0","0.0","-46.7614490759","-23.887859888"
"6","2017-05-17","","","","-1.0","-46.7614490759","-23.887859888"
"6","2017-05-18","0.32","9.0","2.51","-288.0","-46.7614490759","-23.887859888"
"6","2017-05-19","9.25","159.73","41.18","-288.0","-46.7614490759","-23.887859888"
"6","2017-05-20","0.0","0.29","0.02","-288.0","-46.7614490759","-23.887859888"
"6","2017-05-21","6.12","79.84","24.16","-288.0","-46.7614490759","-23.887859888"
"6","2017-05-22","0.95","26.29","5.47","-287.0","-46.7614490759","-23.887859888"
"6","2017-05-23","0.0","0.0","0.0","0.0","-46.7614490759","-23.887859888"
"6","2017-05-24","0.0","0.0","0.0","0.0","-46.7614490759","-23.887859888"
"6","2017-05-25","0.0","0.0","0.0","0.0","-46.7614490759","-23.887859888"
"6","2017-05-26","0.0","0.0","0.0","0.0","-46.7614490759","-23.887859888"
"6","2017-05-27","0.0","0.0","0.0","0.0","-46.7614490759","-23.887859888"
"6","2017-05-28","0.0","0.0","0.0","0.0","-46.7614490759","-23.887859888"
"6","2017-05-29","0.0","0.0","0.0","0.0","-46.7614490759","-23.887859888"
"6","2017-05-30","0.0","0.0","0.0","0.0","-46.7614490759","-23.887859888"
"6","2017-05-31","0.0","0.0","0.0","0.0","-46.7614490759","-23.887859888"
"6","2017-06-01","0.0","0.0","0.0","0.0","-46.7614490759","-23.887859888"
"6","2017-06-02","0.0","0.0","0.0","0.0","-46.7614490759","-23.887859888"
"6","2017-06-03","0.0","0.0","0.0","0.0","-46.7614490759","-23.887859888"
"6","2017-06-04","","","","-1.0","-46.7614490759","-23.887859888"
"6","2017-06-05","12.41","189.21","57.54","-288.0","-46.7614490759","-23.887859888"
"6","2017-06-06","7.01","151.6","36.93","-288.0","-46.7614490759","-23.887859888"
"6","2017-06-07","1.83","28.59","9.11","-287.0","-46.7614490759","-23.887859888"
"6","2017-06-08","","","","-1.0","-46.7614490759","-23.887859888"
"6","2017-06-09","0.05","10.18","1.38","-288.0","-46.7614490759","-23.887859888"
"6","2017-06-10","0.0","0.0","0.0","-287.0","-46.7614490759","-23.887859888"
"6","2017-06-11","","","","-1.0","-46.7614490759","-23.887859888"
"6","2017-06-12","0.0","0.19","0.0","-288.0","-46.7614490759","-23.887859888"
"6","2017-06-13","4.51","160.99","35.83","-288.0","-46.7614490759","-23.887859888"
"6","2017-06-14","0.1","4.02","1.0","-287.0","-46.7614490759","-23.887859888"
"7","2016-10-31","","","","-1.0","-46.6756206235","-23.881732652"
"7","2016-11-01","0.0","0.16","0.0","-288.0","-46.6756206235","-23.881732652"
"7","2016-11-02","0.0","10.74","0.66","-288.0","-46.6756206235","-23.881732652"
"7","2016-11-03","0.55","57.78","6.2","-288.0","-46.6756206235","-23.881732652"
"7","2016-11-04","0.0","2.3","0.26","-288.0","-46.6756206235","-23.881732652"
"7","2016-11-05","0.0","0.0","0.0","-288.0","-46.6756206235","-23.881732652"
"7","2016-11-06","0.0","8.44","0.04","-288.0","-46.6756206235","-23.881732652"
"7","2016-11-07","0.0","2.29","0.01","-288.0","-46.6756206235","-23.881732652"
"7","2016-11-08","0.0","1.91","0.01","-288.0","-46.6756206235","-23.881732652"
"7","2016-11-09","4.2","171.54","42.99","-288.0","-46.6756206235","-23.881732652"
"7","2016-11-10","0.92","39.02","5.99","-288.0","-46.6756206235","-23.881732652"
"7","2016-11-11","0.57","85.07","16.36","-288.0","-46.6756206235","-23.881732652"
"7","2016-11-12","0.0","0.53","0.06","-288.0","-46.6756206235","-23.881732652"
"7","2016-11-13","4.0","48.25","16.17","-288.0","-46.6756206235","-23.881732652"
"7","2016-11-14","3.58","43.23","13.98","-287.0","-46.6756206235","-23.881732652"
"7","2016-11-15","","","","-1.0","-46.6756206235","-23.881732652"
"7","2016-11-16","0.91","73.06","13.8","-288.0","-46.6756206235","-23.881732652"
"7","2016-11-17","0.02","13.89","1.23","-288.0","-46.6756206235","-23.881732652"
"7","2016-11-18","0.0","5.79","0.36","-287.0","-46.6756206235","-23.881732652"
"7","2016-11-19","0.0","0.0","0.0","0.0","-46.6756206235","-23.881732652"
"7","2016-11-20","0.0","0.0","0.0","0.0","-46.6756206235","-23.881732652"
"7","2016-11-21","0.0","0.0","0.0","0.0","-46.6756206235","-23.881732652"
"7","2016-11-22","","","","-1.0","-46.6756206235","-23.881732652"
"7","2016-11-23","0.03","42.91","4.07","-288.0","-46.6756206235","-23.881732652"
"7","2016-11-24","0.0","0.01","0.0","-287.0","-46.6756206235","-23.881732652"
"7","2016-11-25","0.0","0.0","0.0","0.0","-46.6756206235","-23.881732652"
"7","2016-11-26","","","","-1.0","-46.6756206235","-23.881732652"
"7","2016-11-27","0.0","3.2","0.06","-288.0","-46.6756206235","-23.881732652"
"7","2016-11-28","0.04","100.47","9.13","-288.0","-46.6756206235","-23.881732652"
"7","2016-11-29","1.63","42.17","10.2","-288.0","-46.6756206235","-23.881732652"
"7","2016-11-30","0.0","0.93","0.05","-287.0","-46.6756206235","-23.881732652"
"7","2016-12-01","0.0","0.0","0.0","0.0","-46.6756206235","-23.881732652"
"7","2016-12-02","","","","-1.0","-46.6756206235","-23.881732652"
"7","2016-12-03","1.34","69.13","10.54","-288.0","-46.6756206235","-23.881732652"
"7","2016-12-04","0.01","20.48","2.15","-288.0","-46.6756206235","-23.881732652"
"7","2016-12-05","0.0","0.01","0.0","-287.0","-46.6756206235","-23.881732652"
"7","2016-12-06","","","","-1.0","-46.6756206235","-23.881732652"
"7","2016-12-07","0.06","41.38","4.13","-288.0","-46.6756206235","-23.881732652"
"7","2016-12-08","0.0","25.43","2.33","-288.0","-46.6756206235","-23.881732652"
"7","2016-12-09","0.0","31.31","2.69","-288.0","-46.6756206235","-23.881732652"
"7","2016-12-10","1.17","28.6","6.67","-288.0","-46.6756206235","-23.881732652"
"7","2016-12-11","1.04","50.21","9.39","-288.0","-46.6756206235","-23.881732652"
"7","2016-12-12","0.93","120.95","18.61","-288.0","-46.6756206235","-23.881732652"
"7","2016-12-13","0.0","0.95","0.0","-288.0","-46.6756206235","-23.881732652"
"7","2016-12-14","0.0","2.36","0.01","-288.0","-46.6756206235","-23.881732652"
"7","2016-12-15","0.0","0.01","0.0","-287.0","-46.6756206235","-23.881732652"
"7","2016-12-16","0.0","0.0","0.0","0.0","-46.6756206235","-23.881732652"
"7","2016-12-17","","","","-1.0","-46.6756206235","-23.881732652"
"7","2016-12-18","0.0","1.86","0.0","-288.0","-46.6756206235","-23.881732652"
"7","2016-12-19","0.77","94.09","29.98","-288.0","-46.6756206235","-23.881732652"
"7","2016-12-20","0.0","44.66","3.54","-288.0","-46.6756206235","-23.881732652"
"7","2016-12-21","2.6","123.81","37.38","-288.0","-46.6756206235","-23.881732652"
"7","2016-12-22","0.0","0.07","0.0","-288.0","-46.6756206235","-23.881732652"
"7","2016-12-23","0.19","26.36","2.43","-288.0","-46.6756206235","-23.881732652"
"7","2016-12-24","0.0","9.19","0.43","-288.0","-46.6756206235","-23.881732652"
"7","2016-12-25","0.0","1.44","0.01","-288.0","-46.6756206235","-23.881732652"
"7","2016-12-26","0.0","2.41","0.02","-288.0","-46.6756206235","-23.881732652"
"7","2016-12-27","0.2","64.32","10.7","-288.0","-46.6756206235","-23.881732652"
"7","2016-12-28","0.0","3.1","0.07","-288.0","-46.6756206235","-23.881732652"
"7","2016-12-29","0.0","9.27","0.58","-288.0","-46.6756206235","-23.881732652"
"7","2016-12-30","0.0","0.43","0.0","-288.0","-46.6756206235","-23.881732652"
"7","2016-12-31","0.0","0.41","0.0","-287.0","-46.6756206235","-23.881732652"
"7","2017-01-01","","","","-1.0","-46.6756206235","-23.881732652"
"7","2017-01-02","0.02","116.64","9.3","-288.0","-46.6756206235","-23.881732652"
"7","2017-01-03","0.0","4.86","0.13","-288.0","-46.6756206235","-23.881732652"
"7","2017-01-04","0.0","2.17","0.17","-288.0","-46.6756206235","-23.881732652"
"7","2017-01-05","0.0","0.93","0.01","-288.0","-46.6756206235","-23.881732652"
"7","2017-01-06","0.32","81.3","14.98","-288.0","-46.6756206235","-23.881732652"
"7","2017-01-07","0.0","31.06","1.26","-288.0","-46.6756206235","-23.881732652"
"7","2017-01-08","0.0","45.16","2.1","-288.0","-46.6756206235","-23.881732652"
"7","2017-01-09","0.0","26.47","2.11","-288.0","-46.6756206235","-23.881732652"
"7","2017-01-10","0.0","2.68","0.14","-288.0","-46.6756206235","-23.881732652"
"7","2017-01-11","0.31","169.44","17.97","-288.0","-46.6756206235","-23.881732652"
"7","2017-01-12","0.46","92.11","11.36","-288.0","-46.6756206235","-23.881732652"
"7","2017-01-13","0.0","3.36","0.02","-288.0","-46.6756206235","-23.881732652"
"7","2017-01-14","0.0","0.03","0.0","-288.0","-46.6756206235","-23.881732652"
"7","2017-01-15","0.0","31.99","1.42","-288.0","-46.6756206235","-23.881732652"
"7","2017-01-16","2.93","146.6","32.76","-288.0","-46.6756206235","-23.881732652"
"7","2017-01-17","5.29","113.21","26.15","-288.0","-46.6756206235","-23.881732652"
"7","2017-01-18","6.76","131.34","36.52","-288.0","-46.6756206235","-23.881732652"
"7","2017-01-19","4.11","111.13","23.15","-288.0","-46.6756206235","-23.881732652"
"7","2017-01-20","1.46","46.3","11.1","-288.0","-46.6756206235","-23.881732652"
"7","2017-01-21","1.48","119.84","19.43","-288.0","-46.6756206235","-23.881732652"
"7","2017-01-22","0.29","36.05","5.96","-288.0","-46.6756206235","-23.881732652"
"7","2017-01-23","0.09","54.12","3.49","-288.0","-46.6756206235","-23.881732652"
"7","2017-01-24","0.0","105.58","14.66","-288.0","-46.6756206235","-23.881732652"
"7","2017-01-25","0.0","2.51","0.16","-288.0","-46.6756206235","-23.881732652"
"7","2017-01-26","2.69","57.64","16.12","-288.0","-46.6756206235","-23.881732652"
"7","2017-01-27","0.94","74.94","10.22","-288.0","-46.6756206235","-23.881732652"
"7","2017-01-28","0.0","10.11","0.46","-288.0","-46.6756206235","-23.881732652"
"7","2017-01-29","0.0","3.32","0.02","-288.0","-46.6756206235","-23.881732652"
"7","2017-01-30","0.0","4.02","0.02","-288.0","-46.6756206235","-23.881732652"
"7","2017-01-31","0.0","2.01","0.01","-288.0","-46.6756206235","-23.881732652"
"7","2017-02-01","1.77","157.6","21.44","-288.0","-46.6756206235","-23.881732652"
"7","2017-02-02","1.73","39.95","9.1","-288.0","-46.6756206235","-23.881732652"
"7","2017-02-03","0.36","62.93","8.21","-288.0","-46.6756206235","-23.881732652"
"7","2017-02-04","0.04","55.3","5.48","-288.0","-46.6756206235","-23.881732652"
"7","2017-02-05","0.02","88.21","14.15","-288.0","-46.6756206235","-23.881732652"
"7","2017-02-06","1.12","87.54","15.53","-288.0","-46.6756206235","-23.881732652"
"7","2017-02-07","0.0","99.14","7.0","-288.0","-46.6756206235","-23.881732652"
"7","2017-02-08","0.0","0.74","0.0","-287.0","-46.6756206235","-23.881732652"
"7","2017-02-09","0.0","0.0","0.0","0.0","-46.6756206235","-23.881732652"
"7","2017-02-10","0.0","0.0","0.0","0.0","-46.6756206235","-23.881732652"
"7","2017-02-11","0.0","0.0","0.0","0.0","-46.6756206235","-23.881732652"
"7","2017-02-12","0.0","0.0","0.0","0.0","-46.6756206235","-23.881732652"
"7","2017-02-13","0.0","0.0","0.0","0.0","-46.6756206235","-23.881732652"
"7","2017-02-14","0.0","0.0","0.0","0.0","-46.6756206235","-23.881732652"
"7","2017-02-15","0.0","0.0","0.0","0.0","-46.6756206235","-23.881732652"
"7","2017-02-16","","","","-1.0","-46.6756206235","-23.881732652"
"7","2017-02-17","0.0","0.27","0.0","-288.0","-46.6756206235","-23.881732652"
"7","2017-02-18","0.0","0.29","0.0","-287.0","-46.6756206235","-23.881732652"
"7","2017-02-19","0.0","0.0","0.0","0.0","-46.6756206235","-23.881732652"
"7","2017-02-20","0.0","0.0","0.0","0.0","-46.6756206235","-23.881732652"
"7","2017-02-21","","","","-1.0","-46.6756206235","-23.881732652"
"7","2017-02-22","0.0","0.72","0.0","-288.0","-46.6756206235","-23.881732652"
"7","2017-02-23","0.0","137.28","17.15","-288.0","-46.6756206235","-23.881732652"
"7","2017-02-24","2.49","275.75","37.38","-288.0","-46.6756206235","-23.881732652"
"7","2017-02-25","0.01","7.9","1.04","-288.0","-46.6756206235","-23.881732652"
"7","2017-02-26","0.0","67.08","8.83","-288.0","-46.6756206235","-23.881732652"
"7","2017-02-27","0.0","29.87","1.51","-288.0","-46.6756206235","-23.881732652"
"7","2017-02-28","0.0","19.49","1.24","-288.0","-46.6756206235","-23.881732652"
"7","2017-03-01","0.0","2.67","0.06","-288.0","-46.6756206235","-23.881732652"
"7","2017-03-02","0.32","195.9","19.66","-288.0","-46.6756206235","-23.881732652"
"7","2017-03-03","0.0","34.39","2.26","-288.0","-46.6756206235","-23.881732652"
"7","2017-03-04","0.0","5.03","0.2","-288.0","-46.6756206235","-23.881732652"
"7","2017-03-05","0.72","161.48","29.47","-288.0","-46.6756206235","-23.881732652"
"7","2017-03-06","0.71","135.18","14.91","-288.0","-46.6756206235","-23.881732652"
"7","2017-03-07","3.07","157.89","39.12","-288.0","-46.6756206235","-23.881732652"
"7","2017-03-08","2.87","54.65","11.8","-288.0","-46.6756206235","-23.881732652"
"7","2017-03-09","0.0","0.0","0.0","-288.0","-46.6756206235","-23.881732652"
"7","2017-03-10","0.0","3.07","0.07","-288.0","-46.6756206235","-23.881732652"
"7","2017-03-11","0.0","0.27","0.0","-288.0","-46.6756206235","-23.881732652"
"7","2017-03-12","0.0","2.33","0.01","-288.0","-46.6756206235","-23.881732652"
"7","2017-03-13","0.0","2.89","0.01","-288.0","-46.6756206235","-23.881732652"
"7","2017-03-14","0.0","0.67","0.0","-288.0","-46.6756206235","-23.881732652"
"7","2017-03-15","0.0","13.14","0.94","-288.0","-46.6756206235","-23.881732652"
"7","2017-03-16","0.0","0.94","0.01","-288.0","-46.6756206235","-23.881732652"
"7","2017-03-17","0.01","11.25","1.16","-288.0","-46.6756206235","-23.881732652"
"7","2017-03-18","0.43","11.96","3.3","-288.0","-46.6756206235","-23.881732652"
"7","2017-03-19","0.51","31.46","6.4","-288.0","-46.6756206235","-23.881732652"
"7","2017-03-20","0.0","0.62","0.03","-287.0","-46.6756206235","-23.881732652"
"7","2017-03-21","0.0","0.0","0.0","0.0","-46.6756206235","-23.881732652"
"7","2017-03-22","0.0","0.0","0.0","0.0","-46.6756206235","-23.881732652"
"7","2017-03-23","","","","-1.0","-46.6756206235","-23.881732652"
"7","2017-03-24","0.0","0.0","0.0","-288.0","-46.6756206235","-23.881732652"
"7","2017-03-25","0.0","2.5","0.18","-287.0","-46.6756206235","-23.881732652"
"7","2017-03-26","","","","-1.0","-46.6756206235","-23.881732652"
"7","2017-03-27","0.04","9.26","1.6","-288.0","-46.6756206235","-23.881732652"
"7","2017-03-28","0.03","26.9","2.25","-288.0","-46.6756206235","-23.881732652"
"7","2017-03-29","0.0","3.16","0.23","-287.0","-46.6756206235","-23.881732652"
"7","2017-03-30","0.0","0.0","0.0","0.0","-46.6756206235","-23.881732652"
"7","2017-03-31","0.0","0.0","0.0","0.0","-46.6756206235","-23.881732652"
"7","2017-04-01","0.0","0.0","0.0","0.0","-46.6756206235","-23.881732652"
"7","2017-04-02","0.0","0.0","0.0","0.0","-46.6756206235","-23.881732652"
"7","2017-04-03","0.0","0.0","0.0","0.0","-46.6756206235","-23.881732652"
"7","2017-04-04","","","","-1.0","-46.6756206235","-23.881732652"
"7","2017-04-05","0.0","0.0","0.0","-288.0","-46.6756206235","-23.881732652"
"7","2017-04-06","2.54","194.95","41.22","-288.0","-46.6756206235","-23.881732652"
"7","2017-04-07","1.51","52.25","11.03","-288.0","-46.6756206235","-23.881732652"
"7","2017-04-08","0.0","9.72","0.38","-287.0","-46.6756206235","-23.881732652"
"7","2017-04-09","","","","-1.0","-46.6756206235","-23.881732652"
"7","2017-04-10","0.0","0.28","0.0","-288.0","-46.6756206235","-23.881732652"
"7","2017-04-11","0.0","0.95","0.0","-288.0","-46.6756206235","-23.881732652"
"7","2017-04-12","0.72","76.84","12.67","-287.0","-46.6756206235","-23.881732652"
"7","2017-04-13","0.0","0.0","0.0","0.0","-46.6756206235","-23.881732652"
"7","2017-04-14","0.0","0.0","0.0","0.0","-46.6756206235","-23.881732652"
"7","2017-04-15","0.0","0.0","0.0","0.0","-46.6756206235","-23.881732652"
"7","2017-04-16","","","","-1.0","-46.6756206235","-23.881732652"
"7","2017-04-17","0.0","8.37","0.37","-287.0","-46.6756206235","-23.881732652"
"7","2017-04-18","0.0","0.0","0.0","0.0","-46.6756206235","-23.881732652"
"7","2017-04-19","0.0","0.0","0.0","0.0","-46.6756206235","-23.881732652"
"7","2017-04-20","","","","-1.0","-46.6756206235","-23.881732652"
"7","2017-04-21","1.98","58.55","12.34","-288.0","-46.6756206235","-23.881732652"
"7","2017-04-22","0.74","11.25","3.54","-287.0","-46.6756206235","-23.881732652"
"7","2017-04-23","0.0","0.0","0.0","0.0","-46.6756206235","-23.881732652"
"7","2017-04-24","0.0","0.0","0.0","0.0","-46.6756206235","-23.881732652"
"7","2017-04-25","","","","-1.0","-46.6756206235","-23.881732652"
"7","2017-04-26","3.7","74.82","20.84","-288.0","-46.6756206235","-23.881732652"
"7","2017-04-27","0.03","4.84","1.06","-287.0","-46.6756206235","-23.881732652"
"7","2017-04-28","0.0","0.0","0.0","0.0","-46.6756206235","-23.881732652"
"7","2017-04-29","0.0","0.0","0.0","0.0","-46.6756206235","-23.881732652"
"7","2017-04-30","0.0","0.0","0.0","0.0","-46.6756206235","-23.881732652"
"7","2017-05-01","","","","-1.0","-46.6756206235","-23.881732652"
"7","2017-05-02","0.0","0.14","0.0","-287.0","-46.6756206235","-23.881732652"
"7","2017-05-03","0.0","0.0","0.0","0.0","-46.6756206235","-23.881732652"
"7","2017-05-04","","","","-1.0","-46.6756206235","-23.881732652"
"7","2017-05-05","1.55","83.99","22.41","-288.0","-46.6756206235","-23.881732652"
"7","2017-05-06","0.71","88.64","11.31","-288.0","-46.6756206235","-23.881732652"
"7","2017-05-07","0.0","10.64","0.55","-287.0","-46.6756206235","-23.881732652"
"7","2017-05-08","0.0","0.0","0.0","0.0","-46.6756206235","-23.881732652"
"7","2017-05-09","0.0","0.0","0.0","0.0","-46.6756206235","-23.881732652"
"7","2017-05-10","0.0","0.0","0.0","0.0","-46.6756206235","-23.881732652"
"7","2017-05-11","0.0","0.0","0.0","0.0","-46.6756206235","-23.881732652"
"7","2017-05-12","0.0","0.0","0.0","0.0","-46.6756206235","-23.881732652"
"7","2017-05-13","","","","-1.0","-46.6756206235","-23.881732652"
"7","2017-05-14","0.05","4.97","1.05","-287.0","-46.6756206235","-23.881732652"
"7","2017-05-15","0.0","0.0","0.0","0.0","-46.6756206235","-23.881732652"
"7","2017-05-16","0.0","0.0","0.0","0.0","-46.6756206235","-23.881732652"
"7","2017-05-17","","","","-1.0","-46.6756206235","-23.881732652"
"7","2017-05-18","0.29","10.23","2.19","-288.0","-46.6756206235","-23.881732652"
"7","2017-05-19","10.26","156.14","40.3","-288.0","-46.6756206235","-23.881732652"
"7","2017-05-20","0.0","0.27","0.0","-288.0","-46.6756206235","-23.881732652"
"7","2017-05-21","4.98","83.87","22.31","-288.0","-46.6756206235","-23.881732652"
"7","2017-05-22","0.84","35.42","6.37","-287.0","-46.6756206235","-23.881732652"
"7","2017-05-23","0.0","0.0","0.0","0.0","-46.6756206235","-23.881732652"
"7","2017-05-24","0.0","0.0","0.0","0.0","-46.6756206235","-23.881732652"
"7","2017-05-25","0.0","0.0","0.0","0.0","-46.6756206235","-23.881732652"
"7","2017-05-26","0.0","0.0","0.0","0.0","-46.6756206235","-23.881732652"
"7","2017-05-27","0.0","0.0","0.0","0.0","-46.6756206235","-23.881732652"
"7","2017-05-28","0.0","0.0","0.0","0.0","-46.6756206235","-23.881732652"
"7","2017-05-29","0.0","0.0","0.0","0.0","-46.6756206235","-23.881732652"
"7","2017-05-30","0.0","0.0","0.0","0.0","-46.6756206235","-23.881732652"
"7","2017-05-31","0.0","0.0","0.0","0.0","-46.6756206235","-23.881732652"
"7","2017-06-01","0.0","0.0","0.0","0.0","-46.6756206235","-23.881732652"
"7","2017-06-02","0.0","0.0","0.0","0.0","-46.6756206235","-23.881732652"
"7","2017-06-03","0.0","0.0","0.0","0.0","-46.6756206235","-23.881732652"
"7","2017-06-04","","","","-1.0","-46.6756206235","-23.881732652"
"7","2017-06-05","11.81","176.32","52.1","-288.0","-46.6756206235","-23.881732652"
"7","2017-06-06","7.48","175.31","42.09","-288.0","-46.6756206235","-23.881732652"
"7","2017-06-07","1.77","29.29","8.16","-287.0","-46.6756206235","-23.881732652"
"7","2017-06-08","","","","-1.0","-46.6756206235","-23.881732652"
"7","2017-06-09","0.03","14.51","1.56","-288.0","-46.6756206235","-23.881732652"
"7","2017-06-10","0.0","0.0","0.0","-287.0","-46.6756206235","-23.881732652"
"7","2017-06-11","","","","-1.0","-46.6756206235","-23.881732652"
"7","2017-06-12","0.0","0.05","0.0","-288.0","-46.6756206235","-23.881732652"
"7","2017-06-13","4.03","127.34","29.44","-288.0","-46.6756206235","-23.881732652"
"7","2017-06-14","0.31","12.83","2.19","-287.0","-46.6756206235","-23.881732652"
"8","2016-10-31","","","","-1.0","-46.6196572062","-23.8898260981"
"8","2016-11-01","0.0","0.06","0.01","-288.0","-46.6196572062","-23.8898260981"
"8","2016-11-02","0.06","1.88","0.68","-288.0","-46.6196572062","-23.8898260981"
"8","2016-11-03","1.95","17.75","6.3","-288.0","-46.6196572062","-23.8898260981"
"8","2016-11-04","0.21","1.39","0.65","-288.0","-46.6196572062","-23.8898260981"
"8","2016-11-05","0.0","0.0","0.0","-288.0","-46.6196572062","-23.8898260981"
"8","2016-11-06","0.0","0.04","0.0","-288.0","-46.6196572062","-23.8898260981"
"8","2016-11-07","0.0","0.01","0.0","-288.0","-46.6196572062","-23.8898260981"
"8","2016-11-08","0.0","0.0","0.0","-288.0","-46.6196572062","-23.8898260981"
"8","2016-11-09","10.65","118.8","50.91","-288.0","-46.6196572062","-23.8898260981"
"8","2016-11-10","2.27","18.05","6.48","-288.0","-46.6196572062","-23.8898260981"
"8","2016-11-11","3.11","45.25","15.34","-288.0","-46.6196572062","-23.8898260981"
"8","2016-11-12","0.02","0.22","0.08","-288.0","-46.6196572062","-23.8898260981"
"8","2016-11-13","7.27","31.38","16.78","-288.0","-46.6196572062","-23.8898260981"
"8","2016-11-14","5.58","27.25","13.54","-287.0","-46.6196572062","-23.8898260981"
"8","2016-11-15","","","","-1.0","-46.6196572062","-23.8898260981"
"8","2016-11-16","3.93","40.69","16.26","-288.0","-46.6196572062","-23.8898260981"
"8","2016-11-17","0.11","3.3","0.85","-288.0","-46.6196572062","-23.8898260981"
"8","2016-11-18","0.02","1.47","0.38","-287.0","-46.6196572062","-23.8898260981"
"8","2016-11-19","0.0","0.0","0.0","0.0","-46.6196572062","-23.8898260981"
"8","2016-11-20","0.0","0.0","0.0","0.0","-46.6196572062","-23.8898260981"
"8","2016-11-21","0.0","0.0","0.0","0.0","-46.6196572062","-23.8898260981"
"8","2016-11-22","","","","-1.0","-46.6196572062","-23.8898260981"
"8","2016-11-23","0.17","7.23","1.65","-288.0","-46.6196572062","-23.8898260981"
"8","2016-11-24","0.0","0.0","0.0","-287.0","-46.6196572062","-23.8898260981"
"8","2016-11-25","0.0","0.0","0.0","0.0","-46.6196572062","-23.8898260981"
"8","2016-11-26","","","","-1.0","-46.6196572062","-23.8898260981"
"8","2016-11-27","0.0","0.13","0.01","-288.0","-46.6196572062","-23.8898260981"
"8","2016-11-28","0.22","12.32","3.17","-288.0","-46.6196572062","-23.8898260981"
"8","2016-11-29","3.93","22.16","10.24","-288.0","-46.6196572062","-23.8898260981"
"8","2016-11-30","0.0","0.27","0.02","-287.0","-46.6196572062","-23.8898260981"
"8","2016-12-01","0.0","0.0","0.0","0.0","-46.6196572062","-23.8898260981"
"8","2016-12-02","","","","-1.0","-46.6196572062","-23.8898260981"
"8","2016-12-03","2.39","30.68","10.44","-288.0","-46.6196572062","-23.8898260981"
"8","2016-12-04","0.18","6.54","1.77","-288.0","-46.6196572062","-23.8898260981"
"8","2016-12-05","0.0","0.0","0.0","-287.0","-46.6196572062","-23.8898260981"
"8","2016-12-06","","","","-1.0","-46.6196572062","-23.8898260981"
"8","2016-12-07","0.96","10.7","2.95","-288.0","-46.6196572062","-23.8898260981"
"8","2016-12-08","0.0","1.39","0.17","-288.0","-46.6196572062","-23.8898260981"
"8","2016-12-09","0.17","4.25","1.37","-288.0","-46.6196572062","-23.8898260981"
"8","2016-12-10","2.41","10.97","5.71","-288.0","-46.6196572062","-23.8898260981"
"8","2016-12-11","2.06","15.1","6.58","-288.0","-46.6196572062","-23.8898260981"
"8","2016-12-12","5.13","57.01","20.65","-288.0","-46.6196572062","-23.8898260981"
"8","2016-12-13","0.0","0.32","0.05","-288.0","-46.6196572062","-23.8898260981"
"8","2016-12-14","0.0","0.0","0.0","-288.0","-46.6196572062","-23.8898260981"
"8","2016-12-15","0.0","0.0","0.0","-287.0","-46.6196572062","-23.8898260981"
"8","2016-12-16","0.0","0.0","0.0","0.0","-46.6196572062","-23.8898260981"
"8","2016-12-17","","","","-1.0","-46.6196572062","-23.8898260981"
"8","2016-12-18","0.0","0.07","0.0","-288.0","-46.6196572062","-23.8898260981"
"8","2016-12-19","1.12","13.4","4.2","-288.0","-46.6196572062","-23.8898260981"
"8","2016-12-20","1.64","37.1","9.8","-288.0","-46.6196572062","-23.8898260981"
"8","2016-12-21","10.83","64.27","31.0","-288.0","-46.6196572062","-23.8898260981"
"8","2016-12-22","0.0","0.01","0.0","-288.0","-46.6196572062","-23.8898260981"
"8","2016-12-23","0.67","8.01","2.62","-288.0","-46.6196572062","-23.8898260981"
"8","2016-12-24","0.03","1.59","0.44","-288.0","-46.6196572062","-23.8898260981"
"8","2016-12-25","0.0","0.0","0.0","-288.0","-46.6196572062","-23.8898260981"
"8","2016-12-26","0.0","1.57","0.09","-288.0","-46.6196572062","-23.8898260981"
"8","2016-12-27","10.57","67.44","34.72","-288.0","-46.6196572062","-23.8898260981"
"8","2016-12-28","0.0","0.04","0.0","-288.0","-46.6196572062","-23.8898260981"
"8","2016-12-29","0.0","0.85","0.14","-288.0","-46.6196572062","-23.8898260981"
"8","2016-12-30","0.0","0.61","0.04","-288.0","-46.6196572062","-23.8898260981"
"8","2016-12-31","0.0","0.18","0.02","-287.0","-46.6196572062","-23.8898260981"
"8","2017-01-01","","","","-1.0","-46.6196572062","-23.8898260981"
"8","2017-01-02","0.64","63.94","14.52","-288.0","-46.6196572062","-23.8898260981"
"8","2017-01-03","0.04","1.44","0.45","-288.0","-46.6196572062","-23.8898260981"
"8","2017-01-04","0.0","0.05","0.0","-288.0","-46.6196572062","-23.8898260981"
"8","2017-01-05","0.0","0.24","0.04","-288.0","-46.6196572062","-23.8898260981"
"8","2017-01-06","1.67","31.7","13.05","-288.0","-46.6196572062","-23.8898260981"
"8","2017-01-07","0.0","10.43","1.2","-288.0","-46.6196572062","-23.8898260981"
"8","2017-01-08","0.01","6.61","1.13","-288.0","-46.6196572062","-23.8898260981"
"8","2017-01-09","0.11","6.67","1.95","-288.0","-46.6196572062","-23.8898260981"
"8","2017-01-10","0.0","0.19","0.01","-288.0","-46.6196572062","-23.8898260981"
"8","2017-01-11","1.95","76.35","17.92","-288.0","-46.6196572062","-23.8898260981"
"8","2017-01-12","3.2","59.98","21.39","-288.0","-46.6196572062","-23.8898260981"
"8","2017-01-13","0.0","0.02","0.0","-288.0","-46.6196572062","-23.8898260981"
"8","2017-01-14","0.0","0.0","0.0","-288.0","-46.6196572062","-23.8898260981"
"8","2017-01-15","0.0","0.11","0.0","-288.0","-46.6196572062","-23.8898260981"
"8","2017-01-16","11.04","56.87","27.31","-288.0","-46.6196572062","-23.8898260981"
"8","2017-01-17","8.72","45.69","22.38","-288.0","-46.6196572062","-23.8898260981"
"8","2017-01-18","14.38","70.12","34.3","-288.0","-46.6196572062","-23.8898260981"
"8","2017-01-19","9.25","56.52","24.95","-288.0","-46.6196572062","-23.8898260981"
"8","2017-01-20","5.28","27.18","12.72","-288.0","-46.6196572062","-23.8898260981"
"8","2017-01-21","6.5","61.59","23.27","-288.0","-46.6196572062","-23.8898260981"
"8","2017-01-22","1.31","28.66","5.82","-288.0","-46.6196572062","-23.8898260981"
"8","2017-01-23","0.36","18.31","3.44","-288.0","-46.6196572062","-23.8898260981"
"8","2017-01-24","0.06","37.27","9.69","-288.0","-46.6196572062","-23.8898260981"
"8","2017-01-25","0.04","1.28","0.42","-288.0","-46.6196572062","-23.8898260981"
"8","2017-01-26","7.18","38.57","17.88","-288.0","-46.6196572062","-23.8898260981"
"8","2017-01-27","2.19","22.96","7.76","-288.0","-46.6196572062","-23.8898260981"
"8","2017-01-28","0.0","1.0","0.21","-288.0","-46.6196572062","-23.8898260981"
"8","2017-01-29","0.0","0.38","0.03","-288.0","-46.6196572062","-23.8898260981"
"8","2017-01-30","0.0","0.16","0.01","-288.0","-46.6196572062","-23.8898260981"
"8","2017-01-31","0.0","0.63","0.06","-288.0","-46.6196572062","-23.8898260981"
"8","2017-02-01","9.14","116.55","46.93","-288.0","-46.6196572062","-23.8898260981"
"8","2017-02-02","3.12","15.78","7.55","-288.0","-46.6196572062","-23.8898260981"
"8","2017-02-03","1.34","46.38","14.7","-288.0","-46.6196572062","-23.8898260981"
"8","2017-02-04","6.14","39.01","16.71","-288.0","-46.6196572062","-23.8898260981"
"8","2017-02-05","0.2","34.07","7.6","-288.0","-46.6196572062","-23.8898260981"
"8","2017-02-06","3.36","46.17","17.76","-288.0","-46.6196572062","-23.8898260981"
"8","2017-02-07","0.61","17.77","4.65","-288.0","-46.6196572062","-23.8898260981"
"8","2017-02-08","0.0","0.28","0.04","-287.0","-46.6196572062","-23.8898260981"
"8","2017-02-09","0.0","0.0","0.0","0.0","-46.6196572062","-23.8898260981"
"8","2017-02-10","0.0","0.0","0.0","0.0","-46.6196572062","-23.8898260981"
"8","2017-02-11","0.0","0.0","0.0","0.0","-46.6196572062","-23.8898260981"
"8","2017-02-12","0.0","0.0","0.0","0.0","-46.6196572062","-23.8898260981"
"8","2017-02-13","0.0","0.0","0.0","0.0","-46.6196572062","-23.8898260981"
"8","2017-02-14","0.0","0.0","0.0","0.0","-46.6196572062","-23.8898260981"
"8","2017-02-15","0.0","0.0","0.0","0.0","-46.6196572062","-23.8898260981"
"8","2017-02-16","","","","-1.0","-46.6196572062","-23.8898260981"
"8","2017-02-17","0.0","0.06","0.0","-288.0","-46.6196572062","-23.8898260981"
"8","2017-02-18","0.0","0.01","0.0","-287.0","-46.6196572062","-23.8898260981"
"8","2017-02-19","0.0","0.0","0.0","0.0","-46.6196572062","-23.8898260981"
"8","2017-02-20","0.0","0.0","0.0","0.0","-46.6196572062","-23.8898260981"
"8","2017-02-21","","","","-1.0","-46.6196572062","-23.8898260981"
"8","2017-02-22","0.0","0.12","0.0","-288.0","-46.6196572062","-23.8898260981"
"8","2017-02-23","0.51","51.99","15.3","-288.0","-46.6196572062","-23.8898260981"
"8","2017-02-24","7.56","64.47","28.83","-288.0","-46.6196572062","-23.8898260981"
"8","2017-02-25","0.34","2.57","1.11","-288.0","-46.6196572062","-23.8898260981"
"8","2017-02-26","10.61","57.74","33.95","-288.0","-46.6196572062","-23.8898260981"
"8","2017-02-27","0.04","15.83","2.74","-288.0","-46.6196572062","-23.8898260981"
"8","2017-02-28","0.49","13.73","3.58","-288.0","-46.6196572062","-23.8898260981"
"8","2017-03-01","0.0","0.65","0.16","-288.0","-46.6196572062","-23.8898260981"
"8","2017-03-02","2.63","67.92","22.07","-288.0","-46.6196572062","-23.8898260981"
"8","2017-03-03","0.41","10.89","2.9","-288.0","-46.6196572062","-23.8898260981"
"8","2017-03-04","0.01","1.26","0.31","-288.0","-46.6196572062","-23.8898260981"
"8","2017-03-05","4.79","74.26","29.46","-288.0","-46.6196572062","-23.8898260981"
"8","2017-03-06","4.33","62.52","25.42","-288.0","-46.6196572062","-23.8898260981"
"8","2017-03-07","14.46","107.94","48.71","-288.0","-46.6196572062","-23.8898260981"
"8","2017-03-08","5.38","41.69","15.28","-288.0","-46.6196572062","-23.8898260981"
"8","2017-03-09","0.0","0.0","0.0","-288.0","-46.6196572062","-23.8898260981"
"8","2017-03-10","0.0","0.07","0.0","-288.0","-46.6196572062","-23.8898260981"
"8","2017-03-11","0.0","0.07","0.0","-288.0","-46.6196572062","-23.8898260981"
"8","2017-03-12","0.0","0.01","0.0","-288.0","-46.6196572062","-23.8898260981"
"8","2017-03-13","0.0","0.2","0.02","-288.0","-46.6196572062","-23.8898260981"
"8","2017-03-14","0.0","0.13","0.01","-288.0","-46.6196572062","-23.8898260981"
"8","2017-03-15","0.07","4.01","0.67","-288.0","-46.6196572062","-23.8898260981"
"8","2017-03-16","0.0","0.01","0.0","-288.0","-46.6196572062","-23.8898260981"
"8","2017-03-17","0.08","2.65","0.83","-288.0","-46.6196572062","-23.8898260981"
"8","2017-03-18","0.71","6.06","2.53","-288.0","-46.6196572062","-23.8898260981"
"8","2017-03-19","1.29","10.3","4.62","-288.0","-46.6196572062","-23.8898260981"
"8","2017-03-20","0.0","0.01","0.0","-287.0","-46.6196572062","-23.8898260981"
"8","2017-03-21","0.0","0.0","0.0","0.0","-46.6196572062","-23.8898260981"
"8","2017-03-22","0.0","0.0","0.0","0.0","-46.6196572062","-23.8898260981"
"8","2017-03-23","","","","-1.0","-46.6196572062","-23.8898260981"
"8","2017-03-24","0.0","0.0","0.0","-288.0","-46.6196572062","-23.8898260981"
"8","2017-03-25","0.02","0.91","0.24","-287.0","-46.6196572062","-23.8898260981"
"8","2017-03-26","","","","-1.0","-46.6196572062","-23.8898260981"
"8","2017-03-27","0.34","4.02","1.61","-288.0","-46.6196572062","-23.8898260981"
"8","2017-03-28","0.16","5.91","1.56","-288.0","-46.6196572062","-23.8898260981"
"8","2017-03-29","0.0","1.5","0.29","-287.0","-46.6196572062","-23.8898260981"
"8","2017-03-30","0.0","0.0","0.0","0.0","-46.6196572062","-23.8898260981"
"8","2017-03-31","0.0","0.0","0.0","0.0","-46.6196572062","-23.8898260981"
"8","2017-04-01","0.0","0.0","0.0","0.0","-46.6196572062","-23.8898260981"
"8","2017-04-02","0.0","0.0","0.0","0.0","-46.6196572062","-23.8898260981"
"8","2017-04-03","0.0","0.0","0.0","0.0","-46.6196572062","-23.8898260981"
"8","2017-04-04","","","","-1.0","-46.6196572062","-23.8898260981"
"8","2017-04-05","0.0","0.0","0.0","-288.0","-46.6196572062","-23.8898260981"
"8","2017-04-06","9.3","81.89","32.83","-288.0","-46.6196572062","-23.8898260981"
"8","2017-04-07","4.17","29.52","12.49","-288.0","-46.6196572062","-23.8898260981"
"8","2017-04-08","0.01","2.18","0.3","-287.0","-46.6196572062","-23.8898260981"
"8","2017-04-09","","","","-1.0","-46.6196572062","-23.8898260981"
"8","2017-04-10","0.0","0.38","0.01","-288.0","-46.6196572062","-23.8898260981"
"8","2017-04-11","0.0","0.03","0.0","-288.0","-46.6196572062","-23.8898260981"
"8","2017-04-12","2.25","36.55","10.51","-287.0","-46.6196572062","-23.8898260981"
"8","2017-04-13","0.0","0.0","0.0","0.0","-46.6196572062","-23.8898260981"
"8","2017-04-14","0.0","0.0","0.0","0.0","-46.6196572062","-23.8898260981"
"8","2017-04-15","0.0","0.0","0.0","0.0","-46.6196572062","-23.8898260981"
"8","2017-04-16","","","","-1.0","-46.6196572062","-23.8898260981"
"8","2017-04-17","0.05","3.59","1.11","-287.0","-46.6196572062","-23.8898260981"
"8","2017-04-18","0.0","0.0","0.0","0.0","-46.6196572062","-23.8898260981"
"8","2017-04-19","0.0","0.0","0.0","0.0","-46.6196572062","-23.8898260981"
"8","2017-04-20","","","","-1.0","-46.6196572062","-23.8898260981"
"8","2017-04-21","5.0","30.13","12.1","-288.0","-46.6196572062","-23.8898260981"
"8","2017-04-22","1.88","8.31","4.24","-287.0","-46.6196572062","-23.8898260981"
"8","2017-04-23","0.0","0.0","0.0","0.0","-46.6196572062","-23.8898260981"
"8","2017-04-24","0.0","0.0","0.0","0.0","-46.6196572062","-23.8898260981"
"8","2017-04-25","","","","-1.0","-46.6196572062","-23.8898260981"
"8","2017-04-26","7.69","41.71","19.85","-288.0","-46.6196572062","-23.8898260981"
"8","2017-04-27","0.5","3.23","1.52","-287.0","-46.6196572062","-23.8898260981"
"8","2017-04-28","0.0","0.0","0.0","0.0","-46.6196572062","-23.8898260981"
"8","2017-04-29","0.0","0.0","0.0","0.0","-46.6196572062","-23.8898260981"
"8","2017-04-30","0.0","0.0","0.0","0.0","-46.6196572062","-23.8898260981"
"8","2017-05-01","","","","-1.0","-46.6196572062","-23.8898260981"
"8","2017-05-02","0.0","0.0","0.0","-287.0","-46.6196572062","-23.8898260981"
"8","2017-05-03","0.0","0.0","0.0","0.0","-46.6196572062","-23.8898260981"
"8","2017-05-04","","","","-1.0","-46.6196572062","-23.8898260981"
"8","2017-05-05","3.18","46.72","18.18","-288.0","-46.6196572062","-23.8898260981"
"8","2017-05-06","1.98","31.24","9.99","-288.0","-46.6196572062","-23.8898260981"
"8","2017-05-07","0.08","6.09","1.57","-287.0","-46.6196572062","-23.8898260981"
"8","2017-05-08","0.0","0.0","0.0","0.0","-46.6196572062","-23.8898260981"
"8","2017-05-09","0.0","0.0","0.0","0.0","-46.6196572062","-23.8898260981"
"8","2017-05-10","0.0","0.0","0.0","0.0","-46.6196572062","-23.8898260981"
"8","2017-05-11","0.0","0.0","0.0","0.0","-46.6196572062","-23.8898260981"
"8","2017-05-12","0.0","0.0","0.0","0.0","-46.6196572062","-23.8898260981"
"8","2017-05-13","","","","-1.0","-46.6196572062","-23.8898260981"
"8","2017-05-14","0.48","3.05","1.46","-287.0","-46.6196572062","-23.8898260981"
"8","2017-05-15","0.0","0.0","0.0","0.0","-46.6196572062","-23.8898260981"
"8","2017-05-16","0.0","0.0","0.0","0.0","-46.6196572062","-23.8898260981"
"8","2017-05-17","","","","-1.0","-46.6196572062","-23.8898260981"
"8","2017-05-18","0.51","4.36","1.83","-288.0","-46.6196572062","-23.8898260981"
"8","2017-05-19","15.71","93.9","40.29","-288.0","-46.6196572062","-23.8898260981"
"8","2017-05-20","0.0","0.07","0.0","-288.0","-46.6196572062","-23.8898260981"
"8","2017-05-21","9.04","51.49","22.75","-288.0","-46.6196572062","-23.8898260981"
"8","2017-05-22","2.43","17.47","7.01","-287.0","-46.6196572062","-23.8898260981"
"8","2017-05-23","0.0","0.0","0.0","0.0","-46.6196572062","-23.8898260981"
"8","2017-05-24","0.0","0.0","0.0","0.0","-46.6196572062","-23.8898260981"
"8","2017-05-25","0.0","0.0","0.0","0.0","-46.6196572062","-23.8898260981"
"8","2017-05-26","0.0","0.0","0.0","0.0","-46.6196572062","-23.8898260981"
"8","2017-05-27","0.0","0.0","0.0","0.0","-46.6196572062","-23.8898260981"
"8","2017-05-28","0.0","0.0","0.0","0.0","-46.6196572062","-23.8898260981"
"8","2017-05-29","0.0","0.0","0.0","0.0","-46.6196572062","-23.8898260981"
"8","2017-05-30","0.0","0.0","0.0","0.0","-46.6196572062","-23.8898260981"
"8","2017-05-31","0.0","0.0","0.0","0.0","-46.6196572062","-23.8898260981"
"8","2017-06-01","0.0","0.0","0.0","0.0","-46.6196572062","-23.8898260981"
"8","2017-06-02","0.0","0.0","0.0","0.0","-46.6196572062","-23.8898260981"
"8","2017-06-03","0.0","0.0","0.0","0.0","-46.6196572062","-23.8898260981"
"8","2017-06-04","","","","-1.0","-46.6196572062","-23.8898260981"
"8","2017-06-05","19.73","103.93","50.28","-288.0","-46.6196572062","-23.8898260981"
"8","2017-06-06","14.56","98.82","42.7","-288.0","-46.6196572062","-23.8898260981"
"8","2017-06-07","3.23","20.52","7.87","-287.0","-46.6196572062","-23.8898260981"
"8","2017-06-08","","","","-1.0","-46.6196572062","-23.8898260981"
"8","2017-06-09","0.27","6.09","1.71","-288.0","-46.6196572062","-23.8898260981"
"8","2017-06-10","0.0","0.0","0.0","-287.0","-46.6196572062","-23.8898260981"
"8","2017-06-11","","","","-1.0","-46.6196572062","-23.8898260981"
"8","2017-06-12","0.0","0.0","0.0","-288.0","-46.6196572062","-23.8898260981"
"8","2017-06-13","7.06","66.79","27.26","-288.0","-46.6196572062","-23.8898260981"
"8","2017-06-14","0.89","7.61","2.94","-287.0","-46.6196572062","-23.8898260981"
"9","2016-10-31","","","","-1.0","-46.7845006917","-23.7962877361"
"9","2016-11-01","0.0","0.04","0.0","-288.0","-46.7845006917","-23.7962877361"
"9","2016-11-02","0.32","5.86","1.75","-288.0","-46.7845006917","-23.7962877361"
"9","2016-11-03","1.8","34.47","8.66","-288.0","-46.7845006917","-23.7962877361"
"9","2016-11-04","0.1","0.86","0.34","-288.0","-46.7845006917","-23.7962877361"
"9","2016-11-05","0.0","0.0","0.0","-288.0","-46.7845006917","-23.7962877361"
"9","2016-11-06","0.0","2.35","0.16","-288.0","-46.7845006917","-23.7962877361"
"9","2016-11-07","0.16","24.2","3.36","-288.0","-46.7845006917","-23.7962877361"
"9","2016-11-08","0.0","0.03","0.0","-288.0","-46.7845006917","-23.7962877361"
"9","2016-11-09","7.73","105.59","31.44","-288.0","-46.7845006917","-23.7962877361"
"9","2016-11-10","2.79","26.59","9.29","-288.0","-46.7845006917","-23.7962877361"
"9","2016-11-11","0.17","11.79","2.7","-288.0","-46.7845006917","-23.7962877361"
"9","2016-11-12","0.01","0.09","0.02","-288.0","-46.7845006917","-23.7962877361"
"9","2016-11-13","9.02","36.29","19.62","-288.0","-46.7845006917","-23.7962877361"
"9","2016-11-14","6.38","21.15","12.43","-287.0","-46.7845006917","-23.7962877361"
"9","2016-11-15","","","","-1.0","-46.7845006917","-23.7962877361"
"9","2016-11-16","1.93","23.61","8.79","-288.0","-46.7845006917","-23.7962877361"
"9","2016-11-17","0.54","9.58","3.02","-288.0","-46.7845006917","-23.7962877361"
"9","2016-11-18","0.46","6.19","2.33","-287.0","-46.7845006917","-23.7962877361"
"9","2016-11-19","0.0","0.0","0.0","0.0","-46.7845006917","-23.7962877361"
"9","2016-11-20","0.0","0.0","0.0","0.0","-46.7845006917","-23.7962877361"
"9","2016-11-21","0.0","0.0","0.0","0.0","-46.7845006917","-23.7962877361"
"9","2016-11-22","","","","-1.0","-46.7845006917","-23.7962877361"
"9","2016-11-23","2.3","32.33","13.25","-288.0","-46.7845006917","-23.7962877361"
"9","2016-11-24","0.0","0.17","0.0","-287.0","-46.7845006917","-23.7962877361"
"9","2016-11-25","0.0","0.0","0.0","0.0","-46.7845006917","-23.7962877361"
"9","2016-11-26","","","","-1.0","-46.7845006917","-23.7962877361"
"9","2016-11-27","0.54","21.54","5.75","-288.0","-46.7845006917","-23.7962877361"
"9","2016-11-28","1.49","25.38","8.02","-288.0","-46.7845006917","-23.7962877361"
"9","2016-11-29","1.94","19.53","7.14","-288.0","-46.7845006917","-23.7962877361"
"9","2016-11-30","0.0","0.0","0.0","-287.0","-46.7845006917","-23.7962877361"
"9","2016-12-01","0.0","0.0","0.0","0.0","-46.7845006917","-23.7962877361"
"9","2016-12-02","","","","-1.0","-46.7845006917","-23.7962877361"
"9","2016-12-03","2.31","23.31","9.03","-288.0","-46.7845006917","-23.7962877361"
"9","2016-12-04","1.2","12.47","5.05","-288.0","-46.7845006917","-23.7962877361"
"9","2016-12-05","0.0","0.0","0.0","-287.0","-46.7845006917","-23.7962877361"
"9","2016-12-06","","","","-1.0","-46.7845006917","-23.7962877361"
"9","2016-12-07","5.25","35.81","15.0","-288.0","-46.7845006917","-23.7962877361"
"9","2016-12-08","0.0","0.13","0.01","-288.0","-46.7845006917","-23.7962877361"
"9","2016-12-09","0.17","20.23","5.4","-288.0","-46.7845006917","-23.7962877361"
"9","2016-12-10","2.13","10.34","5.06","-288.0","-46.7845006917","-23.7962877361"
"9","2016-12-11","5.97","50.37","20.55","-288.0","-46.7845006917","-23.7962877361"
"9","2016-12-12","3.26","45.72","15.97","-288.0","-46.7845006917","-23.7962877361"
"9","2016-12-13","0.0","0.28","0.02","-288.0","-46.7845006917","-23.7962877361"
"9","2016-12-14","0.0","0.15","0.0","-288.0","-46.7845006917","-23.7962877361"
"9","2016-12-15","0.0","0.0","0.0","-287.0","-46.7845006917","-23.7962877361"
"9","2016-12-16","0.0","0.0","0.0","0.0","-46.7845006917","-23.7962877361"
"9","2016-12-17","","","","-1.0","-46.7845006917","-23.7962877361"
"9","2016-12-18","0.0","0.05","0.0","-288.0","-46.7845006917","-23.7962877361"
"9","2016-12-19","1.97","22.57","8.0","-288.0","-46.7845006917","-23.7962877361"
"9","2016-12-20","0.14","7.67","1.28","-288.0","-46.7845006917","-23.7962877361"
"9","2016-12-21","13.58","91.8","46.87","-288.0","-46.7845006917","-23.7962877361"
"9","2016-12-22","0.0","0.57","0.03","-288.0","-46.7845006917","-23.7962877361"
"9","2016-12-23","0.27","9.83","2.31","-288.0","-46.7845006917","-23.7962877361"
"9","2016-12-24","1.1","22.74","7.21","-288.0","-46.7845006917","-23.7962877361"
"9","2016-12-25","0.0","0.08","0.0","-288.0","-46.7845006917","-23.7962877361"
"9","2016-12-26","0.0","0.0","0.0","-288.0","-46.7845006917","-23.7962877361"
"9","2016-12-27","0.0","0.31","0.04","-288.0","-46.7845006917","-23.7962877361"
"9","2016-12-28","0.0","0.74","0.06","-288.0","-46.7845006917","-23.7962877361"
"9","2016-12-29","0.64","22.17","5.89","-288.0","-46.7845006917","-23.7962877361"
"9","2016-12-30","0.0","0.04","0.0","-288.0","-46.7845006917","-23.7962877361"
"9","2016-12-31","0.01","0.08","0.03","-287.0","-46.7845006917","-23.7962877361"
"9","2017-01-01","","","","-1.0","-46.7845006917","-23.7962877361"
"9","2017-01-02","2.13","51.14","18.12","-288.0","-46.7845006917","-23.7962877361"
"9","2017-01-03","0.48","15.72","4.35","-288.0","-46.7845006917","-23.7962877361"
"9","2017-01-04","0.0","0.0","0.0","-288.0","-46.7845006917","-23.7962877361"
"9","2017-01-05","0.0","0.07","0.03","-288.0","-46.7845006917","-23.7962877361"
"9","2017-01-06","3.22","36.29","16.16","-288.0","-46.7845006917","-23.7962877361"
"9","2017-01-07","1.74","43.89","17.4","-288.0","-46.7845006917","-23.7962877361"
"9","2017-01-08","0.24","27.04","5.3","-288.0","-46.7845006917","-23.7962877361"
"9","2017-01-09","0.48","18.33","4.07","-288.0","-46.7845006917","-23.7962877361"
"9","2017-01-10","0.81","6.13","2.49","-288.0","-46.7845006917","-23.7962877361"
"9","2017-01-11","0.34","15.38","3.06","-288.0","-46.7845006917","-23.7962877361"
"9","2017-01-12","3.05","29.15","10.63","-288.0","-46.7845006917","-23.7962877361"
"9","2017-01-13","0.0","1.3","0.13","-288.0","-46.7845006917","-23.7962877361"
"9","2017-01-14","0.0","0.94","0.06","-288.0","-46.7845006917","-23.7962877361"
"9","2017-01-15","0.0","0.41","0.04","-288.0","-46.7845006917","-23.7962877361"
"9","2017-01-16","6.11","67.31","22.23","-288.0","-46.7845006917","-23.7962877361"
"9","2017-01-17","8.41","42.04","21.25","-288.0","-46.7845006917","-23.7962877361"
"9","2017-01-18","15.05","81.94","38.89","-288.0","-46.7845006917","-23.7962877361"
"9","2017-01-19","12.21","102.35","39.12","-288.0","-46.7845006917","-23.7962877361"
"9","2017-01-20","5.07","33.24","14.9","-288.0","-46.7845006917","-23.7962877361"
"9","2017-01-21","3.89","58.14","19.54","-288.0","-46.7845006917","-23.7962877361"
"9","2017-01-22","2.12","20.65","8.12","-288.0","-46.7845006917","-23.7962877361"
"9","2017-01-23","0.03","1.28","0.31","-288.0","-46.7845006917","-23.7962877361"
"9","2017-01-24","0.37","18.48","3.62","-288.0","-46.7845006917","-23.7962877361"
"9","2017-01-25","0.0","0.46","0.1","-288.0","-46.7845006917","-23.7962877361"
"9","2017-01-26","6.19","34.79","16.17","-288.0","-46.7845006917","-23.7962877361"
"9","2017-01-27","4.74","31.33","14.31","-288.0","-46.7845006917","-23.7962877361"
"9","2017-01-28","0.0","1.53","0.21","-288.0","-46.7845006917","-23.7962877361"
"9","2017-01-29","0.02","2.63","0.38","-288.0","-46.7845006917","-23.7962877361"
"9","2017-01-30","0.03","0.5","0.13","-288.0","-46.7845006917","-23.7962877361"
"9","2017-01-31","0.33","2.84","1.0","-288.0","-46.7845006917","-23.7962877361"
"9","2017-02-01","5.49","29.58","13.7","-288.0","-46.7845006917","-23.7962877361"
"9","2017-02-02","2.88","21.39","9.19","-288.0","-46.7845006917","-23.7962877361"
"9","2017-02-03","0.98","9.47","3.5","-288.0","-46.7845006917","-23.7962877361"
"9","2017-02-04","1.19","20.01","7.49","-288.0","-46.7845006917","-23.7962877361"
"9","2017-02-05","0.0","2.29","0.37","-288.0","-46.7845006917","-23.7962877361"
"9","2017-02-06","4.33","32.2","12.47","-288.0","-46.7845006917","-23.7962877361"
"9","2017-02-07","0.09","4.33","1.02","-288.0","-46.7845006917","-23.7962877361"
"9","2017-02-08","0.0","0.0","0.0","-287.0","-46.7845006917","-23.7962877361"
"9","2017-02-09","0.0","0.0","0.0","0.0","-46.7845006917","-23.7962877361"
"9","2017-02-10","0.0","0.0","0.0","0.0","-46.7845006917","-23.7962877361"
"9","2017-02-11","0.0","0.0","0.0","0.0","-46.7845006917","-23.7962877361"
"9","2017-02-12","0.0","0.0","0.0","0.0","-46.7845006917","-23.7962877361"
"9","2017-02-13","0.0","0.0","0.0","0.0","-46.7845006917","-23.7962877361"
"9","2017-02-14","0.0","0.0","0.0","0.0","-46.7845006917","-23.7962877361"
"9","2017-02-15","0.0","0.0","0.0","0.0","-46.7845006917","-23.7962877361"
"9","2017-02-16","","","","-1.0","-46.7845006917","-23.7962877361"
"9","2017-02-17","0.0","0.07","0.02","-288.0","-46.7845006917","-23.7962877361"
"9","2017-02-18","0.0","0.0","0.0","-287.0","-46.7845006917","-23.7962877361"
"9","2017-02-19","0.0","0.0","0.0","0.0","-46.7845006917","-23.7962877361"
"9","2017-02-20","0.0","0.0","0.0","0.0","-46.7845006917","-23.7962877361"
"9","2017-02-21","","","","-1.0","-46.7845006917","-23.7962877361"
"9","2017-02-22","0.08","9.15","1.23","-288.0","-46.7845006917","-23.7962877361"
"9","2017-02-23","0.28","30.03","6.18","-288.0","-46.7845006917","-23.7962877361"
"9","2017-02-24","9.28","139.4","51.58","-288.0","-46.7845006917","-23.7962877361"
"9","2017-02-25","0.13","6.15","1.86","-288.0","-46.7845006917","-23.7962877361"
"9","2017-02-26","0.06","3.85","0.88","-288.0","-46.7845006917","-23.7962877361"
"9","2017-02-27","0.03","6.56","1.16","-288.0","-46.7845006917","-23.7962877361"
"9","2017-02-28","0.0","0.09","0.0","-288.0","-46.7845006917","-23.7962877361"
"9","2017-03-01","0.0","0.82","0.08","-288.0","-46.7845006917","-23.7962877361"
"9","2017-03-02","0.31","14.4","3.54","-288.0","-46.7845006917","-23.7962877361"
"9","2017-03-03","0.67","6.66","2.38","-288.0","-46.7845006917","-23.7962877361"
"9","2017-03-04","0.0","0.46","0.08","-288.0","-46.7845006917","-23.7962877361"
"9","2017-03-05","4.1","66.0","23.45","-288.0","-46.7845006917","-23.7962877361"
"9","2017-03-06","2.31","73.03","27.04","-288.0","-46.7845006917","-23.7962877361"
"9","2017-03-07","5.08","61.12","21.59","-288.0","-46.7845006917","-23.7962877361"
"9","2017-03-08","3.67","15.9","8.06","-288.0","-46.7845006917","-23.7962877361"
"9","2017-03-09","0.0","0.0","0.0","-288.0","-46.7845006917","-23.7962877361"
"9","2017-03-10","0.75","21.4","8.31","-288.0","-46.7845006917","-23.7962877361"
"9","2017-03-11","0.0","0.0","0.0","-288.0","-46.7845006917","-23.7962877361"
"9","2017-03-12","0.0","0.0","0.0","-288.0","-46.7845006917","-23.7962877361"
"9","2017-03-13","0.0","0.18","0.01","-288.0","-46.7845006917","-23.7962877361"
"9","2017-03-14","0.0","1.81","0.08","-288.0","-46.7845006917","-23.7962877361"
"9","2017-03-15","0.0","7.86","0.67","-288.0","-46.7845006917","-23.7962877361"
"9","2017-03-16","0.0","0.0","0.0","-288.0","-46.7845006917","-23.7962877361"
"9","2017-03-17","1.46","35.22","11.01","-288.0","-46.7845006917","-23.7962877361"
"9","2017-03-18","0.77","7.23","2.8","-288.0","-46.7845006917","-23.7962877361"
"9","2017-03-19","2.18","10.9","5.04","-288.0","-46.7845006917","-23.7962877361"
"9","2017-03-20","0.0","0.02","0.0","-287.0","-46.7845006917","-23.7962877361"
"9","2017-03-21","0.0","0.0","0.0","0.0","-46.7845006917","-23.7962877361"
"9","2017-03-22","0.0","0.0","0.0","0.0","-46.7845006917","-23.7962877361"
"9","2017-03-23","","","","-1.0","-46.7845006917","-23.7962877361"
"9","2017-03-24","0.0","0.0","0.0","-288.0","-46.7845006917","-23.7962877361"
"9","2017-03-25","0.11","2.62","0.73","-287.0","-46.7845006917","-23.7962877361"
"9","2017-03-26","","","","-1.0","-46.7845006917","-23.7962877361"
"9","2017-03-27","0.1","2.54","0.78","-288.0","-46.7845006917","-23.7962877361"
"9","2017-03-28","0.14","2.38","0.78","-288.0","-46.7845006917","-23.7962877361"
"9","2017-03-29","0.0","0.04","0.0","-287.0","-46.7845006917","-23.7962877361"
"9","2017-03-30","0.0","0.0","0.0","0.0","-46.7845006917","-23.7962877361"
"9","2017-03-31","0.0","0.0","0.0","0.0","-46.7845006917","-23.7962877361"
"9","2017-04-01","0.0","0.0","0.0","0.0","-46.7845006917","-23.7962877361"
"9","2017-04-02","0.0","0.0","0.0","0.0","-46.7845006917","-23.7962877361"
"9","2017-04-03","0.0","0.0","0.0","0.0","-46.7845006917","-23.7962877361"
"9","2017-04-04","","","","-1.0","-46.7845006917","-23.7962877361"
"9","2017-04-05","0.0","0.0","0.0","-288.0","-46.7845006917","-23.7962877361"
"9","2017-04-06","8.74","77.53","26.49","-288.0","-46.7845006917","-23.7962877361"
"9","2017-04-07","7.18","66.95","24.56","-288.0","-46.7845006917","-23.7962877361"
"9","2017-04-08","0.0","6.78","1.23","-287.0","-46.7845006917","-23.7962877361"
"9","2017-04-09","","","","-1.0","-46.7845006917","-23.7962877361"
"9","2017-04-10","0.0","0.03","0.0","-288.0","-46.7845006917","-23.7962877361"
"9","2017-04-11","0.0","0.51","0.13","-288.0","-46.7845006917","-23.7962877361"
"9","2017-04-12","1.2","11.33","4.68","-287.0","-46.7845006917","-23.7962877361"
"9","2017-04-13","0.0","0.0","0.0","0.0","-46.7845006917","-23.7962877361"
"9","2017-04-14","0.0","0.0","0.0","0.0","-46.7845006917","-23.7962877361"
"9","2017-04-15","0.0","0.0","0.0","0.0","-46.7845006917","-23.7962877361"
"9","2017-04-16","","","","-1.0","-46.7845006917","-23.7962877361"
"9","2017-04-17","0.0","0.1","0.02","-287.0","-46.7845006917","-23.7962877361"
"9","2017-04-18","0.0","0.0","0.0","0.0","-46.7845006917","-23.7962877361"
"9","2017-04-19","0.0","0.0","0.0","0.0","-46.7845006917","-23.7962877361"
"9","2017-04-20","","","","-1.0","-46.7845006917","-23.7962877361"
"9","2017-04-21","11.2","48.4","25.03","-288.0","-46.7845006917","-23.7962877361"
"9","2017-04-22","1.07","4.78","2.41","-287.0","-46.7845006917","-23.7962877361"
"9","2017-04-23","0.0","0.0","0.0","0.0","-46.7845006917","-23.7962877361"
"9","2017-04-24","0.0","0.0","0.0","0.0","-46.7845006917","-23.7962877361"
"9","2017-04-25","","","","-1.0","-46.7845006917","-23.7962877361"
"9","2017-04-26","7.19","41.8","20.2","-288.0","-46.7845006917","-23.7962877361"
"9","2017-04-27","0.39","2.23","1.04","-287.0","-46.7845006917","-23.7962877361"
"9","2017-04-28","0.0","0.0","0.0","0.0","-46.7845006917","-23.7962877361"
"9","2017-04-29","0.0","0.0","0.0","0.0","-46.7845006917","-23.7962877361"
"9","2017-04-30","0.0","0.0","0.0","0.0","-46.7845006917","-23.7962877361"
"9","2017-05-01","","","","-1.0","-46.7845006917","-23.7962877361"
"9","2017-05-02","0.0","0.0","0.0","-287.0","-46.7845006917","-23.7962877361"
"9","2017-05-03","0.0","0.0","0.0","0.0","-46.7845006917","-23.7962877361"
"9","2017-05-04","","","","-1.0","-46.7845006917","-23.7962877361"
"9","2017-05-05","5.41","54.12","23.06","-288.0","-46.7845006917","-23.7962877361"
"9","2017-05-06","0.77","7.03","2.58","-288.0","-46.7845006917","-23.7962877361"
"9","2017-05-07","0.0","0.35","0.05","-287.0","-46.7845006917","-23.7962877361"
"9","2017-05-08","0.0","0.0","0.0","0.0","-46.7845006917","-23.7962877361"
"9","2017-05-09","0.0","0.0","0.0","0.0","-46.7845006917","-23.7962877361"
"9","2017-05-10","0.0","0.0","0.0","0.0","-46.7845006917","-23.7962877361"
"9","2017-05-11","0.0","0.0","0.0","0.0","-46.7845006917","-23.7962877361"
"9","2017-05-12","0.0","0.0","0.0","0.0","-46.7845006917","-23.7962877361"
"9","2017-05-13","","","","-1.0","-46.7845006917","-23.7962877361"
"9","2017-05-14","0.05","0.99","0.29","-287.0","-46.7845006917","-23.7962877361"
"9","2017-05-15","0.0","0.0","0.0","0.0","-46.7845006917","-23.7962877361"
"9","2017-05-16","0.0","0.0","0.0","0.0","-46.7845006917","-23.7962877361"
"9","2017-05-17","","","","-1.0","-46.7845006917","-23.7962877361"
"9","2017-05-18","0.94","7.01","3.23","-288.0","-46.7845006917","-23.7962877361"
"9","2017-05-19","16.71","94.39","41.32","-288.0","-46.7845006917","-23.7962877361"
"9","2017-05-20","0.06","0.79","0.3","-288.0","-46.7845006917","-23.7962877361"
"9","2017-05-21","11.19","62.3","30.52","-288.0","-46.7845006917","-23.7962877361"
"9","2017-05-22","1.87","15.71","6.02","-287.0","-46.7845006917","-23.7962877361"
"9","2017-05-23","0.0","0.0","0.0","0.0","-46.7845006917","-23.7962877361"
"9","2017-05-24","0.0","0.0","0.0","0.0","-46.7845006917","-23.7962877361"
"9","2017-05-25","0.0","0.0","0.0","0.0","-46.7845006917","-23.7962877361"
"9","2017-05-26","0.0","0.0","0.0","0.0","-46.7845006917","-23.7962877361"
"9","2017-05-27","0.0","0.0","0.0","0.0","-46.7845006917","-23.7962877361"
"9","2017-05-28","0.0","0.0","0.0","0.0","-46.7845006917","-23.7962877361"
"9","2017-05-29","0.0","0.0","0.0","0.0","-46.7845006917","-23.7962877361"
"9","2017-05-30","0.0","0.0","0.0","0.0","-46.7845006917","-23.7962877361"
"9","2017-05-31","0.0","0.0","0.0","0.0","-46.7845006917","-23.7962877361"
"9","2017-06-01","0.0","0.0","0.0","0.0","-46.7845006917","-23.7962877361"
"9","2017-06-02","0.0","0.0","0.0","0.0","-46.7845006917","-23.7962877361"
"9","2017-06-03","0.0","0.0","0.0","0.0","-46.7845006917","-23.7962877361"
"9","2017-06-04","","","","-1.0","-46.7845006917","-23.7962877361"
"9","2017-06-05","23.42","113.51","55.78","-288.0","-46.7845006917","-23.7962877361"
"9","2017-06-06","13.63","91.62","39.81","-288.0","-46.7845006917","-23.7962877361"
"9","2017-06-07","4.31","21.34","10.08","-287.0","-46.7845006917","-23.7962877361"
"9","2017-06-08","","","","-1.0","-46.7845006917","-23.7962877361"
"9","2017-06-09","1.45","8.96","3.6","-288.0","-46.7845006917","-23.7962877361"
"9","2017-06-10","0.0","0.0","0.0","-287.0","-46.7845006917","-23.7962877361"
"9","2017-06-11","","","","-1.0","-46.7845006917","-23.7962877361"
"9","2017-06-12","0.0","0.0","0.0","-288.0","-46.7845006917","-23.7962877361"
"9","2017-06-13","11.97","93.77","41.07","-288.0","-46.7845006917","-23.7962877361"
"9","2017-06-14","0.42","3.96","1.21","-287.0","-46.7845006917","-23.7962877361"
"10","2016-10-31","","","","-1.0","-46.7239727728","-23.8011159273"
"10","2016-11-01","0.0","4.01","0.03","-288.0","-46.7239727728","-23.8011159273"
"10","2016-11-02","0.04","44.17","3.2","-288.0","-46.7239727728","-23.8011159273"
"10","2016-11-03","0.46","46.48","7.11","-288.0","-46.7239727728","-23.8011159273"
"10","2016-11-04","0.01","5.28","0.24","-288.0","-46.7239727728","-23.8011159273"
"10","2016-11-05","0.0","0.0","0.0","-288.0","-46.7239727728","-23.8011159273"
"10","2016-11-06","0.0","0.91","0.0","-288.0","-46.7239727728","-23.8011159273"
"10","2016-11-07","0.0","26.12","1.36","-288.0","-46.7239727728","-23.8011159273"
"10","2016-11-08","0.0","0.78","0.0","-288.0","-46.7239727728","-23.8011159273"
"10","2016-11-09","3.62","136.86","29.25","-288.0","-46.7239727728","-23.8011159273"
"10","2016-11-10","1.51","69.92","11.36","-288.0","-46.7239727728","-23.8011159273"
"10","2016-11-11","0.0","39.46","4.85","-288.0","-46.7239727728","-23.8011159273"
"10","2016-11-12","0.0","1.71","0.02","-288.0","-46.7239727728","-23.8011159273"
"10","2016-11-13","5.61","56.1","20.99","-288.0","-46.7239727728","-23.8011159273"
"10","2016-11-14","4.18","35.67","12.38","-287.0","-46.7239727728","-23.8011159273"
"10","2016-11-15","","","","-1.0","-46.7239727728","-23.8011159273"
"10","2016-11-16","0.35","58.56","10.49","-288.0","-46.7239727728","-23.8011159273"
"10","2016-11-17","0.06","25.73","2.62","-288.0","-46.7239727728","-23.8011159273"
"10","2016-11-18","0.01","12.35","1.04","-287.0","-46.7239727728","-23.8011159273"
"10","2016-11-19","0.0","0.0","0.0","0.0","-46.7239727728","-23.8011159273"
"10","2016-11-20","0.0","0.0","0.0","0.0","-46.7239727728","-23.8011159273"
"10","2016-11-21","0.0","0.0","0.0","0.0","-46.7239727728","-23.8011159273"
"10","2016-11-22","","","","-1.0","-46.7239727728","-23.8011159273"
"10","2016-11-23","0.29","80.8","14.17","-288.0","-46.7239727728","-23.8011159273"
"10","2016-11-24","0.0","0.08","0.0","-287.0","-46.7239727728","-23.8011159273"
"10","2016-11-25","0.0","0.0","0.0","0.0","-46.7239727728","-23.8011159273"
"10","2016-11-26","","","","-1.0","-46.7239727728","-23.8011159273"
"10","2016-11-27","0.0","24.16","0.89","-288.0","-46.7239727728","-23.8011159273"
"10","2016-11-28","0.11","69.23","7.3","-288.0","-46.7239727728","-23.8011159273"
"10","2016-11-29","0.87","31.34","6.58","-288.0","-46.7239727728","-23.8011159273"
"10","2016-11-30","0.0","0.02","0.0","-287.0","-46.7239727728","-23.8011159273"
"10","2016-12-01","0.0","0.0","0.0","0.0","-46.7239727728","-23.8011159273"
"10","2016-12-02","","","","-1.0","-46.7239727728","-23.8011159273"
"10","2016-12-03","0.75","61.85","9.76","-288.0","-46.7239727728","-23.8011159273"
"10","2016-12-04","0.01","32.38","4.15","-288.0","-46.7239727728","-23.8011159273"
"10","2016-12-05","0.0","0.13","0.0","-287.0","-46.7239727728","-23.8011159273"
"10","2016-12-06","","","","-1.0","-46.7239727728","-23.8011159273"
"10","2016-12-07","0.96","85.54","19.27","-288.0","-46.7239727728","-23.8011159273"
"10","2016-12-08","0.0","2.51","0.02","-288.0","-46.7239727728","-23.8011159273"
"10","2016-12-09","0.0","44.17","4.45","-288.0","-46.7239727728","-23.8011159273"
"10","2016-12-10","0.92","19.1","4.74","-288.0","-46.7239727728","-23.8011159273"
"10","2016-12-11","0.95","91.78","16.41","-288.0","-46.7239727728","-23.8011159273"
"10","2016-12-12","0.3","148.07","19.53","-288.0","-46.7239727728","-23.8011159273"
"10","2016-12-13","0.0","10.47","0.25","-288.0","-46.7239727728","-23.8011159273"
"10","2016-12-14","0.0","3.11","0.02","-288.0","-46.7239727728","-23.8011159273"
"10","2016-12-15","0.0","0.0","0.0","-287.0","-46.7239727728","-23.8011159273"
"10","2016-12-16","0.0","0.0","0.0","0.0","-46.7239727728","-23.8011159273"
"10","2016-12-17","","","","-1.0","-46.7239727728","-23.8011159273"
"10","2016-12-18","0.0","1.98","0.03","-288.0","-46.7239727728","-23.8011159273"
"10","2016-12-19","0.17","120.42","17.14","-288.0","-46.7239727728","-23.8011159273"
"10","2016-12-20","0.01","53.68","9.99","-288.0","-46.7239727728","-23.8011159273"
"10","2016-12-21","1.25","118.9","24.73","-288.0","-46.7239727728","-23.8011159273"
"10","2016-12-22","0.0","0.77","0.0","-288.0","-46.7239727728","-23.8011159273"
"10","2016-12-23","0.0","48.37","3.33","-288.0","-46.7239727728","-23.8011159273"
"10","2016-12-24","0.03","33.39","2.35","-288.0","-46.7239727728","-23.8011159273"
"10","2016-12-25","0.0","1.28","0.0","-288.0","-46.7239727728","-23.8011159273"
"10","2016-12-26","0.0","0.21","0.0","-288.0","-46.7239727728","-23.8011159273"
"10","2016-12-27","0.0","7.77","0.27","-288.0","-46.7239727728","-23.8011159273"
"10","2016-12-28","0.0","2.6","0.01","-288.0","-46.7239727728","-23.8011159273"
"10","2016-12-29","0.03","75.63","6.43","-288.0","-46.7239727728","-23.8011159273"
"10","2016-12-30","0.0","1.17","0.03","-288.0","-46.7239727728","-23.8011159273"
"10","2016-12-31","0.0","1.12","0.02","-287.0","-46.7239727728","-23.8011159273"
"10","2017-01-01","","","","-1.0","-46.7239727728","-23.8011159273"
"10","2017-01-02","0.45","101.4","12.99","-288.0","-46.7239727728","-23.8011159273"
"10","2017-01-03","0.0","26.42","1.51","-288.0","-46.7239727728","-23.8011159273"
"10","2017-01-04","0.0","3.83","0.21","-288.0","-46.7239727728","-23.8011159273"
"10","2017-01-05","0.0","1.31","0.08","-288.0","-46.7239727728","-23.8011159273"
"10","2017-01-06","0.39","62.67","9.89","-288.0","-46.7239727728","-23.8011159273"
"10","2017-01-07","0.53","67.09","13.16","-288.0","-46.7239727728","-23.8011159273"
"10","2017-01-08","0.17","71.36","9.6","-288.0","-46.7239727728","-23.8011159273"
"10","2017-01-09","0.0","31.9","2.26","-288.0","-46.7239727728","-23.8011159273"
"10","2017-01-10","0.16","13.57","2.28","-288.0","-46.7239727728","-23.8011159273"
"10","2017-01-11","0.05","79.27","6.68","-288.0","-46.7239727728","-23.8011159273"
"10","2017-01-12","0.52","65.18","8.66","-288.0","-46.7239727728","-23.8011159273"
"10","2017-01-13","0.0","4.34","0.02","-288.0","-46.7239727728","-23.8011159273"
"10","2017-01-14","0.0","0.45","0.02","-288.0","-46.7239727728","-23.8011159273"
"10","2017-01-15","0.0","25.14","0.79","-288.0","-46.7239727728","-23.8011159273"
"10","2017-01-16","2.92","129.43","20.53","-288.0","-46.7239727728","-23.8011159273"
"10","2017-01-17","5.26","103.76","24.64","-288.0","-46.7239727728","-23.8011159273"
"10","2017-01-18","7.48","152.43","40.42","-288.0","-46.7239727728","-23.8011159273"
"10","2017-01-19","5.73","197.89","43.75","-288.0","-46.7239727728","-23.8011159273"
"10","2017-01-20","2.31","119.5","18.48","-288.0","-46.7239727728","-23.8011159273"
"10","2017-01-21","1.77","128.46","18.08","-288.0","-46.7239727728","-23.8011159273"
"10","2017-01-22","0.86","48.27","9.27","-288.0","-46.7239727728","-23.8011159273"
"10","2017-01-23","0.04","21.71","1.36","-288.0","-46.7239727728","-23.8011159273"
"10","2017-01-24","0.0","59.35","4.92","-288.0","-46.7239727728","-23.8011159273"
"10","2017-01-25","0.0","1.37","0.08","-288.0","-46.7239727728","-23.8011159273"
"10","2017-01-26","3.58","75.06","19.12","-288.0","-46.7239727728","-23.8011159273"
"10","2017-01-27","0.81","56.62","9.49","-288.0","-46.7239727728","-23.8011159273"
"10","2017-01-28","0.0","1.61","0.09","-288.0","-46.7239727728","-23.8011159273"
"10","2017-01-29","0.0","1.74","0.0","-288.0","-46.7239727728","-23.8011159273"
"10","2017-01-30","0.0","2.19","0.07","-288.0","-46.7239727728","-23.8011159273"
"10","2017-01-31","0.01","4.55","0.61","-288.0","-46.7239727728","-23.8011159273"
"10","2017-02-01","2.77","88.37","16.48","-288.0","-46.7239727728","-23.8011159273"
"10","2017-02-02","1.36","44.16","9.19","-288.0","-46.7239727728","-23.8011159273"
"10","2017-02-03","0.25","21.05","3.19","-288.0","-46.7239727728","-23.8011159273"
"10","2017-02-04","0.02","52.06","5.78","-288.0","-46.7239727728","-23.8011159273"
"10","2017-02-05","0.0","37.14","4.68","-288.0","-46.7239727728","-23.8011159273"
"10","2017-02-06","2.07","54.56","10.07","-288.0","-46.7239727728","-23.8011159273"
"10","2017-02-07","0.0","11.03","0.7","-288.0","-46.7239727728","-23.8011159273"
"10","2017-02-08","0.0","0.49","0.0","-287.0","-46.7239727728","-23.8011159273"
"10","2017-02-09","0.0","0.0","0.0","0.0","-46.7239727728","-23.8011159273"
"10","2017-02-10","0.0","0.0","0.0","0.0","-46.7239727728","-23.8011159273"
"10","2017-02-11","0.0","0.0","0.0","0.0","-46.7239727728","-23.8011159273"
"10","2017-02-12","0.0","0.0","0.0","0.0","-46.7239727728","-23.8011159273"
"10","2017-02-13","0.0","0.0","0.0","0.0","-46.7239727728","-23.8011159273"
"10","2017-02-14","0.0","0.0","0.0","0.0","-46.7239727728","-23.8011159273"
"10","2017-02-15","0.0","0.0","0.0","0.0","-46.7239727728","-23.8011159273"
"10","2017-02-16","","","","-1.0","-46.7239727728","-23.8011159273"
"10","2017-02-17","0.0","0.36","0.0","-288.0","-46.7239727728","-23.8011159273"
"10","2017-02-18","0.0","0.09","0.0","-287.0","-46.7239727728","-23.8011159273"
"10","2017-02-19","0.0","0.0","0.0","0.0","-46.7239727728","-23.8011159273"
"10","2017-02-20","0.0","0.0","0.0","0.0","-46.7239727728","-23.8011159273"
"10","2017-02-21","","","","-1.0","-46.7239727728","-23.8011159273"
"10","2017-02-22","0.0","1.86","0.05","-288.0","-46.7239727728","-23.8011159273"
"10","2017-02-23","0.09","172.13","23.06","-288.0","-46.7239727728","-23.8011159273"
"10","2017-02-24","2.98","263.98","39.16","-288.0","-46.7239727728","-23.8011159273"
"10","2017-02-25","0.0","11.48","1.05","-288.0","-46.7239727728","-23.8011159273"
"10","2017-02-26","0.0","22.72","1.01","-288.0","-46.7239727728","-23.8011159273"
"10","2017-02-27","0.0","36.01","1.97","-288.0","-46.7239727728","-23.8011159273"
"10","2017-02-28","0.0","1.07","0.0","-288.0","-46.7239727728","-23.8011159273"
"10","2017-03-01","0.0","15.11","1.33","-288.0","-46.7239727728","-23.8011159273"
"10","2017-03-02","0.08","151.76","15.74","-288.0","-46.7239727728","-23.8011159273"
"10","2017-03-03","0.02","29.9","2.03","-288.0","-46.7239727728","-23.8011159273"
"10","2017-03-04","0.0","0.9","0.02","-288.0","-46.7239727728","-23.8011159273"
"10","2017-03-05","0.78","111.19","24.01","-288.0","-46.7239727728","-23.8011159273"
"10","2017-03-06","0.72","152.62","23.66","-288.0","-46.7239727728","-23.8011159273"
"10","2017-03-07","2.85","160.94","36.48","-288.0","-46.7239727728","-23.8011159273"
"10","2017-03-08","1.88","32.36","8.88","-288.0","-46.7239727728","-23.8011159273"
"10","2017-03-09","0.0","0.0","0.0","-288.0","-46.7239727728","-23.8011159273"
"10","2017-03-10","0.0","14.5","0.73","-288.0","-46.7239727728","-23.8011159273"
"10","2017-03-11","0.0","0.35","0.0","-288.0","-46.7239727728","-23.8011159273"
"10","2017-03-12","0.0","0.25","0.0","-288.0","-46.7239727728","-23.8011159273"
"10","2017-03-13","0.0","0.73","0.0","-288.0","-46.7239727728","-23.8011159273"
"10","2017-03-14","0.0","1.34","0.04","-288.0","-46.7239727728","-23.8011159273"
"10","2017-03-15","0.0","8.9","0.39","-288.0","-46.7239727728","-23.8011159273"
"10","2017-03-16","0.0","1.4","0.0","-288.0","-46.7239727728","-23.8011159273"
"10","2017-03-17","0.42","87.13","7.88","-288.0","-46.7239727728","-23.8011159273"
"10","2017-03-18","0.38","9.77","2.45","-288.0","-46.7239727728","-23.8011159273"
"10","2017-03-19","0.69","19.31","4.02","-288.0","-46.7239727728","-23.8011159273"
"10","2017-03-20","0.0","0.23","0.0","-287.0","-46.7239727728","-23.8011159273"
"10","2017-03-21","0.0","0.0","0.0","0.0","-46.7239727728","-23.8011159273"
"10","2017-03-22","0.0","0.0","0.0","0.0","-46.7239727728","-23.8011159273"
"10","2017-03-23","","","","-1.0","-46.7239727728","-23.8011159273"
"10","2017-03-24","0.0","0.03","0.0","-288.0","-46.7239727728","-23.8011159273"
"10","2017-03-25","0.0","6.32","0.59","-287.0","-46.7239727728","-23.8011159273"
"10","2017-03-26","","","","-1.0","-46.7239727728","-23.8011159273"
"10","2017-03-27","0.0","6.49","0.66","-288.0","-46.7239727728","-23.8011159273"
"10","2017-03-28","0.0","10.49","0.99","-288.0","-46.7239727728","-23.8011159273"
"10","2017-03-29","0.0","1.11","0.07","-287.0","-46.7239727728","-23.8011159273"
"10","2017-03-30","0.0","0.0","0.0","0.0","-46.7239727728","-23.8011159273"
"10","2017-03-31","0.0","0.0","0.0","0.0","-46.7239727728","-23.8011159273"
"10","2017-04-01","0.0","0.0","0.0","0.0","-46.7239727728","-23.8011159273"
"10","2017-04-02","0.0","0.0","0.0","0.0","-46.7239727728","-23.8011159273"
"10","2017-04-03","0.0","0.0","0.0","0.0","-46.7239727728","-23.8011159273"
"10","2017-04-04","","","","-1.0","-46.7239727728","-23.8011159273"
"10","2017-04-05","0.0","0.0","0.0","-288.0","-46.7239727728","-23.8011159273"
"10","2017-04-06","4.21","166.27","34.43","-288.0","-46.7239727728","-23.8011159273"
"10","2017-04-07","2.65","108.23","25.27","-288.0","-46.7239727728","-23.8011159273"
"10","2017-04-08","0.0","10.75","0.7","-287.0","-46.7239727728","-23.8011159273"
"10","2017-04-09","","","","-1.0","-46.7239727728","-23.8011159273"
"10","2017-04-10","0.0","0.16","0.0","-288.0","-46.7239727728","-23.8011159273"
"10","2017-04-11","0.0","0.93","0.14","-288.0","-46.7239727728","-23.8011159273"
"10","2017-04-12","0.1","28.61","3.69","-287.0","-46.7239727728","-23.8011159273"
"10","2017-04-13","0.0","0.0","0.0","0.0","-46.7239727728","-23.8011159273"
"10","2017-04-14","0.0","0.0","0.0","0.0","-46.7239727728","-23.8011159273"
"10","2017-04-15","0.0","0.0","0.0","0.0","-46.7239727728","-23.8011159273"
"10","2017-04-16","","","","-1.0","-46.7239727728","-23.8011159273"
"10","2017-04-17","0.0","0.98","0.01","-287.0","-46.7239727728","-23.8011159273"
"10","2017-04-18","0.0","0.0","0.0","0.0","-46.7239727728","-23.8011159273"
"10","2017-04-19","0.0","0.0","0.0","0.0","-46.7239727728","-23.8011159273"
"10","2017-04-20","","","","-1.0","-46.7239727728","-23.8011159273"
"10","2017-04-21","2.31","62.01","15.75","-288.0","-46.7239727728","-23.8011159273"
"10","2017-04-22","0.73","9.73","3.12","-287.0","-46.7239727728","-23.8011159273"
"10","2017-04-23","0.0","0.0","0.0","0.0","-46.7239727728","-23.8011159273"
"10","2017-04-24","0.0","0.0","0.0","0.0","-46.7239727728","-23.8011159273"
"10","2017-04-25","","","","-1.0","-46.7239727728","-23.8011159273"
"10","2017-04-26","3.45","72.21","18.19","-288.0","-46.7239727728","-23.8011159273"
"10","2017-04-27","0.08","5.19","1.11","-287.0","-46.7239727728","-23.8011159273"
"10","2017-04-28","0.0","0.0","0.0","0.0","-46.7239727728","-23.8011159273"
"10","2017-04-29","0.0","0.0","0.0","0.0","-46.7239727728","-23.8011159273"
"10","2017-04-30","0.0","0.0","0.0","0.0","-46.7239727728","-23.8011159273"
"10","2017-05-01","","","","-1.0","-46.7239727728","-23.8011159273"
"10","2017-05-02","0.0","0.31","0.0","-287.0","-46.7239727728","-23.8011159273"
"10","2017-05-03","0.0","0.0","0.0","0.0","-46.7239727728","-23.8011159273"
"10","2017-05-04","","","","-1.0","-46.7239727728","-23.8011159273"
"10","2017-05-05","3.03","86.86","24.83","-288.0","-46.7239727728","-23.8011159273"
"10","2017-05-06","0.64","22.69","3.84","-288.0","-46.7239727728","-23.8011159273"
"10","2017-05-07","0.0","2.63","0.11","-287.0","-46.7239727728","-23.8011159273"
"10","2017-05-08","0.0","0.0","0.0","0.0","-46.7239727728","-23.8011159273"
"10","2017-05-09","0.0","0.0","0.0","0.0","-46.7239727728","-23.8011159273"
"10","2017-05-10","0.0","0.0","0.0","0.0","-46.7239727728","-23.8011159273"
"10","2017-05-11","0.0","0.0","0.0","0.0","-46.7239727728","-23.8011159273"
"10","2017-05-12","0.0","0.0","0.0","0.0","-46.7239727728","-23.8011159273"
"10","2017-05-13","","","","-1.0","-46.7239727728","-23.8011159273"
"10","2017-05-14","0.0","2.73","0.2","-287.0","-46.7239727728","-23.8011159273"
"10","2017-05-15","0.0","0.0","0.0","0.0","-46.7239727728","-23.8011159273"
"10","2017-05-16","0.0","0.0","0.0","0.0","-46.7239727728","-23.8011159273"
"10","2017-05-17","","","","-1.0","-46.7239727728","-23.8011159273"
"10","2017-05-18","0.3","12.74","2.79","-288.0","-46.7239727728","-23.8011159273"
"10","2017-05-19","10.02","162.51","42.11","-288.0","-46.7239727728","-23.8011159273"
"10","2017-05-20","0.0","0.74","0.15","-288.0","-46.7239727728","-23.8011159273"
"10","2017-05-21","6.26","100.47","28.98","-288.0","-46.7239727728","-23.8011159273"
"10","2017-05-22","0.86","45.46","6.88","-287.0","-46.7239727728","-23.8011159273"
"10","2017-05-23","0.0","0.0","0.0","0.0","-46.7239727728","-23.8011159273"
"10","2017-05-24","0.0","0.0","0.0","0.0","-46.7239727728","-23.8011159273"
"10","2017-05-25","0.0","0.0","0.0","0.0","-46.7239727728","-23.8011159273"
"10","2017-05-26","0.0","0.0","0.0","0.0","-46.7239727728","-23.8011159273"
"10","2017-05-27","0.0","0.0","0.0","0.0","-46.7239727728","-23.8011159273"
"10","2017-05-28","0.0","0.0","0.0","0.0","-46.7239727728","-23.8011159273"
"10","2017-05-29","0.0","0.0","0.0","0.0","-46.7239727728","-23.8011159273"
"10","2017-05-30","0.0","0.0","0.0","0.0","-46.7239727728","-23.8011159273"
"10","2017-05-31","0.0","0.0","0.0","0.0","-46.7239727728","-23.8011159273"
"10","2017-06-01","0.0","0.0","0.0","0.0","-46.7239727728","-23.8011159273"
"10","2017-06-02","0.0","0.0","0.0","0.0","-46.7239727728","-23.8011159273"
"10","2017-06-03","0.0","0.0","0.0","0.0","-46.7239727728","-23.8011159273"
"10","2017-06-04","","","","-1.0","-46.7239727728","-23.8011159273"
"10","2017-06-05","12.43","170.25","53.85","-288.0","-46.7239727728","-23.8011159273"
"10","2017-06-06","7.93","173.31","41.52","-288.0","-46.7239727728","-23.8011159273"
"10","2017-06-07","2.0","41.22","9.57","-287.0","-46.7239727728","-23.8011159273"
"10","2017-06-08","","","","-1.0","-46.7239727728","-23.8011159273"
"10","2017-06-09","0.01","29.98","2.41","-288.0","-46.7239727728","-23.8011159273"
"10","2017-06-10","0.0","0.0","0.0","-287.0","-46.7239727728","-23.8011159273"
"10","2017-06-11","","","","-1.0","-46.7239727728","-23.8011159273"
"10","2017-06-12","0.0","3.13","0.02","-288.0","-46.7239727728","-23.8011159273"
"10","2017-06-13","4.44","144.7","32.86","-288.0","-46.7239727728","-23.8011159273"
"10","2017-06-14","0.2","8.99","2.01","-287.0","-46.7239727728","-23.8011159273"
"11","2016-10-31","","","","-1.0","-46.6487150297","-23.8024335683"
"11","2016-11-01","0.0","0.13","0.0","-288.0","-46.6487150297","-23.8024335683"
"11","2016-11-02","0.03","38.12","7.65","-288.0","-46.6487150297","-23.8024335683"
"11","2016-11-03","0.85","51.29","8.48","-288.0","-46.6487150297","-23.8024335683"
"11","2016-11-04","0.01","9.33","0.45","-288.0","-46.6487150297","-23.8024335683"
"11","2016-11-05","0.0","0.0","0.0","-288.0","-46.6487150297","-23.8024335683"
"11","2016-11-06","0.0","7.53","0.05","-288.0","-46.6487150297","-23.8024335683"
"11","2016-11-07","0.0","0.19","0.0","-288.0","-46.6487150297","-23.8024335683"
"11","2016-11-08","0.0","12.02","0.17","-288.0","-46.6487150297","-23.8024335683"
"11","2016-11-09","3.71","127.92","35.25","-288.0","-46.6487150297","-23.8024335683"
"11","2016-11-10","1.9","51.95","10.49","-288.0","-46.6487150297","-23.8024335683"
"11","2016-11-11","0.38","32.16","7.11","-288.0","-46.6487150297","-23.8024335683"
"11","2016-11-12","0.0","11.06","0.17","-288.0","-46.6487150297","-23.8024335683"
"11","2016-11-13","6.58","54.09","22.28","-288.0","-46.6487150297","-23.8024335683"
"11","2016-11-14","4.9","29.96","12.26","-287.0","-46.6487150297","-23.8024335683"
"11","2016-11-15","","","","-1.0","-46.6487150297","-23.8024335683"
"11","2016-11-16","0.7","56.23","9.99","-288.0","-46.6487150297","-23.8024335683"
"11","2016-11-17","0.07","13.44","2.27","-288.0","-46.6487150297","-23.8024335683"
"11","2016-11-18","0.02","3.13","0.39","-287.0","-46.6487150297","-23.8024335683"
"11","2016-11-19","0.0","0.0","0.0","0.0","-46.6487150297","-23.8024335683"
"11","2016-11-20","0.0","0.0","0.0","0.0","-46.6487150297","-23.8024335683"
"11","2016-11-21","0.0","0.0","0.0","0.0","-46.6487150297","-23.8024335683"
"11","2016-11-22","","","","-1.0","-46.6487150297","-23.8024335683"
"11","2016-11-23","0.52","66.01","16.74","-288.0","-46.6487150297","-23.8024335683"
"11","2016-11-24","0.0","0.0","0.0","-287.0","-46.6487150297","-23.8024335683"
"11","2016-11-25","0.0","0.0","0.0","0.0","-46.6487150297","-23.8024335683"
"11","2016-11-26","","","","-1.0","-46.6487150297","-23.8024335683"
"11","2016-11-27","0.0","4.23","0.06","-288.0","-46.6487150297","-23.8024335683"
"11","2016-11-28","0.05","36.56","2.75","-288.0","-46.6487150297","-23.8024335683"
"11","2016-11-29","1.47","23.85","6.62","-288.0","-46.6487150297","-23.8024335683"
"11","2016-11-30","0.0","0.07","0.0","-287.0","-46.6487150297","-23.8024335683"
"11","2016-12-01","0.0","0.0","0.0","0.0","-46.6487150297","-23.8024335683"
"11","2016-12-02","","","","-1.0","-46.6487150297","-23.8024335683"
"11","2016-12-03","1.93","50.47","11.44","-288.0","-46.6487150297","-23.8024335683"
"11","2016-12-04","0.11","25.3","3.8","-288.0","-46.6487150297","-23.8024335683"
"11","2016-12-05","0.0","0.04","0.0","-287.0","-46.6487150297","-23.8024335683"
"11","2016-12-06","","","","-1.0","-46.6487150297","-23.8024335683"
"11","2016-12-07","1.08","67.74","16.59","-288.0","-46.6487150297","-23.8024335683"
"11","2016-12-08","0.0","2.73","0.05","-288.0","-46.6487150297","-23.8024335683"
"11","2016-12-09","0.0","13.72","0.51","-288.0","-46.6487150297","-23.8024335683"
"11","2016-12-10","1.22","15.06","4.51","-288.0","-46.6487150297","-23.8024335683"
"11","2016-12-11","1.56","62.14","11.55","-288.0","-46.6487150297","-23.8024335683"
"11","2016-12-12","1.46","117.24","25.76","-288.0","-46.6487150297","-23.8024335683"
"11","2016-12-13","0.0","2.1","0.07","-288.0","-46.6487150297","-23.8024335683"
"11","2016-12-14","0.0","35.59","0.6","-288.0","-46.6487150297","-23.8024335683"
"11","2016-12-15","0.0","0.0","0.0","-287.0","-46.6487150297","-23.8024335683"
"11","2016-12-16","0.0","0.0","0.0","0.0","-46.6487150297","-23.8024335683"
"11","2016-12-17","","","","-1.0","-46.6487150297","-23.8024335683"
"11","2016-12-18","0.0","4.86","0.07","-288.0","-46.6487150297","-23.8024335683"
"11","2016-12-19","0.72","68.68","20.31","-288.0","-46.6487150297","-23.8024335683"
"11","2016-12-20","0.5","59.22","14.86","-288.0","-46.6487150297","-23.8024335683"
"11","2016-12-21","5.09","131.42","45.55","-288.0","-46.6487150297","-23.8024335683"
"11","2016-12-22","0.0","1.18","0.02","-288.0","-46.6487150297","-23.8024335683"
"11","2016-12-23","0.16","150.66","16.16","-288.0","-46.6487150297","-23.8024335683"
"11","2016-12-24","0.0","5.27","0.99","-288.0","-46.6487150297","-23.8024335683"
"11","2016-12-25","0.0","2.98","0.04","-288.0","-46.6487150297","-23.8024335683"
"11","2016-12-26","0.0","0.29","0.0","-288.0","-46.6487150297","-23.8024335683"
"11","2016-12-27","0.0","17.48","1.11","-288.0","-46.6487150297","-23.8024335683"
"11","2016-12-28","0.0","14.87","0.24","-288.0","-46.6487150297","-23.8024335683"
"11","2016-12-29","0.01","28.01","4.24","-288.0","-46.6487150297","-23.8024335683"
"11","2016-12-30","0.0","0.09","0.0","-288.0","-46.6487150297","-23.8024335683"
"11","2016-12-31","0.0","4.91","0.34","-287.0","-46.6487150297","-23.8024335683"
"11","2017-01-01","","","","-1.0","-46.6487150297","-23.8024335683"
"11","2017-01-02","0.7","67.55","14.88","-288.0","-46.6487150297","-23.8024335683"
"11","2017-01-03","0.0","4.73","0.25","-288.0","-46.6487150297","-23.8024335683"
"11","2017-01-04","0.0","3.22","0.29","-288.0","-46.6487150297","-23.8024335683"
"11","2017-01-05","0.0","0.59","0.08","-288.0","-46.6487150297","-23.8024335683"
"11","2017-01-06","0.54","35.05","6.31","-288.0","-46.6487150297","-23.8024335683"
"11","2017-01-07","0.42","51.16","6.9","-288.0","-46.6487150297","-23.8024335683"
"11","2017-01-08","0.18","43.16","6.02","-288.0","-46.6487150297","-23.8024335683"
"11","2017-01-09","0.0","4.72","0.39","-288.0","-46.6487150297","-23.8024335683"
"11","2017-01-10","0.03","9.59","1.28","-288.0","-46.6487150297","-23.8024335683"
"11","2017-01-11","0.21","37.43","4.05","-288.0","-46.6487150297","-23.8024335683"
"11","2017-01-12","0.75","104.02","10.37","-288.0","-46.6487150297","-23.8024335683"
"11","2017-01-13","0.0","5.83","0.15","-288.0","-46.6487150297","-23.8024335683"
"11","2017-01-14","0.0","0.0","0.0","-288.0","-46.6487150297","-23.8024335683"
"11","2017-01-15","0.0","28.32","2.03","-288.0","-46.6487150297","-23.8024335683"
"11","2017-01-16","3.41","102.66","35.65","-288.0","-46.6487150297","-23.8024335683"
"11","2017-01-17","5.71","87.18","26.23","-288.0","-46.6487150297","-23.8024335683"
"11","2017-01-18","8.21","126.22","36.72","-288.0","-46.6487150297","-23.8024335683"
"11","2017-01-19","6.34","148.41","39.99","-288.0","-46.6487150297","-23.8024335683"
"11","2017-01-20","4.59","87.28","20.47","-288.0","-46.6487150297","-23.8024335683"
"11","2017-01-21","2.56","129.22","24.25","-288.0","-46.6487150297","-23.8024335683"
"11","2017-01-22","1.47","40.81","10.84","-288.0","-46.6487150297","-23.8024335683"
"11","2017-01-23","0.1","32.54","6.71","-288.0","-46.6487150297","-23.8024335683"
"11","2017-01-24","0.13","46.67","10.49","-288.0","-46.6487150297","-23.8024335683"
"11","2017-01-25","0.0","1.48","0.12","-288.0","-46.6487150297","-23.8024335683"
"11","2017-01-26","5.35","62.65","21.01","-288.0","-46.6487150297","-23.8024335683"
"11","2017-01-27","1.16","36.47","7.62","-288.0","-46.6487150297","-23.8024335683"
"11","2017-01-28","0.0","3.54","0.25","-288.0","-46.6487150297","-23.8024335683"
"11","2017-01-29","0.0","1.48","0.03","-288.0","-46.6487150297","-23.8024335683"
"11","2017-01-30","0.0","1.77","0.02","-288.0","-46.6487150297","-23.8024335683"
"11","2017-01-31","0.0","3.62","0.27","-288.0","-46.6487150297","-23.8024335683"
"11","2017-02-01","3.2","115.74","23.96","-288.0","-46.6487150297","-23.8024335683"
"11","2017-02-02","1.56","34.25","9.68","-288.0","-46.6487150297","-23.8024335683"
"11","2017-02-03","0.35","13.42","2.72","-288.0","-46.6487150297","-23.8024335683"
"11","2017-02-04","1.31","54.84","15.54","-288.0","-46.6487150297","-23.8024335683"
"11","2017-02-05","0.02","23.75","2.76","-288.0","-46.6487150297","-23.8024335683"
"11","2017-02-06","1.73","39.54","9.26","-288.0","-46.6487150297","-23.8024335683"
"11","2017-02-07","0.0","14.17","1.74","-288.0","-46.6487150297","-23.8024335683"
"11","2017-02-08","0.0","0.67","0.01","-287.0","-46.6487150297","-23.8024335683"
"11","2017-02-09","0.0","0.0","0.0","0.0","-46.6487150297","-23.8024335683"
"11","2017-02-10","0.0","0.0","0.0","0.0","-46.6487150297","-23.8024335683"
"11","2017-02-11","0.0","0.0","0.0","0.0","-46.6487150297","-23.8024335683"
"11","2017-02-12","0.0","0.0","0.0","0.0","-46.6487150297","-23.8024335683"
"11","2017-02-13","0.0","0.0","0.0","0.0","-46.6487150297","-23.8024335683"
"11","2017-02-14","0.0","0.0","0.0","0.0","-46.6487150297","-23.8024335683"
"11","2017-02-15","0.0","0.0","0.0","0.0","-46.6487150297","-23.8024335683"
"11","2017-02-16","","","","-1.0","-46.6487150297","-23.8024335683"
"11","2017-02-17","0.0","0.82","0.02","-288.0","-46.6487150297","-23.8024335683"
"11","2017-02-18","0.0","0.0","0.0","-287.0","-46.6487150297","-23.8024335683"
"11","2017-02-19","0.0","0.0","0.0","0.0","-46.6487150297","-23.8024335683"
"11","2017-02-20","0.0","0.0","0.0","0.0","-46.6487150297","-23.8024335683"
"11","2017-02-21","","","","-1.0","-46.6487150297","-23.8024335683"
"11","2017-02-22","0.0","2.46","0.11","-288.0","-46.6487150297","-23.8024335683"
"11","2017-02-23","0.13","82.86","14.15","-288.0","-46.6487150297","-23.8024335683"
"11","2017-02-24","2.95","102.19","16.15","-288.0","-46.6487150297","-23.8024335683"
"11","2017-02-25","0.0","5.2","0.56","-288.0","-46.6487150297","-23.8024335683"
"11","2017-02-26","0.0","30.55","5.42","-288.0","-46.6487150297","-23.8024335683"
"11","2017-02-27","0.0","19.45","1.58","-288.0","-46.6487150297","-23.8024335683"
"11","2017-02-28","0.0","0.89","0.03","-288.0","-46.6487150297","-23.8024335683"
"11","2017-03-01","0.0","0.69","0.02","-288.0","-46.6487150297","-23.8024335683"
"11","2017-03-02","0.87","167.95","35.84","-288.0","-46.6487150297","-23.8024335683"
"11","2017-03-03","0.08","14.82","1.82","-288.0","-46.6487150297","-23.8024335683"
"11","2017-03-04","0.0","4.22","0.09","-288.0","-46.6487150297","-23.8024335683"
"11","2017-03-05","4.52","100.6","27.37","-288.0","-46.6487150297","-23.8024335683"
"11","2017-03-06","1.61","98.6","18.21","-288.0","-46.6487150297","-23.8024335683"
"11","2017-03-07","4.56","167.08","54.85","-288.0","-46.6487150297","-23.8024335683"
"11","2017-03-08","3.59","32.6","10.57","-288.0","-46.6487150297","-23.8024335683"
"11","2017-03-09","0.0","0.0","0.0","-288.0","-46.6487150297","-23.8024335683"
"11","2017-03-10","0.0","5.68","0.07","-288.0","-46.6487150297","-23.8024335683"
"11","2017-03-11","0.0","0.14","0.0","-288.0","-46.6487150297","-23.8024335683"
"11","2017-03-12","0.0","0.04","0.0","-288.0","-46.6487150297","-23.8024335683"
"11","2017-03-13","0.0","1.66","0.02","-288.0","-46.6487150297","-23.8024335683"
"11","2017-03-14","0.0","3.42","0.13","-288.0","-46.6487150297","-23.8024335683"
"11","2017-03-15","0.0","6.19","0.43","-288.0","-46.6487150297","-23.8024335683"
"11","2017-03-16","0.0","1.48","0.03","-288.0","-46.6487150297","-23.8024335683"
"11","2017-03-17","0.5","23.98","5.24","-288.0","-46.6487150297","-23.8024335683"
"11","2017-03-18","0.38","6.09","1.94","-288.0","-46.6487150297","-23.8024335683"
"11","2017-03-19","0.45","18.59","2.78","-288.0","-46.6487150297","-23.8024335683"
"11","2017-03-20","0.0","0.02","0.0","-287.0","-46.6487150297","-23.8024335683"
"11","2017-03-21","0.0","0.0","0.0","0.0","-46.6487150297","-23.8024335683"
"11","2017-03-22","0.0","0.0","0.0","0.0","-46.6487150297","-23.8024335683"
"11","2017-03-23","","","","-1.0","-46.6487150297","-23.8024335683"
"11","2017-03-24","0.0","0.0","0.0","-288.0","-46.6487150297","-23.8024335683"
"11","2017-03-25","0.01","3.32","0.49","-287.0","-46.6487150297","-23.8024335683"
"11","2017-03-26","","","","-1.0","-46.6487150297","-23.8024335683"
"11","2017-03-27","0.0","6.07","0.61","-288.0","-46.6487150297","-23.8024335683"
"11","2017-03-28","0.0","13.19","0.78","-288.0","-46.6487150297","-23.8024335683"
"11","2017-03-29","0.0","1.94","0.23","-287.0","-46.6487150297","-23.8024335683"
"11","2017-03-30","0.0","0.0","0.0","0.0","-46.6487150297","-23.8024335683"
"11","2017-03-31","0.0","0.0","0.0","0.0","-46.6487150297","-23.8024335683"
"11","2017-04-01","0.0","0.0","0.0","0.0","-46.6487150297","-23.8024335683"
"11","2017-04-02","0.0","0.0","0.0","0.0","-46.6487150297","-23.8024335683"
"11","2017-04-03","0.0","0.0","0.0","0.0","-46.6487150297","-23.8024335683"
"11","2017-04-04","","","","-1.0","-46.6487150297","-23.8024335683"
"11","2017-04-05","0.0","0.0","0.0","-288.0","-46.6487150297","-23.8024335683"
"11","2017-04-06","4.73","135.77","36.14","-288.0","-46.6487150297","-23.8024335683"
"11","2017-04-07","3.7","101.49","31.04","-288.0","-46.6487150297","-23.8024335683"
"11","2017-04-08","0.0","3.61","0.36","-287.0","-46.6487150297","-23.8024335683"
"11","2017-04-09","","","","-1.0","-46.6487150297","-23.8024335683"
"11","2017-04-10","0.0","0.0","0.0","-288.0","-46.6487150297","-23.8024335683"
"11","2017-04-11","0.0","2.55","0.03","-288.0","-46.6487150297","-23.8024335683"
"11","2017-04-12","0.19","17.83","2.65","-287.0","-46.6487150297","-23.8024335683"
"11","2017-04-13","0.0","0.0","0.0","0.0","-46.6487150297","-23.8024335683"
"11","2017-04-14","0.0","0.0","0.0","0.0","-46.6487150297","-23.8024335683"
"11","2017-04-15","0.0","0.0","0.0","0.0","-46.6487150297","-23.8024335683"
"11","2017-04-16","","","","-1.0","-46.6487150297","-23.8024335683"
"11","2017-04-17","0.0","0.98","0.05","-287.0","-46.6487150297","-23.8024335683"
"11","2017-04-18","0.0","0.0","0.0","0.0","-46.6487150297","-23.8024335683"
"11","2017-04-19","0.0","0.0","0.0","0.0","-46.6487150297","-23.8024335683"
"11","2017-04-20","","","","-1.0","-46.6487150297","-23.8024335683"
"11","2017-04-21","3.76","56.4","15.93","-288.0","-46.6487150297","-23.8024335683"
"11","2017-04-22","0.77","10.32","3.46","-287.0","-46.6487150297","-23.8024335683"
"11","2017-04-23","0.0","0.0","0.0","0.0","-46.6487150297","-23.8024335683"
"11","2017-04-24","0.0","0.0","0.0","0.0","-46.6487150297","-23.8024335683"
"11","2017-04-25","","","","-1.0","-46.6487150297","-23.8024335683"
"11","2017-04-26","4.27","51.66","16.53","-288.0","-46.6487150297","-23.8024335683"
"11","2017-04-27","0.27","8.22","1.35","-287.0","-46.6487150297","-23.8024335683"
"11","2017-04-28","0.0","0.0","0.0","0.0","-46.6487150297","-23.8024335683"
"11","2017-04-29","0.0","0.0","0.0","0.0","-46.6487150297","-23.8024335683"
"11","2017-04-30","0.0","0.0","0.0","0.0","-46.6487150297","-23.8024335683"
"11","2017-05-01","","","","-1.0","-46.6487150297","-23.8024335683"
"11","2017-05-02","0.0","2.12","0.04","-287.0","-46.6487150297","-23.8024335683"
"11","2017-05-03","0.0","0.0","0.0","0.0","-46.6487150297","-23.8024335683"
"11","2017-05-04","","","","-1.0","-46.6487150297","-23.8024335683"
"11","2017-05-05","3.76","77.19","25.94","-288.0","-46.6487150297","-23.8024335683"
"11","2017-05-06","0.85","26.87","5.47","-288.0","-46.6487150297","-23.8024335683"
"11","2017-05-07","0.0","3.14","0.32","-287.0","-46.6487150297","-23.8024335683"
"11","2017-05-08","0.0","0.0","0.0","0.0","-46.6487150297","-23.8024335683"
"11","2017-05-09","0.0","0.0","0.0","0.0","-46.6487150297","-23.8024335683"
"11","2017-05-10","0.0","0.0","0.0","0.0","-46.6487150297","-23.8024335683"
"11","2017-05-11","0.0","0.0","0.0","0.0","-46.6487150297","-23.8024335683"
"11","2017-05-12","0.0","0.0","0.0","0.0","-46.6487150297","-23.8024335683"
"11","2017-05-13","","","","-1.0","-46.6487150297","-23.8024335683"
"11","2017-05-14","0.0","3.19","0.38","-287.0","-46.6487150297","-23.8024335683"
"11","2017-05-15","0.0","0.0","0.0","0.0","-46.6487150297","-23.8024335683"
"11","2017-05-16","0.0","0.0","0.0","0.0","-46.6487150297","-23.8024335683"
"11","2017-05-17","","","","-1.0","-46.6487150297","-23.8024335683"
"11","2017-05-18","0.31","15.53","2.54","-288.0","-46.6487150297","-23.8024335683"
"11","2017-05-19","10.62","137.87","39.57","-288.0","-46.6487150297","-23.8024335683"
"11","2017-05-20","0.0","0.47","0.09","-288.0","-46.6487150297","-23.8024335683"
"11","2017-05-21","6.31","100.16","30.01","-288.0","-46.6487150297","-23.8024335683"
"11","2017-05-22","1.17","34.97","7.45","-287.0","-46.6487150297","-23.8024335683"
"11","2017-05-23","0.0","0.0","0.0","0.0","-46.6487150297","-23.8024335683"
"11","2017-05-24","0.0","0.0","0.0","0.0","-46.6487150297","-23.8024335683"
"11","2017-05-25","0.0","0.0","0.0","0.0","-46.6487150297","-23.8024335683"
"11","2017-05-26","0.0","0.0","0.0","0.0","-46.6487150297","-23.8024335683"
"11","2017-05-27","0.0","0.0","0.0","0.0","-46.6487150297","-23.8024335683"
"11","2017-05-28","0.0","0.0","0.0","0.0","-46.6487150297","-23.8024335683"
"11","2017-05-29","0.0","0.0","0.0","0.0","-46.6487150297","-23.8024335683"
"11","2017-05-30","0.0","0.0","0.0","0.0","-46.6487150297","-23.8024335683"
"11","2017-05-31","0.0","0.0","0.0","0.0","-46.6487150297","-23.8024335683"
"11","2017-06-01","0.0","0.0","0.0","0.0","-46.6487150297","-23.8024335683"
"11","2017-06-02","0.0","0.0","0.0","0.0","-46.6487150297","-23.8024335683"
"11","2017-06-03","0.0","0.0","0.0","0.0","-46.6487150297","-23.8024335683"
"11","2017-06-04","","","","-1.0","-46.6487150297","-23.8024335683"
"11","2017-06-05","11.42","145.57","47.56","-288.0","-46.6487150297","-23.8024335683"
"11","2017-06-06","8.29","135.1","37.13","-288.0","-46.6487150297","-23.8024335683"
"11","2017-06-07","2.17","25.6","8.46","-287.0","-46.6487150297","-23.8024335683"
"11","2017-06-08","","","","-1.0","-46.6487150297","-23.8024335683"
"11","2017-06-09","0.08","10.62","1.53","-288.0","-46.6487150297","-23.8024335683"
"11","2017-06-10","0.0","0.63","0.01","-287.0","-46.6487150297","-23.8024335683"
"11","2017-06-11","","","","-1.0","-46.6487150297","-23.8024335683"
"11","2017-06-12","0.0","0.09","0.0","-288.0","-46.6487150297","-23.8024335683"
"11","2017-06-13","4.23","121.89","31.82","-288.0","-46.6487150297","-23.8024335683"
"11","2017-06-14","0.24","10.51","2.33","-287.0","-46.6487150297","-23.8024335683"
"12","2016-10-31","","","","-1.0","-46.7607711424","-23.7179435928"
"12","2016-11-01","0.0","6.21","0.07","-288.0","-46.7607711424","-23.7179435928"
"12","2016-11-02","0.07","30.66","4.12","-288.0","-46.7607711424","-23.7179435928"
"12","2016-11-03","0.73","71.94","8.04","-288.0","-46.7607711424","-23.7179435928"
"12","2016-11-04","0.01","6.12","0.21","-288.0","-46.7607711424","-23.7179435928"
"12","2016-11-05","0.0","0.0","0.0","-288.0","-46.7607711424","-23.7179435928"
"12","2016-11-06","0.0","3.38","0.02","-288.0","-46.7607711424","-23.7179435928"
"12","2016-11-07","0.0","19.72","1.02","-288.0","-46.7607711424","-23.7179435928"
"12","2016-11-08","0.0","0.65","0.0","-288.0","-46.7607711424","-23.7179435928"
"12","2016-11-09","3.68","128.68","32.86","-288.0","-46.7607711424","-23.7179435928"
"12","2016-11-10","2.02","56.58","11.82","-288.0","-46.7607711424","-23.7179435928"
"12","2016-11-11","0.0","36.03","3.12","-288.0","-46.7607711424","-23.7179435928"
"12","2016-11-12","0.0","6.0","0.07","-288.0","-46.7607711424","-23.7179435928"
"12","2016-11-13","7.11","62.0","24.89","-288.0","-46.7607711424","-23.7179435928"
"12","2016-11-14","4.48","37.0","12.32","-287.0","-46.7607711424","-23.7179435928"
"12","2016-11-15","","","","-1.0","-46.7607711424","-23.7179435928"
"12","2016-11-16","0.63","47.92","7.51","-288.0","-46.7607711424","-23.7179435928"
"12","2016-11-17","0.3","56.13","8.82","-288.0","-46.7607711424","-23.7179435928"
"12","2016-11-18","0.01","20.3","1.66","-287.0","-46.7607711424","-23.7179435928"
"12","2016-11-19","0.0","0.0","0.0","0.0","-46.7607711424","-23.7179435928"
"12","2016-11-20","0.0","0.0","0.0","0.0","-46.7607711424","-23.7179435928"
"12","2016-11-21","0.0","0.0","0.0","0.0","-46.7607711424","-23.7179435928"
"12","2016-11-22","","","","-1.0","-46.7607711424","-23.7179435928"
"12","2016-11-23","0.0","37.9","3.64","-288.0","-46.7607711424","-23.7179435928"
"12","2016-11-24","0.0","0.36","0.0","-287.0","-46.7607711424","-23.7179435928"
"12","2016-11-25","0.0","0.0","0.0","0.0","-46.7607711424","-23.7179435928"
"12","2016-11-26","","","","-1.0","-46.7607711424","-23.7179435928"
"12","2016-11-27","0.17","19.01","1.95","-288.0","-46.7607711424","-23.7179435928"
"12","2016-11-28","0.01","38.9","3.54","-288.0","-46.7607711424","-23.7179435928"
"12","2016-11-29","0.97","32.91","6.46","-288.0","-46.7607711424","-23.7179435928"
"12","2016-11-30","0.0","0.0","0.0","-287.0","-46.7607711424","-23.7179435928"
"12","2016-12-01","0.0","0.0","0.0","0.0","-46.7607711424","-23.7179435928"
"12","2016-12-02","","","","-1.0","-46.7607711424","-23.7179435928"
"12","2016-12-03","0.62","49.11","9.56","-288.0","-46.7607711424","-23.7179435928"
"12","2016-12-04","0.51","48.92","7.88","-288.0","-46.7607711424","-23.7179435928"
"12","2016-12-05","0.0","1.74","0.07","-287.0","-46.7607711424","-23.7179435928"
"12","2016-12-06","","","","-1.0","-46.7607711424","-23.7179435928"
"12","2016-12-07","0.92","59.21","8.21","-288.0","-46.7607711424","-23.7179435928"
"12","2016-12-08","0.0","10.48","0.19","-288.0","-46.7607711424","-23.7179435928"
"12","2016-12-09","0.0","6.85","0.5","-288.0","-46.7607711424","-23.7179435928"
"12","2016-12-10","0.95","16.78","4.23","-288.0","-46.7607711424","-23.7179435928"
"12","2016-12-11","0.29","69.43","11.08","-288.0","-46.7607711424","-23.7179435928"
"12","2016-12-12","1.42","109.79","16.43","-288.0","-46.7607711424","-23.7179435928"
"12","2016-12-13","0.0","4.9","0.29","-288.0","-46.7607711424","-23.7179435928"
"12","2016-12-14","0.0","3.55","0.02","-288.0","-46.7607711424","-23.7179435928"
"12","2016-12-15","0.0","0.0","0.0","-287.0","-46.7607711424","-23.7179435928"
"12","2016-12-16","0.0","0.0","0.0","0.0","-46.7607711424","-23.7179435928"
"12","2016-12-17","","","","-1.0","-46.7607711424","-23.7179435928"
"12","2016-12-18","0.0","8.4","0.86","-288.0","-46.7607711424","-23.7179435928"
"12","2016-12-19","0.15","58.71","5.01","-288.0","-46.7607711424","-23.7179435928"
"12","2016-12-20","0.06","41.41","3.76","-288.0","-46.7607711424","-23.7179435928"
"12","2016-12-21","0.08","121.87","23.53","-288.0","-46.7607711424","-23.7179435928"
"12","2016-12-22","0.0","2.95","0.04","-288.0","-46.7607711424","-23.7179435928"
"12","2016-12-23","0.18","51.84","9.22","-288.0","-46.7607711424","-23.7179435928"
"12","2016-12-24","0.28","36.71","5.19","-288.0","-46.7607711424","-23.7179435928"
"12","2016-12-25","0.0","1.23","0.01","-288.0","-46.7607711424","-23.7179435928"
"12","2016-12-26","0.0","0.06","0.0","-288.0","-46.7607711424","-23.7179435928"
"12","2016-12-27","0.0","4.22","0.23","-288.0","-46.7607711424","-23.7179435928"
"12","2016-12-28","0.0","32.14","3.06","-288.0","-46.7607711424","-23.7179435928"
"12","2016-12-29","0.0","50.45","4.17","-288.0","-46.7607711424","-23.7179435928"
"12","2016-12-30","0.0","9.04","0.15","-288.0","-46.7607711424","-23.7179435928"
"12","2016-12-31","0.0","0.99","0.04","-287.0","-46.7607711424","-23.7179435928"
"12","2017-01-01","","","","-1.0","-46.7607711424","-23.7179435928"
"12","2017-01-02","0.57","144.25","21.99","-288.0","-46.7607711424","-23.7179435928"
"12","2017-01-03","0.11","35.22","3.52","-288.0","-46.7607711424","-23.7179435928"
"12","2017-01-04","0.0","2.29","0.03","-288.0","-46.7607711424","-23.7179435928"
"12","2017-01-05","0.0","1.55","0.02","-288.0","-46.7607711424","-23.7179435928"
"12","2017-01-06","0.24","55.22","8.89","-288.0","-46.7607711424","-23.7179435928"
"12","2017-01-07","2.48","100.15","25.64","-288.0","-46.7607711424","-23.7179435928"
"12","2017-01-08","0.04","17.81","1.58","-288.0","-46.7607711424","-23.7179435928"
"12","2017-01-09","0.63","129.18","34.65","-288.0","-46.7607711424","-23.7179435928"
"12","2017-01-10","0.93","23.46","5.78","-288.0","-46.7607711424","-23.7179435928"
"12","2017-01-11","0.02","65.11","6.0","-288.0","-46.7607711424","-23.7179435928"
"12","2017-01-12","0.22","59.59","8.47","-288.0","-46.7607711424","-23.7179435928"
"12","2017-01-13","0.0","1.88","0.01","-288.0","-46.7607711424","-23.7179435928"
"12","2017-01-14","0.0","0.8","0.02","-288.0","-46.7607711424","-23.7179435928"
"12","2017-01-15","0.0","18.52","1.39","-288.0","-46.7607711424","-23.7179435928"
"12","2017-01-16","3.58","190.73","36.25","-288.0","-46.7607711424","-23.7179435928"
"12","2017-01-17","5.34","103.94","26.5","-288.0","-46.7607711424","-23.7179435928"
"12","2017-01-18","7.77","181.77","47.02","-288.0","-46.7607711424","-23.7179435928"
"12","2017-01-19","6.26","201.26","44.96","-288.0","-46.7607711424","-23.7179435928"
"12","2017-01-20","3.65","114.71","26.63","-288.0","-46.7607711424","-23.7179435928"
"12","2017-01-21","3.28","85.12","17.76","-288.0","-46.7607711424","-23.7179435928"
"12","2017-01-22","2.4","56.08","15.17","-288.0","-46.7607711424","-23.7179435928"
"12","2017-01-23","0.0","4.09","0.5","-288.0","-46.7607711424","-23.7179435928"
"12","2017-01-24","0.0","33.33","3.2","-288.0","-46.7607711424","-23.7179435928"
"12","2017-01-25","0.0","2.23","0.11","-288.0","-46.7607711424","-23.7179435928"
"12","2017-01-26","3.87","77.17","20.79","-288.0","-46.7607711424","-23.7179435928"
"12","2017-01-27","1.02","51.65","11.6","-288.0","-46.7607711424","-23.7179435928"
"12","2017-01-28","0.0","0.66","0.0","-288.0","-46.7607711424","-23.7179435928"
"12","2017-01-29","0.0","1.35","0.01","-288.0","-46.7607711424","-23.7179435928"
"12","2017-01-30","0.0","3.12","0.27","-288.0","-46.7607711424","-23.7179435928"
"12","2017-01-31","0.32","36.8","5.86","-288.0","-46.7607711424","-23.7179435928"
"12","2017-02-01","3.19","111.46","16.33","-288.0","-46.7607711424","-23.7179435928"
"12","2017-02-02","1.79","32.73","8.93","-288.0","-46.7607711424","-23.7179435928"
"12","2017-02-03","0.62","33.99","6.43","-288.0","-46.7607711424","-23.7179435928"
"12","2017-02-04","0.03","50.36","7.31","-288.0","-46.7607711424","-23.7179435928"
"12","2017-02-05","0.0","2.3","0.14","-288.0","-46.7607711424","-23.7179435928"
"12","2017-02-06","1.93","62.42","9.1","-288.0","-46.7607711424","-23.7179435928"
"12","2017-02-07","0.0","11.14","0.9","-288.0","-46.7607711424","-23.7179435928"
"12","2017-02-08","0.0","0.11","0.0","-287.0","-46.7607711424","-23.7179435928"
"12","2017-02-09","0.0","0.0","0.0","0.0","-46.7607711424","-23.7179435928"
"12","2017-02-10","0.0","0.0","0.0","0.0","-46.7607711424","-23.7179435928"
"12","2017-02-11","0.0","0.0","0.0","0.0","-46.7607711424","-23.7179435928"
"12","2017-02-12","0.0","0.0","0.0","0.0","-46.7607711424","-23.7179435928"
"12","2017-02-13","0.0","0.0","0.0","0.0","-46.7607711424","-23.7179435928"
"12","2017-02-14","0.0","0.0","0.0","0.0","-46.7607711424","-23.7179435928"
"12","2017-02-15","0.0","0.0","0.0","0.0","-46.7607711424","-23.7179435928"
"12","2017-02-16","","","","-1.0","-46.7607711424","-23.7179435928"
"12","2017-02-17","0.0","0.48","0.0","-288.0","-46.7607711424","-23.7179435928"
"12","2017-02-18","0.0","0.0","0.0","-287.0","-46.7607711424","-23.7179435928"
"12","2017-02-19","0.0","0.0","0.0","0.0","-46.7607711424","-23.7179435928"
"12","2017-02-20","0.0","0.0","0.0","0.0","-46.7607711424","-23.7179435928"
"12","2017-02-21","","","","-1.0","-46.7607711424","-23.7179435928"
"12","2017-02-22","0.0","16.15","0.63","-288.0","-46.7607711424","-23.7179435928"
"12","2017-02-23","0.05","83.64","8.38","-288.0","-46.7607711424","-23.7179435928"
"12","2017-02-24","2.96","225.4","47.57","-288.0","-46.7607711424","-23.7179435928"
"12","2017-02-25","0.0","22.24","2.94","-288.0","-46.7607711424","-23.7179435928"
"12","2017-02-26","0.0","4.06","0.02","-288.0","-46.7607711424","-23.7179435928"
"12","2017-02-27","0.01","34.47","4.64","-288.0","-46.7607711424","-23.7179435928"
"12","2017-02-28","0.0","1.27","0.0","-288.0","-46.7607711424","-23.7179435928"
"12","2017-03-01","0.0","73.32","8.37","-288.0","-46.7607711424","-23.7179435928"
"12","2017-03-02","0.07","72.96","6.16","-288.0","-46.7607711424","-23.7179435928"
"12","2017-03-03","0.04","49.71","2.84","-288.0","-46.7607711424","-23.7179435928"
"12","2017-03-04","0.0","16.51","0.82","-288.0","-46.7607711424","-23.7179435928"
"12","2017-03-05","2.13","138.0","22.29","-288.0","-46.7607711424","-23.7179435928"
"12","2017-03-06","0.65","99.42","18.5","-288.0","-46.7607711424","-23.7179435928"
"12","2017-03-07","1.92","89.22","16.65","-288.0","-46.7607711424","-23.7179435928"
"12","2017-03-08","1.56","25.76","7.21","-288.0","-46.7607711424","-23.7179435928"
"12","2017-03-09","0.0","0.0","0.0","-288.0","-46.7607711424","-23.7179435928"
"12","2017-03-10","0.01","39.96","3.09","-288.0","-46.7607711424","-23.7179435928"
"12","2017-03-11","0.0","3.3","0.04","-288.0","-46.7607711424","-23.7179435928"
"12","2017-03-12","0.0","0.56","0.0","-288.0","-46.7607711424","-23.7179435928"
"12","2017-03-13","0.0","3.77","0.02","-288.0","-46.7607711424","-23.7179435928"
"12","2017-03-14","0.0","3.39","0.04","-288.0","-46.7607711424","-23.7179435928"
"12","2017-03-15","0.0","13.73","0.76","-288.0","-46.7607711424","-23.7179435928"
"12","2017-03-16","0.0","0.03","0.0","-288.0","-46.7607711424","-23.7179435928"
"12","2017-03-17","1.84","258.06","40.66","-288.0","-46.7607711424","-23.7179435928"
"12","2017-03-18","0.08","6.78","1.29","-288.0","-46.7607711424","-23.7179435928"
"12","2017-03-19","0.53","10.65","2.49","-288.0","-46.7607711424","-23.7179435928"
"12","2017-03-20","0.0","0.02","0.0","-287.0","-46.7607711424","-23.7179435928"
"12","2017-03-21","0.0","0.0","0.0","0.0","-46.7607711424","-23.7179435928"
"12","2017-03-22","0.0","0.0","0.0","0.0","-46.7607711424","-23.7179435928"
"12","2017-03-23","","","","-1.0","-46.7607711424","-23.7179435928"
"12","2017-03-24","0.0","0.01","0.0","-288.0","-46.7607711424","-23.7179435928"
"12","2017-03-25","0.0","6.45","0.48","-287.0","-46.7607711424","-23.7179435928"
"12","2017-03-26","","","","-1.0","-46.7607711424","-23.7179435928"
"12","2017-03-27","0.0","6.06","0.63","-288.0","-46.7607711424","-23.7179435928"
"12","2017-03-28","0.0","10.92","0.76","-288.0","-46.7607711424","-23.7179435928"
"12","2017-03-29","0.0","26.05","0.34","-287.0","-46.7607711424","-23.7179435928"
"12","2017-03-30","0.0","0.0","0.0","0.0","-46.7607711424","-23.7179435928"
"12","2017-03-31","0.0","0.0","0.0","0.0","-46.7607711424","-23.7179435928"
"12","2017-04-01","0.0","0.0","0.0","0.0","-46.7607711424","-23.7179435928"
"12","2017-04-02","0.0","0.0","0.0","0.0","-46.7607711424","-23.7179435928"
"12","2017-04-03","0.0","0.0","0.0","0.0","-46.7607711424","-23.7179435928"
"12","2017-04-04","","","","-1.0","-46.7607711424","-23.7179435928"
"12","2017-04-05","0.0","0.0","0.0","-288.0","-46.7607711424","-23.7179435928"
"12","2017-04-06","4.89","105.39","23.57","-288.0","-46.7607711424","-23.7179435928"
"12","2017-04-07","4.51","139.22","34.94","-288.0","-46.7607711424","-23.7179435928"
"12","2017-04-08","0.0","13.43","0.75","-287.0","-46.7607711424","-23.7179435928"
"12","2017-04-09","","","","-1.0","-46.7607711424","-23.7179435928"
"12","2017-04-10","0.0","0.42","0.0","-288.0","-46.7607711424","-23.7179435928"
"12","2017-04-11","0.0","2.1","0.02","-288.0","-46.7607711424","-23.7179435928"
"12","2017-04-12","0.03","11.34","1.75","-287.0","-46.7607711424","-23.7179435928"
"12","2017-04-13","0.0","0.0","0.0","0.0","-46.7607711424","-23.7179435928"
"12","2017-04-14","0.0","0.0","0.0","0.0","-46.7607711424","-23.7179435928"
"12","2017-04-15","0.0","0.0","0.0","0.0","-46.7607711424","-23.7179435928"
"12","2017-04-16","","","","-1.0","-46.7607711424","-23.7179435928"
"12","2017-04-17","0.0","8.55","0.25","-287.0","-46.7607711424","-23.7179435928"
"12","2017-04-18","0.0","0.0","0.0","0.0","-46.7607711424","-23.7179435928"
"12","2017-04-19","0.0","0.0","0.0","0.0","-46.7607711424","-23.7179435928"
"12","2017-04-20","","","","-1.0","-46.7607711424","-23.7179435928"
"12","2017-04-21","4.1","66.57","18.61","-288.0","-46.7607711424","-23.7179435928"
"12","2017-04-22","0.84","9.86","3.22","-287.0","-46.7607711424","-23.7179435928"
"12","2017-04-23","0.0","0.0","0.0","0.0","-46.7607711424","-23.7179435928"
"12","2017-04-24","0.0","0.0","0.0","0.0","-46.7607711424","-23.7179435928"
"12","2017-04-25","","","","-1.0","-46.7607711424","-23.7179435928"
"12","2017-04-26","4.21","76.68","20.41","-288.0","-46.7607711424","-23.7179435928"
"12","2017-04-27","0.29","7.76","1.47","-287.0","-46.7607711424","-23.7179435928"
"12","2017-04-28","0.0","0.0","0.0","0.0","-46.7607711424","-23.7179435928"
"12","2017-04-29","0.0","0.0","0.0","0.0","-46.7607711424","-23.7179435928"
"12","2017-04-30","0.0","0.0","0.0","0.0","-46.7607711424","-23.7179435928"
"12","2017-05-01","","","","-1.0","-46.7607711424","-23.7179435928"
"12","2017-05-02","0.0","0.61","0.0","-287.0","-46.7607711424","-23.7179435928"
"12","2017-05-03","0.0","0.0","0.0","0.0","-46.7607711424","-23.7179435928"
"12","2017-05-04","","","","-1.0","-46.7607711424","-23.7179435928"
"12","2017-05-05","4.09","76.12","23.71","-288.0","-46.7607711424","-23.7179435928"
"12","2017-05-06","0.63","9.35","2.77","-288.0","-46.7607711424","-23.7179435928"
"12","2017-05-07","0.0","0.7","0.03","-287.0","-46.7607711424","-23.7179435928"
"12","2017-05-08","0.0","0.0","0.0","0.0","-46.7607711424","-23.7179435928"
"12","2017-05-09","0.0","0.0","0.0","0.0","-46.7607711424","-23.7179435928"
"12","2017-05-10","0.0","0.0","0.0","0.0","-46.7607711424","-23.7179435928"
"12","2017-05-11","0.0","0.0","0.0","0.0","-46.7607711424","-23.7179435928"
"12","2017-05-12","0.0","0.0","0.0","0.0","-46.7607711424","-23.7179435928"
"12","2017-05-13","","","","-1.0","-46.7607711424","-23.7179435928"
"12","2017-05-14","0.0","1.39","0.08","-287.0","-46.7607711424","-23.7179435928"
"12","2017-05-15","0.0","0.0","0.0","0.0","-46.7607711424","-23.7179435928"
"12","2017-05-16","0.0","0.0","0.0","0.0","-46.7607711424","-23.7179435928"
"12","2017-05-17","","","","-1.0","-46.7607711424","-23.7179435928"
"12","2017-05-18","0.82","17.82","4.89","-288.0","-46.7607711424","-23.7179435928"
"12","2017-05-19","9.74","143.69","37.2","-288.0","-46.7607711424","-23.7179435928"
"12","2017-05-20","0.03","1.82","0.35","-288.0","-46.7607711424","-23.7179435928"
"12","2017-05-21","7.49","100.43","29.49","-288.0","-46.7607711424","-23.7179435928"
"12","2017-05-22","1.19","36.4","6.74","-287.0","-46.7607711424","-23.7179435928"
"12","2017-05-23","0.0","0.0","0.0","0.0","-46.7607711424","-23.7179435928"
"12","2017-05-24","0.0","0.0","0.0","0.0","-46.7607711424","-23.7179435928"
"12","2017-05-25","0.0","0.0","0.0","0.0","-46.7607711424","-23.7179435928"
"12","2017-05-26","0.0","0.0","0.0","0.0","-46.7607711424","-23.7179435928"
"12","2017-05-27","0.0","0.0","0.0","0.0","-46.7607711424","-23.7179435928"
"12","2017-05-28","0.0","0.0","0.0","0.0","-46.7607711424","-23.7179435928"
"12","2017-05-29","0.0","0.0","0.0","0.0","-46.7607711424","-23.7179435928"
"12","2017-05-30","0.0","0.0","0.0","0.0","-46.7607711424","-23.7179435928"
"12","2017-05-31","0.0","0.0","0.0","0.0","-46.7607711424","-23.7179435928"
"12","2017-06-01","0.0","0.0","0.0","0.0","-46.7607711424","-23.7179435928"
"12","2017-06-02","0.0","0.0","0.0","0.0","-46.7607711424","-23.7179435928"
"12","2017-06-03","0.0","0.0","0.0","0.0","-46.7607711424","-23.7179435928"
"12","2017-06-04","","","","-1.0","-46.7607711424","-23.7179435928"
"12","2017-06-05","11.93","150.96","48.15","-288.0","-46.7607711424","-23.7179435928"
"12","2017-06-06","8.66","154.54","38.16","-288.0","-46.7607711424","-23.7179435928"
"12","2017-06-07","2.49","77.8","16.57","-287.0","-46.7607711424","-23.7179435928"
"12","2017-06-08","","","","-1.0","-46.7607711424","-23.7179435928"
"12","2017-06-09","0.05","16.95","1.51","-288.0","-46.7607711424","-23.7179435928"
"12","2017-06-10","0.0","0.0","0.0","-287.0","-46.7607711424","-23.7179435928"
"12","2017-06-11","","","","-1.0","-46.7607711424","-23.7179435928"
"12","2017-06-12","0.0","6.54","0.04","-288.0","-46.7607711424","-23.7179435928"
"12","2017-06-13","4.96","138.61","33.52","-288.0","-46.7607711424","-23.7179435928"
"12","2017-06-14","0.16","5.78","1.27","-287.0","-46.7607711424","-23.7179435928"
"13","2016-10-31","","","","-1.0","-46.6780685305","-23.7207611022"
"13","2016-11-01","0.0","2.63","0.01","-288.0","-46.6780685305","-23.7207611022"
"13","2016-11-02","0.09","36.82","4.48","-288.0","-46.6780685305","-23.7207611022"
"13","2016-11-03","0.59","111.87","13.05","-288.0","-46.6780685305","-23.7207611022"
"13","2016-11-04","0.0","11.65","0.43","-288.0","-46.6780685305","-23.7207611022"
"13","2016-11-05","0.0","0.0","0.0","-288.0","-46.6780685305","-23.7207611022"
"13","2016-11-06","0.0","1.86","0.0","-288.0","-46.6780685305","-23.7207611022"
"13","2016-11-07","0.0","2.12","0.01","-288.0","-46.6780685305","-23.7207611022"
"13","2016-11-08","0.0","0.59","0.0","-288.0","-46.6780685305","-23.7207611022"
"13","2016-11-09","3.69","138.81","34.78","-288.0","-46.6780685305","-23.7207611022"
"13","2016-11-10","1.47","84.08","12.37","-288.0","-46.6780685305","-23.7207611022"
"13","2016-11-11","0.01","45.74","5.83","-288.0","-46.6780685305","-23.7207611022"
"13","2016-11-12","0.0","0.63","0.01","-288.0","-46.6780685305","-23.7207611022"
"13","2016-11-13","7.07","68.37","27.03","-288.0","-46.6780685305","-23.7207611022"
"13","2016-11-14","4.17","31.13","12.17","-287.0","-46.6780685305","-23.7207611022"
"13","2016-11-15","","","","-1.0","-46.6780685305","-23.7207611022"
"13","2016-11-16","0.35","46.41","6.88","-288.0","-46.6780685305","-23.7207611022"
"13","2016-11-17","0.29","50.27","7.25","-288.0","-46.6780685305","-23.7207611022"
"13","2016-11-18","0.01","26.61","2.73","-287.0","-46.6780685305","-23.7207611022"
"13","2016-11-19","0.0","0.0","0.0","0.0","-46.6780685305","-23.7207611022"
"13","2016-11-20","0.0","0.0","0.0","0.0","-46.6780685305","-23.7207611022"
"13","2016-11-21","0.0","0.0","0.0","0.0","-46.6780685305","-23.7207611022"
"13","2016-11-22","","","","-1.0","-46.6780685305","-23.7207611022"
"13","2016-11-23","0.03","31.25","3.91","-288.0","-46.6780685305","-23.7207611022"
"13","2016-11-24","0.0","0.01","0.0","-287.0","-46.6780685305","-23.7207611022"
"13","2016-11-25","0.0","0.0","0.0","0.0","-46.6780685305","-23.7207611022"
"13","2016-11-26","","","","-1.0","-46.6780685305","-23.7207611022"
"13","2016-11-27","0.02","16.77","0.75","-288.0","-46.6780685305","-23.7207611022"
"13","2016-11-28","0.01","44.64","3.95","-288.0","-46.6780685305","-23.7207611022"
"13","2016-11-29","1.17","45.46","5.83","-288.0","-46.6780685305","-23.7207611022"
"13","2016-11-30","0.0","0.01","0.0","-287.0","-46.6780685305","-23.7207611022"
"13","2016-12-01","0.0","0.0","0.0","0.0","-46.6780685305","-23.7207611022"
"13","2016-12-02","","","","-1.0","-46.6780685305","-23.7207611022"
"13","2016-12-03","1.12","66.96","11.29","-288.0","-46.6780685305","-23.7207611022"
"13","2016-12-04","0.24","43.89","7.36","-288.0","-46.6780685305","-23.7207611022"
"13","2016-12-05","0.0","1.75","0.18","-287.0","-46.6780685305","-23.7207611022"
"13","2016-12-06","","","","-1.0","-46.6780685305","-23.7207611022"
"13","2016-12-07","0.99","73.23","10.81","-288.0","-46.6780685305","-23.7207611022"
"13","2016-12-08","0.0","2.91","0.03","-288.0","-46.6780685305","-23.7207611022"
"13","2016-12-09","0.0","7.21","0.55","-288.0","-46.6780685305","-23.7207611022"
"13","2016-12-10","0.86","26.62","4.78","-288.0","-46.6780685305","-23.7207611022"
"13","2016-12-11","0.58","83.34","13.95","-288.0","-46.6780685305","-23.7207611022"
"13","2016-12-12","0.78","86.05","12.86","-288.0","-46.6780685305","-23.7207611022"
"13","2016-12-13","0.0","4.57","0.05","-288.0","-46.6780685305","-23.7207611022"
"13","2016-12-14","0.0","5.59","0.04","-288.0","-46.6780685305","-23.7207611022"
"13","2016-12-15","0.0","0.03","0.0","-287.0","-46.6780685305","-23.7207611022"
"13","2016-12-16","0.0","0.0","0.0","0.0","-46.6780685305","-23.7207611022"
"13","2016-12-17","","","","-1.0","-46.6780685305","-23.7207611022"
"13","2016-12-18","0.0","1.7","0.0","-288.0","-46.6780685305","-23.7207611022"
"13","2016-12-19","0.13","119.61","17.8","-288.0","-46.6780685305","-23.7207611022"
"13","2016-12-20","0.07","64.19","16.92","-288.0","-46.6780685305","-23.7207611022"
"13","2016-12-21","4.1","135.72","38.44","-288.0","-46.6780685305","-23.7207611022"
"13","2016-12-22","0.0","0.98","0.0","-288.0","-46.6780685305","-23.7207611022"
"13","2016-12-23","0.36","130.72","9.82","-288.0","-46.6780685305","-23.7207611022"
"13","2016-12-24","0.26","29.36","3.98","-288.0","-46.6780685305","-23.7207611022"
"13","2016-12-25","0.0","0.14","0.0","-288.0","-46.6780685305","-23.7207611022"
"13","2016-12-26","0.0","1.12","0.0","-288.0","-46.6780685305","-23.7207611022"
"13","2016-12-27","0.0","1.71","0.03","-288.0","-46.6780685305","-23.7207611022"
"13","2016-12-28","0.0","4.25","0.22","-288.0","-46.6780685305","-23.7207611022"
"13","2016-12-29","0.12","110.13","17.26","-288.0","-46.6780685305","-23.7207611022"
"13","2016-12-30","0.0","2.1","0.06","-288.0","-46.6780685305","-23.7207611022"
"13","2016-12-31","0.0","15.41","0.6","-287.0","-46.6780685305","-23.7207611022"
"13","2017-01-01","","","","-1.0","-46.6780685305","-23.7207611022"
"13","2017-01-02","3.05","130.46","36.66","-288.0","-46.6780685305","-23.7207611022"
"13","2017-01-03","0.0","6.42","0.76","-288.0","-46.6780685305","-23.7207611022"
"13","2017-01-04","0.0","9.16","0.77","-288.0","-46.6780685305","-23.7207611022"
"13","2017-01-05","0.0","1.1","0.01","-288.0","-46.6780685305","-23.7207611022"
"13","2017-01-06","0.0","33.86","3.2","-288.0","-46.6780685305","-23.7207611022"
"13","2017-01-07","1.85","142.91","19.54","-288.0","-46.6780685305","-23.7207611022"
"13","2017-01-08","0.31","31.79","3.13","-288.0","-46.6780685305","-23.7207611022"
"13","2017-01-09","0.0","97.18","7.18","-288.0","-46.6780685305","-23.7207611022"
"13","2017-01-10","0.44","24.54","5.0","-288.0","-46.6780685305","-23.7207611022"
"13","2017-01-11","0.14","44.57","3.94","-288.0","-46.6780685305","-23.7207611022"
"13","2017-01-12","0.18","38.74","6.2","-288.0","-46.6780685305","-23.7207611022"
"13","2017-01-13","0.0","4.56","0.03","-288.0","-46.6780685305","-23.7207611022"
"13","2017-01-14","0.0","0.06","0.0","-288.0","-46.6780685305","-23.7207611022"
"13","2017-01-15","0.0","21.64","0.95","-288.0","-46.6780685305","-23.7207611022"
"13","2017-01-16","2.15","130.1","18.87","-288.0","-46.6780685305","-23.7207611022"
"13","2017-01-17","5.32","121.52","31.48","-288.0","-46.6780685305","-23.7207611022"
"13","2017-01-18","4.86","164.3","37.56","-288.0","-46.6780685305","-23.7207611022"
"13","2017-01-19","4.68","162.66","32.81","-288.0","-46.6780685305","-23.7207611022"
"13","2017-01-20","4.55","126.72","25.11","-288.0","-46.6780685305","-23.7207611022"
"13","2017-01-21","3.14","173.37","26.02","-288.0","-46.6780685305","-23.7207611022"
"13","2017-01-22","2.31","60.04","16.79","-288.0","-46.6780685305","-23.7207611022"
"13","2017-01-23","0.01","48.14","3.82","-288.0","-46.6780685305","-23.7207611022"
"13","2017-01-24","0.01","35.19","5.16","-288.0","-46.6780685305","-23.7207611022"
"13","2017-01-25","0.0","3.97","0.19","-288.0","-46.6780685305","-23.7207611022"
"13","2017-01-26","4.41","72.81","20.02","-288.0","-46.6780685305","-23.7207611022"
"13","2017-01-27","0.79","66.73","8.86","-288.0","-46.6780685305","-23.7207611022"
"13","2017-01-28","0.0","1.77","0.02","-288.0","-46.6780685305","-23.7207611022"
"13","2017-01-29","0.0","3.62","0.08","-288.0","-46.6780685305","-23.7207611022"
"13","2017-01-30","0.0","3.42","0.07","-288.0","-46.6780685305","-23.7207611022"
"13","2017-01-31","0.2","17.0","1.73","-288.0","-46.6780685305","-23.7207611022"
"13","2017-02-01","2.54","116.03","18.24","-288.0","-46.6780685305","-23.7207611022"
"13","2017-02-02","1.24","37.12","6.56","-288.0","-46.6780685305","-23.7207611022"
"13","2017-02-03","0.36","34.48","4.77","-288.0","-46.6780685305","-23.7207611022"
"13","2017-02-04","0.44","65.18","15.2","-288.0","-46.6780685305","-23.7207611022"
"13","2017-02-05","0.0","2.44","0.11","-288.0","-46.6780685305","-23.7207611022"
"13","2017-02-06","1.52","54.03","9.24","-288.0","-46.6780685305","-23.7207611022"
"13","2017-02-07","0.0","15.57","0.98","-288.0","-46.6780685305","-23.7207611022"
"13","2017-02-08","0.0","0.19","0.0","-287.0","-46.6780685305","-23.7207611022"
"13","2017-02-09","0.0","0.0","0.0","0.0","-46.6780685305","-23.7207611022"
"13","2017-02-10","0.0","0.0","0.0","0.0","-46.6780685305","-23.7207611022"
"13","2017-02-11","0.0","0.0","0.0","0.0","-46.6780685305","-23.7207611022"
"13","2017-02-12","0.0","0.0","0.0","0.0","-46.6780685305","-23.7207611022"
"13","2017-02-13","0.0","0.0","0.0","0.0","-46.6780685305","-23.7207611022"
"13","2017-02-14","0.0","0.0","0.0","0.0","-46.6780685305","-23.7207611022"
"13","2017-02-15","0.0","0.0","0.0","0.0","-46.6780685305","-23.7207611022"
"13","2017-02-16","","","","-1.0","-46.6780685305","-23.7207611022"
"13","2017-02-17","0.0","0.12","0.0","-288.0","-46.6780685305","-23.7207611022"
"13","2017-02-18","0.0","0.0","0.0","-287.0","-46.6780685305","-23.7207611022"
"13","2017-02-19","0.0","0.0","0.0","0.0","-46.6780685305","-23.7207611022"
"13","2017-02-20","0.0","0.0","0.0","0.0","-46.6780685305","-23.7207611022"
"13","2017-02-21","","","","-1.0","-46.6780685305","-23.7207611022"
"13","2017-02-22","0.0","55.01","4.71","-288.0","-46.6780685305","-23.7207611022"
"13","2017-02-23","0.11","93.63","7.05","-288.0","-46.6780685305","-23.7207611022"
"13","2017-02-24","2.71","243.77","36.27","-288.0","-46.6780685305","-23.7207611022"
"13","2017-02-25","0.0","12.47","0.9","-288.0","-46.6780685305","-23.7207611022"
"13","2017-02-26","0.0","15.21","0.19","-288.0","-46.6780685305","-23.7207611022"
"13","2017-02-27","0.02","38.33","3.69","-288.0","-46.6780685305","-23.7207611022"
"13","2017-02-28","0.0","1.45","0.01","-288.0","-46.6780685305","-23.7207611022"
"13","2017-03-01","0.0","23.41","2.6","-288.0","-46.6780685305","-23.7207611022"
"13","2017-03-02","0.04","161.57","17.02","-288.0","-46.6780685305","-23.7207611022"
"13","2017-03-03","0.0","36.93","2.85","-288.0","-46.6780685305","-23.7207611022"
"13","2017-03-04","0.0","13.79","0.58","-288.0","-46.6780685305","-23.7207611022"
"13","2017-03-05","1.32","94.05","13.64","-288.0","-46.6780685305","-23.7207611022"
"13","2017-03-06","0.5","91.73","13.2","-288.0","-46.6780685305","-23.7207611022"
"13","2017-03-07","2.28","164.74","46.42","-288.0","-46.6780685305","-23.7207611022"
"13","2017-03-08","2.48","30.75","8.72","-288.0","-46.6780685305","-23.7207611022"
"13","2017-03-09","0.0","0.0","0.0","-288.0","-46.6780685305","-23.7207611022"
"13","2017-03-10","0.0","8.71","0.45","-288.0","-46.6780685305","-23.7207611022"
"13","2017-03-11","0.0","0.07","0.0","-288.0","-46.6780685305","-23.7207611022"
"13","2017-03-12","0.0","1.16","0.03","-288.0","-46.6780685305","-23.7207611022"
"13","2017-03-13","0.0","4.77","0.17","-288.0","-46.6780685305","-23.7207611022"
"13","2017-03-14","0.0","7.12","0.08","-288.0","-46.6780685305","-23.7207611022"
"13","2017-03-15","0.0","10.27","0.47","-288.0","-46.6780685305","-23.7207611022"
"13","2017-03-16","0.0","0.04","0.0","-288.0","-46.6780685305","-23.7207611022"
"13","2017-03-17","1.02","201.99","30.58","-288.0","-46.6780685305","-23.7207611022"
"13","2017-03-18","0.06","7.01","1.14","-288.0","-46.6780685305","-23.7207611022"
"13","2017-03-19","0.33","7.22","1.86","-288.0","-46.6780685305","-23.7207611022"
"13","2017-03-20","0.0","0.04","0.0","-287.0","-46.6780685305","-23.7207611022"
"13","2017-03-21","0.0","0.0","0.0","0.0","-46.6780685305","-23.7207611022"
"13","2017-03-22","0.0","0.0","0.0","0.0","-46.6780685305","-23.7207611022"
"13","2017-03-23","","","","-1.0","-46.6780685305","-23.7207611022"
"13","2017-03-24","0.0","0.04","0.0","-288.0","-46.6780685305","-23.7207611022"
"13","2017-03-25","0.0","4.16","0.5","-287.0","-46.6780685305","-23.7207611022"
"13","2017-03-26","","","","-1.0","-46.6780685305","-23.7207611022"
"13","2017-03-27","0.0","5.83","0.43","-288.0","-46.6780685305","-23.7207611022"
"13","2017-03-28","0.0","5.52","0.48","-288.0","-46.6780685305","-23.7207611022"
"13","2017-03-29","0.0","3.43","0.6","-287.0","-46.6780685305","-23.7207611022"
"13","2017-03-30","0.0","0.0","0.0","0.0","-46.6780685305","-23.7207611022"
"13","2017-03-31","0.0","0.0","0.0","0.0","-46.6780685305","-23.7207611022"
"13","2017-04-01","0.0","0.0","0.0","0.0","-46.6780685305","-23.7207611022"
"13","2017-04-02","0.0","0.0","0.0","0.0","-46.6780685305","-23.7207611022"
"13","2017-04-03","0.0","0.0","0.0","0.0","-46.6780685305","-23.7207611022"
"13","2017-04-04","","","","-1.0","-46.6780685305","-23.7207611022"
"13","2017-04-05","0.0","0.0","0.0","-288.0","-46.6780685305","-23.7207611022"
"13","2017-04-06","4.34","108.86","24.68","-288.0","-46.6780685305","-23.7207611022"
"13","2017-04-07","3.65","149.13","35.34","-288.0","-46.6780685305","-23.7207611022"
"13","2017-04-08","0.0","3.02","0.24","-287.0","-46.6780685305","-23.7207611022"
"13","2017-04-09","","","","-1.0","-46.6780685305","-23.7207611022"
"13","2017-04-10","0.0","2.64","0.02","-288.0","-46.6780685305","-23.7207611022"
"13","2017-04-11","0.0","1.35","0.0","-288.0","-46.6780685305","-23.7207611022"
"13","2017-04-12","0.03","10.16","1.29","-287.0","-46.6780685305","-23.7207611022"
"13","2017-04-13","0.0","0.0","0.0","0.0","-46.6780685305","-23.7207611022"
"13","2017-04-14","0.0","0.0","0.0","0.0","-46.6780685305","-23.7207611022"
"13","2017-04-15","0.0","0.0","0.0","0.0","-46.6780685305","-23.7207611022"
"13","2017-04-16","","","","-1.0","-46.6780685305","-23.7207611022"
"13","2017-04-17","0.0","2.7","0.12","-287.0","-46.6780685305","-23.7207611022"
"13","2017-04-18","0.0","0.0","0.0","0.0","-46.6780685305","-23.7207611022"
"13","2017-04-19","0.0","0.0","0.0","0.0","-46.6780685305","-23.7207611022"
"13","2017-04-20","","","","-1.0","-46.6780685305","-23.7207611022"
"13","2017-04-21","3.84","92.29","26.98","-288.0","-46.6780685305","-23.7207611022"
"13","2017-04-22","0.41","11.85","3.1","-287.0","-46.6780685305","-23.7207611022"
"13","2017-04-23","0.0","0.0","0.0","0.0","-46.6780685305","-23.7207611022"
"13","2017-04-24","0.0","0.0","0.0","0.0","-46.6780685305","-23.7207611022"
"13","2017-04-25","","","","-1.0","-46.6780685305","-23.7207611022"
"13","2017-04-26","3.44","78.53","17.67","-288.0","-46.6780685305","-23.7207611022"
"13","2017-04-27","0.46","6.69","1.85","-287.0","-46.6780685305","-23.7207611022"
"13","2017-04-28","0.0","0.0","0.0","0.0","-46.6780685305","-23.7207611022"
"13","2017-04-29","0.0","0.0","0.0","0.0","-46.6780685305","-23.7207611022"
"13","2017-04-30","0.0","0.0","0.0","0.0","-46.6780685305","-23.7207611022"
"13","2017-05-01","","","","-1.0","-46.6780685305","-23.7207611022"
"13","2017-05-02","0.0","0.13","0.0","-287.0","-46.6780685305","-23.7207611022"
"13","2017-05-03","0.0","0.0","0.0","0.0","-46.6780685305","-23.7207611022"
"13","2017-05-04","","","","-1.0","-46.6780685305","-23.7207611022"
"13","2017-05-05","2.43","65.03","16.37","-288.0","-46.6780685305","-23.7207611022"
"13","2017-05-06","0.4","12.89","2.47","-288.0","-46.6780685305","-23.7207611022"
"13","2017-05-07","0.0","1.03","0.08","-287.0","-46.6780685305","-23.7207611022"
"13","2017-05-08","0.0","0.0","0.0","0.0","-46.6780685305","-23.7207611022"
"13","2017-05-09","0.0","0.0","0.0","0.0","-46.6780685305","-23.7207611022"
"13","2017-05-10","0.0","0.0","0.0","0.0","-46.6780685305","-23.7207611022"
"13","2017-05-11","0.0","0.0","0.0","0.0","-46.6780685305","-23.7207611022"
"13","2017-05-12","0.0","0.0","0.0","0.0","-46.6780685305","-23.7207611022"
"13","2017-05-13","","","","-1.0","-46.6780685305","-23.7207611022"
"13","2017-05-14","0.0","2.05","0.12","-287.0","-46.6780685305","-23.7207611022"
"13","2017-05-15","0.0","0.0","0.0","0.0","-46.6780685305","-23.7207611022"
"13","2017-05-16","0.0","0.0","0.0","0.0","-46.6780685305","-23.7207611022"
"13","2017-05-17","","","","-1.0","-46.6780685305","-23.7207611022"
"13","2017-05-18","0.52","17.61","4.32","-288.0","-46.6780685305","-23.7207611022"
"13","2017-05-19","8.85","149.5","37.72","-288.0","-46.6780685305","-23.7207611022"
"13","2017-05-20","0.0","1.28","0.23","-288.0","-46.6780685305","-23.7207611022"
"13","2017-05-21","6.58","103.7","26.47","-288.0","-46.6780685305","-23.7207611022"
"13","2017-05-22","1.13","41.75","7.43","-287.0","-46.6780685305","-23.7207611022"
"13","2017-05-23","0.0","0.0","0.0","0.0","-46.6780685305","-23.7207611022"
"13","2017-05-24","0.0","0.0","0.0","0.0","-46.6780685305","-23.7207611022"
"13","2017-05-25","0.0","0.0","0.0","0.0","-46.6780685305","-23.7207611022"
"13","2017-05-26","0.0","0.0","0.0","0.0","-46.6780685305","-23.7207611022"
"13","2017-05-27","0.0","0.0","0.0","0.0","-46.6780685305","-23.7207611022"
"13","2017-05-28","0.0","0.0","0.0","0.0","-46.6780685305","-23.7207611022"
"13","2017-05-29","0.0","0.0","0.0","0.0","-46.6780685305","-23.7207611022"
"13","2017-05-30","0.0","0.0","0.0","0.0","-46.6780685305","-23.7207611022"
"13","2017-05-31","0.0","0.0","0.0","0.0","-46.6780685305","-23.7207611022"
"13","2017-06-01","0.0","0.0","0.0","0.0","-46.6780685305","-23.7207611022"
"13","2017-06-02","0.0","0.0","0.0","0.0","-46.6780685305","-23.7207611022"
"13","2017-06-03","0.0","0.0","0.0","0.0","-46.6780685305","-23.7207611022"
"13","2017-06-04","","","","-1.0","-46.6780685305","-23.7207611022"
"13","2017-06-05","9.5","159.96","45.84","-288.0","-46.6780685305","-23.7207611022"
"13","2017-06-06","7.32","175.48","38.34","-288.0","-46.6780685305","-23.7207611022"
"13","2017-06-07","2.01","73.94","15.52","-287.0","-46.6780685305","-23.7207611022"
"13","2017-06-08","","","","-1.0","-46.6780685305","-23.7207611022"
"13","2017-06-09","0.01","13.58","1.32","-288.0","-46.6780685305","-23.7207611022"
"13","2017-06-10","0.0","0.0","0.0","-287.0","-46.6780685305","-23.7207611022"
"13","2017-06-11","","","","-1.0","-46.6780685305","-23.7207611022"
"13","2017-06-12","0.0","0.09","0.0","-288.0","-46.6780685305","-23.7207611022"
"13","2017-06-13","4.55","179.4","37.06","-288.0","-46.6780685305","-23.7207611022"
"13","2017-06-14","0.15","10.04","1.51","-287.0","-46.6780685305","-23.7207611022"
"14","2016-10-31","","","","-1.0","-46.6209322136","-23.7096131407"
"14","2016-11-01","0.0","0.0","0.0","-288.0","-46.6209322136","-23.7096131407"
"14","2016-11-02","1.72","1.72","1.72","-288.0","-46.6209322136","-23.7096131407"
"14","2016-11-03","19.75","19.75","19.75","-288.0","-46.6209322136","-23.7096131407"
"14","2016-11-04","0.98","0.98","0.98","-288.0","-46.6209322136","-23.7096131407"
"14","2016-11-05","0.0","0.0","0.0","-288.0","-46.6209322136","-23.7096131407"
"14","2016-11-06","0.0","0.0","0.0","-288.0","-46.6209322136","-23.7096131407"
"14","2016-11-07","0.06","0.06","0.06","-288.0","-46.6209322136","-23.7096131407"
"14","2016-11-08","0.02","0.02","0.02","-288.0","-46.6209322136","-23.7096131407"
"14","2016-11-09","24.37","24.37","24.37","-288.0","-46.6209322136","-23.7096131407"
"14","2016-11-10","9.76","9.76","9.76","-288.0","-46.6209322136","-23.7096131407"
"14","2016-11-11","6.98","6.98","6.98","-288.0","-46.6209322136","-23.7096131407"
"14","2016-11-12","0.0","0.0","0.0","-288.0","-46.6209322136","-23.7096131407"
"14","2016-11-13","28.8","28.8","28.8","-288.0","-46.6209322136","-23.7096131407"
"14","2016-11-14","13.32","13.32","13.32","-287.0","-46.6209322136","-23.7096131407"
"14","2016-11-15","","","","-1.0","-46.6209322136","-23.7096131407"
"14","2016-11-16","2.98","2.98","2.98","-288.0","-46.6209322136","-23.7096131407"
"14","2016-11-17","6.99","6.99","6.99","-288.0","-46.6209322136","-23.7096131407"
"14","2016-11-18","3.45","3.45","3.45","-287.0","-46.6209322136","-23.7096131407"
"14","2016-11-19","0.0","0.0","0.0","0.0","-46.6209322136","-23.7096131407"
"14","2016-11-20","0.0","0.0","0.0","0.0","-46.6209322136","-23.7096131407"
"14","2016-11-21","0.0","0.0","0.0","0.0","-46.6209322136","-23.7096131407"
"14","2016-11-22","","","","-1.0","-46.6209322136","-23.7096131407"
"14","2016-11-23","2.91","2.91","2.91","-288.0","-46.6209322136","-23.7096131407"
"14","2016-11-24","0.0","0.0","0.0","-287.0","-46.6209322136","-23.7096131407"
"14","2016-11-25","0.0","0.0","0.0","0.0","-46.6209322136","-23.7096131407"
"14","2016-11-26","","","","-1.0","-46.6209322136","-23.7096131407"
"14","2016-11-27","0.34","0.34","0.34","-288.0","-46.6209322136","-23.7096131407"
"14","2016-11-28","2.62","2.62","2.62","-288.0","-46.6209322136","-23.7096131407"
"14","2016-11-29","11.6","11.6","11.6","-288.0","-46.6209322136","-23.7096131407"
"14","2016-11-30","0.0","0.0","0.0","-287.0","-46.6209322136","-23.7096131407"
"14","2016-12-01","0.0","0.0","0.0","0.0","-46.6209322136","-23.7096131407"
"14","2016-12-02","","","","-1.0","-46.6209322136","-23.7096131407"
"14","2016-12-03","10.36","10.36","10.36","-288.0","-46.6209322136","-23.7096131407"
"14","2016-12-04","4.96","4.96","4.96","-288.0","-46.6209322136","-23.7096131407"
"14","2016-12-05","0.41","0.41","0.41","-287.0","-46.6209322136","-23.7096131407"
"14","2016-12-06","","","","-1.0","-46.6209322136","-23.7096131407"
"14","2016-12-07","9.63","9.63","9.63","-288.0","-46.6209322136","-23.7096131407"
"14","2016-12-08","0.05","0.05","0.05","-288.0","-46.6209322136","-23.7096131407"
"14","2016-12-09","0.64","0.64","0.64","-288.0","-46.6209322136","-23.7096131407"
"14","2016-12-10","6.35","6.35","6.35","-288.0","-46.6209322136","-23.7096131407"
"14","2016-12-11","14.61","14.61","14.61","-288.0","-46.6209322136","-23.7096131407"
"14","2016-12-12","9.13","9.13","9.13","-288.0","-46.6209322136","-23.7096131407"
"14","2016-12-13","0.03","0.03","0.03","-288.0","-46.6209322136","-23.7096131407"
"14","2016-12-14","0.03","0.03","0.03","-288.0","-46.6209322136","-23.7096131407"
"14","2016-12-15","0.0","0.0","0.0","-287.0","-46.6209322136","-23.7096131407"
"14","2016-12-16","0.0","0.0","0.0","0.0","-46.6209322136","-23.7096131407"
"14","2016-12-17","","","","-1.0","-46.6209322136","-23.7096131407"
"14","2016-12-18","0.01","0.01","0.01","-288.0","-46.6209322136","-23.7096131407"
"14","2016-12-19","22.06","22.06","22.06","-288.0","-46.6209322136","-23.7096131407"
"14","2016-12-20","23.72","23.72","23.72","-288.0","-46.6209322136","-23.7096131407"
"14","2016-12-21","12.53","12.53","12.53","-288.0","-46.6209322136","-23.7096131407"
"14","2016-12-22","0.0","0.0","0.0","-288.0","-46.6209322136","-23.7096131407"
"14","2016-12-23","14.91","14.91","14.91","-288.0","-46.6209322136","-23.7096131407"
"14","2016-12-24","3.44","3.44","3.44","-288.0","-46.6209322136","-23.7096131407"
"14","2016-12-25","0.0","0.0","0.0","-288.0","-46.6209322136","-23.7096131407"
"14","2016-12-26","0.1","0.1","0.1","-288.0","-46.6209322136","-23.7096131407"
"14","2016-12-27","0.35","0.35","0.35","-288.0","-46.6209322136","-23.7096131407"
"14","2016-12-28","0.04","0.04","0.04","-288.0","-46.6209322136","-23.7096131407"
"14","2016-12-29","6.82","6.82","6.82","-288.0","-46.6209322136","-23.7096131407"
"14","2016-12-30","0.01","0.01","0.01","-288.0","-46.6209322136","-23.7096131407"
"14","2016-12-31","4.55","4.55","4.55","-287.0","-46.6209322136","-23.7096131407"
"14","2017-01-01","","","","-1.0","-46.6209322136","-23.7096131407"
"14","2017-01-02","26.92","26.92","26.92","-288.0","-46.6209322136","-23.7096131407"
"14","2017-01-03","0.58","0.58","0.58","-288.0","-46.6209322136","-23.7096131407"
"14","2017-01-04","0.23","0.23","0.23","-288.0","-46.6209322136","-23.7096131407"
"14","2017-01-05","0.0","0.0","0.0","-288.0","-46.6209322136","-23.7096131407"
"14","2017-01-06","2.06","2.06","2.06","-288.0","-46.6209322136","-23.7096131407"
"14","2017-01-07","13.4","13.4","13.4","-288.0","-46.6209322136","-23.7096131407"
"14","2017-01-08","0.71","0.71","0.71","-288.0","-46.6209322136","-23.7096131407"
"14","2017-01-09","0.58","0.58","0.58","-288.0","-46.6209322136","-23.7096131407"
"14","2017-01-10","2.09","2.09","2.09","-288.0","-46.6209322136","-23.7096131407"
"14","2017-01-11","8.43","8.43","8.43","-288.0","-46.6209322136","-23.7096131407"
"14","2017-01-12","2.16","2.16","2.16","-288.0","-46.6209322136","-23.7096131407"
"14","2017-01-13","0.0","0.0","0.0","-288.0","-46.6209322136","-23.7096131407"
"14","2017-01-14","0.0","0.0","0.0","-288.0","-46.6209322136","-23.7096131407"
"14","2017-01-15","0.17","0.17","0.17","-288.0","-46.6209322136","-23.7096131407"
"14","2017-01-16","9.65","9.65","9.65","-288.0","-46.6209322136","-23.7096131407"
"14","2017-01-17","28.16","28.16","28.16","-288.0","-46.6209322136","-23.7096131407"
"14","2017-01-18","38.82","38.82","38.82","-288.0","-46.6209322136","-23.7096131407"
"14","2017-01-19","35.44","35.44","35.44","-288.0","-46.6209322136","-23.7096131407"
"14","2017-01-20","30.63","30.63","30.63","-288.0","-46.6209322136","-23.7096131407"
"14","2017-01-21","30.44","30.44","30.44","-288.0","-46.6209322136","-23.7096131407"
"14","2017-01-22","17.13","17.13","17.13","-288.0","-46.6209322136","-23.7096131407"
"14","2017-01-23","4.95","4.95","4.95","-288.0","-46.6209322136","-23.7096131407"
"14","2017-01-24","0.88","0.88","0.88","-288.0","-46.6209322136","-23.7096131407"
"14","2017-01-25","0.32","0.32","0.32","-288.0","-46.6209322136","-23.7096131407"
"14","2017-01-26","18.81","18.81","18.81","-288.0","-46.6209322136","-23.7096131407"
"14","2017-01-27","10.25","10.25","10.25","-288.0","-46.6209322136","-23.7096131407"
"14","2017-01-28","0.0","0.0","0.0","-288.0","-46.6209322136","-23.7096131407"
"14","2017-01-29","0.3","0.3","0.3","-288.0","-46.6209322136","-23.7096131407"
"14","2017-01-30","0.03","0.03","0.03","-288.0","-46.6209322136","-23.7096131407"
"14","2017-01-31","1.14","1.14","1.14","-288.0","-46.6209322136","-23.7096131407"
"14","2017-02-01","27.04","27.04","27.04","-288.0","-46.6209322136","-23.7096131407"
"14","2017-02-02","6.8","6.8","6.8","-288.0","-46.6209322136","-23.7096131407"
"14","2017-02-03","3.54","3.54","3.54","-288.0","-46.6209322136","-23.7096131407"
"14","2017-02-04","6.33","6.33","6.33","-288.0","-46.6209322136","-23.7096131407"
"14","2017-02-05","0.0","0.0","0.0","-288.0","-46.6209322136","-23.7096131407"
"14","2017-02-06","16.24","16.24","16.24","-288.0","-46.6209322136","-23.7096131407"
"14","2017-02-07","0.18","0.18","0.18","-288.0","-46.6209322136","-23.7096131407"
"14","2017-02-08","0.0","0.0","0.0","-287.0","-46.6209322136","-23.7096131407"
"14","2017-02-09","0.0","0.0","0.0","0.0","-46.6209322136","-23.7096131407"
"14","2017-02-10","0.0","0.0","0.0","0.0","-46.6209322136","-23.7096131407"
"14","2017-02-11","0.0","0.0","0.0","0.0","-46.6209322136","-23.7096131407"
"14","2017-02-12","0.0","0.0","0.0","0.0","-46.6209322136","-23.7096131407"
"14","2017-02-13","0.0","0.0","0.0","0.0","-46.6209322136","-23.7096131407"
"14","2017-02-14","0.0","0.0","0.0","0.0","-46.6209322136","-23.7096131407"
"14","2017-02-15","0.0","0.0","0.0","0.0","-46.6209322136","-23.7096131407"
"14","2017-02-16","","","","-1.0","-46.6209322136","-23.7096131407"
"14","2017-02-17","0.0","0.0","0.0","-288.0","-46.6209322136","-23.7096131407"
"14","2017-02-18","0.0","0.0","0.0","-287.0","-46.6209322136","-23.7096131407"
"14","2017-02-19","0.0","0.0","0.0","0.0","-46.6209322136","-23.7096131407"
"14","2017-02-20","0.0","0.0","0.0","0.0","-46.6209322136","-23.7096131407"
"14","2017-02-21","","","","-1.0","-46.6209322136","-23.7096131407"
"14","2017-02-22","3.92","3.92","3.92","-288.0","-46.6209322136","-23.7096131407"
"14","2017-02-23","4.98","4.98","4.98","-288.0","-46.6209322136","-23.7096131407"
"14","2017-02-24","63.25","63.25","63.25","-288.0","-46.6209322136","-23.7096131407"
"14","2017-02-25","2.02","2.02","2.02","-288.0","-46.6209322136","-23.7096131407"
"14","2017-02-26","0.39","0.39","0.39","-288.0","-46.6209322136","-23.7096131407"
"14","2017-02-27","0.53","0.53","0.53","-288.0","-46.6209322136","-23.7096131407"
"14","2017-02-28","0.01","0.01","0.01","-288.0","-46.6209322136","-23.7096131407"
"14","2017-03-01","0.0","0.0","0.0","-288.0","-46.6209322136","-23.7096131407"
"14","2017-03-02","44.49","44.49","44.49","-288.0","-46.6209322136","-23.7096131407"
"14","2017-03-03","3.67","3.67","3.67","-288.0","-46.6209322136","-23.7096131407"
"14","2017-03-04","0.3","0.3","0.3","-288.0","-46.6209322136","-23.7096131407"
"14","2017-03-05","11.18","11.18","11.18","-288.0","-46.6209322136","-23.7096131407"
"14","2017-03-06","4.01","4.01","4.01","-288.0","-46.6209322136","-23.7096131407"
"14","2017-03-07","64.15","64.15","64.15","-288.0","-46.6209322136","-23.7096131407"
"14","2017-03-08","11.4","11.4","11.4","-288.0","-46.6209322136","-23.7096131407"
"14","2017-03-09","0.0","0.0","0.0","-288.0","-46.6209322136","-23.7096131407"
"14","2017-03-10","0.01","0.01","0.01","-288.0","-46.6209322136","-23.7096131407"
"14","2017-03-11","0.0","0.0","0.0","-288.0","-46.6209322136","-23.7096131407"
"14","2017-03-12","0.04","0.04","0.04","-288.0","-46.6209322136","-23.7096131407"
"14","2017-03-13","6.8","6.8","6.8","-288.0","-46.6209322136","-23.7096131407"
"14","2017-03-14","0.0","0.0","0.0","-288.0","-46.6209322136","-23.7096131407"
"14","2017-03-15","0.4","0.4","0.4","-288.0","-46.6209322136","-23.7096131407"
"14","2017-03-16","0.01","0.01","0.01","-288.0","-46.6209322136","-23.7096131407"
"14","2017-03-17","12.46","12.46","12.46","-288.0","-46.6209322136","-23.7096131407"
"14","2017-03-18","1.14","1.14","1.14","-288.0","-46.6209322136","-23.7096131407"
"14","2017-03-19","1.66","1.66","1.66","-288.0","-46.6209322136","-23.7096131407"
"14","2017-03-20","0.0","0.0","0.0","-287.0","-46.6209322136","-23.7096131407"
"14","2017-03-21","0.0","0.0","0.0","0.0","-46.6209322136","-23.7096131407"
"14","2017-03-22","0.0","0.0","0.0","0.0","-46.6209322136","-23.7096131407"
"14","2017-03-23","","","","-1.0","-46.6209322136","-23.7096131407"
"14","2017-03-24","0.0","0.0","0.0","-288.0","-46.6209322136","-23.7096131407"
"14","2017-03-25","0.4","0.4","0.4","-287.0","-46.6209322136","-23.7096131407"
"14","2017-03-26","","","","-1.0","-46.6209322136","-23.7096131407"
"14","2017-03-27","0.26","0.26","0.26","-288.0","-46.6209322136","-23.7096131407"
"14","2017-03-28","0.37","0.37","0.37","-288.0","-46.6209322136","-23.7096131407"
"14","2017-03-29","0.59","0.59","0.59","-287.0","-46.6209322136","-23.7096131407"
"14","2017-03-30","0.0","0.0","0.0","0.0","-46.6209322136","-23.7096131407"
"14","2017-03-31","0.0","0.0","0.0","0.0","-46.6209322136","-23.7096131407"
"14","2017-04-01","0.0","0.0","0.0","0.0","-46.6209322136","-23.7096131407"
"14","2017-04-02","0.0","0.0","0.0","0.0","-46.6209322136","-23.7096131407"
"14","2017-04-03","0.0","0.0","0.0","0.0","-46.6209322136","-23.7096131407"
"14","2017-04-04","","","","-1.0","-46.6209322136","-23.7096131407"
"14","2017-04-05","0.0","0.0","0.0","-288.0","-46.6209322136","-23.7096131407"
"14","2017-04-06","24.49","24.49","24.49","-288.0","-46.6209322136","-23.7096131407"
"14","2017-04-07","37.97","37.97","37.97","-288.0","-46.6209322136","-23.7096131407"
"14","2017-04-08","0.0","0.0","0.0","-287.0","-46.6209322136","-23.7096131407"
"14","2017-04-09","","","","-1.0","-46.6209322136","-23.7096131407"
"14","2017-04-10","0.0","0.0","0.0","-288.0","-46.6209322136","-23.7096131407"
"14","2017-04-11","0.01","0.01","0.01","-288.0","-46.6209322136","-23.7096131407"
"14","2017-04-12","1.16","1.16","1.16","-287.0","-46.6209322136","-23.7096131407"
"14","2017-04-13","0.0","0.0","0.0","0.0","-46.6209322136","-23.7096131407"
"14","2017-04-14","0.0","0.0","0.0","0.0","-46.6209322136","-23.7096131407"
"14","2017-04-15","0.0","0.0","0.0","0.0","-46.6209322136","-23.7096131407"
"14","2017-04-16","","","","-1.0","-46.6209322136","-23.7096131407"
"14","2017-04-17","0.1","0.1","0.1","-287.0","-46.6209322136","-23.7096131407"
"14","2017-04-18","0.0","0.0","0.0","0.0","-46.6209322136","-23.7096131407"
"14","2017-04-19","0.0","0.0","0.0","0.0","-46.6209322136","-23.7096131407"
"14","2017-04-20","","","","-1.0","-46.6209322136","-23.7096131407"
"14","2017-04-21","34.12","34.12","34.12","-288.0","-46.6209322136","-23.7096131407"
"14","2017-04-22","4.47","4.47","4.47","-287.0","-46.6209322136","-23.7096131407"
"14","2017-04-23","0.0","0.0","0.0","0.0","-46.6209322136","-23.7096131407"
"14","2017-04-24","0.0","0.0","0.0","0.0","-46.6209322136","-23.7096131407"
"14","2017-04-25","","","","-1.0","-46.6209322136","-23.7096131407"
"14","2017-04-26","19.92","19.92","19.92","-288.0","-46.6209322136","-23.7096131407"
"14","2017-04-27","2.17","2.17","2.17","-287.0","-46.6209322136","-23.7096131407"
"14","2017-04-28","0.0","0.0","0.0","0.0","-46.6209322136","-23.7096131407"
"14","2017-04-29","0.0","0.0","0.0","0.0","-46.6209322136","-23.7096131407"
"14","2017-04-30","0.0","0.0","0.0","0.0","-46.6209322136","-23.7096131407"
"14","2017-05-01","","","","-1.0","-46.6209322136","-23.7096131407"
"14","2017-05-02","0.0","0.0","0.0","-287.0","-46.6209322136","-23.7096131407"
"14","2017-05-03","0.0","0.0","0.0","0.0","-46.6209322136","-23.7096131407"
"14","2017-05-04","","","","-1.0","-46.6209322136","-23.7096131407"
"14","2017-05-05","11.31","11.31","11.31","-288.0","-46.6209322136","-23.7096131407"
"14","2017-05-06","3.03","3.03","3.03","-288.0","-46.6209322136","-23.7096131407"
"14","2017-05-07","0.1","0.1","0.1","-287.0","-46.6209322136","-23.7096131407"
"14","2017-05-08","0.0","0.0","0.0","0.0","-46.6209322136","-23.7096131407"
"14","2017-05-09","0.0","0.0","0.0","0.0","-46.6209322136","-23.7096131407"
"14","2017-05-10","0.0","0.0","0.0","0.0","-46.6209322136","-23.7096131407"
"14","2017-05-11","0.0","0.0","0.0","0.0","-46.6209322136","-23.7096131407"
"14","2017-05-12","0.0","0.0","0.0","0.0","-46.6209322136","-23.7096131407"
"14","2017-05-13","","","","-1.0","-46.6209322136","-23.7096131407"
"14","2017-05-14","0.04","0.04","0.04","-287.0","-46.6209322136","-23.7096131407"
"14","2017-05-15","0.0","0.0","0.0","0.0","-46.6209322136","-23.7096131407"
"14","2017-05-16","0.0","0.0","0.0","0.0","-46.6209322136","-23.7096131407"
"14","2017-05-17","","","","-1.0","-46.6209322136","-23.7096131407"
"14","2017-05-18","5.1","5.1","5.1","-288.0","-46.6209322136","-23.7096131407"
"14","2017-05-19","34.08","34.08","34.08","-288.0","-46.6209322136","-23.7096131407"
"14","2017-05-20","0.24","0.24","0.24","-288.0","-46.6209322136","-23.7096131407"
"14","2017-05-21","21.41","21.41","21.41","-288.0","-46.6209322136","-23.7096131407"
"14","2017-05-22","6.69","6.69","6.69","-287.0","-46.6209322136","-23.7096131407"
"14","2017-05-23","0.0","0.0","0.0","0.0","-46.6209322136","-23.7096131407"
"14","2017-05-24","0.0","0.0","0.0","0.0","-46.6209322136","-23.7096131407"
"14","2017-05-25","0.0","0.0","0.0","0.0","-46.6209322136","-23.7096131407"
"14","2017-05-26","0.0","0.0","0.0","0.0","-46.6209322136","-23.7096131407"
"14","2017-05-27","0.0","0.0","0.0","0.0","-46.6209322136","-23.7096131407"
"14","2017-05-28","0.0","0.0","0.0","0.0","-46.6209322136","-23.7096131407"
"14","2017-05-29","0.0","0.0","0.0","0.0","-46.6209322136","-23.7096131407"
"14","2017-05-30","0.0","0.0","0.0","0.0","-46.6209322136","-23.7096131407"
"14","2017-05-31","0.0","0.0","0.0","0.0","-46.6209322136","-23.7096131407"
"14","2017-06-01","0.0","0.0","0.0","0.0","-46.6209322136","-23.7096131407"
"14","2017-06-02","0.0","0.0","0.0","0.0","-46.6209322136","-23.7096131407"
"14","2017-06-03","0.0","0.0","0.0","0.0","-46.6209322136","-23.7096131407"
"14","2017-06-04","","","","-1.0","-46.6209322136","-23.7096131407"
"14","2017-06-05","43.15","43.15","43.15","-288.0","-46.6209322136","-23.7096131407"
"14","2017-06-06","29.68","29.68","29.68","-288.0","-46.6209322136","-23.7096131407"
"14","2017-06-07","19.67","19.67","19.67","-287.0","-46.6209322136","-23.7096131407"
"14","2017-06-08","","","","-1.0","-46.6209322136","-23.7096131407"
"14","2017-06-09","0.58","0.58","0.58","-288.0","-46.6209322136","-23.7096131407"
"14","2017-06-10","0.0","0.0","0.0","-287.0","-46.6209322136","-23.7096131407"
"14","2017-06-11","","","","-1.0","-46.6209322136","-23.7096131407"
"14","2017-06-12","0.03","0.03","0.03","-288.0","-46.6209322136","-23.7096131407"
"14","2017-06-13","55.34","55.34","55.34","-288.0","-46.6209322136","-23.7096131407"
"14","2017-06-14","1.12","1.12","1.12","-287.0","-46.6209322136","-23.7096131407"
"15","2016-10-31","","","","-1.0","-46.7863004446","-23.6505718615"
"15","2016-11-01","0.0","0.22","0.01","-288.0","-46.7863004446","-23.6505718615"
"15","2016-11-02","1.0","26.34","6.6","-288.0","-46.7863004446","-23.6505718615"
"15","2016-11-03","1.5","28.76","7.19","-288.0","-46.7863004446","-23.6505718615"
"15","2016-11-04","0.06","1.37","0.22","-288.0","-46.7863004446","-23.6505718615"
"15","2016-11-05","0.0","0.0","0.0","-288.0","-46.7863004446","-23.6505718615"
"15","2016-11-06","0.0","0.09","0.0","-288.0","-46.7863004446","-23.6505718615"
"15","2016-11-07","0.0","0.19","0.02","-288.0","-46.7863004446","-23.6505718615"
"15","2016-11-08","0.0","0.27","0.01","-288.0","-46.7863004446","-23.6505718615"
"15","2016-11-09","7.23","73.36","31.68","-288.0","-46.7863004446","-23.6505718615"
"15","2016-11-10","2.93","49.71","16.61","-288.0","-46.7863004446","-23.6505718615"
"15","2016-11-11","0.03","15.42","5.59","-288.0","-46.7863004446","-23.6505718615"
"15","2016-11-12","0.01","0.63","0.11","-288.0","-46.7863004446","-23.6505718615"
"15","2016-11-13","13.35","55.61","29.15","-288.0","-46.7863004446","-23.6505718615"
"15","2016-11-14","7.49","36.02","15.35","-287.0","-46.7863004446","-23.6505718615"
"15","2016-11-15","","","","-1.0","-46.7863004446","-23.6505718615"
"15","2016-11-16","0.97","23.03","6.63","-288.0","-46.7863004446","-23.6505718615"
"15","2016-11-17","1.09","32.58","9.04","-288.0","-46.7863004446","-23.6505718615"
"15","2016-11-18","0.01","8.01","1.01","-287.0","-46.7863004446","-23.6505718615"
"15","2016-11-19","0.0","0.0","0.0","0.0","-46.7863004446","-23.6505718615"
"15","2016-11-20","0.0","0.0","0.0","0.0","-46.7863004446","-23.6505718615"
"15","2016-11-21","0.0","0.0","0.0","0.0","-46.7863004446","-23.6505718615"
"15","2016-11-22","","","","-1.0","-46.7863004446","-23.6505718615"
"15","2016-11-23","0.02","3.07","0.31","-288.0","-46.7863004446","-23.6505718615"
"15","2016-11-24","0.0","0.0","0.0","-287.0","-46.7863004446","-23.6505718615"
"15","2016-11-25","0.0","0.0","0.0","0.0","-46.7863004446","-23.6505718615"
"15","2016-11-26","","","","-1.0","-46.7863004446","-23.6505718615"
"15","2016-11-27","1.2","20.74","5.52","-288.0","-46.7863004446","-23.6505718615"
"15","2016-11-28","0.17","20.82","5.98","-288.0","-46.7863004446","-23.6505718615"
"15","2016-11-29","3.37","23.8","9.54","-288.0","-46.7863004446","-23.6505718615"
"15","2016-11-30","0.0","0.0","0.0","-287.0","-46.7863004446","-23.6505718615"
"15","2016-12-01","0.0","0.0","0.0","0.0","-46.7863004446","-23.6505718615"
"15","2016-12-02","","","","-1.0","-46.7863004446","-23.6505718615"
"15","2016-12-03","2.97","27.51","11.6","-288.0","-46.7863004446","-23.6505718615"
"15","2016-12-04","2.09","21.31","7.6","-288.0","-46.7863004446","-23.6505718615"
"15","2016-12-05","0.05","1.68","0.78","-287.0","-46.7863004446","-23.6505718615"
"15","2016-12-06","","","","-1.0","-46.7863004446","-23.6505718615"
"15","2016-12-07","0.85","31.41","10.71","-288.0","-46.7863004446","-23.6505718615"
"15","2016-12-08","0.0","1.85","0.13","-288.0","-46.7863004446","-23.6505718615"
"15","2016-12-09","0.04","1.76","0.4","-288.0","-46.7863004446","-23.6505718615"
"15","2016-12-10","1.76","19.57","6.66","-288.0","-46.7863004446","-23.6505718615"
"15","2016-12-11","1.74","50.18","13.17","-288.0","-46.7863004446","-23.6505718615"
"15","2016-12-12","5.29","48.45","18.31","-288.0","-46.7863004446","-23.6505718615"
"15","2016-12-13","0.0","0.9","0.04","-288.0","-46.7863004446","-23.6505718615"
"15","2016-12-14","0.0","3.27","0.13","-288.0","-46.7863004446","-23.6505718615"
"15","2016-12-15","0.0","0.0","0.0","-287.0","-46.7863004446","-23.6505718615"
"15","2016-12-16","0.0","0.0","0.0","0.0","-46.7863004446","-23.6505718615"
"15","2016-12-17","","","","-1.0","-46.7863004446","-23.6505718615"
"15","2016-12-18","0.16","73.56","6.17","-288.0","-46.7863004446","-23.6505718615"
"15","2016-12-19","0.54","15.99","3.65","-288.0","-46.7863004446","-23.6505718615"
"15","2016-12-20","0.52","6.54","2.08","-288.0","-46.7863004446","-23.6505718615"
"15","2016-12-21","0.02","6.62","1.41","-288.0","-46.7863004446","-23.6505718615"
"15","2016-12-22","0.0","0.0","0.0","-288.0","-46.7863004446","-23.6505718615"
"15","2016-12-23","1.44","45.13","16.15","-288.0","-46.7863004446","-23.6505718615"
"15","2016-12-24","0.93","11.38","3.46","-288.0","-46.7863004446","-23.6505718615"
"15","2016-12-25","0.0","0.88","0.03","-288.0","-46.7863004446","-23.6505718615"
"15","2016-12-26","0.0","0.41","0.04","-288.0","-46.7863004446","-23.6505718615"
"15","2016-12-27","0.0","17.29","3.77","-288.0","-46.7863004446","-23.6505718615"
"15","2016-12-28","0.59","49.68","10.67","-288.0","-46.7863004446","-23.6505718615"
"15","2016-12-29","0.0","3.12","0.38","-288.0","-46.7863004446","-23.6505718615"
"15","2016-12-30","0.0","0.4","0.01","-288.0","-46.7863004446","-23.6505718615"
"15","2016-12-31","0.0","0.56","0.03","-287.0","-46.7863004446","-23.6505718615"
"15","2017-01-01","","","","-1.0","-46.7863004446","-23.6505718615"
"15","2017-01-02","3.15","92.52","28.72","-288.0","-46.7863004446","-23.6505718615"
"15","2017-01-03","0.91","20.04","5.11","-288.0","-46.7863004446","-23.6505718615"
"15","2017-01-04","0.0","0.64","0.03","-288.0","-46.7863004446","-23.6505718615"
"15","2017-01-05","0.0","0.33","0.01","-288.0","-46.7863004446","-23.6505718615"
"15","2017-01-06","0.71","17.26","4.06","-288.0","-46.7863004446","-23.6505718615"
"15","2017-01-07","1.55","14.16","4.72","-288.0","-46.7863004446","-23.6505718615"
"15","2017-01-08","0.07","2.15","0.66","-288.0","-46.7863004446","-23.6505718615"
"15","2017-01-09","9.4","95.7","53.36","-288.0","-46.7863004446","-23.6505718615"
"15","2017-01-10","3.28","29.74","10.83","-288.0","-46.7863004446","-23.6505718615"
"15","2017-01-11","0.03","7.97","1.73","-288.0","-46.7863004446","-23.6505718615"
"15","2017-01-12","1.35","48.26","19.16","-288.0","-46.7863004446","-23.6505718615"
"15","2017-01-13","0.0","0.32","0.01","-288.0","-46.7863004446","-23.6505718615"
"15","2017-01-14","0.0","0.51","0.02","-288.0","-46.7863004446","-23.6505718615"
"15","2017-01-15","0.0","10.13","0.89","-288.0","-46.7863004446","-23.6505718615"
"15","2017-01-16","6.49","80.29","28.97","-288.0","-46.7863004446","-23.6505718615"
"15","2017-01-17","8.58","61.99","25.52","-288.0","-46.7863004446","-23.6505718615"
"15","2017-01-18","12.91","154.69","60.69","-288.0","-46.7863004446","-23.6505718615"
"15","2017-01-19","10.09","107.47","36.67","-288.0","-46.7863004446","-23.6505718615"
"15","2017-01-20","8.9","91.75","34.12","-288.0","-46.7863004446","-23.6505718615"
"15","2017-01-21","7.76","96.12","28.27","-288.0","-46.7863004446","-23.6505718615"
"15","2017-01-22","6.29","47.22","19.63","-288.0","-46.7863004446","-23.6505718615"
"15","2017-01-23","0.14","2.72","0.65","-288.0","-46.7863004446","-23.6505718615"
"15","2017-01-24","1.19","17.71","7.86","-288.0","-46.7863004446","-23.6505718615"
"15","2017-01-25","0.0","1.71","0.3","-288.0","-46.7863004446","-23.6505718615"
"15","2017-01-26","6.24","46.84","20.45","-288.0","-46.7863004446","-23.6505718615"
"15","2017-01-27","2.25","31.47","9.42","-288.0","-46.7863004446","-23.6505718615"
"15","2017-01-28","0.0","0.02","0.0","-288.0","-46.7863004446","-23.6505718615"
"15","2017-01-29","0.0","1.64","0.26","-288.0","-46.7863004446","-23.6505718615"
"15","2017-01-30","0.0","3.78","0.58","-288.0","-46.7863004446","-23.6505718615"
"15","2017-01-31","2.79","38.44","13.89","-288.0","-46.7863004446","-23.6505718615"
"15","2017-02-01","5.39","74.1","19.37","-288.0","-46.7863004446","-23.6505718615"
"15","2017-02-02","3.11","19.96","8.77","-288.0","-46.7863004446","-23.6505718615"
"15","2017-02-03","1.69","22.91","5.71","-288.0","-46.7863004446","-23.6505718615"
"15","2017-02-04","0.36","24.18","5.7","-288.0","-46.7863004446","-23.6505718615"
"15","2017-02-05","0.0","0.14","0.01","-288.0","-46.7863004446","-23.6505718615"
"15","2017-02-06","6.86","67.33","26.91","-288.0","-46.7863004446","-23.6505718615"
"15","2017-02-07","0.02","7.76","1.22","-288.0","-46.7863004446","-23.6505718615"
"15","2017-02-08","0.0","0.0","0.0","-287.0","-46.7863004446","-23.6505718615"
"15","2017-02-09","0.0","0.0","0.0","0.0","-46.7863004446","-23.6505718615"
"15","2017-02-10","0.0","0.0","0.0","0.0","-46.7863004446","-23.6505718615"
"15","2017-02-11","0.0","0.0","0.0","0.0","-46.7863004446","-23.6505718615"
"15","2017-02-12","0.0","0.0","0.0","0.0","-46.7863004446","-23.6505718615"
"15","2017-02-13","0.0","0.0","0.0","0.0","-46.7863004446","-23.6505718615"
"15","2017-02-14","0.0","0.0","0.0","0.0","-46.7863004446","-23.6505718615"
"15","2017-02-15","0.0","0.0","0.0","0.0","-46.7863004446","-23.6505718615"
"15","2017-02-16","","","","-1.0","-46.7863004446","-23.6505718615"
"15","2017-02-17","0.0","0.26","0.01","-288.0","-46.7863004446","-23.6505718615"
"15","2017-02-18","0.0","0.0","0.0","-287.0","-46.7863004446","-23.6505718615"
"15","2017-02-19","0.0","0.0","0.0","0.0","-46.7863004446","-23.6505718615"
"15","2017-02-20","0.0","0.0","0.0","0.0","-46.7863004446","-23.6505718615"
"15","2017-02-21","","","","-1.0","-46.7863004446","-23.6505718615"
"15","2017-02-22","0.1","41.44","6.99","-288.0","-46.7863004446","-23.6505718615"
"15","2017-02-23","0.0","2.61","0.32","-288.0","-46.7863004446","-23.6505718615"
"15","2017-02-24","5.36","101.27","31.72","-288.0","-46.7863004446","-23.6505718615"
"15","2017-02-25","0.27","15.3","4.27","-288.0","-46.7863004446","-23.6505718615"
"15","2017-02-26","0.0","6.04","0.37","-288.0","-46.7863004446","-23.6505718615"
"15","2017-02-27","0.01","5.2","0.93","-288.0","-46.7863004446","-23.6505718615"
"15","2017-02-28","0.0","0.65","0.03","-288.0","-46.7863004446","-23.6505718615"
"15","2017-03-01","0.0","2.37","0.14","-288.0","-46.7863004446","-23.6505718615"
"15","2017-03-02","0.74","54.71","11.94","-288.0","-46.7863004446","-23.6505718615"
"15","2017-03-03","0.37","18.46","4.65","-288.0","-46.7863004446","-23.6505718615"
"15","2017-03-04","0.51","33.37","7.94","-288.0","-46.7863004446","-23.6505718615"
"15","2017-03-05","5.32","89.87","32.24","-288.0","-46.7863004446","-23.6505718615"
"15","2017-03-06","1.7","21.52","7.08","-288.0","-46.7863004446","-23.6505718615"
"15","2017-03-07","1.48","43.25","14.87","-288.0","-46.7863004446","-23.6505718615"
"15","2017-03-08","1.33","11.03","4.45","-288.0","-46.7863004446","-23.6505718615"
"15","2017-03-09","0.0","0.0","0.0","-288.0","-46.7863004446","-23.6505718615"
"15","2017-03-10","0.07","13.25","2.04","-288.0","-46.7863004446","-23.6505718615"
"15","2017-03-11","0.0","0.31","0.0","-288.0","-46.7863004446","-23.6505718615"
"15","2017-03-12","0.0","0.21","0.02","-288.0","-46.7863004446","-23.6505718615"
"15","2017-03-13","0.0","0.69","0.03","-288.0","-46.7863004446","-23.6505718615"
"15","2017-03-14","0.0","2.4","0.13","-288.0","-46.7863004446","-23.6505718615"
"15","2017-03-15","0.04","11.45","2.2","-288.0","-46.7863004446","-23.6505718615"
"15","2017-03-16","0.0","0.03","0.0","-288.0","-46.7863004446","-23.6505718615"
"15","2017-03-17","2.93","84.43","28.73","-288.0","-46.7863004446","-23.6505718615"
"15","2017-03-18","0.17","3.08","1.09","-288.0","-46.7863004446","-23.6505718615"
"15","2017-03-19","0.97","5.74","2.2","-288.0","-46.7863004446","-23.6505718615"
"15","2017-03-20","0.0","0.06","0.01","-287.0","-46.7863004446","-23.6505718615"
"15","2017-03-21","0.0","0.0","0.0","0.0","-46.7863004446","-23.6505718615"
"15","2017-03-22","0.0","0.0","0.0","0.0","-46.7863004446","-23.6505718615"
"15","2017-03-23","","","","-1.0","-46.7863004446","-23.6505718615"
"15","2017-03-24","0.0","0.0","0.0","-288.0","-46.7863004446","-23.6505718615"
"15","2017-03-25","0.14","15.84","2.03","-287.0","-46.7863004446","-23.6505718615"
"15","2017-03-26","","","","-1.0","-46.7863004446","-23.6505718615"
"15","2017-03-27","0.09","11.55","1.61","-288.0","-46.7863004446","-23.6505718615"
"15","2017-03-28","0.04","7.66","1.57","-288.0","-46.7863004446","-23.6505718615"
"15","2017-03-29","0.04","0.52","0.15","-287.0","-46.7863004446","-23.6505718615"
"15","2017-03-30","0.0","0.0","0.0","0.0","-46.7863004446","-23.6505718615"
"15","2017-03-31","0.0","0.0","0.0","0.0","-46.7863004446","-23.6505718615"
"15","2017-04-01","0.0","0.0","0.0","0.0","-46.7863004446","-23.6505718615"
"15","2017-04-02","0.0","0.0","0.0","0.0","-46.7863004446","-23.6505718615"
"15","2017-04-03","0.0","0.0","0.0","0.0","-46.7863004446","-23.6505718615"
"15","2017-04-04","","","","-1.0","-46.7863004446","-23.6505718615"
"15","2017-04-05","0.0","0.0","0.0","-288.0","-46.7863004446","-23.6505718615"
"15","2017-04-06","8.15","73.15","27.92","-288.0","-46.7863004446","-23.6505718615"
"15","2017-04-07","7.62","88.8","35.3","-288.0","-46.7863004446","-23.6505718615"
"15","2017-04-08","0.0","1.27","0.34","-287.0","-46.7863004446","-23.6505718615"
"15","2017-04-09","","","","-1.0","-46.7863004446","-23.6505718615"
"15","2017-04-10","0.0","0.0","0.0","-288.0","-46.7863004446","-23.6505718615"
"15","2017-04-11","0.0","0.61","0.09","-288.0","-46.7863004446","-23.6505718615"
"15","2017-04-12","0.0","1.12","0.18","-287.0","-46.7863004446","-23.6505718615"
"15","2017-04-13","0.0","0.0","0.0","0.0","-46.7863004446","-23.6505718615"
"15","2017-04-14","0.0","0.0","0.0","0.0","-46.7863004446","-23.6505718615"
"15","2017-04-15","0.0","0.0","0.0","0.0","-46.7863004446","-23.6505718615"
"15","2017-04-16","","","","-1.0","-46.7863004446","-23.6505718615"
"15","2017-04-17","0.12","1.72","0.48","-287.0","-46.7863004446","-23.6505718615"
"15","2017-04-18","0.0","0.0","0.0","0.0","-46.7863004446","-23.6505718615"
"15","2017-04-19","0.0","0.0","0.0","0.0","-46.7863004446","-23.6505718615"
"15","2017-04-20","","","","-1.0","-46.7863004446","-23.6505718615"
"15","2017-04-21","5.4","50.78","20.5","-288.0","-46.7863004446","-23.6505718615"
"15","2017-04-22","1.64","8.0","3.76","-287.0","-46.7863004446","-23.6505718615"
"15","2017-04-23","0.0","0.0","0.0","0.0","-46.7863004446","-23.6505718615"
"15","2017-04-24","0.0","0.0","0.0","0.0","-46.7863004446","-23.6505718615"
"15","2017-04-25","","","","-1.0","-46.7863004446","-23.6505718615"
"15","2017-04-26","7.74","46.03","20.02","-288.0","-46.7863004446","-23.6505718615"
"15","2017-04-27","0.86","3.89","1.91","-287.0","-46.7863004446","-23.6505718615"
"15","2017-04-28","0.0","0.0","0.0","0.0","-46.7863004446","-23.6505718615"
"15","2017-04-29","0.0","0.0","0.0","0.0","-46.7863004446","-23.6505718615"
"15","2017-04-30","0.0","0.0","0.0","0.0","-46.7863004446","-23.6505718615"
"15","2017-05-01","","","","-1.0","-46.7863004446","-23.6505718615"
"15","2017-05-02","0.0","0.02","0.0","-287.0","-46.7863004446","-23.6505718615"
"15","2017-05-03","0.0","0.0","0.0","0.0","-46.7863004446","-23.6505718615"
"15","2017-05-04","","","","-1.0","-46.7863004446","-23.6505718615"
"15","2017-05-05","8.54","56.47","24.58","-288.0","-46.7863004446","-23.6505718615"
"15","2017-05-06","0.69","5.63","2.26","-288.0","-46.7863004446","-23.6505718615"
"15","2017-05-07","0.0","0.14","0.0","-287.0","-46.7863004446","-23.6505718615"
"15","2017-05-08","0.0","0.0","0.0","0.0","-46.7863004446","-23.6505718615"
"15","2017-05-09","0.0","0.0","0.0","0.0","-46.7863004446","-23.6505718615"
"15","2017-05-10","0.0","0.0","0.0","0.0","-46.7863004446","-23.6505718615"
"15","2017-05-11","0.0","0.0","0.0","0.0","-46.7863004446","-23.6505718615"
"15","2017-05-12","0.0","0.0","0.0","0.0","-46.7863004446","-23.6505718615"
"15","2017-05-13","","","","-1.0","-46.7863004446","-23.6505718615"
"15","2017-05-14","0.01","1.39","0.22","-287.0","-46.7863004446","-23.6505718615"
"15","2017-05-15","0.0","0.0","0.0","0.0","-46.7863004446","-23.6505718615"
"15","2017-05-16","0.0","0.0","0.0","0.0","-46.7863004446","-23.6505718615"
"15","2017-05-17","","","","-1.0","-46.7863004446","-23.6505718615"
"15","2017-05-18","1.94","12.7","5.69","-288.0","-46.7863004446","-23.6505718615"
"15","2017-05-19","14.24","92.51","38.19","-288.0","-46.7863004446","-23.6505718615"
"15","2017-05-20","0.28","2.04","0.86","-288.0","-46.7863004446","-23.6505718615"
"15","2017-05-21","11.31","64.76","26.52","-288.0","-46.7863004446","-23.6505718615"
"15","2017-05-22","2.91","26.36","9.52","-287.0","-46.7863004446","-23.6505718615"
"15","2017-05-23","0.0","0.0","0.0","0.0","-46.7863004446","-23.6505718615"
"15","2017-05-24","0.0","0.0","0.0","0.0","-46.7863004446","-23.6505718615"
"15","2017-05-25","0.0","0.0","0.0","0.0","-46.7863004446","-23.6505718615"
"15","2017-05-26","0.0","0.0","0.0","0.0","-46.7863004446","-23.6505718615"
"15","2017-05-27","0.0","0.0","0.0","0.0","-46.7863004446","-23.6505718615"
"15","2017-05-28","0.0","0.0","0.0","0.0","-46.7863004446","-23.6505718615"
"15","2017-05-29","0.0","0.0","0.0","0.0","-46.7863004446","-23.6505718615"
"15","2017-05-30","0.0","0.0","0.0","0.0","-46.7863004446","-23.6505718615"
"15","2017-05-31","0.0","0.0","0.0","0.0","-46.7863004446","-23.6505718615"
"15","2017-06-01","0.0","0.0","0.0","0.0","-46.7863004446","-23.6505718615"
"15","2017-06-02","0.0","0.0","0.0","0.0","-46.7863004446","-23.6505718615"
"15","2017-06-03","0.0","0.0","0.0","0.0","-46.7863004446","-23.6505718615"
"15","2017-06-04","","","","-1.0","-46.7863004446","-23.6505718615"
"15","2017-06-05","16.57","96.76","44.01","-288.0","-46.7863004446","-23.6505718615"
"15","2017-06-06","14.55","103.81","42.17","-288.0","-46.7863004446","-23.6505718615"
"15","2017-06-07","6.62","50.53","20.47","-287.0","-46.7863004446","-23.6505718615"
"15","2017-06-08","","","","-1.0","-46.7863004446","-23.6505718615"
"15","2017-06-09","0.09","6.9","0.86","-288.0","-46.7863004446","-23.6505718615"
"15","2017-06-10","0.0","0.0","0.0","-287.0","-46.7863004446","-23.6505718615"
"15","2017-06-11","","","","-1.0","-46.7863004446","-23.6505718615"
"15","2017-06-12","0.0","0.67","0.03","-288.0","-46.7863004446","-23.6505718615"
"15","2017-06-13","9.82","89.0","36.68","-288.0","-46.7863004446","-23.6505718615"
"15","2017-06-14","0.46","3.92","1.5","-287.0","-46.7863004446","-23.6505718615"
"16","2016-10-31","","","","-1.0","-46.7216125517","-23.642636918"
"16","2016-11-01","0.0","6.51","0.03","-288.0","-46.7216125517","-23.642636918"
"16","2016-11-02","0.17","41.03","4.96","-288.0","-46.7216125517","-23.642636918"
"16","2016-11-03","0.45","115.34","12.32","-288.0","-46.7216125517","-23.642636918"
"16","2016-11-04","0.01","6.37","0.51","-288.0","-46.7216125517","-23.642636918"
"16","2016-11-05","0.0","0.0","0.0","-288.0","-46.7216125517","-23.642636918"
"16","2016-11-06","0.0","3.43","0.04","-288.0","-46.7216125517","-23.642636918"
"16","2016-11-07","0.0","0.4","0.0","-288.0","-46.7216125517","-23.642636918"
"16","2016-11-08","0.0","0.62","0.0","-288.0","-46.7216125517","-23.642636918"
"16","2016-11-09","3.22","106.59","24.62","-288.0","-46.7216125517","-23.642636918"
"16","2016-11-10","1.52","78.13","17.44","-288.0","-46.7216125517","-23.642636918"
"16","2016-11-11","0.01","77.28","6.8","-288.0","-46.7216125517","-23.642636918"
"16","2016-11-12","0.0","2.19","0.12","-288.0","-46.7216125517","-23.642636918"
"16","2016-11-13","8.88","78.04","31.3","-288.0","-46.7216125517","-23.642636918"
"16","2016-11-14","4.41","52.94","15.31","-287.0","-46.7216125517","-23.642636918"
"16","2016-11-15","","","","-1.0","-46.7216125517","-23.642636918"
"16","2016-11-16","0.29","31.75","4.58","-288.0","-46.7216125517","-23.642636918"
"16","2016-11-17","0.52","65.14","10.4","-288.0","-46.7216125517","-23.642636918"
"16","2016-11-18","0.0","8.17","0.51","-287.0","-46.7216125517","-23.642636918"
"16","2016-11-19","0.0","0.0","0.0","0.0","-46.7216125517","-23.642636918"
"16","2016-11-20","0.0","0.0","0.0","0.0","-46.7216125517","-23.642636918"
"16","2016-11-21","0.0","0.0","0.0","0.0","-46.7216125517","-23.642636918"
"16","2016-11-22","","","","-1.0","-46.7216125517","-23.642636918"
"16","2016-11-23","0.0","10.15","0.53","-288.0","-46.7216125517","-23.642636918"
"16","2016-11-24","0.0","0.06","0.0","-287.0","-46.7216125517","-23.642636918"
"16","2016-11-25","0.0","0.0","0.0","0.0","-46.7216125517","-23.642636918"
"16","2016-11-26","","","","-1.0","-46.7216125517","-23.642636918"
"16","2016-11-27","0.18","47.32","6.7","-288.0","-46.7216125517","-23.642636918"
"16","2016-11-28","0.01","60.79","6.49","-288.0","-46.7216125517","-23.642636918"
"16","2016-11-29","1.7","40.03","7.75","-288.0","-46.7216125517","-23.642636918"
"16","2016-11-30","0.0","0.01","0.0","-287.0","-46.7216125517","-23.642636918"
"16","2016-12-01","0.0","0.0","0.0","0.0","-46.7216125517","-23.642636918"
"16","2016-12-02","","","","-1.0","-46.7216125517","-23.642636918"
"16","2016-12-03","0.99","47.95","11.21","-288.0","-46.7216125517","-23.642636918"
"16","2016-12-04","0.51","43.52","6.4","-288.0","-46.7216125517","-23.642636918"
"16","2016-12-05","0.05","3.75","0.69","-287.0","-46.7216125517","-23.642636918"
"16","2016-12-06","","","","-1.0","-46.7216125517","-23.642636918"
"16","2016-12-07","0.51","44.36","6.23","-288.0","-46.7216125517","-23.642636918"
"16","2016-12-08","0.0","2.69","0.04","-288.0","-46.7216125517","-23.642636918"
"16","2016-12-09","0.03","4.31","0.68","-288.0","-46.7216125517","-23.642636918"
"16","2016-12-10","1.08","62.0","11.49","-288.0","-46.7216125517","-23.642636918"
"16","2016-12-11","0.62","78.79","13.76","-288.0","-46.7216125517","-23.642636918"
"16","2016-12-12","1.82","83.82","16.77","-288.0","-46.7216125517","-23.642636918"
"16","2016-12-13","0.0","8.53","0.14","-288.0","-46.7216125517","-23.642636918"
"16","2016-12-14","0.0","2.69","0.0","-288.0","-46.7216125517","-23.642636918"
"16","2016-12-15","0.0","0.28","0.0","-287.0","-46.7216125517","-23.642636918"
"16","2016-12-16","0.0","0.0","0.0","0.0","-46.7216125517","-23.642636918"
"16","2016-12-17","","","","-1.0","-46.7216125517","-23.642636918"
"16","2016-12-18","0.0","22.11","0.84","-288.0","-46.7216125517","-23.642636918"
"16","2016-12-19","0.01","76.45","7.56","-288.0","-46.7216125517","-23.642636918"
"16","2016-12-20","0.16","11.3","1.72","-288.0","-46.7216125517","-23.642636918"
"16","2016-12-21","0.28","218.9","32.02","-288.0","-46.7216125517","-23.642636918"
"16","2016-12-22","0.0","0.41","0.0","-288.0","-46.7216125517","-23.642636918"
"16","2016-12-23","0.65","57.04","9.0","-288.0","-46.7216125517","-23.642636918"
"16","2016-12-24","0.41","21.43","3.5","-288.0","-46.7216125517","-23.642636918"
"16","2016-12-25","0.0","0.24","0.0","-288.0","-46.7216125517","-23.642636918"
"16","2016-12-26","0.0","0.32","0.0","-288.0","-46.7216125517","-23.642636918"
"16","2016-12-27","0.0","30.88","2.34","-288.0","-46.7216125517","-23.642636918"
"16","2016-12-28","0.0","34.21","1.85","-288.0","-46.7216125517","-23.642636918"
"16","2016-12-29","0.01","79.69","7.85","-288.0","-46.7216125517","-23.642636918"
"16","2016-12-30","0.0","0.55","0.0","-288.0","-46.7216125517","-23.642636918"
"16","2016-12-31","0.0","7.99","0.32","-287.0","-46.7216125517","-23.642636918"
"16","2017-01-01","","","","-1.0","-46.7216125517","-23.642636918"
"16","2017-01-02","1.08","137.84","34.47","-288.0","-46.7216125517","-23.642636918"
"16","2017-01-03","0.23","18.39","2.51","-288.0","-46.7216125517","-23.642636918"
"16","2017-01-04","0.0","0.97","0.0","-288.0","-46.7216125517","-23.642636918"
"16","2017-01-05","0.0","1.75","0.03","-288.0","-46.7216125517","-23.642636918"
"16","2017-01-06","0.02","15.44","2.31","-288.0","-46.7216125517","-23.642636918"
"16","2017-01-07","0.86","87.3","15.01","-288.0","-46.7216125517","-23.642636918"
"16","2017-01-08","0.04","13.14","1.29","-288.0","-46.7216125517","-23.642636918"
"16","2017-01-09","3.08","120.87","43.73","-288.0","-46.7216125517","-23.642636918"
"16","2017-01-10","2.0","39.34","9.87","-288.0","-46.7216125517","-23.642636918"
"16","2017-01-11","0.07","22.01","2.95","-288.0","-46.7216125517","-23.642636918"
"16","2017-01-12","0.1","58.32","5.72","-288.0","-46.7216125517","-23.642636918"
"16","2017-01-13","0.0","1.76","0.0","-288.0","-46.7216125517","-23.642636918"
"16","2017-01-14","0.0","0.2","0.0","-288.0","-46.7216125517","-23.642636918"
"16","2017-01-15","0.0","16.15","0.61","-288.0","-46.7216125517","-23.642636918"
"16","2017-01-16","3.34","173.84","34.41","-288.0","-46.7216125517","-23.642636918"
"16","2017-01-17","5.7","120.93","29.18","-288.0","-46.7216125517","-23.642636918"
"16","2017-01-18","3.64","190.61","38.17","-288.0","-46.7216125517","-23.642636918"
"16","2017-01-19","3.32","121.25","28.36","-288.0","-46.7216125517","-23.642636918"
"16","2017-01-20","5.05","167.91","27.33","-288.0","-46.7216125517","-23.642636918"
"16","2017-01-21","4.3","207.22","36.95","-288.0","-46.7216125517","-23.642636918"
"16","2017-01-22","2.67","63.6","17.71","-288.0","-46.7216125517","-23.642636918"
"16","2017-01-23","0.03","30.7","3.49","-288.0","-46.7216125517","-23.642636918"
"16","2017-01-24","0.02","31.51","3.04","-288.0","-46.7216125517","-23.642636918"
"16","2017-01-25","0.0","4.92","0.4","-288.0","-46.7216125517","-23.642636918"
"16","2017-01-26","4.29","76.43","20.62","-288.0","-46.7216125517","-23.642636918"
"16","2017-01-27","0.76","64.03","9.31","-288.0","-46.7216125517","-23.642636918"
"16","2017-01-28","0.0","3.84","0.09","-288.0","-46.7216125517","-23.642636918"
"16","2017-01-29","0.0","6.2","0.3","-288.0","-46.7216125517","-23.642636918"
"16","2017-01-30","0.0","10.44","0.63","-288.0","-46.7216125517","-23.642636918"
"16","2017-01-31","0.8","62.29","10.93","-288.0","-46.7216125517","-23.642636918"
"16","2017-02-01","2.95","97.41","18.75","-288.0","-46.7216125517","-23.642636918"
"16","2017-02-02","1.66","30.28","7.63","-288.0","-46.7216125517","-23.642636918"
"16","2017-02-03","0.76","40.78","5.65","-288.0","-46.7216125517","-23.642636918"
"16","2017-02-04","0.2","94.74","15.87","-288.0","-46.7216125517","-23.642636918"
"16","2017-02-05","0.0","0.44","0.0","-288.0","-46.7216125517","-23.642636918"
"16","2017-02-06","2.27","113.11","22.66","-288.0","-46.7216125517","-23.642636918"
"16","2017-02-07","0.0","7.28","0.5","-288.0","-46.7216125517","-23.642636918"
"16","2017-02-08","0.0","0.0","0.0","-287.0","-46.7216125517","-23.642636918"
"16","2017-02-09","0.0","0.0","0.0","0.0","-46.7216125517","-23.642636918"
"16","2017-02-10","0.0","0.0","0.0","0.0","-46.7216125517","-23.642636918"
"16","2017-02-11","0.0","0.0","0.0","0.0","-46.7216125517","-23.642636918"
"16","2017-02-12","0.0","0.0","0.0","0.0","-46.7216125517","-23.642636918"
"16","2017-02-13","0.0","0.0","0.0","0.0","-46.7216125517","-23.642636918"
"16","2017-02-14","0.0","0.0","0.0","0.0","-46.7216125517","-23.642636918"
"16","2017-02-15","0.0","0.0","0.0","0.0","-46.7216125517","-23.642636918"
"16","2017-02-16","","","","-1.0","-46.7216125517","-23.642636918"
"16","2017-02-17","0.0","1.34","0.02","-288.0","-46.7216125517","-23.642636918"
"16","2017-02-18","0.0","0.0","0.0","-287.0","-46.7216125517","-23.642636918"
"16","2017-02-19","0.0","0.0","0.0","0.0","-46.7216125517","-23.642636918"
"16","2017-02-20","0.0","0.0","0.0","0.0","-46.7216125517","-23.642636918"
"16","2017-02-21","","","","-1.0","-46.7216125517","-23.642636918"
"16","2017-02-22","0.18","111.69","10.89","-288.0","-46.7216125517","-23.642636918"
"16","2017-02-23","0.0","6.7","0.2","-288.0","-46.7216125517","-23.642636918"
"16","2017-02-24","2.14","200.16","38.88","-288.0","-46.7216125517","-23.642636918"
"16","2017-02-25","0.0","20.6","1.9","-288.0","-46.7216125517","-23.642636918"
"16","2017-02-26","0.0","3.96","0.06","-288.0","-46.7216125517","-23.642636918"
"16","2017-02-27","0.0","30.61","1.71","-288.0","-46.7216125517","-23.642636918"
"16","2017-02-28","0.0","0.96","0.0","-288.0","-46.7216125517","-23.642636918"
"16","2017-03-01","0.0","19.46","0.73","-288.0","-46.7216125517","-23.642636918"
"16","2017-03-02","0.0","62.08","4.88","-288.0","-46.7216125517","-23.642636918"
"16","2017-03-03","0.45","72.79","7.54","-288.0","-46.7216125517","-23.642636918"
"16","2017-03-04","0.04","41.44","4.26","-288.0","-46.7216125517","-23.642636918"
"16","2017-03-05","2.85","123.21","25.52","-288.0","-46.7216125517","-23.642636918"
"16","2017-03-06","0.84","73.16","10.19","-288.0","-46.7216125517","-23.642636918"
"16","2017-03-07","0.72","86.49","16.11","-288.0","-46.7216125517","-23.642636918"
"16","2017-03-08","1.02","25.69","6.32","-288.0","-46.7216125517","-23.642636918"
"16","2017-03-09","0.0","0.0","0.0","-288.0","-46.7216125517","-23.642636918"
"16","2017-03-10","0.0","24.61","3.62","-288.0","-46.7216125517","-23.642636918"
"16","2017-03-11","0.0","3.39","0.02","-288.0","-46.7216125517","-23.642636918"
"16","2017-03-12","0.0","0.65","0.0","-288.0","-46.7216125517","-23.642636918"
"16","2017-03-13","0.0","3.11","0.01","-288.0","-46.7216125517","-23.642636918"
"16","2017-03-14","0.0","9.1","0.35","-288.0","-46.7216125517","-23.642636918"
"16","2017-03-15","0.0","45.16","2.53","-288.0","-46.7216125517","-23.642636918"
"16","2017-03-16","0.0","0.25","0.0","-288.0","-46.7216125517","-23.642636918"
"16","2017-03-17","0.71","197.07","24.93","-288.0","-46.7216125517","-23.642636918"
"16","2017-03-18","0.04","4.8","1.04","-288.0","-46.7216125517","-23.642636918"
"16","2017-03-19","0.41","6.16","1.66","-288.0","-46.7216125517","-23.642636918"
"16","2017-03-20","0.0","0.02","0.0","-287.0","-46.7216125517","-23.642636918"
"16","2017-03-21","0.0","0.0","0.0","0.0","-46.7216125517","-23.642636918"
"16","2017-03-22","0.0","0.0","0.0","0.0","-46.7216125517","-23.642636918"
"16","2017-03-23","","","","-1.0","-46.7216125517","-23.642636918"
"16","2017-03-24","0.0","0.03","0.0","-288.0","-46.7216125517","-23.642636918"
"16","2017-03-25","0.0","10.5","0.98","-287.0","-46.7216125517","-23.642636918"
"16","2017-03-26","","","","-1.0","-46.7216125517","-23.642636918"
"16","2017-03-27","0.0","10.75","1.28","-288.0","-46.7216125517","-23.642636918"
"16","2017-03-28","0.02","11.43","1.16","-288.0","-46.7216125517","-23.642636918"
"16","2017-03-29","0.02","1.58","0.25","-287.0","-46.7216125517","-23.642636918"
"16","2017-03-30","0.0","0.0","0.0","0.0","-46.7216125517","-23.642636918"
"16","2017-03-31","0.0","0.0","0.0","0.0","-46.7216125517","-23.642636918"
"16","2017-04-01","0.0","0.0","0.0","0.0","-46.7216125517","-23.642636918"
"16","2017-04-02","0.0","0.0","0.0","0.0","-46.7216125517","-23.642636918"
"16","2017-04-03","0.0","0.0","0.0","0.0","-46.7216125517","-23.642636918"
"16","2017-04-04","","","","-1.0","-46.7216125517","-23.642636918"
"16","2017-04-05","0.0","0.0","0.0","-288.0","-46.7216125517","-23.642636918"
"16","2017-04-06","3.35","139.92","28.12","-288.0","-46.7216125517","-23.642636918"
"16","2017-04-07","4.4","153.71","42.27","-288.0","-46.7216125517","-23.642636918"
"16","2017-04-08","0.0","4.93","0.15","-287.0","-46.7216125517","-23.642636918"
"16","2017-04-09","","","","-1.0","-46.7216125517","-23.642636918"
"16","2017-04-10","0.0","3.26","0.06","-288.0","-46.7216125517","-23.642636918"
"16","2017-04-11","0.0","8.65","0.28","-288.0","-46.7216125517","-23.642636918"
"16","2017-04-12","0.0","6.3","0.42","-287.0","-46.7216125517","-23.642636918"
"16","2017-04-13","0.0","0.0","0.0","0.0","-46.7216125517","-23.642636918"
"16","2017-04-14","0.0","0.0","0.0","0.0","-46.7216125517","-23.642636918"
"16","2017-04-15","0.0","0.0","0.0","0.0","-46.7216125517","-23.642636918"
"16","2017-04-16","","","","-1.0","-46.7216125517","-23.642636918"
"16","2017-04-17","0.05","2.43","0.38","-287.0","-46.7216125517","-23.642636918"
"16","2017-04-18","0.0","0.0","0.0","0.0","-46.7216125517","-23.642636918"
"16","2017-04-19","0.0","0.0","0.0","0.0","-46.7216125517","-23.642636918"
"16","2017-04-20","","","","-1.0","-46.7216125517","-23.642636918"
"16","2017-04-21","3.74","106.76","32.34","-288.0","-46.7216125517","-23.642636918"
"16","2017-04-22","0.54","10.79","2.83","-287.0","-46.7216125517","-23.642636918"
"16","2017-04-23","0.0","0.0","0.0","0.0","-46.7216125517","-23.642636918"
"16","2017-04-24","0.0","0.0","0.0","0.0","-46.7216125517","-23.642636918"
"16","2017-04-25","","","","-1.0","-46.7216125517","-23.642636918"
"16","2017-04-26","4.04","71.72","19.89","-288.0","-46.7216125517","-23.642636918"
"16","2017-04-27","0.54","8.36","2.39","-287.0","-46.7216125517","-23.642636918"
"16","2017-04-28","0.0","0.0","0.0","0.0","-46.7216125517","-23.642636918"
"16","2017-04-29","0.0","0.0","0.0","0.0","-46.7216125517","-23.642636918"
"16","2017-04-30","0.0","0.0","0.0","0.0","-46.7216125517","-23.642636918"
"16","2017-05-01","","","","-1.0","-46.7216125517","-23.642636918"
"16","2017-05-02","0.0","0.06","0.0","-287.0","-46.7216125517","-23.642636918"
"16","2017-05-03","0.0","0.0","0.0","0.0","-46.7216125517","-23.642636918"
"16","2017-05-04","","","","-1.0","-46.7216125517","-23.642636918"
"16","2017-05-05","2.91","78.14","20.3","-288.0","-46.7216125517","-23.642636918"
"16","2017-05-06","0.36","6.77","1.49","-288.0","-46.7216125517","-23.642636918"
"16","2017-05-07","0.0","0.37","0.0","-287.0","-46.7216125517","-23.642636918"
"16","2017-05-08","0.0","0.0","0.0","0.0","-46.7216125517","-23.642636918"
"16","2017-05-09","0.0","0.0","0.0","0.0","-46.7216125517","-23.642636918"
"16","2017-05-10","0.0","0.0","0.0","0.0","-46.7216125517","-23.642636918"
"16","2017-05-11","0.0","0.0","0.0","0.0","-46.7216125517","-23.642636918"
"16","2017-05-12","0.0","0.0","0.0","0.0","-46.7216125517","-23.642636918"
"16","2017-05-13","","","","-1.0","-46.7216125517","-23.642636918"
"16","2017-05-14","0.0","6.91","0.12","-287.0","-46.7216125517","-23.642636918"
"16","2017-05-15","0.0","0.0","0.0","0.0","-46.7216125517","-23.642636918"
"16","2017-05-16","0.0","0.0","0.0","0.0","-46.7216125517","-23.642636918"
"16","2017-05-17","","","","-1.0","-46.7216125517","-23.642636918"
"16","2017-05-18","0.79","20.34","5.23","-288.0","-46.7216125517","-23.642636918"
"16","2017-05-19","8.31","154.97","37.77","-288.0","-46.7216125517","-23.642636918"
"16","2017-05-20","0.08","3.2","0.82","-288.0","-46.7216125517","-23.642636918"
"16","2017-05-21","7.42","106.21","26.69","-288.0","-46.7216125517","-23.642636918"
"16","2017-05-22","1.12","52.75","9.98","-287.0","-46.7216125517","-23.642636918"
"16","2017-05-23","0.0","0.0","0.0","0.0","-46.7216125517","-23.642636918"
"16","2017-05-24","0.0","0.0","0.0","0.0","-46.7216125517","-23.642636918"
"16","2017-05-25","0.0","0.0","0.0","0.0","-46.7216125517","-23.642636918"
"16","2017-05-26","0.0","0.0","0.0","0.0","-46.7216125517","-23.642636918"
"16","2017-05-27","0.0","0.0","0.0","0.0","-46.7216125517","-23.642636918"
"16","2017-05-28","0.0","0.0","0.0","0.0","-46.7216125517","-23.642636918"
"16","2017-05-29","0.0","0.0","0.0","0.0","-46.7216125517","-23.642636918"
"16","2017-05-30","0.0","0.0","0.0","0.0","-46.7216125517","-23.642636918"
"16","2017-05-31","0.0","0.0","0.0","0.0","-46.7216125517","-23.642636918"
"16","2017-06-01","0.0","0.0","0.0","0.0","-46.7216125517","-23.642636918"
"16","2017-06-02","0.0","0.0","0.0","0.0","-46.7216125517","-23.642636918"
"16","2017-06-03","0.0","0.0","0.0","0.0","-46.7216125517","-23.642636918"
"16","2017-06-04","","","","-1.0","-46.7216125517","-23.642636918"
"16","2017-06-05","9.49","154.92","43.5","-288.0","-46.7216125517","-23.642636918"
"16","2017-06-06","8.25","187.13","47.03","-288.0","-46.7216125517","-23.642636918"
"16","2017-06-07","4.04","91.33","24.34","-287.0","-46.7216125517","-23.642636918"
"16","2017-06-08","","","","-1.0","-46.7216125517","-23.642636918"
"16","2017-06-09","0.02","11.23","1.1","-288.0","-46.7216125517","-23.642636918"
"16","2017-06-10","0.0","0.0","0.0","-287.0","-46.7216125517","-23.642636918"
"16","2017-06-11","","","","-1.0","-46.7216125517","-23.642636918"
"16","2017-06-12","0.0","3.27","0.02","-288.0","-46.7216125517","-23.642636918"
"16","2017-06-13","5.03","145.83","33.41","-288.0","-46.7216125517","-23.642636918"
"16","2017-06-14","0.2","8.83","1.49","-287.0","-46.7216125517","-23.642636918"
"17","2016-10-31","","","","-1.0","-46.6310553422","-23.6354818518"
"17","2016-11-01","0.0","1.67","0.01","-288.0","-46.6310553422","-23.6354818518"
"17","2016-11-02","0.06","23.55","2.5","-288.0","-46.6310553422","-23.6354818518"
"17","2016-11-03","0.81","139.72","25.64","-288.0","-46.6310553422","-23.6354818518"
"17","2016-11-04","0.0","4.59","0.77","-288.0","-46.6310553422","-23.6354818518"
"17","2016-11-05","0.0","0.02","0.0","-288.0","-46.6310553422","-23.6354818518"
"17","2016-11-06","0.0","36.45","3.52","-288.0","-46.6310553422","-23.6354818518"
"17","2016-11-07","0.0","3.62","0.02","-288.0","-46.6310553422","-23.6354818518"
"17","2016-11-08","0.0","0.88","0.01","-288.0","-46.6310553422","-23.6354818518"
"17","2016-11-09","2.77","84.58","16.52","-288.0","-46.6310553422","-23.6354818518"
"17","2016-11-10","1.18","60.48","12.98","-288.0","-46.6310553422","-23.6354818518"
"17","2016-11-11","0.0","50.46","3.95","-288.0","-46.6310553422","-23.6354818518"
"17","2016-11-12","0.0","11.82","0.42","-288.0","-46.6310553422","-23.6354818518"
"17","2016-11-13","8.15","80.16","32.19","-288.0","-46.6310553422","-23.6354818518"
"17","2016-11-14","4.66","45.86","15.71","-287.0","-46.6310553422","-23.6354818518"
"17","2016-11-15","","","","-1.0","-46.6310553422","-23.6354818518"
"17","2016-11-16","0.21","24.83","3.59","-288.0","-46.6310553422","-23.6354818518"
"17","2016-11-17","0.24","58.84","10.09","-288.0","-46.6310553422","-23.6354818518"
"17","2016-11-18","0.0","7.99","0.28","-287.0","-46.6310553422","-23.6354818518"
"17","2016-11-19","0.0","0.0","0.0","0.0","-46.6310553422","-23.6354818518"
"17","2016-11-20","0.0","0.0","0.0","0.0","-46.6310553422","-23.6354818518"
"17","2016-11-21","0.0","0.0","0.0","0.0","-46.6310553422","-23.6354818518"
"17","2016-11-22","","","","-1.0","-46.6310553422","-23.6354818518"
"17","2016-11-23","0.0","24.85","2.63","-288.0","-46.6310553422","-23.6354818518"
"17","2016-11-24","0.0","0.01","0.0","-287.0","-46.6310553422","-23.6354818518"
"17","2016-11-25","0.0","0.0","0.0","0.0","-46.6310553422","-23.6354818518"
"17","2016-11-26","","","","-1.0","-46.6310553422","-23.6354818518"
"17","2016-11-27","0.06","34.9","1.92","-288.0","-46.6310553422","-23.6354818518"
"17","2016-11-28","0.03","67.67","10.67","-288.0","-46.6310553422","-23.6354818518"
"17","2016-11-29","0.94","105.65","16.67","-288.0","-46.6310553422","-23.6354818518"
"17","2016-11-30","0.0","0.0","0.0","-287.0","-46.6310553422","-23.6354818518"
"17","2016-12-01","0.0","0.0","0.0","0.0","-46.6310553422","-23.6354818518"
"17","2016-12-02","","","","-1.0","-46.6310553422","-23.6354818518"
"17","2016-12-03","1.77","47.69","12.21","-288.0","-46.6310553422","-23.6354818518"
"17","2016-12-04","0.59","28.3","5.72","-288.0","-46.6310553422","-23.6354818518"
"17","2016-12-05","0.05","3.45","0.58","-287.0","-46.6310553422","-23.6354818518"
"17","2016-12-06","","","","-1.0","-46.6310553422","-23.6354818518"
"17","2016-12-07","0.42","54.35","5.79","-288.0","-46.6310553422","-23.6354818518"
"17","2016-12-08","0.0","11.15","1.03","-288.0","-46.6310553422","-23.6354818518"
"17","2016-12-09","0.12","6.87","0.66","-288.0","-46.6310553422","-23.6354818518"
"17","2016-12-10","1.26","99.66","19.85","-288.0","-46.6310553422","-23.6354818518"
"17","2016-12-11","1.08","70.82","13.54","-288.0","-46.6310553422","-23.6354818518"
"17","2016-12-12","1.25","48.43","9.98","-288.0","-46.6310553422","-23.6354818518"
"17","2016-12-13","0.0","17.82","1.23","-288.0","-46.6310553422","-23.6354818518"
"17","2016-12-14","0.0","0.55","0.0","-288.0","-46.6310553422","-23.6354818518"
"17","2016-12-15","0.0","0.0","0.0","-287.0","-46.6310553422","-23.6354818518"
"17","2016-12-16","0.0","0.0","0.0","0.0","-46.6310553422","-23.6354818518"
"17","2016-12-17","","","","-1.0","-46.6310553422","-23.6354818518"
"17","2016-12-18","0.0","0.8","0.0","-288.0","-46.6310553422","-23.6354818518"
"17","2016-12-19","0.02","47.13","4.07","-288.0","-46.6310553422","-23.6354818518"
"17","2016-12-20","0.17","96.27","12.57","-288.0","-46.6310553422","-23.6354818518"
"17","2016-12-21","1.68","117.95","28.31","-288.0","-46.6310553422","-23.6354818518"
"17","2016-12-22","0.0","0.35","0.0","-288.0","-46.6310553422","-23.6354818518"
"17","2016-12-23","0.45","56.7","4.8","-288.0","-46.6310553422","-23.6354818518"
"17","2016-12-24","0.09","17.83","2.81","-288.0","-46.6310553422","-23.6354818518"
"17","2016-12-25","0.0","0.26","0.0","-288.0","-46.6310553422","-23.6354818518"
"17","2016-12-26","0.0","17.05","1.37","-288.0","-46.6310553422","-23.6354818518"
"17","2016-12-27","0.0","1.34","0.08","-288.0","-46.6310553422","-23.6354818518"
"17","2016-12-28","0.0","3.62","0.13","-288.0","-46.6310553422","-23.6354818518"
"17","2016-12-29","0.38","83.51","17.31","-288.0","-46.6310553422","-23.6354818518"
"17","2016-12-30","0.0","0.57","0.0","-288.0","-46.6310553422","-23.6354818518"
"17","2016-12-31","0.0","25.25","1.8","-287.0","-46.6310553422","-23.6354818518"
"17","2017-01-01","","","","-1.0","-46.6310553422","-23.6354818518"
"17","2017-01-02","1.28","133.22","30.87","-288.0","-46.6310553422","-23.6354818518"
"17","2017-01-03","0.08","36.47","6.06","-288.0","-46.6310553422","-23.6354818518"
"17","2017-01-04","0.0","4.81","0.25","-288.0","-46.6310553422","-23.6354818518"
"17","2017-01-05","0.0","1.01","0.0","-288.0","-46.6310553422","-23.6354818518"
"17","2017-01-06","0.2","14.12","3.1","-288.0","-46.6310553422","-23.6354818518"
"17","2017-01-07","0.56","51.96","6.62","-288.0","-46.6310553422","-23.6354818518"
"17","2017-01-08","0.0","23.94","1.05","-288.0","-46.6310553422","-23.6354818518"
"17","2017-01-09","0.05","35.63","3.54","-288.0","-46.6310553422","-23.6354818518"
"17","2017-01-10","0.82","30.16","6.9","-288.0","-46.6310553422","-23.6354818518"
"17","2017-01-11","0.36","91.95","11.72","-288.0","-46.6310553422","-23.6354818518"
"17","2017-01-12","0.0","10.36","0.87","-288.0","-46.6310553422","-23.6354818518"
"17","2017-01-13","0.0","0.99","0.04","-288.0","-46.6310553422","-23.6354818518"
"17","2017-01-14","0.0","0.31","0.0","-288.0","-46.6310553422","-23.6354818518"
"17","2017-01-15","0.15","61.65","9.15","-288.0","-46.6310553422","-23.6354818518"
"17","2017-01-16","1.37","151.26","22.78","-288.0","-46.6310553422","-23.6354818518"
"17","2017-01-17","6.66","155.97","43.48","-288.0","-46.6310553422","-23.6354818518"
"17","2017-01-18","4.77","181.33","40.27","-288.0","-46.6310553422","-23.6354818518"
"17","2017-01-19","2.4","108.04","20.6","-288.0","-46.6310553422","-23.6354818518"
"17","2017-01-20","4.98","162.6","32.29","-288.0","-46.6310553422","-23.6354818518"
"17","2017-01-21","4.1","180.94","36.44","-288.0","-46.6310553422","-23.6354818518"
"17","2017-01-22","2.51","56.97","16.38","-288.0","-46.6310553422","-23.6354818518"
"17","2017-01-23","0.03","61.54","5.25","-288.0","-46.6310553422","-23.6354818518"
"17","2017-01-24","0.0","34.42","2.84","-288.0","-46.6310553422","-23.6354818518"
"17","2017-01-25","0.04","6.55","0.91","-288.0","-46.6310553422","-23.6354818518"
"17","2017-01-26","4.19","68.25","19.52","-288.0","-46.6310553422","-23.6354818518"
"17","2017-01-27","0.94","81.94","14.2","-288.0","-46.6310553422","-23.6354818518"
"17","2017-01-28","0.0","2.62","0.06","-288.0","-46.6310553422","-23.6354818518"
"17","2017-01-29","0.0","2.61","0.16","-288.0","-46.6310553422","-23.6354818518"
"17","2017-01-30","0.03","7.29","0.97","-288.0","-46.6310553422","-23.6354818518"
"17","2017-01-31","0.25","17.53","2.46","-288.0","-46.6310553422","-23.6354818518"
"17","2017-02-01","2.77","169.7","34.65","-288.0","-46.6310553422","-23.6354818518"
"17","2017-02-02","1.56","44.46","9.35","-288.0","-46.6310553422","-23.6354818518"
"17","2017-02-03","0.69","43.6","7.06","-288.0","-46.6310553422","-23.6354818518"
"17","2017-02-04","0.13","65.59","9.28","-288.0","-46.6310553422","-23.6354818518"
"17","2017-02-05","0.0","0.18","0.0","-288.0","-46.6310553422","-23.6354818518"
"17","2017-02-06","2.89","85.6","22.07","-288.0","-46.6310553422","-23.6354818518"
"17","2017-02-07","0.0","6.67","0.25","-288.0","-46.6310553422","-23.6354818518"
"17","2017-02-08","0.0","0.0","0.0","-287.0","-46.6310553422","-23.6354818518"
"17","2017-02-09","0.0","0.0","0.0","0.0","-46.6310553422","-23.6354818518"
"17","2017-02-10","0.0","0.0","0.0","0.0","-46.6310553422","-23.6354818518"
"17","2017-02-11","0.0","0.0","0.0","0.0","-46.6310553422","-23.6354818518"
"17","2017-02-12","0.0","0.0","0.0","0.0","-46.6310553422","-23.6354818518"
"17","2017-02-13","0.0","0.0","0.0","0.0","-46.6310553422","-23.6354818518"
"17","2017-02-14","0.0","0.0","0.0","0.0","-46.6310553422","-23.6354818518"
"17","2017-02-15","0.0","0.0","0.0","0.0","-46.6310553422","-23.6354818518"
"17","2017-02-16","","","","-1.0","-46.6310553422","-23.6354818518"
"17","2017-02-17","0.0","0.25","0.0","-288.0","-46.6310553422","-23.6354818518"
"17","2017-02-18","0.0","0.0","0.0","-287.0","-46.6310553422","-23.6354818518"
"17","2017-02-19","0.0","0.0","0.0","0.0","-46.6310553422","-23.6354818518"
"17","2017-02-20","0.0","0.0","0.0","0.0","-46.6310553422","-23.6354818518"
"17","2017-02-21","","","","-1.0","-46.6310553422","-23.6354818518"
"17","2017-02-22","0.7","96.16","14.01","-288.0","-46.6310553422","-23.6354818518"
"17","2017-02-23","0.0","13.98","0.91","-288.0","-46.6310553422","-23.6354818518"
"17","2017-02-24","9.52","206.98","50.48","-288.0","-46.6310553422","-23.6354818518"
"17","2017-02-25","0.02","35.01","3.28","-288.0","-46.6310553422","-23.6354818518"
"17","2017-02-26","0.0","2.73","0.07","-288.0","-46.6310553422","-23.6354818518"
"17","2017-02-27","0.0","33.89","3.47","-288.0","-46.6310553422","-23.6354818518"
"17","2017-02-28","0.0","0.81","0.0","-288.0","-46.6310553422","-23.6354818518"
"17","2017-03-01","0.0","5.58","0.04","-288.0","-46.6310553422","-23.6354818518"
"17","2017-03-02","0.0","128.61","9.22","-288.0","-46.6310553422","-23.6354818518"
"17","2017-03-03","0.19","59.8","8.36","-288.0","-46.6310553422","-23.6354818518"
"17","2017-03-04","0.0","36.7","2.51","-288.0","-46.6310553422","-23.6354818518"
"17","2017-03-05","1.13","100.22","14.65","-288.0","-46.6310553422","-23.6354818518"
"17","2017-03-06","1.13","134.16","22.4","-288.0","-46.6310553422","-23.6354818518"
"17","2017-03-07","1.0","114.63","25.78","-288.0","-46.6310553422","-23.6354818518"
"17","2017-03-08","2.13","29.71","8.18","-288.0","-46.6310553422","-23.6354818518"
"17","2017-03-09","0.0","0.0","0.0","-288.0","-46.6310553422","-23.6354818518"
"17","2017-03-10","0.0","20.79","1.19","-288.0","-46.6310553422","-23.6354818518"
"17","2017-03-11","0.0","5.65","0.13","-288.0","-46.6310553422","-23.6354818518"
"17","2017-03-12","0.0","0.62","0.0","-288.0","-46.6310553422","-23.6354818518"
"17","2017-03-13","0.0","1.9","0.07","-288.0","-46.6310553422","-23.6354818518"
"17","2017-03-14","0.02","40.7","3.45","-288.0","-46.6310553422","-23.6354818518"
"17","2017-03-15","0.0","10.0","1.15","-288.0","-46.6310553422","-23.6354818518"
"17","2017-03-16","0.0","0.07","0.0","-288.0","-46.6310553422","-23.6354818518"
"17","2017-03-17","0.34","123.43","13.94","-288.0","-46.6310553422","-23.6354818518"
"17","2017-03-18","0.02","4.71","1.0","-288.0","-46.6310553422","-23.6354818518"
"17","2017-03-19","0.35","5.86","1.68","-288.0","-46.6310553422","-23.6354818518"
"17","2017-03-20","0.0","0.0","0.0","-287.0","-46.6310553422","-23.6354818518"
"17","2017-03-21","0.0","0.0","0.0","0.0","-46.6310553422","-23.6354818518"
"17","2017-03-22","0.0","0.0","0.0","0.0","-46.6310553422","-23.6354818518"
"17","2017-03-23","","","","-1.0","-46.6310553422","-23.6354818518"
"17","2017-03-24","0.0","0.02","0.0","-288.0","-46.6310553422","-23.6354818518"
"17","2017-03-25","0.0","3.75","0.5","-287.0","-46.6310553422","-23.6354818518"
"17","2017-03-26","","","","-1.0","-46.6310553422","-23.6354818518"
"17","2017-03-27","0.0","9.39","1.11","-288.0","-46.6310553422","-23.6354818518"
"17","2017-03-28","0.05","6.81","1.09","-288.0","-46.6310553422","-23.6354818518"
"17","2017-03-29","0.0","1.19","0.15","-287.0","-46.6310553422","-23.6354818518"
"17","2017-03-30","0.0","0.0","0.0","0.0","-46.6310553422","-23.6354818518"
"17","2017-03-31","0.0","0.0","0.0","0.0","-46.6310553422","-23.6354818518"
"17","2017-04-01","0.0","0.0","0.0","0.0","-46.6310553422","-23.6354818518"
"17","2017-04-02","0.0","0.0","0.0","0.0","-46.6310553422","-23.6354818518"
"17","2017-04-03","0.0","0.0","0.0","0.0","-46.6310553422","-23.6354818518"
"17","2017-04-04","","","","-1.0","-46.6310553422","-23.6354818518"
"17","2017-04-05","0.0","0.0","0.0","-288.0","-46.6310553422","-23.6354818518"
"17","2017-04-06","2.39","142.29","32.01","-288.0","-46.6310553422","-23.6354818518"
"17","2017-04-07","3.79","176.99","43.85","-288.0","-46.6310553422","-23.6354818518"
"17","2017-04-08","0.0","0.0","0.0","-287.0","-46.6310553422","-23.6354818518"
"17","2017-04-09","","","","-1.0","-46.6310553422","-23.6354818518"
"17","2017-04-10","0.0","1.83","0.06","-288.0","-46.6310553422","-23.6354818518"
"17","2017-04-11","0.0","0.54","0.0","-288.0","-46.6310553422","-23.6354818518"
"17","2017-04-12","0.02","7.9","0.96","-287.0","-46.6310553422","-23.6354818518"
"17","2017-04-13","0.0","0.0","0.0","0.0","-46.6310553422","-23.6354818518"
"17","2017-04-14","0.0","0.0","0.0","0.0","-46.6310553422","-23.6354818518"
"17","2017-04-15","0.0","0.0","0.0","0.0","-46.6310553422","-23.6354818518"
"17","2017-04-16","","","","-1.0","-46.6310553422","-23.6354818518"
"17","2017-04-17","0.02","1.43","0.27","-287.0","-46.6310553422","-23.6354818518"
"17","2017-04-18","0.0","0.0","0.0","0.0","-46.6310553422","-23.6354818518"
"17","2017-04-19","0.0","0.0","0.0","0.0","-46.6310553422","-23.6354818518"
"17","2017-04-20","","","","-1.0","-46.6310553422","-23.6354818518"
"17","2017-04-21","2.17","103.31","27.46","-288.0","-46.6310553422","-23.6354818518"
"17","2017-04-22","0.68","12.73","3.23","-287.0","-46.6310553422","-23.6354818518"
"17","2017-04-23","0.0","0.0","0.0","0.0","-46.6310553422","-23.6354818518"
"17","2017-04-24","0.0","0.0","0.0","0.0","-46.6310553422","-23.6354818518"
"17","2017-04-25","","","","-1.0","-46.6310553422","-23.6354818518"
"17","2017-04-26","3.59","66.45","18.38","-288.0","-46.6310553422","-23.6354818518"
"17","2017-04-27","0.67","15.62","2.87","-287.0","-46.6310553422","-23.6354818518"
"17","2017-04-28","0.0","0.0","0.0","0.0","-46.6310553422","-23.6354818518"
"17","2017-04-29","0.0","0.0","0.0","0.0","-46.6310553422","-23.6354818518"
"17","2017-04-30","0.0","0.0","0.0","0.0","-46.6310553422","-23.6354818518"
"17","2017-05-01","","","","-1.0","-46.6310553422","-23.6354818518"
"17","2017-05-02","0.0","0.21","0.0","-287.0","-46.6310553422","-23.6354818518"
"17","2017-05-03","0.0","0.0","0.0","0.0","-46.6310553422","-23.6354818518"
"17","2017-05-04","","","","-1.0","-46.6310553422","-23.6354818518"
"17","2017-05-05","1.63","66.38","15.94","-288.0","-46.6310553422","-23.6354818518"
"17","2017-05-06","0.39","19.52","3.13","-288.0","-46.6310553422","-23.6354818518"
"17","2017-05-07","0.0","1.01","0.0","-287.0","-46.6310553422","-23.6354818518"
"17","2017-05-08","0.0","0.0","0.0","0.0","-46.6310553422","-23.6354818518"
"17","2017-05-09","0.0","0.0","0.0","0.0","-46.6310553422","-23.6354818518"
"17","2017-05-10","0.0","0.0","0.0","0.0","-46.6310553422","-23.6354818518"
"17","2017-05-11","0.0","0.0","0.0","0.0","-46.6310553422","-23.6354818518"
"17","2017-05-12","0.0","0.0","0.0","0.0","-46.6310553422","-23.6354818518"
"17","2017-05-13","","","","-1.0","-46.6310553422","-23.6354818518"
"17","2017-05-14","0.0","1.95","0.12","-287.0","-46.6310553422","-23.6354818518"
"17","2017-05-15","0.0","0.0","0.0","0.0","-46.6310553422","-23.6354818518"
"17","2017-05-16","0.0","0.0","0.0","0.0","-46.6310553422","-23.6354818518"
"17","2017-05-17","","","","-1.0","-46.6310553422","-23.6354818518"
"17","2017-05-18","0.64","16.39","4.77","-288.0","-46.6310553422","-23.6354818518"
"17","2017-05-19","7.29","132.46","35.3","-288.0","-46.6310553422","-23.6354818518"
"17","2017-05-20","0.03","2.53","0.6","-288.0","-46.6310553422","-23.6354818518"
"17","2017-05-21","7.65","91.01","27.74","-288.0","-46.6310553422","-23.6354818518"
"17","2017-05-22","1.25","74.91","13.2","-287.0","-46.6310553422","-23.6354818518"
"17","2017-05-23","0.0","0.0","0.0","0.0","-46.6310553422","-23.6354818518"
"17","2017-05-24","0.0","0.0","0.0","0.0","-46.6310553422","-23.6354818518"
"17","2017-05-25","0.0","0.0","0.0","0.0","-46.6310553422","-23.6354818518"
"17","2017-05-26","0.0","0.0","0.0","0.0","-46.6310553422","-23.6354818518"
"17","2017-05-27","0.0","0.0","0.0","0.0","-46.6310553422","-23.6354818518"
"17","2017-05-28","0.0","0.0","0.0","0.0","-46.6310553422","-23.6354818518"
"17","2017-05-29","0.0","0.0","0.0","0.0","-46.6310553422","-23.6354818518"
"17","2017-05-30","0.0","0.0","0.0","0.0","-46.6310553422","-23.6354818518"
"17","2017-05-31","0.0","0.0","0.0","0.0","-46.6310553422","-23.6354818518"
"17","2017-06-01","0.0","0.0","0.0","0.0","-46.6310553422","-23.6354818518"
"17","2017-06-02","0.0","0.0","0.0","0.0","-46.6310553422","-23.6354818518"
"17","2017-06-03","0.0","0.0","0.0","0.0","-46.6310553422","-23.6354818518"
"17","2017-06-04","","","","-1.0","-46.6310553422","-23.6354818518"
"17","2017-06-05","8.13","130.73","37.9","-288.0","-46.6310553422","-23.6354818518"
"17","2017-06-06","7.71","150.29","39.54","-288.0","-46.6310553422","-23.6354818518"
"17","2017-06-07","3.07","84.02","21.81","-287.0","-46.6310553422","-23.6354818518"
"17","2017-06-08","","","","-1.0","-46.6310553422","-23.6354818518"
"17","2017-06-09","0.04","17.08","1.54","-288.0","-46.6310553422","-23.6354818518"
"17","2017-06-10","0.0","0.0","0.0","-287.0","-46.6310553422","-23.6354818518"
"17","2017-06-11","","","","-1.0","-46.6310553422","-23.6354818518"
"17","2017-06-12","0.0","0.48","0.0","-288.0","-46.6310553422","-23.6354818518"
"17","2017-06-13","3.45","177.85","32.95","-288.0","-46.6310553422","-23.6354818518"
"17","2017-06-14","0.13","12.39","1.98","-287.0","-46.6310553422","-23.6354818518"
"18","2016-10-31","","","","-1.0","-46.5091613197","-23.6108092341"
"18","2016-11-01","0.0","0.06","0.0","-288.0","-46.5091613197","-23.6108092341"
"18","2016-11-02","0.0","11.78","0.68","-288.0","-46.5091613197","-23.6108092341"
"18","2016-11-03","2.98","45.44","14.37","-288.0","-46.5091613197","-23.6108092341"
"18","2016-11-04","0.26","2.53","0.88","-288.0","-46.5091613197","-23.6108092341"
"18","2016-11-05","0.0","0.0","0.0","-288.0","-46.5091613197","-23.6108092341"
"18","2016-11-06","0.0","5.68","1.17","-288.0","-46.5091613197","-23.6108092341"
"18","2016-11-07","0.0","0.16","0.0","-288.0","-46.5091613197","-23.6108092341"
"18","2016-11-08","0.0","0.59","0.03","-288.0","-46.5091613197","-23.6108092341"
"18","2016-11-09","3.1","30.6","9.89","-288.0","-46.5091613197","-23.6108092341"
"18","2016-11-10","3.09","36.7","11.6","-288.0","-46.5091613197","-23.6108092341"
"18","2016-11-11","0.0","3.21","0.44","-288.0","-46.5091613197","-23.6108092341"
"18","2016-11-12","0.75","17.08","6.09","-288.0","-46.5091613197","-23.6108092341"
"18","2016-11-13","13.93","66.14","34.05","-288.0","-46.5091613197","-23.6108092341"
"18","2016-11-14","7.25","41.2","17.54","-287.0","-46.5091613197","-23.6108092341"
"18","2016-11-15","","","","-1.0","-46.5091613197","-23.6108092341"
"18","2016-11-16","1.33","25.96","7.79","-288.0","-46.5091613197","-23.6108092341"
"18","2016-11-17","0.57","27.75","6.47","-288.0","-46.5091613197","-23.6108092341"
"18","2016-11-18","0.02","3.08","0.41","-287.0","-46.5091613197","-23.6108092341"
"18","2016-11-19","0.0","0.0","0.0","0.0","-46.5091613197","-23.6108092341"
"18","2016-11-20","0.0","0.0","0.0","0.0","-46.5091613197","-23.6108092341"
"18","2016-11-21","0.0","0.0","0.0","0.0","-46.5091613197","-23.6108092341"
"18","2016-11-22","","","","-1.0","-46.5091613197","-23.6108092341"
"18","2016-11-23","0.61","16.45","5.0","-288.0","-46.5091613197","-23.6108092341"
"18","2016-11-24","0.0","0.01","0.0","-287.0","-46.5091613197","-23.6108092341"
"18","2016-11-25","0.0","0.0","0.0","0.0","-46.5091613197","-23.6108092341"
"18","2016-11-26","","","","-1.0","-46.5091613197","-23.6108092341"
"18","2016-11-27","0.46","61.11","19.47","-288.0","-46.5091613197","-23.6108092341"
"18","2016-11-28","0.66","23.45","5.8","-288.0","-46.5091613197","-23.6108092341"
"18","2016-11-29","3.57","69.66","22.09","-288.0","-46.5091613197","-23.6108092341"
"18","2016-11-30","0.0","0.0","0.0","-287.0","-46.5091613197","-23.6108092341"
"18","2016-12-01","0.0","0.0","0.0","0.0","-46.5091613197","-23.6108092341"
"18","2016-12-02","","","","-1.0","-46.5091613197","-23.6108092341"
"18","2016-12-03","3.58","23.66","10.03","-288.0","-46.5091613197","-23.6108092341"
"18","2016-12-04","1.61","23.14","7.76","-288.0","-46.5091613197","-23.6108092341"
"18","2016-12-05","0.18","3.38","0.99","-287.0","-46.5091613197","-23.6108092341"
"18","2016-12-06","","","","-1.0","-46.5091613197","-23.6108092341"
"18","2016-12-07","1.43","23.08","6.76","-288.0","-46.5091613197","-23.6108092341"
"18","2016-12-08","0.0","0.14","0.0","-288.0","-46.5091613197","-23.6108092341"
"18","2016-12-09","0.21","7.09","1.62","-288.0","-46.5091613197","-23.6108092341"
"18","2016-12-10","3.29","61.98","21.73","-288.0","-46.5091613197","-23.6108092341"
"18","2016-12-11","1.84","28.33","9.57","-288.0","-46.5091613197","-23.6108092341"
"18","2016-12-12","4.27","43.4","15.21","-288.0","-46.5091613197","-23.6108092341"
"18","2016-12-13","0.0","4.68","0.61","-288.0","-46.5091613197","-23.6108092341"
"18","2016-12-14","0.0","0.08","0.0","-288.0","-46.5091613197","-23.6108092341"
"18","2016-12-15","0.0","0.0","0.0","-287.0","-46.5091613197","-23.6108092341"
"18","2016-12-16","0.0","0.0","0.0","0.0","-46.5091613197","-23.6108092341"
"18","2016-12-17","","","","-1.0","-46.5091613197","-23.6108092341"
"18","2016-12-18","0.0","1.01","0.2","-288.0","-46.5091613197","-23.6108092341"
"18","2016-12-19","0.21","39.5","4.82","-288.0","-46.5091613197","-23.6108092341"
"18","2016-12-20","0.66","132.24","24.55","-288.0","-46.5091613197","-23.6108092341"
"18","2016-12-21","8.03","57.97","27.52","-288.0","-46.5091613197","-23.6108092341"
"18","2016-12-22","0.0","0.19","0.02","-288.0","-46.5091613197","-23.6108092341"
"18","2016-12-23","2.03","61.16","14.28","-288.0","-46.5091613197","-23.6108092341"
"18","2016-12-24","0.13","3.96","1.12","-288.0","-46.5091613197","-23.6108092341"
"18","2016-12-25","0.0","0.1","0.0","-288.0","-46.5091613197","-23.6108092341"
"18","2016-12-26","0.0","0.1","0.0","-288.0","-46.5091613197","-23.6108092341"
"18","2016-12-27","0.01","21.32","3.61","-288.0","-46.5091613197","-23.6108092341"
"18","2016-12-28","0.0","0.36","0.0","-288.0","-46.5091613197","-23.6108092341"
"18","2016-12-29","0.06","22.73","4.02","-288.0","-46.5091613197","-23.6108092341"
"18","2016-12-30","0.0","0.47","0.0","-288.0","-46.5091613197","-23.6108092341"
"18","2016-12-31","0.0","1.1","0.13","-287.0","-46.5091613197","-23.6108092341"
"18","2017-01-01","","","","-1.0","-46.5091613197","-23.6108092341"
"18","2017-01-02","2.73","25.63","9.14","-288.0","-46.5091613197","-23.6108092341"
"18","2017-01-03","0.09","18.0","1.97","-288.0","-46.5091613197","-23.6108092341"
"18","2017-01-04","0.0","1.28","0.39","-288.0","-46.5091613197","-23.6108092341"
"18","2017-01-05","0.0","0.22","0.0","-288.0","-46.5091613197","-23.6108092341"
"18","2017-01-06","2.06","13.04","5.08","-288.0","-46.5091613197","-23.6108092341"
"18","2017-01-07","0.78","24.03","6.5","-288.0","-46.5091613197","-23.6108092341"
"18","2017-01-08","0.11","51.01","9.6","-288.0","-46.5091613197","-23.6108092341"
"18","2017-01-09","0.0","14.5","3.4","-288.0","-46.5091613197","-23.6108092341"
"18","2017-01-10","0.47","8.06","2.89","-288.0","-46.5091613197","-23.6108092341"
"18","2017-01-11","2.17","67.77","17.64","-288.0","-46.5091613197","-23.6108092341"
"18","2017-01-12","0.03","2.76","0.51","-288.0","-46.5091613197","-23.6108092341"
"18","2017-01-13","0.0","0.17","0.0","-288.0","-46.5091613197","-23.6108092341"
"18","2017-01-14","0.0","0.06","0.0","-288.0","-46.5091613197","-23.6108092341"
"18","2017-01-15","0.05","31.0","4.44","-288.0","-46.5091613197","-23.6108092341"
"18","2017-01-16","2.2","54.57","13.59","-288.0","-46.5091613197","-23.6108092341"
"18","2017-01-17","19.33","122.24","58.81","-288.0","-46.5091613197","-23.6108092341"
"18","2017-01-18","12.71","118.4","46.3","-288.0","-46.5091613197","-23.6108092341"
"18","2017-01-19","4.2","43.05","15.41","-288.0","-46.5091613197","-23.6108092341"
"18","2017-01-20","9.24","63.33","26.16","-288.0","-46.5091613197","-23.6108092341"
"18","2017-01-21","8.76","113.33","36.22","-288.0","-46.5091613197","-23.6108092341"
"18","2017-01-22","5.04","45.26","17.4","-288.0","-46.5091613197","-23.6108092341"
"18","2017-01-23","0.32","22.53","5.54","-288.0","-46.5091613197","-23.6108092341"
"18","2017-01-24","0.56","41.34","11.38","-288.0","-46.5091613197","-23.6108092341"
"18","2017-01-25","0.19","4.66","1.2","-288.0","-46.5091613197","-23.6108092341"
"18","2017-01-26","5.49","34.33","14.11","-288.0","-46.5091613197","-23.6108092341"
"18","2017-01-27","0.83","42.69","11.23","-288.0","-46.5091613197","-23.6108092341"
"18","2017-01-28","0.0","0.04","0.0","-288.0","-46.5091613197","-23.6108092341"
"18","2017-01-29","0.0","0.27","0.0","-288.0","-46.5091613197","-23.6108092341"
"18","2017-01-30","0.62","6.04","2.14","-288.0","-46.5091613197","-23.6108092341"
"18","2017-01-31","0.07","2.13","0.63","-288.0","-46.5091613197","-23.6108092341"
"18","2017-02-01","3.1","89.81","29.79","-288.0","-46.5091613197","-23.6108092341"
"18","2017-02-02","1.96","22.48","7.34","-288.0","-46.5091613197","-23.6108092341"
"18","2017-02-03","0.61","9.18","2.93","-288.0","-46.5091613197","-23.6108092341"
"18","2017-02-04","0.37","10.51","2.44","-288.0","-46.5091613197","-23.6108092341"
"18","2017-02-05","0.0","0.11","0.0","-288.0","-46.5091613197","-23.6108092341"
"18","2017-02-06","6.65","81.6","31.1","-288.0","-46.5091613197","-23.6108092341"
"18","2017-02-07","0.0","2.56","0.34","-288.0","-46.5091613197","-23.6108092341"
"18","2017-02-08","0.0","0.0","0.0","-287.0","-46.5091613197","-23.6108092341"
"18","2017-02-09","0.0","0.0","0.0","0.0","-46.5091613197","-23.6108092341"
"18","2017-02-10","0.0","0.0","0.0","0.0","-46.5091613197","-23.6108092341"
"18","2017-02-11","0.0","0.0","0.0","0.0","-46.5091613197","-23.6108092341"
"18","2017-02-12","0.0","0.0","0.0","0.0","-46.5091613197","-23.6108092341"
"18","2017-02-13","0.0","0.0","0.0","0.0","-46.5091613197","-23.6108092341"
"18","2017-02-14","0.0","0.0","0.0","0.0","-46.5091613197","-23.6108092341"
"18","2017-02-15","0.0","0.0","0.0","0.0","-46.5091613197","-23.6108092341"
"18","2017-02-16","","","","-1.0","-46.5091613197","-23.6108092341"
"18","2017-02-17","0.0","0.25","0.0","-288.0","-46.5091613197","-23.6108092341"
"18","2017-02-18","0.0","0.0","0.0","-287.0","-46.5091613197","-23.6108092341"
"18","2017-02-19","0.0","0.0","0.0","0.0","-46.5091613197","-23.6108092341"
"18","2017-02-20","0.0","0.0","0.0","0.0","-46.5091613197","-23.6108092341"
"18","2017-02-21","","","","-1.0","-46.5091613197","-23.6108092341"
"18","2017-02-22","0.31","51.7","11.45","-288.0","-46.5091613197","-23.6108092341"
"18","2017-02-23","0.15","39.68","6.93","-288.0","-46.5091613197","-23.6108092341"
"18","2017-02-24","11.35","110.8","42.57","-288.0","-46.5091613197","-23.6108092341"
"18","2017-02-25","0.51","9.82","2.64","-288.0","-46.5091613197","-23.6108092341"
"18","2017-02-26","0.04","15.96","1.97","-288.0","-46.5091613197","-23.6108092341"
"18","2017-02-27","0.0","1.06","0.15","-288.0","-46.5091613197","-23.6108092341"
"18","2017-02-28","0.0","0.54","0.0","-288.0","-46.5091613197","-23.6108092341"
"18","2017-03-01","0.0","0.31","0.0","-288.0","-46.5091613197","-23.6108092341"
"18","2017-03-02","1.94","63.99","16.98","-288.0","-46.5091613197","-23.6108092341"
"18","2017-03-03","0.64","22.3","6.49","-288.0","-46.5091613197","-23.6108092341"
"18","2017-03-04","0.01","26.7","2.79","-288.0","-46.5091613197","-23.6108092341"
"18","2017-03-05","2.32","66.11","16.11","-288.0","-46.5091613197","-23.6108092341"
"18","2017-03-06","4.92","60.95","20.63","-288.0","-46.5091613197","-23.6108092341"
"18","2017-03-07","3.98","59.08","23.63","-288.0","-46.5091613197","-23.6108092341"
"18","2017-03-08","4.51","27.55","11.5","-288.0","-46.5091613197","-23.6108092341"
"18","2017-03-09","0.0","0.0","0.0","-288.0","-46.5091613197","-23.6108092341"
"18","2017-03-10","0.0","7.76","1.05","-288.0","-46.5091613197","-23.6108092341"
"18","2017-03-11","0.0","2.85","0.1","-288.0","-46.5091613197","-23.6108092341"
"18","2017-03-12","0.0","0.57","0.0","-288.0","-46.5091613197","-23.6108092341"
"18","2017-03-13","0.0","10.47","1.41","-288.0","-46.5091613197","-23.6108092341"
"18","2017-03-14","1.69","64.57","16.07","-288.0","-46.5091613197","-23.6108092341"
"18","2017-03-15","0.06","6.24","1.49","-288.0","-46.5091613197","-23.6108092341"
"18","2017-03-16","0.0","0.17","0.0","-288.0","-46.5091613197","-23.6108092341"
"18","2017-03-17","0.56","27.76","6.24","-288.0","-46.5091613197","-23.6108092341"
"18","2017-03-18","0.01","3.09","0.37","-288.0","-46.5091613197","-23.6108092341"
"18","2017-03-19","0.22","2.63","0.91","-288.0","-46.5091613197","-23.6108092341"
"18","2017-03-20","0.0","0.0","0.0","-287.0","-46.5091613197","-23.6108092341"
"18","2017-03-21","0.0","0.0","0.0","0.0","-46.5091613197","-23.6108092341"
"18","2017-03-22","0.0","0.0","0.0","0.0","-46.5091613197","-23.6108092341"
"18","2017-03-23","","","","-1.0","-46.5091613197","-23.6108092341"
"18","2017-03-24","0.0","0.0","0.0","-288.0","-46.5091613197","-23.6108092341"
"18","2017-03-25","0.03","0.89","0.24","-287.0","-46.5091613197","-23.6108092341"
"18","2017-03-26","","","","-1.0","-46.5091613197","-23.6108092341"
"18","2017-03-27","0.12","3.7","0.96","-288.0","-46.5091613197","-23.6108092341"
"18","2017-03-28","0.17","3.38","1.03","-288.0","-46.5091613197","-23.6108092341"
"18","2017-03-29","0.0","0.15","0.02","-287.0","-46.5091613197","-23.6108092341"
"18","2017-03-30","0.0","0.0","0.0","0.0","-46.5091613197","-23.6108092341"
"18","2017-03-31","0.0","0.0","0.0","0.0","-46.5091613197","-23.6108092341"
"18","2017-04-01","0.0","0.0","0.0","0.0","-46.5091613197","-23.6108092341"
"18","2017-04-02","0.0","0.0","0.0","0.0","-46.5091613197","-23.6108092341"
"18","2017-04-03","0.0","0.0","0.0","0.0","-46.5091613197","-23.6108092341"
"18","2017-04-04","","","","-1.0","-46.5091613197","-23.6108092341"
"18","2017-04-05","0.0","0.0","0.0","-288.0","-46.5091613197","-23.6108092341"
"18","2017-04-06","5.15","65.68","25.2","-288.0","-46.5091613197","-23.6108092341"
"18","2017-04-07","21.61","154.12","70.28","-288.0","-46.5091613197","-23.6108092341"
"18","2017-04-08","0.0","0.0","0.0","-287.0","-46.5091613197","-23.6108092341"
"18","2017-04-09","","","","-1.0","-46.5091613197","-23.6108092341"
"18","2017-04-10","0.0","0.01","0.0","-288.0","-46.5091613197","-23.6108092341"
"18","2017-04-11","0.0","0.27","0.0","-288.0","-46.5091613197","-23.6108092341"
"18","2017-04-12","0.13","11.3","1.97","-287.0","-46.5091613197","-23.6108092341"
"18","2017-04-13","0.0","0.0","0.0","0.0","-46.5091613197","-23.6108092341"
"18","2017-04-14","0.0","0.0","0.0","0.0","-46.5091613197","-23.6108092341"
"18","2017-04-15","0.0","0.0","0.0","0.0","-46.5091613197","-23.6108092341"
"18","2017-04-16","","","","-1.0","-46.5091613197","-23.6108092341"
"18","2017-04-17","0.03","0.66","0.21","-287.0","-46.5091613197","-23.6108092341"
"18","2017-04-18","0.0","0.0","0.0","0.0","-46.5091613197","-23.6108092341"
"18","2017-04-19","0.0","0.0","0.0","0.0","-46.5091613197","-23.6108092341"
"18","2017-04-20","","","","-1.0","-46.5091613197","-23.6108092341"
"18","2017-04-21","3.32","27.98","13.73","-288.0","-46.5091613197","-23.6108092341"
"18","2017-04-22","0.89","7.15","2.87","-287.0","-46.5091613197","-23.6108092341"
"18","2017-04-23","0.0","0.0","0.0","0.0","-46.5091613197","-23.6108092341"
"18","2017-04-24","0.0","0.0","0.0","0.0","-46.5091613197","-23.6108092341"
"18","2017-04-25","","","","-1.0","-46.5091613197","-23.6108092341"
"18","2017-04-26","5.11","37.17","15.49","-288.0","-46.5091613197","-23.6108092341"
"18","2017-04-27","1.1","5.22","2.57","-287.0","-46.5091613197","-23.6108092341"
"18","2017-04-28","0.0","0.0","0.0","0.0","-46.5091613197","-23.6108092341"
"18","2017-04-29","0.0","0.0","0.0","0.0","-46.5091613197","-23.6108092341"
"18","2017-04-30","0.0","0.0","0.0","0.0","-46.5091613197","-23.6108092341"
"18","2017-05-01","","","","-1.0","-46.5091613197","-23.6108092341"
"18","2017-05-02","0.0","0.01","0.0","-287.0","-46.5091613197","-23.6108092341"
"18","2017-05-03","0.0","0.0","0.0","0.0","-46.5091613197","-23.6108092341"
"18","2017-05-04","","","","-1.0","-46.5091613197","-23.6108092341"
"18","2017-05-05","3.49","35.66","11.79","-288.0","-46.5091613197","-23.6108092341"
"18","2017-05-06","1.87","21.62","7.2","-288.0","-46.5091613197","-23.6108092341"
"18","2017-05-07","0.0","0.41","0.03","-287.0","-46.5091613197","-23.6108092341"
"18","2017-05-08","0.0","0.0","0.0","0.0","-46.5091613197","-23.6108092341"
"18","2017-05-09","0.0","0.0","0.0","0.0","-46.5091613197","-23.6108092341"
"18","2017-05-10","0.0","0.0","0.0","0.0","-46.5091613197","-23.6108092341"
"18","2017-05-11","0.0","0.0","0.0","0.0","-46.5091613197","-23.6108092341"
"18","2017-05-12","0.0","0.0","0.0","0.0","-46.5091613197","-23.6108092341"
"18","2017-05-13","","","","-1.0","-46.5091613197","-23.6108092341"
"18","2017-05-14","0.01","1.04","0.17","-287.0","-46.5091613197","-23.6108092341"
"18","2017-05-15","0.0","0.0","0.0","0.0","-46.5091613197","-23.6108092341"
"18","2017-05-16","0.0","0.0","0.0","0.0","-46.5091613197","-23.6108092341"
"18","2017-05-17","","","","-1.0","-46.5091613197","-23.6108092341"
"18","2017-05-18","1.12","9.0","3.8","-288.0","-46.5091613197","-23.6108092341"
"18","2017-05-19","12.45","86.63","34.28","-288.0","-46.5091613197","-23.6108092341"
"18","2017-05-20","0.14","1.65","0.55","-288.0","-46.5091613197","-23.6108092341"
"18","2017-05-21","11.61","59.27","26.73","-288.0","-46.5091613197","-23.6108092341"
"18","2017-05-22","4.71","42.76","15.72","-287.0","-46.5091613197","-23.6108092341"
"18","2017-05-23","0.0","0.0","0.0","0.0","-46.5091613197","-23.6108092341"
"18","2017-05-24","0.0","0.0","0.0","0.0","-46.5091613197","-23.6108092341"
"18","2017-05-25","0.0","0.0","0.0","0.0","-46.5091613197","-23.6108092341"
"18","2017-05-26","0.0","0.0","0.0","0.0","-46.5091613197","-23.6108092341"
"18","2017-05-27","0.0","0.0","0.0","0.0","-46.5091613197","-23.6108092341"
"18","2017-05-28","0.0","0.0","0.0","0.0","-46.5091613197","-23.6108092341"
"18","2017-05-29","0.0","0.0","0.0","0.0","-46.5091613197","-23.6108092341"
"18","2017-05-30","0.0","0.0","0.0","0.0","-46.5091613197","-23.6108092341"
"18","2017-05-31","0.0","0.0","0.0","0.0","-46.5091613197","-23.6108092341"
"18","2017-06-01","0.0","0.0","0.0","0.0","-46.5091613197","-23.6108092341"
"18","2017-06-02","0.0","0.0","0.0","0.0","-46.5091613197","-23.6108092341"
"18","2017-06-03","0.0","0.0","0.0","0.0","-46.5091613197","-23.6108092341"
"18","2017-06-04","","","","-1.0","-46.5091613197","-23.6108092341"
"18","2017-06-05","11.53","77.46","32.88","-288.0","-46.5091613197","-23.6108092341"
"18","2017-06-06","12.46","99.06","37.43","-288.0","-46.5091613197","-23.6108092341"
"18","2017-06-07","7.61","53.71","24.7","-287.0","-46.5091613197","-23.6108092341"
"18","2017-06-08","","","","-1.0","-46.5091613197","-23.6108092341"
"18","2017-06-09","0.06","2.14","0.5","-288.0","-46.5091613197","-23.6108092341"
"18","2017-06-10","0.0","0.0","0.0","-287.0","-46.5091613197","-23.6108092341"
"18","2017-06-11","","","","-1.0","-46.5091613197","-23.6108092341"
"18","2017-06-12","0.0","0.25","0.0","-288.0","-46.5091613197","-23.6108092341"
"18","2017-06-13","6.46","76.45","25.0","-288.0","-46.5091613197","-23.6108092341"
"18","2017-06-14","0.45","8.19","1.99","-287.0","-46.5091613197","-23.6108092341"
"19","2016-10-31","","","","-1.0","-46.4339654757","-23.6200627426"
"19","2016-11-01","0.0","0.21","0.0","-288.0","-46.4339654757","-23.6200627426"
"19","2016-11-02","0.4","40.84","12.02","-288.0","-46.4339654757","-23.6200627426"
"19","2016-11-03","0.76","59.6","10.06","-288.0","-46.4339654757","-23.6200627426"
"19","2016-11-04","0.38","4.83","1.61","-288.0","-46.4339654757","-23.6200627426"
"19","2016-11-05","0.0","0.0","0.0","-288.0","-46.4339654757","-23.6200627426"
"19","2016-11-06","0.0","3.2","0.52","-288.0","-46.4339654757","-23.6200627426"
"19","2016-11-07","0.0","2.98","0.22","-288.0","-46.4339654757","-23.6200627426"
"19","2016-11-08","0.0","0.29","0.0","-288.0","-46.4339654757","-23.6200627426"
"19","2016-11-09","2.68","70.61","21.7","-288.0","-46.4339654757","-23.6200627426"
"19","2016-11-10","1.76","49.52","16.1","-288.0","-46.4339654757","-23.6200627426"
"19","2016-11-11","0.0","2.13","0.06","-288.0","-46.4339654757","-23.6200627426"
"19","2016-11-12","0.67","34.28","8.69","-288.0","-46.4339654757","-23.6200627426"
"19","2016-11-13","10.88","72.71","33.81","-288.0","-46.4339654757","-23.6200627426"
"19","2016-11-14","5.97","39.33","16.37","-287.0","-46.4339654757","-23.6200627426"
"19","2016-11-15","","","","-1.0","-46.4339654757","-23.6200627426"
"19","2016-11-16","2.89","74.69","20.43","-288.0","-46.4339654757","-23.6200627426"
"19","2016-11-17","0.39","31.44","7.02","-288.0","-46.4339654757","-23.6200627426"
"19","2016-11-18","0.01","7.62","0.79","-287.0","-46.4339654757","-23.6200627426"
"19","2016-11-19","0.0","0.0","0.0","0.0","-46.4339654757","-23.6200627426"
"19","2016-11-20","0.0","0.0","0.0","0.0","-46.4339654757","-23.6200627426"
"19","2016-11-21","0.0","0.0","0.0","0.0","-46.4339654757","-23.6200627426"
"19","2016-11-22","","","","-1.0","-46.4339654757","-23.6200627426"
"19","2016-11-23","0.38","25.19","5.49","-288.0","-46.4339654757","-23.6200627426"
"19","2016-11-24","0.0","0.0","0.0","-287.0","-46.4339654757","-23.6200627426"
"19","2016-11-25","0.0","0.0","0.0","0.0","-46.4339654757","-23.6200627426"
"19","2016-11-26","","","","-1.0","-46.4339654757","-23.6200627426"
"19","2016-11-27","0.41","65.13","16.82","-288.0","-46.4339654757","-23.6200627426"
"19","2016-11-28","0.15","46.38","6.59","-288.0","-46.4339654757","-23.6200627426"
"19","2016-11-29","2.39","98.13","25.61","-288.0","-46.4339654757","-23.6200627426"
"19","2016-11-30","0.0","0.0","0.0","-287.0","-46.4339654757","-23.6200627426"
"19","2016-12-01","0.0","0.0","0.0","0.0","-46.4339654757","-23.6200627426"
"19","2016-12-02","","","","-1.0","-46.4339654757","-23.6200627426"
"19","2016-12-03","3.07","36.75","11.72","-288.0","-46.4339654757","-23.6200627426"
"19","2016-12-04","0.99","26.06","7.36","-288.0","-46.4339654757","-23.6200627426"
"19","2016-12-05","0.14","5.92","1.18","-287.0","-46.4339654757","-23.6200627426"
"19","2016-12-06","","","","-1.0","-46.4339654757","-23.6200627426"
"19","2016-12-07","1.07","23.87","4.82","-288.0","-46.4339654757","-23.6200627426"
"19","2016-12-08","0.0","0.52","0.0","-288.0","-46.4339654757","-23.6200627426"
"19","2016-12-09","0.18","4.38","1.21","-288.0","-46.4339654757","-23.6200627426"
"19","2016-12-10","2.2","93.95","22.1","-288.0","-46.4339654757","-23.6200627426"
"19","2016-12-11","0.94","40.32","9.16","-288.0","-46.4339654757","-23.6200627426"
"19","2016-12-12","2.68","67.55","17.95","-288.0","-46.4339654757","-23.6200627426"
"19","2016-12-13","0.0","1.15","0.08","-288.0","-46.4339654757","-23.6200627426"
"19","2016-12-14","0.0","0.1","0.0","-288.0","-46.4339654757","-23.6200627426"
"19","2016-12-15","0.0","0.0","0.0","-287.0","-46.4339654757","-23.6200627426"
"19","2016-12-16","0.0","0.0","0.0","0.0","-46.4339654757","-23.6200627426"
"19","2016-12-17","","","","-1.0","-46.4339654757","-23.6200627426"
"19","2016-12-18","0.01","1.75","0.28","-288.0","-46.4339654757","-23.6200627426"
"19","2016-12-19","0.16","68.12","9.06","-288.0","-46.4339654757","-23.6200627426"
"19","2016-12-20","0.08","40.28","5.06","-288.0","-46.4339654757","-23.6200627426"
"19","2016-12-21","1.74","93.24","30.03","-288.0","-46.4339654757","-23.6200627426"
"19","2016-12-22","0.0","0.77","0.15","-288.0","-46.4339654757","-23.6200627426"
"19","2016-12-23","2.07","85.0","20.59","-288.0","-46.4339654757","-23.6200627426"
"19","2016-12-24","0.04","4.94","1.08","-288.0","-46.4339654757","-23.6200627426"
"19","2016-12-25","0.0","0.0","0.0","-288.0","-46.4339654757","-23.6200627426"
"19","2016-12-26","0.0","0.23","0.0","-288.0","-46.4339654757","-23.6200627426"
"19","2016-12-27","0.0","18.77","1.12","-288.0","-46.4339654757","-23.6200627426"
"19","2016-12-28","0.0","0.39","0.0","-288.0","-46.4339654757","-23.6200627426"
"19","2016-12-29","0.0","15.44","1.31","-288.0","-46.4339654757","-23.6200627426"
"19","2016-12-30","0.0","0.51","0.0","-288.0","-46.4339654757","-23.6200627426"
"19","2016-12-31","0.05","4.46","0.72","-287.0","-46.4339654757","-23.6200627426"
"19","2017-01-01","","","","-1.0","-46.4339654757","-23.6200627426"
"19","2017-01-02","0.44","23.98","4.48","-288.0","-46.4339654757","-23.6200627426"
"19","2017-01-03","0.02","5.9","0.72","-288.0","-46.4339654757","-23.6200627426"
"19","2017-01-04","0.0","0.94","0.18","-288.0","-46.4339654757","-23.6200627426"
"19","2017-01-05","0.01","0.94","0.1","-288.0","-46.4339654757","-23.6200627426"
"19","2017-01-06","1.43","15.8","4.94","-288.0","-46.4339654757","-23.6200627426"
"19","2017-01-07","0.92","41.94","7.55","-288.0","-46.4339654757","-23.6200627426"
"19","2017-01-08","0.04","52.32","11.84","-288.0","-46.4339654757","-23.6200627426"
"19","2017-01-09","0.0","7.39","0.69","-288.0","-46.4339654757","-23.6200627426"
"19","2017-01-10","0.02","6.19","1.18","-288.0","-46.4339654757","-23.6200627426"
"19","2017-01-11","0.91","67.92","9.83","-288.0","-46.4339654757","-23.6200627426"
"19","2017-01-12","0.01","4.79","0.85","-288.0","-46.4339654757","-23.6200627426"
"19","2017-01-13","0.0","1.04","0.14","-288.0","-46.4339654757","-23.6200627426"
"19","2017-01-14","0.0","0.13","0.0","-288.0","-46.4339654757","-23.6200627426"
"19","2017-01-15","0.04","74.81","10.53","-288.0","-46.4339654757","-23.6200627426"
"19","2017-01-16","1.32","69.64","14.46","-288.0","-46.4339654757","-23.6200627426"
"19","2017-01-17","6.04","104.66","31.76","-288.0","-46.4339654757","-23.6200627426"
"19","2017-01-18","6.95","148.48","46.94","-288.0","-46.4339654757","-23.6200627426"
"19","2017-01-19","2.14","48.94","12.3","-288.0","-46.4339654757","-23.6200627426"
"19","2017-01-20","5.68","60.72","21.41","-288.0","-46.4339654757","-23.6200627426"
"19","2017-01-21","7.38","148.64","38.34","-288.0","-46.4339654757","-23.6200627426"
"19","2017-01-22","3.46","61.99","18.03","-288.0","-46.4339654757","-23.6200627426"
"19","2017-01-23","0.2","49.45","6.3","-288.0","-46.4339654757","-23.6200627426"
"19","2017-01-24","0.16","39.52","6.02","-288.0","-46.4339654757","-23.6200627426"
"19","2017-01-25","0.2","9.21","2.44","-288.0","-46.4339654757","-23.6200627426"
"19","2017-01-26","4.19","55.54","17.32","-288.0","-46.4339654757","-23.6200627426"
"19","2017-01-27","0.62","41.62","6.91","-288.0","-46.4339654757","-23.6200627426"
"19","2017-01-28","0.0","0.03","0.0","-288.0","-46.4339654757","-23.6200627426"
"19","2017-01-29","0.0","0.35","0.0","-288.0","-46.4339654757","-23.6200627426"
"19","2017-01-30","0.25","3.54","1.24","-288.0","-46.4339654757","-23.6200627426"
"19","2017-01-31","0.13","18.54","3.17","-288.0","-46.4339654757","-23.6200627426"
"19","2017-02-01","2.18","77.64","23.58","-288.0","-46.4339654757","-23.6200627426"
"19","2017-02-02","0.48","20.83","4.32","-288.0","-46.4339654757","-23.6200627426"
"19","2017-02-03","0.35","9.27","2.43","-288.0","-46.4339654757","-23.6200627426"
"19","2017-02-04","0.0","18.84","1.33","-288.0","-46.4339654757","-23.6200627426"
"19","2017-02-05","0.0","0.15","0.0","-288.0","-46.4339654757","-23.6200627426"
"19","2017-02-06","13.04","130.17","52.6","-288.0","-46.4339654757","-23.6200627426"
"19","2017-02-07","0.05","1.69","0.45","-288.0","-46.4339654757","-23.6200627426"
"19","2017-02-08","0.0","0.0","0.0","-287.0","-46.4339654757","-23.6200627426"
"19","2017-02-09","0.0","0.0","0.0","0.0","-46.4339654757","-23.6200627426"
"19","2017-02-10","0.0","0.0","0.0","0.0","-46.4339654757","-23.6200627426"
"19","2017-02-11","0.0","0.0","0.0","0.0","-46.4339654757","-23.6200627426"
"19","2017-02-12","0.0","0.0","0.0","0.0","-46.4339654757","-23.6200627426"
"19","2017-02-13","0.0","0.0","0.0","0.0","-46.4339654757","-23.6200627426"
"19","2017-02-14","0.0","0.0","0.0","0.0","-46.4339654757","-23.6200627426"
"19","2017-02-15","0.0","0.0","0.0","0.0","-46.4339654757","-23.6200627426"
"19","2017-02-16","","","","-1.0","-46.4339654757","-23.6200627426"
"19","2017-02-17","0.0","0.05","0.0","-288.0","-46.4339654757","-23.6200627426"
"19","2017-02-18","0.0","0.01","0.0","-287.0","-46.4339654757","-23.6200627426"
"19","2017-02-19","0.0","0.0","0.0","0.0","-46.4339654757","-23.6200627426"
"19","2017-02-20","0.0","0.0","0.0","0.0","-46.4339654757","-23.6200627426"
"19","2017-02-21","","","","-1.0","-46.4339654757","-23.6200627426"
"19","2017-02-22","0.0","41.14","4.7","-288.0","-46.4339654757","-23.6200627426"
"19","2017-02-23","0.09","38.06","4.15","-288.0","-46.4339654757","-23.6200627426"
"19","2017-02-24","5.22","96.13","27.19","-288.0","-46.4339654757","-23.6200627426"
"19","2017-02-25","1.03","28.83","7.11","-288.0","-46.4339654757","-23.6200627426"
"19","2017-02-26","0.0","11.31","0.64","-288.0","-46.4339654757","-23.6200627426"
"19","2017-02-27","0.0","0.33","0.0","-288.0","-46.4339654757","-23.6200627426"
"19","2017-02-28","0.0","1.34","0.02","-288.0","-46.4339654757","-23.6200627426"
"19","2017-03-01","0.0","0.42","0.0","-288.0","-46.4339654757","-23.6200627426"
"19","2017-03-02","3.08","82.37","21.82","-288.0","-46.4339654757","-23.6200627426"
"19","2017-03-03","0.28","33.18","5.85","-288.0","-46.4339654757","-23.6200627426"
"19","2017-03-04","0.0","65.25","4.63","-288.0","-46.4339654757","-23.6200627426"
"19","2017-03-05","1.58","91.2","18.42","-288.0","-46.4339654757","-23.6200627426"
"19","2017-03-06","3.51","92.77","24.88","-288.0","-46.4339654757","-23.6200627426"
"19","2017-03-07","1.98","64.2","22.68","-288.0","-46.4339654757","-23.6200627426"
"19","2017-03-08","4.36","43.89","13.12","-288.0","-46.4339654757","-23.6200627426"
"19","2017-03-09","0.0","0.0","0.0","-288.0","-46.4339654757","-23.6200627426"
"19","2017-03-10","0.0","0.58","0.01","-288.0","-46.4339654757","-23.6200627426"
"19","2017-03-11","0.0","0.1","0.0","-288.0","-46.4339654757","-23.6200627426"
"19","2017-03-12","0.0","1.08","0.01","-288.0","-46.4339654757","-23.6200627426"
"19","2017-03-13","0.0","21.6","2.05","-288.0","-46.4339654757","-23.6200627426"
"19","2017-03-14","0.81","94.93","22.07","-288.0","-46.4339654757","-23.6200627426"
"19","2017-03-15","0.24","13.66","2.83","-288.0","-46.4339654757","-23.6200627426"
"19","2017-03-16","0.0","3.4","0.26","-288.0","-46.4339654757","-23.6200627426"
"19","2017-03-17","0.15","55.1","6.25","-288.0","-46.4339654757","-23.6200627426"
"19","2017-03-18","0.03","10.63","2.06","-288.0","-46.4339654757","-23.6200627426"
"19","2017-03-19","0.11","4.34","1.02","-288.0","-46.4339654757","-23.6200627426"
"19","2017-03-20","0.0","0.0","0.0","-287.0","-46.4339654757","-23.6200627426"
"19","2017-03-21","0.0","0.0","0.0","0.0","-46.4339654757","-23.6200627426"
"19","2017-03-22","0.0","0.0","0.0","0.0","-46.4339654757","-23.6200627426"
"19","2017-03-23","","","","-1.0","-46.4339654757","-23.6200627426"
"19","2017-03-24","0.0","0.05","0.0","-288.0","-46.4339654757","-23.6200627426"
"19","2017-03-25","0.0","1.2","0.14","-287.0","-46.4339654757","-23.6200627426"
"19","2017-03-26","","","","-1.0","-46.4339654757","-23.6200627426"
"19","2017-03-27","0.0","2.99","0.55","-288.0","-46.4339654757","-23.6200627426"
"19","2017-03-28","0.06","6.69","1.34","-288.0","-46.4339654757","-23.6200627426"
"19","2017-03-29","0.0","0.19","0.04","-287.0","-46.4339654757","-23.6200627426"
"19","2017-03-30","0.0","0.0","0.0","0.0","-46.4339654757","-23.6200627426"
"19","2017-03-31","0.0","0.0","0.0","0.0","-46.4339654757","-23.6200627426"
"19","2017-04-01","0.0","0.0","0.0","0.0","-46.4339654757","-23.6200627426"
"19","2017-04-02","0.0","0.0","0.0","0.0","-46.4339654757","-23.6200627426"
"19","2017-04-03","0.0","0.0","0.0","0.0","-46.4339654757","-23.6200627426"
"19","2017-04-04","","","","-1.0","-46.4339654757","-23.6200627426"
"19","2017-04-05","0.0","0.0","0.0","-288.0","-46.4339654757","-23.6200627426"
"19","2017-04-06","2.75","81.3","25.21","-288.0","-46.4339654757","-23.6200627426"
"19","2017-04-07","19.76","188.66","78.79","-288.0","-46.4339654757","-23.6200627426"
"19","2017-04-08","0.0","0.0","0.0","-287.0","-46.4339654757","-23.6200627426"
"19","2017-04-09","","","","-1.0","-46.4339654757","-23.6200627426"
"19","2017-04-10","0.0","0.0","0.0","-288.0","-46.4339654757","-23.6200627426"
"19","2017-04-11","0.0","0.08","0.0","-288.0","-46.4339654757","-23.6200627426"
"19","2017-04-12","0.24","26.17","4.29","-287.0","-46.4339654757","-23.6200627426"
"19","2017-04-13","0.0","0.0","0.0","0.0","-46.4339654757","-23.6200627426"
"19","2017-04-14","0.0","0.0","0.0","0.0","-46.4339654757","-23.6200627426"
"19","2017-04-15","0.0","0.0","0.0","0.0","-46.4339654757","-23.6200627426"
"19","2017-04-16","","","","-1.0","-46.4339654757","-23.6200627426"
"19","2017-04-17","0.0","0.61","0.09","-287.0","-46.4339654757","-23.6200627426"
"19","2017-04-18","0.0","0.0","0.0","0.0","-46.4339654757","-23.6200627426"
"19","2017-04-19","0.0","0.0","0.0","0.0","-46.4339654757","-23.6200627426"
"19","2017-04-20","","","","-1.0","-46.4339654757","-23.6200627426"
"19","2017-04-21","1.2","47.51","12.54","-288.0","-46.4339654757","-23.6200627426"
"19","2017-04-22","0.76","11.68","3.74","-287.0","-46.4339654757","-23.6200627426"
"19","2017-04-23","0.0","0.0","0.0","0.0","-46.4339654757","-23.6200627426"
"19","2017-04-24","0.0","0.0","0.0","0.0","-46.4339654757","-23.6200627426"
"19","2017-04-25","","","","-1.0","-46.4339654757","-23.6200627426"
"19","2017-04-26","3.77","47.93","14.43","-288.0","-46.4339654757","-23.6200627426"
"19","2017-04-27","0.68","6.34","2.48","-287.0","-46.4339654757","-23.6200627426"
"19","2017-04-28","0.0","0.0","0.0","0.0","-46.4339654757","-23.6200627426"
"19","2017-04-29","0.0","0.0","0.0","0.0","-46.4339654757","-23.6200627426"
"19","2017-04-30","0.0","0.0","0.0","0.0","-46.4339654757","-23.6200627426"
"19","2017-05-01","","","","-1.0","-46.4339654757","-23.6200627426"
"19","2017-05-02","0.0","0.02","0.0","-287.0","-46.4339654757","-23.6200627426"
"19","2017-05-03","0.0","0.0","0.0","0.0","-46.4339654757","-23.6200627426"
"19","2017-05-04","","","","-1.0","-46.4339654757","-23.6200627426"
"19","2017-05-05","1.78","44.33","12.66","-288.0","-46.4339654757","-23.6200627426"
"19","2017-05-06","1.54","34.29","8.46","-288.0","-46.4339654757","-23.6200627426"
"19","2017-05-07","0.0","0.24","0.02","-287.0","-46.4339654757","-23.6200627426"
"19","2017-05-08","0.0","0.0","0.0","0.0","-46.4339654757","-23.6200627426"
"19","2017-05-09","0.0","0.0","0.0","0.0","-46.4339654757","-23.6200627426"
"19","2017-05-10","0.0","0.0","0.0","0.0","-46.4339654757","-23.6200627426"
"19","2017-05-11","0.0","0.0","0.0","0.0","-46.4339654757","-23.6200627426"
"19","2017-05-12","0.0","0.0","0.0","0.0","-46.4339654757","-23.6200627426"
"19","2017-05-13","","","","-1.0","-46.4339654757","-23.6200627426"
"19","2017-05-14","0.0","3.55","0.37","-287.0","-46.4339654757","-23.6200627426"
"19","2017-05-15","0.0","0.0","0.0","0.0","-46.4339654757","-23.6200627426"
"19","2017-05-16","0.0","0.0","0.0","0.0","-46.4339654757","-23.6200627426"
"19","2017-05-17","","","","-1.0","-46.4339654757","-23.6200627426"
"19","2017-05-18","0.46","9.51","3.09","-288.0","-46.4339654757","-23.6200627426"
"19","2017-05-19","9.95","109.42","35.38","-288.0","-46.4339654757","-23.6200627426"
"19","2017-05-20","0.02","1.16","0.31","-288.0","-46.4339654757","-23.6200627426"
"19","2017-05-21","8.24","74.52","25.6","-288.0","-46.4339654757","-23.6200627426"
"19","2017-05-22","2.97","52.29","14.42","-287.0","-46.4339654757","-23.6200627426"
"19","2017-05-23","0.0","0.0","0.0","0.0","-46.4339654757","-23.6200627426"
"19","2017-05-24","0.0","0.0","0.0","0.0","-46.4339654757","-23.6200627426"
"19","2017-05-25","0.0","0.0","0.0","0.0","-46.4339654757","-23.6200627426"
"19","2017-05-26","0.0","0.0","0.0","0.0","-46.4339654757","-23.6200627426"
"19","2017-05-27","0.0","0.0","0.0","0.0","-46.4339654757","-23.6200627426"
"19","2017-05-28","0.0","0.0","0.0","0.0","-46.4339654757","-23.6200627426"
"19","2017-05-29","0.0","0.0","0.0","0.0","-46.4339654757","-23.6200627426"
"19","2017-05-30","0.0","0.0","0.0","0.0","-46.4339654757","-23.6200627426"
"19","2017-05-31","0.0","0.0","0.0","0.0","-46.4339654757","-23.6200627426"
"19","2017-06-01","0.0","0.0","0.0","0.0","-46.4339654757","-23.6200627426"
"19","2017-06-02","0.0","0.0","0.0","0.0","-46.4339654757","-23.6200627426"
"19","2017-06-03","0.0","0.0","0.0","0.0","-46.4339654757","-23.6200627426"
"19","2017-06-04","","","","-1.0","-46.4339654757","-23.6200627426"
"19","2017-06-05","7.93","90.85","31.24","-288.0","-46.4339654757","-23.6200627426"
"19","2017-06-06","9.17","97.07","32.91","-288.0","-46.4339654757","-23.6200627426"
"19","2017-06-07","3.94","55.03","17.94","-287.0","-46.4339654757","-23.6200627426"
"19","2017-06-08","","","","-1.0","-46.4339654757","-23.6200627426"
"19","2017-06-09","0.0","2.95","0.3","-288.0","-46.4339654757","-23.6200627426"
"19","2017-06-10","0.0","0.0","0.0","-287.0","-46.4339654757","-23.6200627426"
"19","2017-06-11","","","","-1.0","-46.4339654757","-23.6200627426"
"19","2017-06-12","0.0","0.25","0.0","-288.0","-46.4339654757","-23.6200627426"
"19","2017-06-13","3.88","86.76","20.1","-288.0","-46.4339654757","-23.6200627426"
"19","2017-06-14","0.25","10.92","2.37","-287.0","-46.4339654757","-23.6200627426"
"20","2016-10-31","","","","-1.0","-46.7540270141","-23.5698742357"
"20","2016-11-01","0.0","0.05","0.0","-288.0","-46.7540270141","-23.5698742357"
"20","2016-11-02","0.42","29.25","4.04","-288.0","-46.7540270141","-23.5698742357"
"20","2016-11-03","0.55","60.52","8.86","-288.0","-46.7540270141","-23.5698742357"
"20","2016-11-04","0.01","2.89","0.57","-288.0","-46.7540270141","-23.5698742357"
"20","2016-11-05","0.0","0.0","0.0","-288.0","-46.7540270141","-23.5698742357"
"20","2016-11-06","0.0","57.36","5.53","-288.0","-46.7540270141","-23.5698742357"
"20","2016-11-07","0.0","0.71","0.02","-288.0","-46.7540270141","-23.5698742357"
"20","2016-11-08","0.0","0.11","0.0","-288.0","-46.7540270141","-23.5698742357"
"20","2016-11-09","4.17","72.41","21.33","-288.0","-46.7540270141","-23.5698742357"
"20","2016-11-10","1.82","41.15","8.84","-288.0","-46.7540270141","-23.5698742357"
"20","2016-11-11","0.01","7.08","0.56","-288.0","-46.7540270141","-23.5698742357"
"20","2016-11-12","0.05","5.59","0.76","-288.0","-46.7540270141","-23.5698742357"
"20","2016-11-13","10.23","72.86","31.24","-288.0","-46.7540270141","-23.5698742357"
"20","2016-11-14","6.44","44.3","17.5","-287.0","-46.7540270141","-23.5698742357"
"20","2016-11-15","","","","-1.0","-46.7540270141","-23.5698742357"
"20","2016-11-16","0.69","23.71","7.09","-288.0","-46.7540270141","-23.5698742357"
"20","2016-11-17","0.06","28.01","4.34","-288.0","-46.7540270141","-23.5698742357"
"20","2016-11-18","0.0","1.54","0.16","-287.0","-46.7540270141","-23.5698742357"
"20","2016-11-19","0.0","0.0","0.0","0.0","-46.7540270141","-23.5698742357"
"20","2016-11-20","0.0","0.0","0.0","0.0","-46.7540270141","-23.5698742357"
"20","2016-11-21","0.0","0.0","0.0","0.0","-46.7540270141","-23.5698742357"
"20","2016-11-22","","","","-1.0","-46.7540270141","-23.5698742357"
"20","2016-11-23","0.05","12.51","1.64","-288.0","-46.7540270141","-23.5698742357"
"20","2016-11-24","0.0","0.02","0.0","-287.0","-46.7540270141","-23.5698742357"
"20","2016-11-25","0.0","0.0","0.0","0.0","-46.7540270141","-23.5698742357"
"20","2016-11-26","","","","-1.0","-46.7540270141","-23.5698742357"
"20","2016-11-27","0.26","40.52","5.7","-288.0","-46.7540270141","-23.5698742357"
"20","2016-11-28","0.0","22.52","1.49","-288.0","-46.7540270141","-23.5698742357"
"20","2016-11-29","2.49","39.49","8.7","-288.0","-46.7540270141","-23.5698742357"
"20","2016-11-30","0.0","0.0","0.0","-287.0","-46.7540270141","-23.5698742357"
"20","2016-12-01","0.0","0.0","0.0","0.0","-46.7540270141","-23.5698742357"
"20","2016-12-02","","","","-1.0","-46.7540270141","-23.5698742357"
"20","2016-12-03","1.96","50.99","13.33","-288.0","-46.7540270141","-23.5698742357"
"20","2016-12-04","0.9","19.1","4.31","-288.0","-46.7540270141","-23.5698742357"
"20","2016-12-05","0.09","1.63","0.49","-287.0","-46.7540270141","-23.5698742357"
"20","2016-12-06","","","","-1.0","-46.7540270141","-23.5698742357"
"20","2016-12-07","0.32","14.41","2.96","-288.0","-46.7540270141","-23.5698742357"
"20","2016-12-08","0.0","0.48","0.06","-288.0","-46.7540270141","-23.5698742357"
"20","2016-12-09","0.27","6.11","1.22","-288.0","-46.7540270141","-23.5698742357"
"20","2016-12-10","0.97","39.68","8.88","-288.0","-46.7540270141","-23.5698742357"
"20","2016-12-11","1.48","64.62","16.04","-288.0","-46.7540270141","-23.5698742357"
"20","2016-12-12","3.84","87.76","25.51","-288.0","-46.7540270141","-23.5698742357"
"20","2016-12-13","0.0","1.45","0.11","-288.0","-46.7540270141","-23.5698742357"
"20","2016-12-14","0.0","1.07","0.01","-288.0","-46.7540270141","-23.5698742357"
"20","2016-12-15","0.0","0.0","0.0","-287.0","-46.7540270141","-23.5698742357"
"20","2016-12-16","0.0","0.0","0.0","0.0","-46.7540270141","-23.5698742357"
"20","2016-12-17","","","","-1.0","-46.7540270141","-23.5698742357"
"20","2016-12-18","0.27","175.49","32.51","-288.0","-46.7540270141","-23.5698742357"
"20","2016-12-19","0.62","41.34","9.09","-288.0","-46.7540270141","-23.5698742357"
"20","2016-12-20","0.16","12.16","2.37","-288.0","-46.7540270141","-23.5698742357"
"20","2016-12-21","0.09","32.45","3.97","-288.0","-46.7540270141","-23.5698742357"
"20","2016-12-22","0.0","0.03","0.0","-288.0","-46.7540270141","-23.5698742357"
"20","2016-12-23","0.73","35.36","7.73","-288.0","-46.7540270141","-23.5698742357"
"20","2016-12-24","0.6","21.6","4.46","-288.0","-46.7540270141","-23.5698742357"
"20","2016-12-25","0.0","0.5","0.0","-288.0","-46.7540270141","-23.5698742357"
"20","2016-12-26","0.0","0.04","0.0","-288.0","-46.7540270141","-23.5698742357"
"20","2016-12-27","0.0","3.82","0.12","-288.0","-46.7540270141","-23.5698742357"
"20","2016-12-28","0.03","56.55","8.07","-288.0","-46.7540270141","-23.5698742357"
"20","2016-12-29","0.03","9.67","1.17","-288.0","-46.7540270141","-23.5698742357"
"20","2016-12-30","0.0","0.49","0.0","-288.0","-46.7540270141","-23.5698742357"
"20","2016-12-31","0.0","15.2","0.99","-287.0","-46.7540270141","-23.5698742357"
"20","2017-01-01","","","","-1.0","-46.7540270141","-23.5698742357"
"20","2017-01-02","2.76","64.18","13.63","-288.0","-46.7540270141","-23.5698742357"
"20","2017-01-03","1.41","27.06","7.25","-288.0","-46.7540270141","-23.5698742357"
"20","2017-01-04","0.0","0.48","0.01","-288.0","-46.7540270141","-23.5698742357"
"20","2017-01-05","0.0","0.61","0.05","-288.0","-46.7540270141","-23.5698742357"
"20","2017-01-06","1.05","29.86","6.44","-288.0","-46.7540270141","-23.5698742357"
"20","2017-01-07","0.31","14.66","2.66","-288.0","-46.7540270141","-23.5698742357"
"20","2017-01-08","0.0","1.15","0.09","-288.0","-46.7540270141","-23.5698742357"
"20","2017-01-09","3.78","58.63","21.73","-288.0","-46.7540270141","-23.5698742357"
"20","2017-01-10","2.3","23.6","8.27","-288.0","-46.7540270141","-23.5698742357"
"20","2017-01-11","0.24","12.75","2.08","-288.0","-46.7540270141","-23.5698742357"
"20","2017-01-12","0.03","24.07","2.93","-288.0","-46.7540270141","-23.5698742357"
"20","2017-01-13","0.0","1.21","0.11","-288.0","-46.7540270141","-23.5698742357"
"20","2017-01-14","0.0","29.89","5.06","-288.0","-46.7540270141","-23.5698742357"
"20","2017-01-15","0.0","61.85","6.03","-288.0","-46.7540270141","-23.5698742357"
"20","2017-01-16","5.42","92.04","28.74","-288.0","-46.7540270141","-23.5698742357"
"20","2017-01-17","7.34","79.17","26.95","-288.0","-46.7540270141","-23.5698742357"
"20","2017-01-18","4.9","147.24","31.6","-288.0","-46.7540270141","-23.5698742357"
"20","2017-01-19","3.76","101.24","27.09","-288.0","-46.7540270141","-23.5698742357"
"20","2017-01-20","5.92","119.53","30.28","-288.0","-46.7540270141","-23.5698742357"
"20","2017-01-21","7.07","211.46","48.16","-288.0","-46.7540270141","-23.5698742357"
"20","2017-01-22","3.38","49.22","15.5","-288.0","-46.7540270141","-23.5698742357"
"20","2017-01-23","0.09","15.26","1.96","-288.0","-46.7540270141","-23.5698742357"
"20","2017-01-24","0.05","13.37","1.48","-288.0","-46.7540270141","-23.5698742357"
"20","2017-01-25","0.0","5.12","0.66","-288.0","-46.7540270141","-23.5698742357"
"20","2017-01-26","6.24","72.27","24.57","-288.0","-46.7540270141","-23.5698742357"
"20","2017-01-27","1.19","47.19","9.07","-288.0","-46.7540270141","-23.5698742357"
"20","2017-01-28","0.0","0.45","0.0","-288.0","-46.7540270141","-23.5698742357"
"20","2017-01-29","0.0","6.31","0.42","-288.0","-46.7540270141","-23.5698742357"
"20","2017-01-30","0.02","11.04","1.43","-288.0","-46.7540270141","-23.5698742357"
"20","2017-01-31","1.54","43.88","11.27","-288.0","-46.7540270141","-23.5698742357"
"20","2017-02-01","2.53","115.99","21.88","-288.0","-46.7540270141","-23.5698742357"
"20","2017-02-02","1.73","36.34","9.76","-288.0","-46.7540270141","-23.5698742357"
"20","2017-02-03","1.75","40.93","10.77","-288.0","-46.7540270141","-23.5698742357"
"20","2017-02-04","0.08","97.1","21.98","-288.0","-46.7540270141","-23.5698742357"
"20","2017-02-05","0.0","0.35","0.04","-288.0","-46.7540270141","-23.5698742357"
"20","2017-02-06","2.99","99.15","21.87","-288.0","-46.7540270141","-23.5698742357"
"20","2017-02-07","0.0","7.91","0.36","-288.0","-46.7540270141","-23.5698742357"
"20","2017-02-08","0.0","0.0","0.0","-287.0","-46.7540270141","-23.5698742357"
"20","2017-02-09","0.0","0.0","0.0","0.0","-46.7540270141","-23.5698742357"
"20","2017-02-10","0.0","0.0","0.0","0.0","-46.7540270141","-23.5698742357"
"20","2017-02-11","0.0","0.0","0.0","0.0","-46.7540270141","-23.5698742357"
"20","2017-02-12","0.0","0.0","0.0","0.0","-46.7540270141","-23.5698742357"
"20","2017-02-13","0.0","0.0","0.0","0.0","-46.7540270141","-23.5698742357"
"20","2017-02-14","0.0","0.0","0.0","0.0","-46.7540270141","-23.5698742357"
"20","2017-02-15","0.0","0.0","0.0","0.0","-46.7540270141","-23.5698742357"
"20","2017-02-16","","","","-1.0","-46.7540270141","-23.5698742357"
"20","2017-02-17","0.0","0.26","0.0","-288.0","-46.7540270141","-23.5698742357"
"20","2017-02-18","0.0","0.0","0.0","-287.0","-46.7540270141","-23.5698742357"
"20","2017-02-19","0.0","0.0","0.0","0.0","-46.7540270141","-23.5698742357"
"20","2017-02-20","0.0","0.0","0.0","0.0","-46.7540270141","-23.5698742357"
"20","2017-02-21","","","","-1.0","-46.7540270141","-23.5698742357"
"20","2017-02-22","0.82","100.33","24.07","-288.0","-46.7540270141","-23.5698742357"
"20","2017-02-23","0.0","0.06","0.0","-288.0","-46.7540270141","-23.5698742357"
"20","2017-02-24","3.13","121.27","22.96","-288.0","-46.7540270141","-23.5698742357"
"20","2017-02-25","0.18","15.48","2.96","-288.0","-46.7540270141","-23.5698742357"
"20","2017-02-26","0.0","29.66","4.0","-288.0","-46.7540270141","-23.5698742357"
"20","2017-02-27","0.0","1.22","0.06","-288.0","-46.7540270141","-23.5698742357"
"20","2017-02-28","0.0","0.56","0.0","-288.0","-46.7540270141","-23.5698742357"
"20","2017-03-01","0.0","0.85","0.01","-288.0","-46.7540270141","-23.5698742357"
"20","2017-03-02","0.0","30.59","1.78","-288.0","-46.7540270141","-23.5698742357"
"20","2017-03-03","1.11","61.08","11.8","-288.0","-46.7540270141","-23.5698742357"
"20","2017-03-04","0.39","28.5","3.78","-288.0","-46.7540270141","-23.5698742357"
"20","2017-03-05","1.17","116.01","27.69","-288.0","-46.7540270141","-23.5698742357"
"20","2017-03-06","2.32","84.24","14.44","-288.0","-46.7540270141","-23.5698742357"
"20","2017-03-07","0.35","51.84","10.5","-288.0","-46.7540270141","-23.5698742357"
"20","2017-03-08","0.55","14.03","3.33","-288.0","-46.7540270141","-23.5698742357"
"20","2017-03-09","0.0","0.0","0.0","-288.0","-46.7540270141","-23.5698742357"
"20","2017-03-10","0.05","45.73","8.38","-288.0","-46.7540270141","-23.5698742357"
"20","2017-03-11","0.0","0.48","0.01","-288.0","-46.7540270141","-23.5698742357"
"20","2017-03-12","0.0","0.48","0.0","-288.0","-46.7540270141","-23.5698742357"
"20","2017-03-13","0.0","3.65","0.13","-288.0","-46.7540270141","-23.5698742357"
"20","2017-03-14","0.0","19.08","2.5","-288.0","-46.7540270141","-23.5698742357"
"20","2017-03-15","0.0","34.82","4.56","-288.0","-46.7540270141","-23.5698742357"
"20","2017-03-16","0.0","0.05","0.0","-288.0","-46.7540270141","-23.5698742357"
"20","2017-03-17","0.23","53.44","7.44","-288.0","-46.7540270141","-23.5698742357"
"20","2017-03-18","0.08","2.84","0.72","-288.0","-46.7540270141","-23.5698742357"
"20","2017-03-19","0.63","6.3","1.8","-288.0","-46.7540270141","-23.5698742357"
"20","2017-03-20","0.0","0.01","0.0","-287.0","-46.7540270141","-23.5698742357"
"20","2017-03-21","0.0","0.0","0.0","0.0","-46.7540270141","-23.5698742357"
"20","2017-03-22","0.0","0.0","0.0","0.0","-46.7540270141","-23.5698742357"
"20","2017-03-23","","","","-1.0","-46.7540270141","-23.5698742357"
"20","2017-03-24","0.0","0.38","0.0","-288.0","-46.7540270141","-23.5698742357"
"20","2017-03-25","0.02","52.19","7.49","-287.0","-46.7540270141","-23.5698742357"
"20","2017-03-26","","","","-1.0","-46.7540270141","-23.5698742357"
"20","2017-03-27","0.08","10.83","2.19","-288.0","-46.7540270141","-23.5698742357"
"20","2017-03-28","0.01","6.18","1.03","-288.0","-46.7540270141","-23.5698742357"
"20","2017-03-29","0.0","0.24","0.07","-287.0","-46.7540270141","-23.5698742357"
"20","2017-03-30","0.0","0.0","0.0","0.0","-46.7540270141","-23.5698742357"
"20","2017-03-31","0.0","0.0","0.0","0.0","-46.7540270141","-23.5698742357"
"20","2017-04-01","0.0","0.0","0.0","0.0","-46.7540270141","-23.5698742357"
"20","2017-04-02","0.0","0.0","0.0","0.0","-46.7540270141","-23.5698742357"
"20","2017-04-03","0.0","0.0","0.0","0.0","-46.7540270141","-23.5698742357"
"20","2017-04-04","","","","-1.0","-46.7540270141","-23.5698742357"
"20","2017-04-05","0.0","0.0","0.0","-288.0","-46.7540270141","-23.5698742357"
"20","2017-04-06","3.38","84.19","18.69","-288.0","-46.7540270141","-23.5698742357"
"20","2017-04-07","8.09","155.72","45.35","-288.0","-46.7540270141","-23.5698742357"
"20","2017-04-08","0.0","0.0","0.0","-287.0","-46.7540270141","-23.5698742357"
"20","2017-04-09","","","","-1.0","-46.7540270141","-23.5698742357"
"20","2017-04-10","0.0","1.77","0.08","-288.0","-46.7540270141","-23.5698742357"
"20","2017-04-11","0.0","0.07","0.0","-288.0","-46.7540270141","-23.5698742357"
"20","2017-04-12","0.0","0.55","0.01","-287.0","-46.7540270141","-23.5698742357"
"20","2017-04-13","0.0","0.0","0.0","0.0","-46.7540270141","-23.5698742357"
"20","2017-04-14","0.0","0.0","0.0","0.0","-46.7540270141","-23.5698742357"
"20","2017-04-15","0.0","0.0","0.0","0.0","-46.7540270141","-23.5698742357"
"20","2017-04-16","","","","-1.0","-46.7540270141","-23.5698742357"
"20","2017-04-17","0.06","2.66","0.62","-287.0","-46.7540270141","-23.5698742357"
"20","2017-04-18","0.0","0.0","0.0","0.0","-46.7540270141","-23.5698742357"
"20","2017-04-19","0.0","0.0","0.0","0.0","-46.7540270141","-23.5698742357"
"20","2017-04-20","","","","-1.0","-46.7540270141","-23.5698742357"
"20","2017-04-21","3.42","95.24","31.28","-288.0","-46.7540270141","-23.5698742357"
"20","2017-04-22","0.89","9.37","3.04","-287.0","-46.7540270141","-23.5698742357"
"20","2017-04-23","0.0","0.0","0.0","0.0","-46.7540270141","-23.5698742357"
"20","2017-04-24","0.0","0.0","0.0","0.0","-46.7540270141","-23.5698742357"
"20","2017-04-25","","","","-1.0","-46.7540270141","-23.5698742357"
"20","2017-04-26","5.07","57.35","19.41","-288.0","-46.7540270141","-23.5698742357"
"20","2017-04-27","0.92","6.79","2.73","-287.0","-46.7540270141","-23.5698742357"
"20","2017-04-28","0.0","0.0","0.0","0.0","-46.7540270141","-23.5698742357"
"20","2017-04-29","0.0","0.0","0.0","0.0","-46.7540270141","-23.5698742357"
"20","2017-04-30","0.0","0.0","0.0","0.0","-46.7540270141","-23.5698742357"
"20","2017-05-01","","","","-1.0","-46.7540270141","-23.5698742357"
"20","2017-05-02","0.0","0.17","0.0","-287.0","-46.7540270141","-23.5698742357"
"20","2017-05-03","0.0","0.0","0.0","0.0","-46.7540270141","-23.5698742357"
"20","2017-05-04","","","","-1.0","-46.7540270141","-23.5698742357"
"20","2017-05-05","4.7","65.79","24.16","-288.0","-46.7540270141","-23.5698742357"
"20","2017-05-06","0.4","4.2","1.41","-288.0","-46.7540270141","-23.5698742357"
"20","2017-05-07","0.0","0.12","0.0","-287.0","-46.7540270141","-23.5698742357"
"20","2017-05-08","0.0","0.0","0.0","0.0","-46.7540270141","-23.5698742357"
"20","2017-05-09","0.0","0.0","0.0","0.0","-46.7540270141","-23.5698742357"
"20","2017-05-10","0.0","0.0","0.0","0.0","-46.7540270141","-23.5698742357"
"20","2017-05-11","0.0","0.0","0.0","0.0","-46.7540270141","-23.5698742357"
"20","2017-05-12","0.0","0.0","0.0","0.0","-46.7540270141","-23.5698742357"
"20","2017-05-13","","","","-1.0","-46.7540270141","-23.5698742357"
"20","2017-05-14","0.0","1.28","0.27","-287.0","-46.7540270141","-23.5698742357"
"20","2017-05-15","0.0","0.0","0.0","0.0","-46.7540270141","-23.5698742357"
"20","2017-05-16","0.0","0.0","0.0","0.0","-46.7540270141","-23.5698742357"
"20","2017-05-17","","","","-1.0","-46.7540270141","-23.5698742357"
"20","2017-05-18","1.25","16.33","5.5","-288.0","-46.7540270141","-23.5698742357"
"20","2017-05-19","12.18","155.76","50.32","-288.0","-46.7540270141","-23.5698742357"
"20","2017-05-20","0.35","3.3","1.23","-288.0","-46.7540270141","-23.5698742357"
"20","2017-05-21","9.69","89.13","28.7","-288.0","-46.7540270141","-23.5698742357"
"20","2017-05-22","2.6","59.36","16.34","-287.0","-46.7540270141","-23.5698742357"
"20","2017-05-23","0.0","0.0","0.0","0.0","-46.7540270141","-23.5698742357"
"20","2017-05-24","0.0","0.0","0.0","0.0","-46.7540270141","-23.5698742357"
"20","2017-05-25","0.0","0.0","0.0","0.0","-46.7540270141","-23.5698742357"
"20","2017-05-26","0.0","0.0","0.0","0.0","-46.7540270141","-23.5698742357"
"20","2017-05-27","0.0","0.0","0.0","0.0","-46.7540270141","-23.5698742357"
"20","2017-05-28","0.0","0.0","0.0","0.0","-46.7540270141","-23.5698742357"
"20","2017-05-29","0.0","0.0","0.0","0.0","-46.7540270141","-23.5698742357"
"20","2017-05-30","0.0","0.0","0.0","0.0","-46.7540270141","-23.5698742357"
"20","2017-05-31","0.0","0.0","0.0","0.0","-46.7540270141","-23.5698742357"
"20","2017-06-01","0.0","0.0","0.0","0.0","-46.7540270141","-23.5698742357"
"20","2017-06-02","0.0","0.0","0.0","0.0","-46.7540270141","-23.5698742357"
"20","2017-06-03","0.0","0.0","0.0","0.0","-46.7540270141","-23.5698742357"
"20","2017-06-04","","","","-1.0","-46.7540270141","-23.5698742357"
"20","2017-06-05","11.66","132.2","46.33","-288.0","-46.7540270141","-23.5698742357"
"20","2017-06-06","11.05","184.28","54.48","-288.0","-46.7540270141","-23.5698742357"
"20","2017-06-07","4.41","86.31","26.46","-287.0","-46.7540270141","-23.5698742357"
"20","2017-06-08","","","","-1.0","-46.7540270141","-23.5698742357"
"20","2017-06-09","0.05","10.97","1.53","-288.0","-46.7540270141","-23.5698742357"
"20","2017-06-10","0.0","0.0","0.0","-287.0","-46.7540270141","-23.5698742357"
"20","2017-06-11","","","","-1.0","-46.7540270141","-23.5698742357"
"20","2017-06-12","0.0","0.44","0.0","-288.0","-46.7540270141","-23.5698742357"
"20","2017-06-13","6.75","114.59","30.76","-288.0","-46.7540270141","-23.5698742357"
"20","2017-06-14","0.21","9.47","1.6","-287.0","-46.7540270141","-23.5698742357"
"21","2016-10-31","","","","-1.0","-46.6715391207","-23.5628859134"
"21","2016-11-01","0.0","0.09","0.0","-288.0","-46.6715391207","-23.5628859134"
"21","2016-11-02","0.03","10.84","1.18","-288.0","-46.6715391207","-23.5628859134"
"21","2016-11-03","0.65","115.1","19.94","-288.0","-46.6715391207","-23.5628859134"
"21","2016-11-04","0.0","3.95","0.57","-288.0","-46.6715391207","-23.5628859134"
"21","2016-11-05","0.0","0.01","0.0","-288.0","-46.6715391207","-23.5628859134"
"21","2016-11-06","0.03","61.54","9.86","-288.0","-46.6715391207","-23.5628859134"
"21","2016-11-07","0.0","1.1","0.0","-288.0","-46.6715391207","-23.5628859134"
"21","2016-11-08","0.0","1.22","0.02","-288.0","-46.6715391207","-23.5628859134"
"21","2016-11-09","2.97","94.79","20.62","-288.0","-46.6715391207","-23.5628859134"
"21","2016-11-10","1.17","53.63","9.61","-288.0","-46.6715391207","-23.5628859134"
"21","2016-11-11","0.0","21.4","1.19","-288.0","-46.6715391207","-23.5628859134"
"21","2016-11-12","0.0","18.6","1.26","-288.0","-46.6715391207","-23.5628859134"
"21","2016-11-13","6.58","85.71","30.99","-288.0","-46.6715391207","-23.5628859134"
"21","2016-11-14","5.03","50.64","16.56","-287.0","-46.6715391207","-23.5628859134"
"21","2016-11-15","","","","-1.0","-46.6715391207","-23.5628859134"
"21","2016-11-16","0.17","24.63","5.65","-288.0","-46.6715391207","-23.5628859134"
"21","2016-11-17","0.03","49.18","4.32","-288.0","-46.6715391207","-23.5628859134"
"21","2016-11-18","0.0","3.25","0.19","-287.0","-46.6715391207","-23.5628859134"
"21","2016-11-19","0.0","0.0","0.0","0.0","-46.6715391207","-23.5628859134"
"21","2016-11-20","0.0","0.0","0.0","0.0","-46.6715391207","-23.5628859134"
"21","2016-11-21","0.0","0.0","0.0","0.0","-46.6715391207","-23.5628859134"
"21","2016-11-22","","","","-1.0","-46.6715391207","-23.5628859134"
"21","2016-11-23","0.02","23.13","2.53","-288.0","-46.6715391207","-23.5628859134"
"21","2016-11-24","0.0","0.0","0.0","-287.0","-46.6715391207","-23.5628859134"
"21","2016-11-25","0.0","0.0","0.0","0.0","-46.6715391207","-23.5628859134"
"21","2016-11-26","","","","-1.0","-46.6715391207","-23.5628859134"
"21","2016-11-27","0.06","21.27","1.8","-288.0","-46.6715391207","-23.5628859134"
"21","2016-11-28","0.0","95.97","16.54","-288.0","-46.6715391207","-23.5628859134"
"21","2016-11-29","1.71","141.95","21.29","-288.0","-46.6715391207","-23.5628859134"
"21","2016-11-30","0.0","0.0","0.0","-287.0","-46.6715391207","-23.5628859134"
"21","2016-12-01","0.0","0.0","0.0","0.0","-46.6715391207","-23.5628859134"
"21","2016-12-02","","","","-1.0","-46.6715391207","-23.5628859134"
"21","2016-12-03","2.27","58.64","16.18","-288.0","-46.6715391207","-23.5628859134"
"21","2016-12-04","0.41","27.5","5.51","-288.0","-46.6715391207","-23.5628859134"
"21","2016-12-05","0.05","4.06","0.74","-287.0","-46.6715391207","-23.5628859134"
"21","2016-12-06","","","","-1.0","-46.6715391207","-23.5628859134"
"21","2016-12-07","0.11","41.05","4.72","-288.0","-46.6715391207","-23.5628859134"
"21","2016-12-08","0.0","0.96","0.0","-288.0","-46.6715391207","-23.5628859134"
"21","2016-12-09","0.12","5.1","0.76","-288.0","-46.6715391207","-23.5628859134"
"21","2016-12-10","0.69","53.6","7.81","-288.0","-46.6715391207","-23.5628859134"
"21","2016-12-11","0.82","63.33","12.74","-288.0","-46.6715391207","-23.5628859134"
"21","2016-12-12","2.15","94.36","19.43","-288.0","-46.6715391207","-23.5628859134"
"21","2016-12-13","0.0","12.7","0.37","-288.0","-46.6715391207","-23.5628859134"
"21","2016-12-14","0.0","0.65","0.0","-288.0","-46.6715391207","-23.5628859134"
"21","2016-12-15","0.0","0.0","0.0","-287.0","-46.6715391207","-23.5628859134"
"21","2016-12-16","0.0","0.0","0.0","0.0","-46.6715391207","-23.5628859134"
"21","2016-12-17","","","","-1.0","-46.6715391207","-23.5628859134"
"21","2016-12-18","0.0","148.76","15.38","-288.0","-46.6715391207","-23.5628859134"
"21","2016-12-19","0.02","51.99","3.99","-288.0","-46.6715391207","-23.5628859134"
"21","2016-12-20","0.09","56.31","3.63","-288.0","-46.6715391207","-23.5628859134"
"21","2016-12-21","0.54","129.22","23.46","-288.0","-46.6715391207","-23.5628859134"
"21","2016-12-22","0.0","0.1","0.0","-288.0","-46.6715391207","-23.5628859134"
"21","2016-12-23","0.21","41.18","4.48","-288.0","-46.6715391207","-23.5628859134"
"21","2016-12-24","0.11","30.72","4.41","-288.0","-46.6715391207","-23.5628859134"
"21","2016-12-25","0.0","0.49","0.0","-288.0","-46.6715391207","-23.5628859134"
"21","2016-12-26","0.0","3.41","0.07","-288.0","-46.6715391207","-23.5628859134"
"21","2016-12-27","0.0","0.77","0.0","-288.0","-46.6715391207","-23.5628859134"
"21","2016-12-28","0.0","10.78","0.86","-288.0","-46.6715391207","-23.5628859134"
"21","2016-12-29","0.2","79.78","15.49","-288.0","-46.6715391207","-23.5628859134"
"21","2016-12-30","0.0","0.6","0.0","-288.0","-46.6715391207","-23.5628859134"
"21","2016-12-31","0.0","21.77","2.42","-287.0","-46.6715391207","-23.5628859134"
"21","2017-01-01","","","","-1.0","-46.6715391207","-23.5628859134"
"21","2017-01-02","0.81","66.93","9.47","-288.0","-46.6715391207","-23.5628859134"
"21","2017-01-03","0.54","41.16","6.64","-288.0","-46.6715391207","-23.5628859134"
"21","2017-01-04","0.0","0.85","0.03","-288.0","-46.6715391207","-23.5628859134"
"21","2017-01-05","0.0","1.18","0.02","-288.0","-46.6715391207","-23.5628859134"
"21","2017-01-06","0.21","14.89","3.33","-288.0","-46.6715391207","-23.5628859134"
"21","2017-01-07","0.25","73.48","8.38","-288.0","-46.6715391207","-23.5628859134"
"21","2017-01-08","0.0","71.58","7.15","-288.0","-46.6715391207","-23.5628859134"
"21","2017-01-09","1.14","79.13","14.67","-288.0","-46.6715391207","-23.5628859134"
"21","2017-01-10","0.64","24.46","5.42","-288.0","-46.6715391207","-23.5628859134"
"21","2017-01-11","0.57","60.22","5.6","-288.0","-46.6715391207","-23.5628859134"
"21","2017-01-12","0.0","8.91","0.5","-288.0","-46.6715391207","-23.5628859134"
"21","2017-01-13","0.0","2.65","0.1","-288.0","-46.6715391207","-23.5628859134"
"21","2017-01-14","0.0","11.6","0.26","-288.0","-46.6715391207","-23.5628859134"
"21","2017-01-15","0.0","37.38","4.64","-288.0","-46.6715391207","-23.5628859134"
"21","2017-01-16","3.23","213.86","42.04","-288.0","-46.6715391207","-23.5628859134"
"21","2017-01-17","5.75","127.41","30.88","-288.0","-46.6715391207","-23.5628859134"
"21","2017-01-18","3.98","202.18","37.31","-288.0","-46.6715391207","-23.5628859134"
"21","2017-01-19","2.76","75.43","17.65","-288.0","-46.6715391207","-23.5628859134"
"21","2017-01-20","4.28","194.77","42.69","-288.0","-46.6715391207","-23.5628859134"
"21","2017-01-21","3.74","238.89","46.83","-288.0","-46.6715391207","-23.5628859134"
"21","2017-01-22","1.96","53.89","13.76","-288.0","-46.6715391207","-23.5628859134"
"21","2017-01-23","0.0","37.17","2.24","-288.0","-46.6715391207","-23.5628859134"
"21","2017-01-24","0.01","48.51","6.92","-288.0","-46.6715391207","-23.5628859134"
"21","2017-01-25","0.05","11.53","1.65","-288.0","-46.6715391207","-23.5628859134"
"21","2017-01-26","3.17","62.4","18.83","-288.0","-46.6715391207","-23.5628859134"
"21","2017-01-27","0.83","91.15","15.89","-288.0","-46.6715391207","-23.5628859134"
"21","2017-01-28","0.0","6.37","0.27","-288.0","-46.6715391207","-23.5628859134"
"21","2017-01-29","0.0","7.95","0.26","-288.0","-46.6715391207","-23.5628859134"
"21","2017-01-30","0.09","24.56","3.24","-288.0","-46.6715391207","-23.5628859134"
"21","2017-01-31","0.59","31.45","4.55","-288.0","-46.6715391207","-23.5628859134"
"21","2017-02-01","1.98","194.63","33.63","-288.0","-46.6715391207","-23.5628859134"
"21","2017-02-02","1.26","47.76","10.01","-288.0","-46.6715391207","-23.5628859134"
"21","2017-02-03","0.9","31.67","7.16","-288.0","-46.6715391207","-23.5628859134"
"21","2017-02-04","0.14","100.41","14.96","-288.0","-46.6715391207","-23.5628859134"
"21","2017-02-05","0.0","0.44","0.0","-288.0","-46.6715391207","-23.5628859134"
"21","2017-02-06","1.86","125.24","22.79","-288.0","-46.6715391207","-23.5628859134"
"21","2017-02-07","0.0","7.75","0.23","-288.0","-46.6715391207","-23.5628859134"
"21","2017-02-08","0.0","0.0","0.0","-287.0","-46.6715391207","-23.5628859134"
"21","2017-02-09","0.0","0.0","0.0","0.0","-46.6715391207","-23.5628859134"
"21","2017-02-10","0.0","0.0","0.0","0.0","-46.6715391207","-23.5628859134"
"21","2017-02-11","0.0","0.0","0.0","0.0","-46.6715391207","-23.5628859134"
"21","2017-02-12","0.0","0.0","0.0","0.0","-46.6715391207","-23.5628859134"
"21","2017-02-13","0.0","0.0","0.0","0.0","-46.6715391207","-23.5628859134"
"21","2017-02-14","0.0","0.0","0.0","0.0","-46.6715391207","-23.5628859134"
"21","2017-02-15","0.0","0.0","0.0","0.0","-46.6715391207","-23.5628859134"
"21","2017-02-16","","","","-1.0","-46.6715391207","-23.5628859134"
"21","2017-02-17","0.0","0.43","0.0","-288.0","-46.6715391207","-23.5628859134"
"21","2017-02-18","0.0","0.01","0.0","-287.0","-46.6715391207","-23.5628859134"
"21","2017-02-19","0.0","0.0","0.0","0.0","-46.6715391207","-23.5628859134"
"21","2017-02-20","0.0","0.0","0.0","0.0","-46.6715391207","-23.5628859134"
"21","2017-02-21","","","","-1.0","-46.6715391207","-23.5628859134"
"21","2017-02-22","1.06","155.38","35.04","-288.0","-46.6715391207","-23.5628859134"
"21","2017-02-23","0.0","1.21","0.04","-288.0","-46.6715391207","-23.5628859134"
"21","2017-02-24","2.03","168.03","29.35","-288.0","-46.6715391207","-23.5628859134"
"21","2017-02-25","0.0","20.78","2.12","-288.0","-46.6715391207","-23.5628859134"
"21","2017-02-26","0.0","32.7","1.93","-288.0","-46.6715391207","-23.5628859134"
"21","2017-02-27","0.0","15.17","0.63","-288.0","-46.6715391207","-23.5628859134"
"21","2017-02-28","0.0","23.4","1.23","-288.0","-46.6715391207","-23.5628859134"
"21","2017-03-01","0.0","0.43","0.0","-288.0","-46.6715391207","-23.5628859134"
"21","2017-03-02","0.0","59.9","2.18","-288.0","-46.6715391207","-23.5628859134"
"21","2017-03-03","0.74","80.2","13.15","-288.0","-46.6715391207","-23.5628859134"
"21","2017-03-04","0.07","36.83","2.38","-288.0","-46.6715391207","-23.5628859134"
"21","2017-03-05","0.58","120.79","22.99","-288.0","-46.6715391207","-23.5628859134"
"21","2017-03-06","1.88","115.55","15.49","-288.0","-46.6715391207","-23.5628859134"
"21","2017-03-07","0.73","81.18","9.65","-288.0","-46.6715391207","-23.5628859134"
"21","2017-03-08","0.27","32.79","5.61","-288.0","-46.6715391207","-23.5628859134"
"21","2017-03-09","0.0","0.01","0.0","-288.0","-46.6715391207","-23.5628859134"
"21","2017-03-10","0.02","50.36","6.17","-288.0","-46.6715391207","-23.5628859134"
"21","2017-03-11","0.0","3.58","0.03","-288.0","-46.6715391207","-23.5628859134"
"21","2017-03-12","0.0","0.61","0.0","-288.0","-46.6715391207","-23.5628859134"
"21","2017-03-13","0.0","4.04","0.21","-288.0","-46.6715391207","-23.5628859134"
"21","2017-03-14","0.08","30.03","3.0","-288.0","-46.6715391207","-23.5628859134"
"21","2017-03-15","0.0","27.94","2.1","-288.0","-46.6715391207","-23.5628859134"
"21","2017-03-16","0.0","0.18","0.0","-288.0","-46.6715391207","-23.5628859134"
"21","2017-03-17","0.06","102.02","13.62","-288.0","-46.6715391207","-23.5628859134"
"21","2017-03-18","0.02","4.43","0.81","-288.0","-46.6715391207","-23.5628859134"
"21","2017-03-19","0.4","5.26","1.7","-288.0","-46.6715391207","-23.5628859134"
"21","2017-03-20","0.0","0.02","0.0","-287.0","-46.6715391207","-23.5628859134"
"21","2017-03-21","0.0","0.0","0.0","0.0","-46.6715391207","-23.5628859134"
"21","2017-03-22","0.0","0.0","0.0","0.0","-46.6715391207","-23.5628859134"
"21","2017-03-23","","","","-1.0","-46.6715391207","-23.5628859134"
"21","2017-03-24","0.0","2.75","0.05","-288.0","-46.6715391207","-23.5628859134"
"21","2017-03-25","0.0","26.52","2.3","-287.0","-46.6715391207","-23.5628859134"
"21","2017-03-26","","","","-1.0","-46.6715391207","-23.5628859134"
"21","2017-03-27","0.02","12.44","1.87","-288.0","-46.6715391207","-23.5628859134"
"21","2017-03-28","0.0","4.93","0.47","-288.0","-46.6715391207","-23.5628859134"
"21","2017-03-29","0.0","0.34","0.03","-287.0","-46.6715391207","-23.5628859134"
"21","2017-03-30","0.0","0.0","0.0","0.0","-46.6715391207","-23.5628859134"
"21","2017-03-31","0.0","0.0","0.0","0.0","-46.6715391207","-23.5628859134"
"21","2017-04-01","0.0","0.0","0.0","0.0","-46.6715391207","-23.5628859134"
"21","2017-04-02","0.0","0.0","0.0","0.0","-46.6715391207","-23.5628859134"
"21","2017-04-03","0.0","0.0","0.0","0.0","-46.6715391207","-23.5628859134"
"21","2017-04-04","","","","-1.0","-46.6715391207","-23.5628859134"
"21","2017-04-05","0.0","0.0","0.0","-288.0","-46.6715391207","-23.5628859134"
"21","2017-04-06","1.63","105.99","18.33","-288.0","-46.6715391207","-23.5628859134"
"21","2017-04-07","4.57","220.57","53.28","-288.0","-46.6715391207","-23.5628859134"
"21","2017-04-08","0.0","0.0","0.0","-287.0","-46.6715391207","-23.5628859134"
"21","2017-04-09","","","","-1.0","-46.6715391207","-23.5628859134"
"21","2017-04-10","0.0","50.12","4.07","-288.0","-46.6715391207","-23.5628859134"
"21","2017-04-11","0.0","3.19","0.17","-288.0","-46.6715391207","-23.5628859134"
"21","2017-04-12","0.0","4.17","0.19","-287.0","-46.6715391207","-23.5628859134"
"21","2017-04-13","0.0","0.0","0.0","0.0","-46.6715391207","-23.5628859134"
"21","2017-04-14","0.0","0.0","0.0","0.0","-46.6715391207","-23.5628859134"
"21","2017-04-15","0.0","0.0","0.0","0.0","-46.6715391207","-23.5628859134"
"21","2017-04-16","","","","-1.0","-46.6715391207","-23.5628859134"
"21","2017-04-17","0.04","2.91","0.5","-287.0","-46.6715391207","-23.5628859134"
"21","2017-04-18","0.0","0.0","0.0","0.0","-46.6715391207","-23.5628859134"
"21","2017-04-19","0.0","0.0","0.0","0.0","-46.6715391207","-23.5628859134"
"21","2017-04-20","","","","-1.0","-46.6715391207","-23.5628859134"
"21","2017-04-21","2.19","101.23","22.86","-288.0","-46.6715391207","-23.5628859134"
"21","2017-04-22","0.45","10.02","2.71","-287.0","-46.6715391207","-23.5628859134"
"21","2017-04-23","0.0","0.0","0.0","0.0","-46.6715391207","-23.5628859134"
"21","2017-04-24","0.0","0.0","0.0","0.0","-46.6715391207","-23.5628859134"
"21","2017-04-25","","","","-1.0","-46.6715391207","-23.5628859134"
"21","2017-04-26","3.17","59.73","16.12","-288.0","-46.6715391207","-23.5628859134"
"21","2017-04-27","0.68","8.57","2.9","-287.0","-46.6715391207","-23.5628859134"
"21","2017-04-28","0.0","0.0","0.0","0.0","-46.6715391207","-23.5628859134"
"21","2017-04-29","0.0","0.0","0.0","0.0","-46.6715391207","-23.5628859134"
"21","2017-04-30","0.0","0.0","0.0","0.0","-46.6715391207","-23.5628859134"
"21","2017-05-01","","","","-1.0","-46.6715391207","-23.5628859134"
"21","2017-05-02","0.0","0.26","0.01","-287.0","-46.6715391207","-23.5628859134"
"21","2017-05-03","0.0","0.0","0.0","0.0","-46.6715391207","-23.5628859134"
"21","2017-05-04","","","","-1.0","-46.6715391207","-23.5628859134"
"21","2017-05-05","1.57","81.45","18.55","-288.0","-46.6715391207","-23.5628859134"
"21","2017-05-06","0.43","25.01","3.46","-288.0","-46.6715391207","-23.5628859134"
"21","2017-05-07","0.0","0.44","0.0","-287.0","-46.6715391207","-23.5628859134"
"21","2017-05-08","0.0","0.0","0.0","0.0","-46.6715391207","-23.5628859134"
"21","2017-05-09","0.0","0.0","0.0","0.0","-46.6715391207","-23.5628859134"
"21","2017-05-10","0.0","0.0","0.0","0.0","-46.6715391207","-23.5628859134"
"21","2017-05-11","0.0","0.0","0.0","0.0","-46.6715391207","-23.5628859134"
"21","2017-05-12","0.0","0.0","0.0","0.0","-46.6715391207","-23.5628859134"
"21","2017-05-13","","","","-1.0","-46.6715391207","-23.5628859134"
"21","2017-05-14","0.0","1.98","0.22","-287.0","-46.6715391207","-23.5628859134"
"21","2017-05-15","0.0","0.0","0.0","0.0","-46.6715391207","-23.5628859134"
"21","2017-05-16","0.0","0.0","0.0","0.0","-46.6715391207","-23.5628859134"
"21","2017-05-17","","","","-1.0","-46.6715391207","-23.5628859134"
"21","2017-05-18","0.45","15.7","3.74","-288.0","-46.6715391207","-23.5628859134"
"21","2017-05-19","8.14","204.75","50.2","-288.0","-46.6715391207","-23.5628859134"
"21","2017-05-20","0.18","4.17","1.1","-288.0","-46.6715391207","-23.5628859134"
"21","2017-05-21","7.5","104.93","28.53","-288.0","-46.6715391207","-23.5628859134"
"21","2017-05-22","2.22","84.88","19.15","-287.0","-46.6715391207","-23.5628859134"
"21","2017-05-23","0.0","0.0","0.0","0.0","-46.6715391207","-23.5628859134"
"21","2017-05-24","0.0","0.0","0.0","0.0","-46.6715391207","-23.5628859134"
"21","2017-05-25","0.0","0.0","0.0","0.0","-46.6715391207","-23.5628859134"
"21","2017-05-26","0.0","0.0","0.0","0.0","-46.6715391207","-23.5628859134"
"21","2017-05-27","0.0","0.0","0.0","0.0","-46.6715391207","-23.5628859134"
"21","2017-05-28","0.0","0.0","0.0","0.0","-46.6715391207","-23.5628859134"
"21","2017-05-29","0.0","0.0","0.0","0.0","-46.6715391207","-23.5628859134"
"21","2017-05-30","0.0","0.0","0.0","0.0","-46.6715391207","-23.5628859134"
"21","2017-05-31","0.0","0.0","0.0","0.0","-46.6715391207","-23.5628859134"
"21","2017-06-01","0.0","0.0","0.0","0.0","-46.6715391207","-23.5628859134"
"21","2017-06-02","0.0","0.0","0.0","0.0","-46.6715391207","-23.5628859134"
"21","2017-06-03","0.0","0.0","0.0","0.0","-46.6715391207","-23.5628859134"
"21","2017-06-04","","","","-1.0","-46.6715391207","-23.5628859134"
"21","2017-06-05","7.58","168.13","43.17","-288.0","-46.6715391207","-23.5628859134"
"21","2017-06-06","8.01","202.23","48.27","-288.0","-46.6715391207","-23.5628859134"
"21","2017-06-07","2.25","86.97","20.2","-287.0","-46.6715391207","-23.5628859134"
"21","2017-06-08","","","","-1.0","-46.6715391207","-23.5628859134"
"21","2017-06-09","0.04","15.58","1.2","-288.0","-46.6715391207","-23.5628859134"
"21","2017-06-10","0.0","0.0","0.0","-287.0","-46.6715391207","-23.5628859134"
"21","2017-06-11","","","","-1.0","-46.6715391207","-23.5628859134"
"21","2017-06-12","0.0","0.09","0.0","-288.0","-46.6715391207","-23.5628859134"
"21","2017-06-13","3.36","163.08","28.73","-288.0","-46.6715391207","-23.5628859134"
"21","2017-06-14","0.28","23.79","2.89","-287.0","-46.6715391207","-23.5628859134"
"22","2016-10-31","","","","-1.0","-46.5716723482","-23.5628014184"
"22","2016-11-01","0.0","0.29","0.0","-288.0","-46.5716723482","-23.5628014184"
"22","2016-11-02","0.0","7.43","0.6","-288.0","-46.5716723482","-23.5628014184"
"22","2016-11-03","0.63","118.35","18.76","-288.0","-46.5716723482","-23.5628014184"
"22","2016-11-04","0.03","7.47","0.86","-288.0","-46.5716723482","-23.5628014184"
"22","2016-11-05","0.0","0.01","0.0","-288.0","-46.5716723482","-23.5628014184"
"22","2016-11-06","0.05","44.65","6.74","-288.0","-46.5716723482","-23.5628014184"
"22","2016-11-07","0.0","2.59","0.02","-288.0","-46.5716723482","-23.5628014184"
"22","2016-11-08","0.0","51.73","1.21","-288.0","-46.5716723482","-23.5628014184"
"22","2016-11-09","3.08","84.17","21.01","-288.0","-46.5716723482","-23.5628014184"
"22","2016-11-10","1.32","47.19","9.13","-288.0","-46.5716723482","-23.5628014184"
"22","2016-11-11","0.0","20.15","1.2","-288.0","-46.5716723482","-23.5628014184"
"22","2016-11-12","0.0","48.17","8.06","-288.0","-46.5716723482","-23.5628014184"
"22","2016-11-13","8.33","83.6","33.03","-288.0","-46.5716723482","-23.5628014184"
"22","2016-11-14","4.77","55.79","17.6","-287.0","-46.5716723482","-23.5628014184"
"22","2016-11-15","","","","-1.0","-46.5716723482","-23.5628014184"
"22","2016-11-16","0.12","68.81","8.31","-288.0","-46.5716723482","-23.5628014184"
"22","2016-11-17","0.01","46.99","4.19","-288.0","-46.5716723482","-23.5628014184"
"22","2016-11-18","0.0","20.71","0.53","-287.0","-46.5716723482","-23.5628014184"
"22","2016-11-19","0.0","0.0","0.0","0.0","-46.5716723482","-23.5628014184"
"22","2016-11-20","0.0","0.0","0.0","0.0","-46.5716723482","-23.5628014184"
"22","2016-11-21","0.0","0.0","0.0","0.0","-46.5716723482","-23.5628014184"
"22","2016-11-22","","","","-1.0","-46.5716723482","-23.5628014184"
"22","2016-11-23","0.18","36.61","3.35","-288.0","-46.5716723482","-23.5628014184"
"22","2016-11-24","0.0","0.27","0.0","-287.0","-46.5716723482","-23.5628014184"
"22","2016-11-25","0.0","0.0","0.0","0.0","-46.5716723482","-23.5628014184"
"22","2016-11-26","","","","-1.0","-46.5716723482","-23.5628014184"
"22","2016-11-27","0.04","39.0","2.31","-288.0","-46.5716723482","-23.5628014184"
"22","2016-11-28","0.11","117.77","26.25","-288.0","-46.5716723482","-23.5628014184"
"22","2016-11-29","1.71","162.96","37.16","-288.0","-46.5716723482","-23.5628014184"
"22","2016-11-30","0.0","0.03","0.0","-287.0","-46.5716723482","-23.5628014184"
"22","2016-12-01","0.0","0.0","0.0","0.0","-46.5716723482","-23.5628014184"
"22","2016-12-02","","","","-1.0","-46.5716723482","-23.5628014184"
"22","2016-12-03","2.48","55.83","13.66","-288.0","-46.5716723482","-23.5628014184"
"22","2016-12-04","0.57","31.74","4.5","-288.0","-46.5716723482","-23.5628014184"
"22","2016-12-05","0.01","4.61","0.76","-287.0","-46.5716723482","-23.5628014184"
"22","2016-12-06","","","","-1.0","-46.5716723482","-23.5628014184"
"22","2016-12-07","0.14","56.02","8.21","-288.0","-46.5716723482","-23.5628014184"
"22","2016-12-08","0.0","0.75","0.0","-288.0","-46.5716723482","-23.5628014184"
"22","2016-12-09","0.03","18.03","1.39","-288.0","-46.5716723482","-23.5628014184"
"22","2016-12-10","0.76","91.62","11.23","-288.0","-46.5716723482","-23.5628014184"
"22","2016-12-11","0.58","54.24","10.21","-288.0","-46.5716723482","-23.5628014184"
"22","2016-12-12","1.78","111.32","20.11","-288.0","-46.5716723482","-23.5628014184"
"22","2016-12-13","0.0","8.65","0.15","-288.0","-46.5716723482","-23.5628014184"
"22","2016-12-14","0.0","0.89","0.0","-288.0","-46.5716723482","-23.5628014184"
"22","2016-12-15","0.0","0.01","0.0","-287.0","-46.5716723482","-23.5628014184"
"22","2016-12-16","0.0","0.0","0.0","0.0","-46.5716723482","-23.5628014184"
"22","2016-12-17","","","","-1.0","-46.5716723482","-23.5628014184"
"22","2016-12-18","0.0","87.68","3.24","-288.0","-46.5716723482","-23.5628014184"
"22","2016-12-19","0.0","75.97","4.31","-288.0","-46.5716723482","-23.5628014184"
"22","2016-12-20","0.45","116.63","21.21","-288.0","-46.5716723482","-23.5628014184"
"22","2016-12-21","1.07","147.38","31.6","-288.0","-46.5716723482","-23.5628014184"
"22","2016-12-22","0.0","1.0","0.03","-288.0","-46.5716723482","-23.5628014184"
"22","2016-12-23","0.72","116.05","16.08","-288.0","-46.5716723482","-23.5628014184"
"22","2016-12-24","0.07","15.15","2.89","-288.0","-46.5716723482","-23.5628014184"
"22","2016-12-25","0.0","0.72","0.0","-288.0","-46.5716723482","-23.5628014184"
"22","2016-12-26","0.0","7.47","0.25","-288.0","-46.5716723482","-23.5628014184"
"22","2016-12-27","0.0","3.87","0.08","-288.0","-46.5716723482","-23.5628014184"
"22","2016-12-28","0.0","2.66","0.05","-288.0","-46.5716723482","-23.5628014184"
"22","2016-12-29","0.47","93.1","18.0","-288.0","-46.5716723482","-23.5628014184"
"22","2016-12-30","0.0","1.39","0.0","-288.0","-46.5716723482","-23.5628014184"
"22","2016-12-31","0.0","11.73","0.15","-287.0","-46.5716723482","-23.5628014184"
"22","2017-01-01","","","","-1.0","-46.5716723482","-23.5628014184"
"22","2017-01-02","1.18","110.57","17.59","-288.0","-46.5716723482","-23.5628014184"
"22","2017-01-03","0.35","72.48","11.54","-288.0","-46.5716723482","-23.5628014184"
"22","2017-01-04","0.0","4.68","0.28","-288.0","-46.5716723482","-23.5628014184"
"22","2017-01-05","0.0","2.41","0.0","-288.0","-46.5716723482","-23.5628014184"
"22","2017-01-06","0.94","26.7","4.2","-288.0","-46.5716723482","-23.5628014184"
"22","2017-01-07","0.4","114.52","13.68","-288.0","-46.5716723482","-23.5628014184"
"22","2017-01-08","0.0","125.78","25.61","-288.0","-46.5716723482","-23.5628014184"
"22","2017-01-09","0.11","73.51","5.6","-288.0","-46.5716723482","-23.5628014184"
"22","2017-01-10","0.35","16.65","3.43","-288.0","-46.5716723482","-23.5628014184"
"22","2017-01-11","0.85","90.84","15.02","-288.0","-46.5716723482","-23.5628014184"
"22","2017-01-12","0.0","9.26","0.65","-288.0","-46.5716723482","-23.5628014184"
"22","2017-01-13","0.0","7.72","0.29","-288.0","-46.5716723482","-23.5628014184"
"22","2017-01-14","0.0","0.24","0.0","-288.0","-46.5716723482","-23.5628014184"
"22","2017-01-15","0.13","59.71","9.68","-288.0","-46.5716723482","-23.5628014184"
"22","2017-01-16","2.03","246.06","43.54","-288.0","-46.5716723482","-23.5628014184"
"22","2017-01-17","7.83","184.13","53.79","-288.0","-46.5716723482","-23.5628014184"
"22","2017-01-18","5.64","229.13","49.3","-288.0","-46.5716723482","-23.5628014184"
"22","2017-01-19","2.18","92.87","14.05","-288.0","-46.5716723482","-23.5628014184"
"22","2017-01-20","4.79","161.04","33.37","-288.0","-46.5716723482","-23.5628014184"
"22","2017-01-21","4.72","244.2","44.52","-288.0","-46.5716723482","-23.5628014184"
"22","2017-01-22","2.1","59.7","15.1","-288.0","-46.5716723482","-23.5628014184"
"22","2017-01-23","0.01","70.49","5.57","-288.0","-46.5716723482","-23.5628014184"
"22","2017-01-24","0.11","58.96","10.71","-288.0","-46.5716723482","-23.5628014184"
"22","2017-01-25","0.02","13.19","1.69","-288.0","-46.5716723482","-23.5628014184"
"22","2017-01-26","2.63","74.39","16.76","-288.0","-46.5716723482","-23.5628014184"
"22","2017-01-27","0.23","81.18","8.9","-288.0","-46.5716723482","-23.5628014184"
"22","2017-01-28","0.0","0.36","0.0","-288.0","-46.5716723482","-23.5628014184"
"22","2017-01-29","0.0","1.25","0.04","-288.0","-46.5716723482","-23.5628014184"
"22","2017-01-30","0.3","25.0","4.02","-288.0","-46.5716723482","-23.5628014184"
"22","2017-01-31","0.25","10.79","2.1","-288.0","-46.5716723482","-23.5628014184"
"22","2017-02-01","1.69","173.06","28.41","-288.0","-46.5716723482","-23.5628014184"
"22","2017-02-02","0.58","40.9","6.19","-288.0","-46.5716723482","-23.5628014184"
"22","2017-02-03","0.23","31.95","5.09","-288.0","-46.5716723482","-23.5628014184"
"22","2017-02-04","0.15","83.46","9.17","-288.0","-46.5716723482","-23.5628014184"
"22","2017-02-05","0.0","0.28","0.0","-288.0","-46.5716723482","-23.5628014184"
"22","2017-02-06","2.76","115.23","26.29","-288.0","-46.5716723482","-23.5628014184"
"22","2017-02-07","0.0","6.66","0.44","-288.0","-46.5716723482","-23.5628014184"
"22","2017-02-08","0.0","0.0","0.0","-287.0","-46.5716723482","-23.5628014184"
"22","2017-02-09","0.0","0.0","0.0","0.0","-46.5716723482","-23.5628014184"
"22","2017-02-10","0.0","0.0","0.0","0.0","-46.5716723482","-23.5628014184"
"22","2017-02-11","0.0","0.0","0.0","0.0","-46.5716723482","-23.5628014184"
"22","2017-02-12","0.0","0.0","0.0","0.0","-46.5716723482","-23.5628014184"
"22","2017-02-13","0.0","0.0","0.0","0.0","-46.5716723482","-23.5628014184"
"22","2017-02-14","0.0","0.0","0.0","0.0","-46.5716723482","-23.5628014184"
"22","2017-02-15","0.0","0.0","0.0","0.0","-46.5716723482","-23.5628014184"
"22","2017-02-16","","","","-1.0","-46.5716723482","-23.5628014184"
"22","2017-02-17","0.0","1.95","0.01","-288.0","-46.5716723482","-23.5628014184"
"22","2017-02-18","0.0","0.0","0.0","-287.0","-46.5716723482","-23.5628014184"
"22","2017-02-19","0.0","0.0","0.0","0.0","-46.5716723482","-23.5628014184"
"22","2017-02-20","0.0","0.0","0.0","0.0","-46.5716723482","-23.5628014184"
"22","2017-02-21","","","","-1.0","-46.5716723482","-23.5628014184"
"22","2017-02-22","0.08","61.59","7.84","-288.0","-46.5716723482","-23.5628014184"
"22","2017-02-23","0.0","35.63","2.17","-288.0","-46.5716723482","-23.5628014184"
"22","2017-02-24","5.03","177.9","57.05","-288.0","-46.5716723482","-23.5628014184"
"22","2017-02-25","0.14","36.37","3.36","-288.0","-46.5716723482","-23.5628014184"
"22","2017-02-26","0.0","34.72","1.92","-288.0","-46.5716723482","-23.5628014184"
"22","2017-02-27","0.0","22.08","3.0","-288.0","-46.5716723482","-23.5628014184"
"22","2017-02-28","0.0","54.58","2.73","-288.0","-46.5716723482","-23.5628014184"
"22","2017-03-01","0.0","0.48","0.0","-288.0","-46.5716723482","-23.5628014184"
"22","2017-03-02","0.0","121.24","10.73","-288.0","-46.5716723482","-23.5628014184"
"22","2017-03-03","0.73","77.88","12.64","-288.0","-46.5716723482","-23.5628014184"
"22","2017-03-04","0.0","39.65","1.36","-288.0","-46.5716723482","-23.5628014184"
"22","2017-03-05","0.29","86.65","9.52","-288.0","-46.5716723482","-23.5628014184"
"22","2017-03-06","1.08","116.09","13.26","-288.0","-46.5716723482","-23.5628014184"
"22","2017-03-07","0.71","123.41","32.96","-288.0","-46.5716723482","-23.5628014184"
"22","2017-03-08","1.11","32.17","8.27","-288.0","-46.5716723482","-23.5628014184"
"22","2017-03-09","0.0","0.0","0.0","-288.0","-46.5716723482","-23.5628014184"
"22","2017-03-10","0.0","85.26","8.02","-288.0","-46.5716723482","-23.5628014184"
"22","2017-03-11","0.0","11.47","0.27","-288.0","-46.5716723482","-23.5628014184"
"22","2017-03-12","0.0","1.04","0.0","-288.0","-46.5716723482","-23.5628014184"
"22","2017-03-13","0.0","9.95","0.61","-288.0","-46.5716723482","-23.5628014184"
"22","2017-03-14","0.57","64.29","6.74","-288.0","-46.5716723482","-23.5628014184"
"22","2017-03-15","0.08","7.15","1.13","-288.0","-46.5716723482","-23.5628014184"
"22","2017-03-16","0.0","0.53","0.0","-288.0","-46.5716723482","-23.5628014184"
"22","2017-03-17","0.05","114.82","11.55","-288.0","-46.5716723482","-23.5628014184"
"22","2017-03-18","0.02","2.62","0.36","-288.0","-46.5716723482","-23.5628014184"
"22","2017-03-19","0.14","5.44","1.06","-288.0","-46.5716723482","-23.5628014184"
"22","2017-03-20","0.0","0.03","0.0","-287.0","-46.5716723482","-23.5628014184"
"22","2017-03-21","0.0","0.0","0.0","0.0","-46.5716723482","-23.5628014184"
"22","2017-03-22","0.0","0.0","0.0","0.0","-46.5716723482","-23.5628014184"
"22","2017-03-23","","","","-1.0","-46.5716723482","-23.5628014184"
"22","2017-03-24","0.0","0.34","0.0","-288.0","-46.5716723482","-23.5628014184"
"22","2017-03-25","0.0","6.04","0.61","-287.0","-46.5716723482","-23.5628014184"
"22","2017-03-26","","","","-1.0","-46.5716723482","-23.5628014184"
"22","2017-03-27","0.0","12.04","1.59","-288.0","-46.5716723482","-23.5628014184"
"22","2017-03-28","0.0","4.44","0.42","-288.0","-46.5716723482","-23.5628014184"
"22","2017-03-29","0.0","0.17","0.0","-287.0","-46.5716723482","-23.5628014184"
"22","2017-03-30","0.0","0.0","0.0","0.0","-46.5716723482","-23.5628014184"
"22","2017-03-31","0.0","0.0","0.0","0.0","-46.5716723482","-23.5628014184"
"22","2017-04-01","0.0","0.0","0.0","0.0","-46.5716723482","-23.5628014184"
"22","2017-04-02","0.0","0.0","0.0","0.0","-46.5716723482","-23.5628014184"
"22","2017-04-03","0.0","0.0","0.0","0.0","-46.5716723482","-23.5628014184"
"22","2017-04-04","","","","-1.0","-46.5716723482","-23.5628014184"
"22","2017-04-05","0.0","0.0","0.0","-288.0","-46.5716723482","-23.5628014184"
"22","2017-04-06","1.82","83.05","14.83","-288.0","-46.5716723482","-23.5628014184"
"22","2017-04-07","5.26","232.75","58.58","-288.0","-46.5716723482","-23.5628014184"
"22","2017-04-08","0.0","0.0","0.0","-287.0","-46.5716723482","-23.5628014184"
"22","2017-04-09","","","","-1.0","-46.5716723482","-23.5628014184"
"22","2017-04-10","0.0","2.94","0.07","-288.0","-46.5716723482","-23.5628014184"
"22","2017-04-11","0.0","4.5","0.1","-288.0","-46.5716723482","-23.5628014184"
"22","2017-04-12","0.0","8.1","0.56","-287.0","-46.5716723482","-23.5628014184"
"22","2017-04-13","0.0","0.0","0.0","0.0","-46.5716723482","-23.5628014184"
"22","2017-04-14","0.0","0.0","0.0","0.0","-46.5716723482","-23.5628014184"
"22","2017-04-15","0.0","0.0","0.0","0.0","-46.5716723482","-23.5628014184"
"22","2017-04-16","","","","-1.0","-46.5716723482","-23.5628014184"
"22","2017-04-17","0.01","2.55","0.35","-287.0","-46.5716723482","-23.5628014184"
"22","2017-04-18","0.0","0.0","0.0","0.0","-46.5716723482","-23.5628014184"
"22","2017-04-19","0.0","0.0","0.0","0.0","-46.5716723482","-23.5628014184"
"22","2017-04-20","","","","-1.0","-46.5716723482","-23.5628014184"
"22","2017-04-21","0.87","49.52","13.96","-288.0","-46.5716723482","-23.5628014184"
"22","2017-04-22","0.57","13.89","2.82","-287.0","-46.5716723482","-23.5628014184"
"22","2017-04-23","0.0","0.0","0.0","0.0","-46.5716723482","-23.5628014184"
"22","2017-04-24","0.0","0.0","0.0","0.0","-46.5716723482","-23.5628014184"
"22","2017-04-25","","","","-1.0","-46.5716723482","-23.5628014184"
"22","2017-04-26","2.56","74.46","15.2","-288.0","-46.5716723482","-23.5628014184"
"22","2017-04-27","0.49","28.62","2.96","-287.0","-46.5716723482","-23.5628014184"
"22","2017-04-28","0.0","0.0","0.0","0.0","-46.5716723482","-23.5628014184"
"22","2017-04-29","0.0","0.0","0.0","0.0","-46.5716723482","-23.5628014184"
"22","2017-04-30","0.0","0.0","0.0","0.0","-46.5716723482","-23.5628014184"
"22","2017-05-01","","","","-1.0","-46.5716723482","-23.5628014184"
"22","2017-05-02","0.0","0.32","0.02","-287.0","-46.5716723482","-23.5628014184"
"22","2017-05-03","0.0","0.0","0.0","0.0","-46.5716723482","-23.5628014184"
"22","2017-05-04","","","","-1.0","-46.5716723482","-23.5628014184"
"22","2017-05-05","0.99","54.09","12.22","-288.0","-46.5716723482","-23.5628014184"
"22","2017-05-06","0.91","43.6","6.62","-288.0","-46.5716723482","-23.5628014184"
"22","2017-05-07","0.0","0.75","0.03","-287.0","-46.5716723482","-23.5628014184"
"22","2017-05-08","0.0","0.0","0.0","0.0","-46.5716723482","-23.5628014184"
"22","2017-05-09","0.0","0.0","0.0","0.0","-46.5716723482","-23.5628014184"
"22","2017-05-10","0.0","0.0","0.0","0.0","-46.5716723482","-23.5628014184"
"22","2017-05-11","0.0","0.0","0.0","0.0","-46.5716723482","-23.5628014184"
"22","2017-05-12","0.0","0.0","0.0","0.0","-46.5716723482","-23.5628014184"
"22","2017-05-13","","","","-1.0","-46.5716723482","-23.5628014184"
"22","2017-05-14","0.0","3.36","0.26","-287.0","-46.5716723482","-23.5628014184"
"22","2017-05-15","0.0","0.0","0.0","0.0","-46.5716723482","-23.5628014184"
"22","2017-05-16","0.0","0.0","0.0","0.0","-46.5716723482","-23.5628014184"
"22","2017-05-17","","","","-1.0","-46.5716723482","-23.5628014184"
"22","2017-05-18","0.3","10.97","2.89","-288.0","-46.5716723482","-23.5628014184"
"22","2017-05-19","7.58","200.26","46.51","-288.0","-46.5716723482","-23.5628014184"
"22","2017-05-20","0.09","3.18","0.91","-288.0","-46.5716723482","-23.5628014184"
"22","2017-05-21","7.21","93.63","26.48","-288.0","-46.5716723482","-23.5628014184"
"22","2017-05-22","2.89","95.79","18.89","-287.0","-46.5716723482","-23.5628014184"
"22","2017-05-23","0.0","0.0","0.0","0.0","-46.5716723482","-23.5628014184"
"22","2017-05-24","0.0","0.0","0.0","0.0","-46.5716723482","-23.5628014184"
"22","2017-05-25","0.0","0.0","0.0","0.0","-46.5716723482","-23.5628014184"
"22","2017-05-26","0.0","0.0","0.0","0.0","-46.5716723482","-23.5628014184"
"22","2017-05-27","0.0","0.0","0.0","0.0","-46.5716723482","-23.5628014184"
"22","2017-05-28","0.0","0.0","0.0","0.0","-46.5716723482","-23.5628014184"
"22","2017-05-29","0.0","0.0","0.0","0.0","-46.5716723482","-23.5628014184"
"22","2017-05-30","0.0","0.0","0.0","0.0","-46.5716723482","-23.5628014184"
"22","2017-05-31","0.0","0.0","0.0","0.0","-46.5716723482","-23.5628014184"
"22","2017-06-01","0.0","0.0","0.0","0.0","-46.5716723482","-23.5628014184"
"22","2017-06-02","0.0","0.0","0.0","0.0","-46.5716723482","-23.5628014184"
"22","2017-06-03","0.0","0.0","0.0","0.0","-46.5716723482","-23.5628014184"
"22","2017-06-04","","","","-1.0","-46.5716723482","-23.5628014184"
"22","2017-06-05","6.92","156.2","39.74","-288.0","-46.5716723482","-23.5628014184"
"22","2017-06-06","7.76","187.57","42.94","-288.0","-46.5716723482","-23.5628014184"
"22","2017-06-07","2.28","75.86","20.57","-287.0","-46.5716723482","-23.5628014184"
"22","2017-06-08","","","","-1.0","-46.5716723482","-23.5628014184"
"22","2017-06-09","0.0","15.26","0.39","-288.0","-46.5716723482","-23.5628014184"
"22","2017-06-10","0.0","0.01","0.0","-287.0","-46.5716723482","-23.5628014184"
"22","2017-06-11","","","","-1.0","-46.5716723482","-23.5628014184"
"22","2017-06-12","0.0","0.63","0.0","-288.0","-46.5716723482","-23.5628014184"
"22","2017-06-13","3.69","143.61","24.73","-288.0","-46.5716723482","-23.5628014184"
"22","2017-06-14","0.24","19.25","2.83","-287.0","-46.5716723482","-23.5628014184"
"23","2016-10-31","","","","-1.0","-46.471826879","-23.5649052509"
"23","2016-11-01","0.0","0.39","0.0","-288.0","-46.471826879","-23.5649052509"
"23","2016-11-02","0.0","31.87","3.45","-288.0","-46.471826879","-23.5649052509"
"23","2016-11-03","0.48","74.76","8.0","-288.0","-46.471826879","-23.5649052509"
"23","2016-11-04","0.18","10.22","1.48","-288.0","-46.471826879","-23.5649052509"
"23","2016-11-05","0.0","0.01","0.0","-288.0","-46.471826879","-23.5649052509"
"23","2016-11-06","0.01","62.52","5.43","-288.0","-46.471826879","-23.5649052509"
"23","2016-11-07","0.0","0.52","0.0","-288.0","-46.471826879","-23.5649052509"
"23","2016-11-08","0.0","13.02","0.43","-288.0","-46.471826879","-23.5649052509"
"23","2016-11-09","2.5","103.06","24.28","-288.0","-46.471826879","-23.5649052509"
"23","2016-11-10","1.16","57.67","9.26","-288.0","-46.471826879","-23.5649052509"
"23","2016-11-11","0.0","5.6","0.03","-288.0","-46.471826879","-23.5649052509"
"23","2016-11-12","0.24","47.2","7.59","-288.0","-46.471826879","-23.5649052509"
"23","2016-11-13","6.56","80.79","29.87","-288.0","-46.471826879","-23.5649052509"
"23","2016-11-14","4.77","58.34","17.38","-287.0","-46.471826879","-23.5649052509"
"23","2016-11-15","","","","-1.0","-46.471826879","-23.5649052509"
"23","2016-11-16","0.43","130.2","23.71","-288.0","-46.471826879","-23.5649052509"
"23","2016-11-17","0.13","43.2","4.57","-288.0","-46.471826879","-23.5649052509"
"23","2016-11-18","0.0","10.19","0.54","-287.0","-46.471826879","-23.5649052509"
"23","2016-11-19","0.0","0.0","0.0","0.0","-46.471826879","-23.5649052509"
"23","2016-11-20","0.0","0.0","0.0","0.0","-46.471826879","-23.5649052509"
"23","2016-11-21","0.0","0.0","0.0","0.0","-46.471826879","-23.5649052509"
"23","2016-11-22","","","","-1.0","-46.471826879","-23.5649052509"
"23","2016-11-23","0.26","58.69","5.54","-288.0","-46.471826879","-23.5649052509"
"23","2016-11-24","0.0","0.01","0.0","-287.0","-46.471826879","-23.5649052509"
"23","2016-11-25","0.0","0.0","0.0","0.0","-46.471826879","-23.5649052509"
"23","2016-11-26","","","","-1.0","-46.471826879","-23.5649052509"
"23","2016-11-27","0.05","67.99","6.64","-288.0","-46.471826879","-23.5649052509"
"23","2016-11-28","0.48","107.42","17.98","-288.0","-46.471826879","-23.5649052509"
"23","2016-11-29","2.0","138.4","32.04","-288.0","-46.471826879","-23.5649052509"
"23","2016-11-30","0.0","0.0","0.0","-287.0","-46.471826879","-23.5649052509"
"23","2016-12-01","0.0","0.0","0.0","0.0","-46.471826879","-23.5649052509"
"23","2016-12-02","","","","-1.0","-46.471826879","-23.5649052509"
"23","2016-12-03","2.42","52.49","14.2","-288.0","-46.471826879","-23.5649052509"
"23","2016-12-04","0.44","18.44","3.27","-288.0","-46.471826879","-23.5649052509"
"23","2016-12-05","0.01","10.08","1.13","-287.0","-46.471826879","-23.5649052509"
"23","2016-12-06","","","","-1.0","-46.471826879","-23.5649052509"
"23","2016-12-07","0.58","60.45","7.71","-288.0","-46.471826879","-23.5649052509"
"23","2016-12-08","0.0","2.25","0.04","-288.0","-46.471826879","-23.5649052509"
"23","2016-12-09","0.15","21.26","1.89","-288.0","-46.471826879","-23.5649052509"
"23","2016-12-10","0.69","121.42","19.31","-288.0","-46.471826879","-23.5649052509"
"23","2016-12-11","0.68","47.21","8.81","-288.0","-46.471826879","-23.5649052509"
"23","2016-12-12","1.97","110.69","21.13","-288.0","-46.471826879","-23.5649052509"
"23","2016-12-13","0.0","1.92","0.02","-288.0","-46.471826879","-23.5649052509"
"23","2016-12-14","0.0","3.17","0.01","-288.0","-46.471826879","-23.5649052509"
"23","2016-12-15","0.0","0.02","0.0","-287.0","-46.471826879","-23.5649052509"
"23","2016-12-16","0.0","0.0","0.0","0.0","-46.471826879","-23.5649052509"
"23","2016-12-17","","","","-1.0","-46.471826879","-23.5649052509"
"23","2016-12-18","0.0","14.73","1.27","-288.0","-46.471826879","-23.5649052509"
"23","2016-12-19","0.01","97.6","5.04","-288.0","-46.471826879","-23.5649052509"
"23","2016-12-20","0.18","132.39","9.0","-288.0","-46.471826879","-23.5649052509"
"23","2016-12-21","0.35","122.16","29.58","-288.0","-46.471826879","-23.5649052509"
"23","2016-12-22","0.0","4.66","0.23","-288.0","-46.471826879","-23.5649052509"
"23","2016-12-23","0.88","118.2","18.36","-288.0","-46.471826879","-23.5649052509"
"23","2016-12-24","0.02","13.39","2.06","-288.0","-46.471826879","-23.5649052509"
"23","2016-12-25","0.0","0.18","0.0","-288.0","-46.471826879","-23.5649052509"
"23","2016-12-26","0.0","0.78","0.0","-288.0","-46.471826879","-23.5649052509"
"23","2016-12-27","0.0","5.46","0.16","-288.0","-46.471826879","-23.5649052509"
"23","2016-12-28","0.0","2.92","0.03","-288.0","-46.471826879","-23.5649052509"
"23","2016-12-29","0.0","87.82","17.51","-288.0","-46.471826879","-23.5649052509"
"23","2016-12-30","0.0","3.55","0.01","-288.0","-46.471826879","-23.5649052509"
"23","2016-12-31","0.0","14.25","0.94","-287.0","-46.471826879","-23.5649052509"
"23","2017-01-01","","","","-1.0","-46.471826879","-23.5649052509"
"23","2017-01-02","0.52","122.62","16.87","-288.0","-46.471826879","-23.5649052509"
"23","2017-01-03","0.09","42.94","3.86","-288.0","-46.471826879","-23.5649052509"
"23","2017-01-04","0.03","3.85","0.97","-288.0","-46.471826879","-23.5649052509"
"23","2017-01-05","0.0","1.97","0.07","-288.0","-46.471826879","-23.5649052509"
"23","2017-01-06","0.75","20.75","3.79","-288.0","-46.471826879","-23.5649052509"
"23","2017-01-07","0.56","177.55","28.41","-288.0","-46.471826879","-23.5649052509"
"23","2017-01-08","0.33","122.94","25.57","-288.0","-46.471826879","-23.5649052509"
"23","2017-01-09","0.0","54.5","4.16","-288.0","-46.471826879","-23.5649052509"
"23","2017-01-10","0.15","11.83","2.47","-288.0","-46.471826879","-23.5649052509"
"23","2017-01-11","1.08","66.03","7.58","-288.0","-46.471826879","-23.5649052509"
"23","2017-01-12","0.0","8.56","0.54","-288.0","-46.471826879","-23.5649052509"
"23","2017-01-13","0.0","3.04","0.16","-288.0","-46.471826879","-23.5649052509"
"23","2017-01-14","0.0","0.4","0.0","-288.0","-46.471826879","-23.5649052509"
"23","2017-01-15","0.03","56.37","5.99","-288.0","-46.471826879","-23.5649052509"
"23","2017-01-16","0.74","155.94","24.73","-288.0","-46.471826879","-23.5649052509"
"23","2017-01-17","4.88","193.14","48.4","-288.0","-46.471826879","-23.5649052509"
"23","2017-01-18","4.95","183.8","41.17","-288.0","-46.471826879","-23.5649052509"
"23","2017-01-19","1.59","44.45","9.55","-288.0","-46.471826879","-23.5649052509"
"23","2017-01-20","3.36","86.47","21.77","-288.0","-46.471826879","-23.5649052509"
"23","2017-01-21","4.08","221.96","40.92","-288.0","-46.471826879","-23.5649052509"
"23","2017-01-22","1.33","87.26","15.56","-288.0","-46.471826879","-23.5649052509"
"23","2017-01-23","0.04","67.95","4.12","-288.0","-46.471826879","-23.5649052509"
"23","2017-01-24","0.06","30.98","2.0","-288.0","-46.471826879","-23.5649052509"
"23","2017-01-25","0.09","24.82","2.99","-288.0","-46.471826879","-23.5649052509"
"23","2017-01-26","2.36","77.21","19.04","-288.0","-46.471826879","-23.5649052509"
"23","2017-01-27","0.19","74.42","7.71","-288.0","-46.471826879","-23.5649052509"
"23","2017-01-28","0.0","0.92","0.0","-288.0","-46.471826879","-23.5649052509"
"23","2017-01-29","0.0","1.57","0.01","-288.0","-46.471826879","-23.5649052509"
"23","2017-01-30","0.24","12.92","2.34","-288.0","-46.471826879","-23.5649052509"
"23","2017-01-31","0.0","17.47","1.2","-288.0","-46.471826879","-23.5649052509"
"23","2017-02-01","0.49","174.36","37.55","-288.0","-46.471826879","-23.5649052509"
"23","2017-02-02","0.4","23.07","3.05","-288.0","-46.471826879","-23.5649052509"
"23","2017-02-03","0.07","16.43","1.97","-288.0","-46.471826879","-23.5649052509"
"23","2017-02-04","0.01","75.58","14.4","-288.0","-46.471826879","-23.5649052509"
"23","2017-02-05","0.0","1.22","0.0","-288.0","-46.471826879","-23.5649052509"
"23","2017-02-06","4.99","148.56","43.17","-288.0","-46.471826879","-23.5649052509"
"23","2017-02-07","0.0","9.37","0.18","-288.0","-46.471826879","-23.5649052509"
"23","2017-02-08","0.0","0.01","0.0","-287.0","-46.471826879","-23.5649052509"
"23","2017-02-09","0.0","0.0","0.0","0.0","-46.471826879","-23.5649052509"
"23","2017-02-10","0.0","0.0","0.0","0.0","-46.471826879","-23.5649052509"
"23","2017-02-11","0.0","0.0","0.0","0.0","-46.471826879","-23.5649052509"
"23","2017-02-12","0.0","0.0","0.0","0.0","-46.471826879","-23.5649052509"
"23","2017-02-13","0.0","0.0","0.0","0.0","-46.471826879","-23.5649052509"
"23","2017-02-14","0.0","0.0","0.0","0.0","-46.471826879","-23.5649052509"
"23","2017-02-15","0.0","0.0","0.0","0.0","-46.471826879","-23.5649052509"
"23","2017-02-16","","","","-1.0","-46.471826879","-23.5649052509"
"23","2017-02-17","0.0","0.2","0.0","-288.0","-46.471826879","-23.5649052509"
"23","2017-02-18","0.0","0.0","0.0","-287.0","-46.471826879","-23.5649052509"
"23","2017-02-19","0.0","0.0","0.0","0.0","-46.471826879","-23.5649052509"
"23","2017-02-20","0.0","0.0","0.0","0.0","-46.471826879","-23.5649052509"
"23","2017-02-21","","","","-1.0","-46.471826879","-23.5649052509"
"23","2017-02-22","0.01","75.77","9.64","-288.0","-46.471826879","-23.5649052509"
"23","2017-02-23","0.0","110.16","7.07","-288.0","-46.471826879","-23.5649052509"
"23","2017-02-24","4.82","156.76","42.06","-288.0","-46.471826879","-23.5649052509"
"23","2017-02-25","0.38","34.27","5.01","-288.0","-46.471826879","-23.5649052509"
"23","2017-02-26","0.0","127.23","15.53","-288.0","-46.471826879","-23.5649052509"
"23","2017-02-27","0.0","18.98","1.0","-288.0","-46.471826879","-23.5649052509"
"23","2017-02-28","0.0","77.13","6.71","-288.0","-46.471826879","-23.5649052509"
"23","2017-03-01","0.0","11.77","0.63","-288.0","-46.471826879","-23.5649052509"
"23","2017-03-02","0.04","95.49","10.83","-288.0","-46.471826879","-23.5649052509"
"23","2017-03-03","0.33","81.41","12.95","-288.0","-46.471826879","-23.5649052509"
"23","2017-03-04","0.0","57.12","1.98","-288.0","-46.471826879","-23.5649052509"
"23","2017-03-05","0.41","148.43","15.73","-288.0","-46.471826879","-23.5649052509"
"23","2017-03-06","1.17","124.77","17.73","-288.0","-46.471826879","-23.5649052509"
"23","2017-03-07","1.12","79.98","20.07","-288.0","-46.471826879","-23.5649052509"
"23","2017-03-08","2.15","49.73","10.99","-288.0","-46.471826879","-23.5649052509"
"23","2017-03-09","0.0","0.0","0.0","-288.0","-46.471826879","-23.5649052509"
"23","2017-03-10","0.0","65.81","9.79","-288.0","-46.471826879","-23.5649052509"
"23","2017-03-11","0.0","39.11","1.62","-288.0","-46.471826879","-23.5649052509"
"23","2017-03-12","0.0","0.85","0.0","-288.0","-46.471826879","-23.5649052509"
"23","2017-03-13","0.0","18.27","1.22","-288.0","-46.471826879","-23.5649052509"
"23","2017-03-14","0.31","57.47","5.6","-288.0","-46.471826879","-23.5649052509"
"23","2017-03-15","0.02","12.07","2.2","-288.0","-46.471826879","-23.5649052509"
"23","2017-03-16","0.0","1.81","0.04","-288.0","-46.471826879","-23.5649052509"
"23","2017-03-17","0.04","80.79","8.92","-288.0","-46.471826879","-23.5649052509"
"23","2017-03-18","0.0","10.6","0.97","-288.0","-46.471826879","-23.5649052509"
"23","2017-03-19","0.05","6.81","1.09","-288.0","-46.471826879","-23.5649052509"
"23","2017-03-20","0.0","0.01","0.0","-287.0","-46.471826879","-23.5649052509"
"23","2017-03-21","0.0","0.0","0.0","0.0","-46.471826879","-23.5649052509"
"23","2017-03-22","0.0","0.0","0.0","0.0","-46.471826879","-23.5649052509"
"23","2017-03-23","","","","-1.0","-46.471826879","-23.5649052509"
"23","2017-03-24","0.0","0.41","0.0","-288.0","-46.471826879","-23.5649052509"
"23","2017-03-25","0.0","2.87","0.31","-287.0","-46.471826879","-23.5649052509"
"23","2017-03-26","","","","-1.0","-46.471826879","-23.5649052509"
"23","2017-03-27","0.01","9.04","1.07","-288.0","-46.471826879","-23.5649052509"
"23","2017-03-28","0.0","8.08","0.46","-288.0","-46.471826879","-23.5649052509"
"23","2017-03-29","0.0","3.21","0.04","-287.0","-46.471826879","-23.5649052509"
"23","2017-03-30","0.0","0.0","0.0","0.0","-46.471826879","-23.5649052509"
"23","2017-03-31","0.0","0.0","0.0","0.0","-46.471826879","-23.5649052509"
"23","2017-04-01","0.0","0.0","0.0","0.0","-46.471826879","-23.5649052509"
"23","2017-04-02","0.0","0.0","0.0","0.0","-46.471826879","-23.5649052509"
"23","2017-04-03","0.0","0.0","0.0","0.0","-46.471826879","-23.5649052509"
"23","2017-04-04","","","","-1.0","-46.471826879","-23.5649052509"
"23","2017-04-05","0.0","0.03","0.0","-288.0","-46.471826879","-23.5649052509"
"23","2017-04-06","1.82","62.2","11.66","-288.0","-46.471826879","-23.5649052509"
"23","2017-04-07","5.93","223.75","62.35","-288.0","-46.471826879","-23.5649052509"
"23","2017-04-08","0.0","0.0","0.0","-287.0","-46.471826879","-23.5649052509"
"23","2017-04-09","","","","-1.0","-46.471826879","-23.5649052509"
"23","2017-04-10","0.0","1.06","0.01","-288.0","-46.471826879","-23.5649052509"
"23","2017-04-11","0.0","0.84","0.0","-288.0","-46.471826879","-23.5649052509"
"23","2017-04-12","0.0","22.86","1.42","-287.0","-46.471826879","-23.5649052509"
"23","2017-04-13","0.0","0.0","0.0","0.0","-46.471826879","-23.5649052509"
"23","2017-04-14","0.0","0.0","0.0","0.0","-46.471826879","-23.5649052509"
"23","2017-04-15","0.0","0.0","0.0","0.0","-46.471826879","-23.5649052509"
"23","2017-04-16","","","","-1.0","-46.471826879","-23.5649052509"
"23","2017-04-17","0.0","2.13","0.22","-287.0","-46.471826879","-23.5649052509"
"23","2017-04-18","0.0","0.0","0.0","0.0","-46.471826879","-23.5649052509"
"23","2017-04-19","0.0","0.0","0.0","0.0","-46.471826879","-23.5649052509"
"23","2017-04-20","","","","-1.0","-46.471826879","-23.5649052509"
"23","2017-04-21","1.2","60.89","14.95","-288.0","-46.471826879","-23.5649052509"
"23","2017-04-22","0.28","13.58","2.49","-287.0","-46.471826879","-23.5649052509"
"23","2017-04-23","0.0","0.0","0.0","0.0","-46.471826879","-23.5649052509"
"23","2017-04-24","0.0","0.0","0.0","0.0","-46.471826879","-23.5649052509"
"23","2017-04-25","","","","-1.0","-46.471826879","-23.5649052509"
"23","2017-04-26","2.21","55.9","12.48","-288.0","-46.471826879","-23.5649052509"
"23","2017-04-27","0.42","7.43","2.52","-287.0","-46.471826879","-23.5649052509"
"23","2017-04-28","0.0","0.0","0.0","0.0","-46.471826879","-23.5649052509"
"23","2017-04-29","0.0","0.0","0.0","0.0","-46.471826879","-23.5649052509"
"23","2017-04-30","0.0","0.0","0.0","0.0","-46.471826879","-23.5649052509"
"23","2017-05-01","","","","-1.0","-46.471826879","-23.5649052509"
"23","2017-05-02","0.0","0.23","0.0","-287.0","-46.471826879","-23.5649052509"
"23","2017-05-03","0.0","0.0","0.0","0.0","-46.471826879","-23.5649052509"
"23","2017-05-04","","","","-1.0","-46.471826879","-23.5649052509"
"23","2017-05-05","0.96","69.52","15.31","-288.0","-46.471826879","-23.5649052509"
"23","2017-05-06","0.96","46.97","9.26","-288.0","-46.471826879","-23.5649052509"
"23","2017-05-07","0.0","0.4","0.0","-287.0","-46.471826879","-23.5649052509"
"23","2017-05-08","0.0","0.0","0.0","0.0","-46.471826879","-23.5649052509"
"23","2017-05-09","0.0","0.0","0.0","0.0","-46.471826879","-23.5649052509"
"23","2017-05-10","0.0","0.0","0.0","0.0","-46.471826879","-23.5649052509"
"23","2017-05-11","0.0","0.0","0.0","0.0","-46.471826879","-23.5649052509"
"23","2017-05-12","0.0","0.0","0.0","0.0","-46.471826879","-23.5649052509"
"23","2017-05-13","","","","-1.0","-46.471826879","-23.5649052509"
"23","2017-05-14","0.0","4.76","0.46","-287.0","-46.471826879","-23.5649052509"
"23","2017-05-15","0.0","0.0","0.0","0.0","-46.471826879","-23.5649052509"
"23","2017-05-16","0.0","0.0","0.0","0.0","-46.471826879","-23.5649052509"
"23","2017-05-17","","","","-1.0","-46.471826879","-23.5649052509"
"23","2017-05-18","0.15","10.87","2.3","-288.0","-46.471826879","-23.5649052509"
"23","2017-05-19","6.89","178.88","42.71","-288.0","-46.471826879","-23.5649052509"
"23","2017-05-20","0.03","2.64","0.61","-288.0","-46.471826879","-23.5649052509"
"23","2017-05-21","6.18","87.89","24.25","-288.0","-46.471826879","-23.5649052509"
"23","2017-05-22","2.18","82.83","17.25","-287.0","-46.471826879","-23.5649052509"
"23","2017-05-23","0.0","0.0","0.0","0.0","-46.471826879","-23.5649052509"
"23","2017-05-24","0.0","0.0","0.0","0.0","-46.471826879","-23.5649052509"
"23","2017-05-25","0.0","0.0","0.0","0.0","-46.471826879","-23.5649052509"
"23","2017-05-26","0.0","0.0","0.0","0.0","-46.471826879","-23.5649052509"
"23","2017-05-27","0.0","0.0","0.0","0.0","-46.471826879","-23.5649052509"
"23","2017-05-28","0.0","0.0","0.0","0.0","-46.471826879","-23.5649052509"
"23","2017-05-29","0.0","0.0","0.0","0.0","-46.471826879","-23.5649052509"
"23","2017-05-30","0.0","0.0","0.0","0.0","-46.471826879","-23.5649052509"
"23","2017-05-31","0.0","0.0","0.0","0.0","-46.471826879","-23.5649052509"
"23","2017-06-01","0.0","0.0","0.0","0.0","-46.471826879","-23.5649052509"
"23","2017-06-02","0.0","0.0","0.0","0.0","-46.471826879","-23.5649052509"
"23","2017-06-03","0.0","0.0","0.0","0.0","-46.471826879","-23.5649052509"
"23","2017-06-04","","","","-1.0","-46.471826879","-23.5649052509"
"23","2017-06-05","6.05","142.07","34.92","-288.0","-46.471826879","-23.5649052509"
"23","2017-06-06","6.89","151.85","35.66","-288.0","-46.471826879","-23.5649052509"
"23","2017-06-07","2.49","74.13","18.9","-287.0","-46.471826879","-23.5649052509"
"23","2017-06-08","","","","-1.0","-46.471826879","-23.5649052509"
"23","2017-06-09","0.0","5.86","0.29","-288.0","-46.471826879","-23.5649052509"
"23","2017-06-10","0.0","0.0","0.0","-287.0","-46.471826879","-23.5649052509"
"23","2017-06-11","","","","-1.0","-46.471826879","-23.5649052509"
"23","2017-06-12","0.0","1.85","0.01","-288.0","-46.471826879","-23.5649052509"
"23","2017-06-13","2.81","134.4","25.01","-288.0","-46.471826879","-23.5649052509"
"23","2017-06-14","0.07","23.33","2.5","-287.0","-46.471826879","-23.5649052509"
"24","2016-10-31","","","","-1.0","-46.402268966","-23.5672351672"
"24","2016-11-01","0.0","0.27","0.0","-288.0","-46.402268966","-23.5672351672"
"24","2016-11-02","0.03","26.52","5.38","-288.0","-46.402268966","-23.5672351672"
"24","2016-11-03","0.86","35.75","6.55","-288.0","-46.402268966","-23.5672351672"
"24","2016-11-04","0.43","7.44","1.84","-288.0","-46.402268966","-23.5672351672"
"24","2016-11-05","0.0","0.0","0.0","-288.0","-46.402268966","-23.5672351672"
"24","2016-11-06","0.01","34.74","4.52","-288.0","-46.402268966","-23.5672351672"
"24","2016-11-07","0.0","0.18","0.0","-288.0","-46.402268966","-23.5672351672"
"24","2016-11-08","0.0","0.86","0.01","-288.0","-46.402268966","-23.5672351672"
"24","2016-11-09","3.68","83.39","29.48","-288.0","-46.402268966","-23.5672351672"
"24","2016-11-10","1.58","34.34","8.7","-288.0","-46.402268966","-23.5672351672"
"24","2016-11-11","0.0","17.24","3.12","-288.0","-46.402268966","-23.5672351672"
"24","2016-11-12","0.69","37.69","7.96","-288.0","-46.402268966","-23.5672351672"
"24","2016-11-13","9.68","67.82","30.11","-288.0","-46.402268966","-23.5672351672"
"24","2016-11-14","6.45","37.83","16.79","-287.0","-46.402268966","-23.5672351672"
"24","2016-11-15","","","","-1.0","-46.402268966","-23.5672351672"
"24","2016-11-16","1.12","112.82","29.05","-288.0","-46.402268966","-23.5672351672"
"24","2016-11-17","0.38","26.92","4.16","-288.0","-46.402268966","-23.5672351672"
"24","2016-11-18","0.0","5.53","0.63","-287.0","-46.402268966","-23.5672351672"
"24","2016-11-19","0.0","0.0","0.0","0.0","-46.402268966","-23.5672351672"
"24","2016-11-20","0.0","0.0","0.0","0.0","-46.402268966","-23.5672351672"
"24","2016-11-21","0.0","0.0","0.0","0.0","-46.402268966","-23.5672351672"
"24","2016-11-22","","","","-1.0","-46.402268966","-23.5672351672"
"24","2016-11-23","0.6","44.08","7.47","-288.0","-46.402268966","-23.5672351672"
"24","2016-11-24","0.0","0.21","0.0","-287.0","-46.402268966","-23.5672351672"
"24","2016-11-25","0.0","0.0","0.0","0.0","-46.402268966","-23.5672351672"
"24","2016-11-26","","","","-1.0","-46.402268966","-23.5672351672"
"24","2016-11-27","0.59","68.83","24.53","-288.0","-46.402268966","-23.5672351672"
"24","2016-11-28","0.92","77.87","16.12","-288.0","-46.402268966","-23.5672351672"
"24","2016-11-29","2.74","83.04","24.09","-288.0","-46.402268966","-23.5672351672"
"24","2016-11-30","0.0","0.01","0.0","-287.0","-46.402268966","-23.5672351672"
"24","2016-12-01","0.0","0.0","0.0","0.0","-46.402268966","-23.5672351672"
"24","2016-12-02","","","","-1.0","-46.402268966","-23.5672351672"
"24","2016-12-03","3.54","49.68","15.18","-288.0","-46.402268966","-23.5672351672"
"24","2016-12-04","0.69","13.29","2.95","-288.0","-46.402268966","-23.5672351672"
"24","2016-12-05","0.02","7.41","1.55","-287.0","-46.402268966","-23.5672351672"
"24","2016-12-06","","","","-1.0","-46.402268966","-23.5672351672"
"24","2016-12-07","0.83","40.66","6.77","-288.0","-46.402268966","-23.5672351672"
"24","2016-12-08","0.0","0.52","0.0","-288.0","-46.402268966","-23.5672351672"
"24","2016-12-09","0.33","6.69","1.81","-288.0","-46.402268966","-23.5672351672"
"24","2016-12-10","0.95","108.76","30.51","-288.0","-46.402268966","-23.5672351672"
"24","2016-12-11","1.31","39.05","8.96","-288.0","-46.402268966","-23.5672351672"
"24","2016-12-12","2.32","69.07","16.46","-288.0","-46.402268966","-23.5672351672"
"24","2016-12-13","0.0","0.63","0.0","-288.0","-46.402268966","-23.5672351672"
"24","2016-12-14","0.0","0.58","0.01","-288.0","-46.402268966","-23.5672351672"
"24","2016-12-15","0.0","0.0","0.0","-287.0","-46.402268966","-23.5672351672"
"24","2016-12-16","0.0","0.0","0.0","0.0","-46.402268966","-23.5672351672"
"24","2016-12-17","","","","-1.0","-46.402268966","-23.5672351672"
"24","2016-12-18","0.13","6.86","1.23","-288.0","-46.402268966","-23.5672351672"
"24","2016-12-19","0.47","82.28","19.33","-288.0","-46.402268966","-23.5672351672"
"24","2016-12-20","0.1","50.9","7.24","-288.0","-46.402268966","-23.5672351672"
"24","2016-12-21","0.54","76.41","15.3","-288.0","-46.402268966","-23.5672351672"
"24","2016-12-22","0.0","1.65","0.18","-288.0","-46.402268966","-23.5672351672"
"24","2016-12-23","1.62","83.79","15.77","-288.0","-46.402268966","-23.5672351672"
"24","2016-12-24","0.06","27.18","2.08","-288.0","-46.402268966","-23.5672351672"
"24","2016-12-25","0.0","0.47","0.01","-288.0","-46.402268966","-23.5672351672"
"24","2016-12-26","0.0","0.38","0.0","-288.0","-46.402268966","-23.5672351672"
"24","2016-12-27","0.04","4.32","0.58","-288.0","-46.402268966","-23.5672351672"
"24","2016-12-28","0.0","1.38","0.01","-288.0","-46.402268966","-23.5672351672"
"24","2016-12-29","0.0","39.03","3.82","-288.0","-46.402268966","-23.5672351672"
"24","2016-12-30","0.0","0.52","0.0","-288.0","-46.402268966","-23.5672351672"
"24","2016-12-31","0.0","8.47","0.64","-287.0","-46.402268966","-23.5672351672"
"24","2017-01-01","","","","-1.0","-46.402268966","-23.5672351672"
"24","2017-01-02","0.38","51.28","8.82","-288.0","-46.402268966","-23.5672351672"
"24","2017-01-03","0.02","16.05","2.67","-288.0","-46.402268966","-23.5672351672"
"24","2017-01-04","0.04","2.4","0.6","-288.0","-46.402268966","-23.5672351672"
"24","2017-01-05","0.03","1.8","0.22","-288.0","-46.402268966","-23.5672351672"
"24","2017-01-06","0.97","22.79","4.26","-288.0","-46.402268966","-23.5672351672"
"24","2017-01-07","1.7","119.83","33.27","-288.0","-46.402268966","-23.5672351672"
"24","2017-01-08","0.91","74.35","16.04","-288.0","-46.402268966","-23.5672351672"
"24","2017-01-09","0.0","42.51","2.43","-288.0","-46.402268966","-23.5672351672"
"24","2017-01-10","0.08","9.77","1.93","-288.0","-46.402268966","-23.5672351672"
"24","2017-01-11","2.2","35.8","8.69","-288.0","-46.402268966","-23.5672351672"
"24","2017-01-12","0.2","17.94","2.77","-288.0","-46.402268966","-23.5672351672"
"24","2017-01-13","0.0","3.04","0.36","-288.0","-46.402268966","-23.5672351672"
"24","2017-01-14","0.0","0.28","0.0","-288.0","-46.402268966","-23.5672351672"
"24","2017-01-15","0.05","58.15","11.67","-288.0","-46.402268966","-23.5672351672"
"24","2017-01-16","1.13","124.12","21.3","-288.0","-46.402268966","-23.5672351672"
"24","2017-01-17","5.15","87.93","24.49","-288.0","-46.402268966","-23.5672351672"
"24","2017-01-18","5.69","116.0","35.02","-288.0","-46.402268966","-23.5672351672"
"24","2017-01-19","1.86","29.37","8.0","-288.0","-46.402268966","-23.5672351672"
"24","2017-01-20","5.03","53.55","18.98","-288.0","-46.402268966","-23.5672351672"
"24","2017-01-21","7.06","163.05","43.47","-288.0","-46.402268966","-23.5672351672"
"24","2017-01-22","2.57","59.12","16.5","-288.0","-46.402268966","-23.5672351672"
"24","2017-01-23","0.28","82.15","13.01","-288.0","-46.402268966","-23.5672351672"
"24","2017-01-24","0.0","12.22","0.89","-288.0","-46.402268966","-23.5672351672"
"24","2017-01-25","0.41","17.76","3.56","-288.0","-46.402268966","-23.5672351672"
"24","2017-01-26","3.34","54.76","18.06","-288.0","-46.402268966","-23.5672351672"
"24","2017-01-27","0.74","38.9","8.53","-288.0","-46.402268966","-23.5672351672"
"24","2017-01-28","0.0","0.05","0.0","-288.0","-46.402268966","-23.5672351672"
"24","2017-01-29","0.0","0.71","0.01","-288.0","-46.402268966","-23.5672351672"
"24","2017-01-30","0.04","4.52","1.03","-288.0","-46.402268966","-23.5672351672"
"24","2017-01-31","0.01","21.46","2.91","-288.0","-46.402268966","-23.5672351672"
"24","2017-02-01","10.1","118.65","43.2","-288.0","-46.402268966","-23.5672351672"
"24","2017-02-02","0.46","22.78","3.75","-288.0","-46.402268966","-23.5672351672"
"24","2017-02-03","0.44","24.86","5.56","-288.0","-46.402268966","-23.5672351672"
"24","2017-02-04","0.0","63.51","9.23","-288.0","-46.402268966","-23.5672351672"
"24","2017-02-05","0.0","0.11","0.0","-288.0","-46.402268966","-23.5672351672"
"24","2017-02-06","10.78","117.17","47.53","-288.0","-46.402268966","-23.5672351672"
"24","2017-02-07","0.2","2.04","0.83","-288.0","-46.402268966","-23.5672351672"
"24","2017-02-08","0.0","0.0","0.0","-287.0","-46.402268966","-23.5672351672"
"24","2017-02-09","0.0","0.0","0.0","0.0","-46.402268966","-23.5672351672"
"24","2017-02-10","0.0","0.0","0.0","0.0","-46.402268966","-23.5672351672"
"24","2017-02-11","0.0","0.0","0.0","0.0","-46.402268966","-23.5672351672"
"24","2017-02-12","0.0","0.0","0.0","0.0","-46.402268966","-23.5672351672"
"24","2017-02-13","0.0","0.0","0.0","0.0","-46.402268966","-23.5672351672"
"24","2017-02-14","0.0","0.0","0.0","0.0","-46.402268966","-23.5672351672"
"24","2017-02-15","0.0","0.0","0.0","0.0","-46.402268966","-23.5672351672"
"24","2017-02-16","","","","-1.0","-46.402268966","-23.5672351672"
"24","2017-02-17","0.0","0.15","0.0","-288.0","-46.402268966","-23.5672351672"
"24","2017-02-18","0.0","0.02","0.0","-287.0","-46.402268966","-23.5672351672"
"24","2017-02-19","0.0","0.0","0.0","0.0","-46.402268966","-23.5672351672"
"24","2017-02-20","0.0","0.0","0.0","0.0","-46.402268966","-23.5672351672"
"24","2017-02-21","","","","-1.0","-46.402268966","-23.5672351672"
"24","2017-02-22","0.0","5.77","0.12","-288.0","-46.402268966","-23.5672351672"
"24","2017-02-23","0.02","49.51","5.85","-288.0","-46.402268966","-23.5672351672"
"24","2017-02-24","4.48","91.16","24.63","-288.0","-46.402268966","-23.5672351672"
"24","2017-02-25","0.92","26.5","5.88","-288.0","-46.402268966","-23.5672351672"
"24","2017-02-26","0.0","57.04","3.87","-288.0","-46.402268966","-23.5672351672"
"24","2017-02-27","0.0","2.4","0.12","-288.0","-46.402268966","-23.5672351672"
"24","2017-02-28","0.0","77.8","7.92","-288.0","-46.402268966","-23.5672351672"
"24","2017-03-01","0.0","7.08","0.56","-288.0","-46.402268966","-23.5672351672"
"24","2017-03-02","0.61","51.11","12.69","-288.0","-46.402268966","-23.5672351672"
"24","2017-03-03","0.83","54.24","12.73","-288.0","-46.402268966","-23.5672351672"
"24","2017-03-04","0.13","32.24","4.18","-288.0","-46.402268966","-23.5672351672"
"24","2017-03-05","0.42","77.89","12.25","-288.0","-46.402268966","-23.5672351672"
"24","2017-03-06","1.79","96.1","25.32","-288.0","-46.402268966","-23.5672351672"
"24","2017-03-07","1.12","55.06","15.35","-288.0","-46.402268966","-23.5672351672"
"24","2017-03-08","3.08","42.82","12.17","-288.0","-46.402268966","-23.5672351672"
"24","2017-03-09","0.0","0.0","0.0","-288.0","-46.402268966","-23.5672351672"
"24","2017-03-10","0.0","8.25","0.42","-288.0","-46.402268966","-23.5672351672"
"24","2017-03-11","0.0","7.72","0.35","-288.0","-46.402268966","-23.5672351672"
"24","2017-03-12","0.0","0.76","0.0","-288.0","-46.402268966","-23.5672351672"
"24","2017-03-13","0.0","0.23","0.0","-288.0","-46.402268966","-23.5672351672"
"24","2017-03-14","0.93","66.85","9.01","-288.0","-46.402268966","-23.5672351672"
"24","2017-03-15","0.23","4.96","1.62","-288.0","-46.402268966","-23.5672351672"
"24","2017-03-16","0.0","8.58","0.2","-288.0","-46.402268966","-23.5672351672"
"24","2017-03-17","0.13","35.92","6.48","-288.0","-46.402268966","-23.5672351672"
"24","2017-03-18","0.06","5.53","0.92","-288.0","-46.402268966","-23.5672351672"
"24","2017-03-19","0.13","6.28","1.36","-288.0","-46.402268966","-23.5672351672"
"24","2017-03-20","0.0","0.09","0.0","-287.0","-46.402268966","-23.5672351672"
"24","2017-03-21","0.0","0.0","0.0","0.0","-46.402268966","-23.5672351672"
"24","2017-03-22","0.0","0.0","0.0","0.0","-46.402268966","-23.5672351672"
"24","2017-03-23","","","","-1.0","-46.402268966","-23.5672351672"
"24","2017-03-24","0.0","0.11","0.0","-288.0","-46.402268966","-23.5672351672"
"24","2017-03-25","0.0","1.64","0.23","-287.0","-46.402268966","-23.5672351672"
"24","2017-03-26","","","","-1.0","-46.402268966","-23.5672351672"
"24","2017-03-27","0.03","4.51","0.77","-288.0","-46.402268966","-23.5672351672"
"24","2017-03-28","0.01","3.39","0.59","-288.0","-46.402268966","-23.5672351672"
"24","2017-03-29","0.0","0.1","0.01","-287.0","-46.402268966","-23.5672351672"
"24","2017-03-30","0.0","0.0","0.0","0.0","-46.402268966","-23.5672351672"
"24","2017-03-31","0.0","0.0","0.0","0.0","-46.402268966","-23.5672351672"
"24","2017-04-01","0.0","0.0","0.0","0.0","-46.402268966","-23.5672351672"
"24","2017-04-02","0.0","0.0","0.0","0.0","-46.402268966","-23.5672351672"
"24","2017-04-03","0.0","0.0","0.0","0.0","-46.402268966","-23.5672351672"
"24","2017-04-04","","","","-1.0","-46.402268966","-23.5672351672"
"24","2017-04-05","0.0","0.0","0.0","-288.0","-46.402268966","-23.5672351672"
"24","2017-04-06","2.62","35.65","10.19","-288.0","-46.402268966","-23.5672351672"
"24","2017-04-07","8.11","152.64","54.28","-288.0","-46.402268966","-23.5672351672"
"24","2017-04-08","0.0","0.0","0.0","-287.0","-46.402268966","-23.5672351672"
"24","2017-04-09","","","","-1.0","-46.402268966","-23.5672351672"
"24","2017-04-10","0.0","0.03","0.0","-288.0","-46.402268966","-23.5672351672"
"24","2017-04-11","0.0","0.11","0.0","-288.0","-46.402268966","-23.5672351672"
"24","2017-04-12","0.01","8.11","0.72","-287.0","-46.402268966","-23.5672351672"
"24","2017-04-13","0.0","0.0","0.0","0.0","-46.402268966","-23.5672351672"
"24","2017-04-14","0.0","0.0","0.0","0.0","-46.402268966","-23.5672351672"
"24","2017-04-15","0.0","0.0","0.0","0.0","-46.402268966","-23.5672351672"
"24","2017-04-16","","","","-1.0","-46.402268966","-23.5672351672"
"24","2017-04-17","0.0","1.16","0.19","-287.0","-46.402268966","-23.5672351672"
"24","2017-04-18","0.0","0.0","0.0","0.0","-46.402268966","-23.5672351672"
"24","2017-04-19","0.0","0.0","0.0","0.0","-46.402268966","-23.5672351672"
"24","2017-04-20","","","","-1.0","-46.402268966","-23.5672351672"
"24","2017-04-21","0.45","40.4","7.88","-288.0","-46.402268966","-23.5672351672"
"24","2017-04-22","0.83","11.47","3.52","-287.0","-46.402268966","-23.5672351672"
"24","2017-04-23","0.0","0.0","0.0","0.0","-46.402268966","-23.5672351672"
"24","2017-04-24","0.0","0.0","0.0","0.0","-46.402268966","-23.5672351672"
"24","2017-04-25","","","","-1.0","-46.402268966","-23.5672351672"
"24","2017-04-26","2.95","35.71","11.23","-288.0","-46.402268966","-23.5672351672"
"24","2017-04-27","0.8","5.41","2.32","-287.0","-46.402268966","-23.5672351672"
"24","2017-04-28","0.0","0.0","0.0","0.0","-46.402268966","-23.5672351672"
"24","2017-04-29","0.0","0.0","0.0","0.0","-46.402268966","-23.5672351672"
"24","2017-04-30","0.0","0.0","0.0","0.0","-46.402268966","-23.5672351672"
"24","2017-05-01","","","","-1.0","-46.402268966","-23.5672351672"
"24","2017-05-02","0.0","0.06","0.0","-287.0","-46.402268966","-23.5672351672"
"24","2017-05-03","0.0","0.0","0.0","0.0","-46.402268966","-23.5672351672"
"24","2017-05-04","","","","-1.0","-46.402268966","-23.5672351672"
"24","2017-05-05","0.89","24.56","5.54","-288.0","-46.402268966","-23.5672351672"
"24","2017-05-06","1.64","31.6","8.59","-288.0","-46.402268966","-23.5672351672"
"24","2017-05-07","0.0","0.15","0.0","-287.0","-46.402268966","-23.5672351672"
"24","2017-05-08","0.0","0.0","0.0","0.0","-46.402268966","-23.5672351672"
"24","2017-05-09","0.0","0.0","0.0","0.0","-46.402268966","-23.5672351672"
"24","2017-05-10","0.0","0.0","0.0","0.0","-46.402268966","-23.5672351672"
"24","2017-05-11","0.0","0.0","0.0","0.0","-46.402268966","-23.5672351672"
"24","2017-05-12","0.0","0.0","0.0","0.0","-46.402268966","-23.5672351672"
"24","2017-05-13","","","","-1.0","-46.402268966","-23.5672351672"
"24","2017-05-14","0.02","4.87","0.85","-287.0","-46.402268966","-23.5672351672"
"24","2017-05-15","0.0","0.0","0.0","0.0","-46.402268966","-23.5672351672"
"24","2017-05-16","0.0","0.0","0.0","0.0","-46.402268966","-23.5672351672"
"24","2017-05-17","","","","-1.0","-46.402268966","-23.5672351672"
"24","2017-05-18","0.34","7.38","2.18","-288.0","-46.402268966","-23.5672351672"
"24","2017-05-19","9.23","135.75","40.34","-288.0","-46.402268966","-23.5672351672"
"24","2017-05-20","0.02","1.57","0.36","-288.0","-46.402268966","-23.5672351672"
"24","2017-05-21","7.81","80.45","25.59","-288.0","-46.402268966","-23.5672351672"
"24","2017-05-22","3.66","59.07","17.09","-287.0","-46.402268966","-23.5672351672"
"24","2017-05-23","0.0","0.0","0.0","0.0","-46.402268966","-23.5672351672"
"24","2017-05-24","0.0","0.0","0.0","0.0","-46.402268966","-23.5672351672"
"24","2017-05-25","0.0","0.0","0.0","0.0","-46.402268966","-23.5672351672"
"24","2017-05-26","0.0","0.0","0.0","0.0","-46.402268966","-23.5672351672"
"24","2017-05-27","0.0","0.0","0.0","0.0","-46.402268966","-23.5672351672"
"24","2017-05-28","0.0","0.0","0.0","0.0","-46.402268966","-23.5672351672"
"24","2017-05-29","0.0","0.0","0.0","0.0","-46.402268966","-23.5672351672"
"24","2017-05-30","0.0","0.0","0.0","0.0","-46.402268966","-23.5672351672"
"24","2017-05-31","0.0","0.0","0.0","0.0","-46.402268966","-23.5672351672"
"24","2017-06-01","0.0","0.0","0.0","0.0","-46.402268966","-23.5672351672"
"24","2017-06-02","0.0","0.0","0.0","0.0","-46.402268966","-23.5672351672"
"24","2017-06-03","0.0","0.0","0.0","0.0","-46.402268966","-23.5672351672"
"24","2017-06-04","","","","-1.0","-46.402268966","-23.5672351672"
"24","2017-06-05","7.6","108.8","34.06","-288.0","-46.402268966","-23.5672351672"
"24","2017-06-06","8.95","120.89","35.48","-288.0","-46.402268966","-23.5672351672"
"24","2017-06-07","3.45","53.87","17.87","-287.0","-46.402268966","-23.5672351672"
"24","2017-06-08","","","","-1.0","-46.402268966","-23.5672351672"
"24","2017-06-09","0.02","3.33","0.38","-288.0","-46.402268966","-23.5672351672"
"24","2017-06-10","0.0","0.0","0.0","-287.0","-46.402268966","-23.5672351672"
"24","2017-06-11","","","","-1.0","-46.402268966","-23.5672351672"
"24","2017-06-12","0.0","0.06","0.0","-288.0","-46.402268966","-23.5672351672"
"24","2017-06-13","4.81","73.27","21.71","-288.0","-46.402268966","-23.5672351672"
"24","2017-06-14","0.21","9.32","1.71","-287.0","-46.402268966","-23.5672351672"
"25","2016-10-31","","","","-1.0","-46.792680753","-23.4530809008"
"25","2016-11-01","0.0","0.0","0.0","-288.0","-46.792680753","-23.4530809008"
"25","2016-11-02","0.2","3.41","0.97","-288.0","-46.792680753","-23.4530809008"
"25","2016-11-03","0.88","11.67","3.86","-288.0","-46.792680753","-23.4530809008"
"25","2016-11-04","0.05","0.84","0.28","-288.0","-46.792680753","-23.4530809008"
"25","2016-11-05","0.0","0.0","0.0","-288.0","-46.792680753","-23.4530809008"
"25","2016-11-06","1.13","32.79","9.82","-288.0","-46.792680753","-23.4530809008"
"25","2016-11-07","0.0","0.95","0.14","-288.0","-46.792680753","-23.4530809008"
"25","2016-11-08","0.0","0.09","0.0","-288.0","-46.792680753","-23.4530809008"
"25","2016-11-09","6.9","67.61","28.17","-288.0","-46.792680753","-23.4530809008"
"25","2016-11-10","2.09","13.16","5.34","-288.0","-46.792680753","-23.4530809008"
"25","2016-11-11","0.71","14.48","7.43","-288.0","-46.792680753","-23.4530809008"
"25","2016-11-12","2.88","23.87","14.52","-288.0","-46.792680753","-23.4530809008"
"25","2016-11-13","12.95","52.98","28.16","-288.0","-46.792680753","-23.4530809008"
"25","2016-11-14","9.45","32.25","18.21","-287.0","-46.792680753","-23.4530809008"
"25","2016-11-15","","","","-1.0","-46.792680753","-23.4530809008"
"25","2016-11-16","0.1","17.01","4.41","-288.0","-46.792680753","-23.4530809008"
"25","2016-11-17","0.73","14.68","4.49","-288.0","-46.792680753","-23.4530809008"
"25","2016-11-18","0.02","3.24","0.88","-287.0","-46.792680753","-23.4530809008"
"25","2016-11-19","0.0","0.0","0.0","0.0","-46.792680753","-23.4530809008"
"25","2016-11-20","0.0","0.0","0.0","0.0","-46.792680753","-23.4530809008"
"25","2016-11-21","0.0","0.0","0.0","0.0","-46.792680753","-23.4530809008"
"25","2016-11-22","","","","-1.0","-46.792680753","-23.4530809008"
"25","2016-11-23","3.26","22.6","9.03","-288.0","-46.792680753","-23.4530809008"
"25","2016-11-24","0.0","0.02","0.0","-287.0","-46.792680753","-23.4530809008"
"25","2016-11-25","0.0","0.0","0.0","0.0","-46.792680753","-23.4530809008"
"25","2016-11-26","","","","-1.0","-46.792680753","-23.4530809008"
"25","2016-11-27","0.34","8.91","2.19","-288.0","-46.792680753","-23.4530809008"
"25","2016-11-28","0.0","0.9","0.09","-288.0","-46.792680753","-23.4530809008"
"25","2016-11-29","3.52","39.84","13.83","-288.0","-46.792680753","-23.4530809008"
"25","2016-11-30","0.0","0.0","0.0","-287.0","-46.792680753","-23.4530809008"
"25","2016-12-01","0.0","0.0","0.0","0.0","-46.792680753","-23.4530809008"
"25","2016-12-02","","","","-1.0","-46.792680753","-23.4530809008"
"25","2016-12-03","4.42","41.07","17.67","-288.0","-46.792680753","-23.4530809008"
"25","2016-12-04","4.49","21.1","10.29","-288.0","-46.792680753","-23.4530809008"
"25","2016-12-05","0.27","3.84","1.23","-287.0","-46.792680753","-23.4530809008"
"25","2016-12-06","","","","-1.0","-46.792680753","-23.4530809008"
"25","2016-12-07","0.79","5.93","2.44","-288.0","-46.792680753","-23.4530809008"
"25","2016-12-08","0.0","0.13","0.02","-288.0","-46.792680753","-23.4530809008"
"25","2016-12-09","0.41","8.86","1.98","-288.0","-46.792680753","-23.4530809008"
"25","2016-12-10","1.33","20.23","7.77","-288.0","-46.792680753","-23.4530809008"
"25","2016-12-11","2.23","38.91","11.15","-288.0","-46.792680753","-23.4530809008"
"25","2016-12-12","2.44","48.9","15.28","-288.0","-46.792680753","-23.4530809008"
"25","2016-12-13","0.0","0.02","0.0","-288.0","-46.792680753","-23.4530809008"
"25","2016-12-14","0.0","0.04","0.0","-288.0","-46.792680753","-23.4530809008"
"25","2016-12-15","0.0","0.0","0.0","-287.0","-46.792680753","-23.4530809008"
"25","2016-12-16","0.0","0.0","0.0","0.0","-46.792680753","-23.4530809008"
"25","2016-12-17","","","","-1.0","-46.792680753","-23.4530809008"
"25","2016-12-18","2.2","59.46","16.71","-288.0","-46.792680753","-23.4530809008"
"25","2016-12-19","2.59","40.6","13.75","-288.0","-46.792680753","-23.4530809008"
"25","2016-12-20","0.8","11.57","3.8","-288.0","-46.792680753","-23.4530809008"
"25","2016-12-21","0.01","14.37","3.23","-288.0","-46.792680753","-23.4530809008"
"25","2016-12-22","0.0","0.0","0.0","-288.0","-46.792680753","-23.4530809008"
"25","2016-12-23","1.2","25.42","8.8","-288.0","-46.792680753","-23.4530809008"
"25","2016-12-24","2.7","25.79","9.41","-288.0","-46.792680753","-23.4530809008"
"25","2016-12-25","0.0","0.45","0.02","-288.0","-46.792680753","-23.4530809008"
"25","2016-12-26","0.0","0.01","0.0","-288.0","-46.792680753","-23.4530809008"
"25","2016-12-27","0.0","0.13","0.0","-288.0","-46.792680753","-23.4530809008"
"25","2016-12-28","1.21","31.61","10.76","-288.0","-46.792680753","-23.4530809008"
"25","2016-12-29","0.06","2.64","0.49","-288.0","-46.792680753","-23.4530809008"
"25","2016-12-30","0.0","0.33","0.0","-288.0","-46.792680753","-23.4530809008"
"25","2016-12-31","0.0","3.04","0.4","-287.0","-46.792680753","-23.4530809008"
"25","2017-01-01","","","","-1.0","-46.792680753","-23.4530809008"
"25","2017-01-02","3.35","23.74","9.25","-288.0","-46.792680753","-23.4530809008"
"25","2017-01-03","2.67","19.63","7.68","-288.0","-46.792680753","-23.4530809008"
"25","2017-01-04","0.01","0.17","0.06","-288.0","-46.792680753","-23.4530809008"
"25","2017-01-05","0.04","1.01","0.25","-288.0","-46.792680753","-23.4530809008"
"25","2017-01-06","0.58","7.93","2.76","-288.0","-46.792680753","-23.4530809008"
"25","2017-01-07","1.44","50.69","19.15","-288.0","-46.792680753","-23.4530809008"
"25","2017-01-08","0.0","0.25","0.03","-288.0","-46.792680753","-23.4530809008"
"25","2017-01-09","2.21","42.94","11.03","-288.0","-46.792680753","-23.4530809008"
"25","2017-01-10","3.7","23.43","10.72","-288.0","-46.792680753","-23.4530809008"
"25","2017-01-11","0.6","38.98","14.15","-288.0","-46.792680753","-23.4530809008"
"25","2017-01-12","0.06","4.19","1.19","-288.0","-46.792680753","-23.4530809008"
"25","2017-01-13","0.17","2.73","1.02","-288.0","-46.792680753","-23.4530809008"
"25","2017-01-14","0.47","39.68","13.48","-288.0","-46.792680753","-23.4530809008"
"25","2017-01-15","3.33","86.11","27.36","-288.0","-46.792680753","-23.4530809008"
"25","2017-01-16","4.64","75.68","22.65","-288.0","-46.792680753","-23.4530809008"
"25","2017-01-17","12.07","58.62","30.49","-288.0","-46.792680753","-23.4530809008"
"25","2017-01-18","9.68","91.6","35.4","-288.0","-46.792680753","-23.4530809008"
"25","2017-01-19","5.19","35.6","15.99","-288.0","-46.792680753","-23.4530809008"
"25","2017-01-20","8.47","41.99","20.61","-288.0","-46.792680753","-23.4530809008"
"25","2017-01-21","9.69","135.7","45.77","-288.0","-46.792680753","-23.4530809008"
"25","2017-01-22","5.06","24.64","12.28","-288.0","-46.792680753","-23.4530809008"
"25","2017-01-23","0.36","3.56","1.36","-288.0","-46.792680753","-23.4530809008"
"25","2017-01-24","2.56","28.71","11.85","-288.0","-46.792680753","-23.4530809008"
"25","2017-01-25","0.1","5.12","1.14","-288.0","-46.792680753","-23.4530809008"
"25","2017-01-26","9.02","52.59","25.6","-288.0","-46.792680753","-23.4530809008"
"25","2017-01-27","2.86","27.55","8.92","-288.0","-46.792680753","-23.4530809008"
"25","2017-01-28","0.01","2.57","0.35","-288.0","-46.792680753","-23.4530809008"
"25","2017-01-29","0.0","0.48","0.03","-288.0","-46.792680753","-23.4530809008"
"25","2017-01-30","1.82","40.16","16.27","-288.0","-46.792680753","-23.4530809008"
"25","2017-01-31","2.44","17.08","6.55","-288.0","-46.792680753","-23.4530809008"
"25","2017-02-01","7.79","107.52","39.6","-288.0","-46.792680753","-23.4530809008"
"25","2017-02-02","2.53","31.25","11.18","-288.0","-46.792680753","-23.4530809008"
"25","2017-02-03","2.12","24.51","8.74","-288.0","-46.792680753","-23.4530809008"
"25","2017-02-04","1.2","47.5","13.04","-288.0","-46.792680753","-23.4530809008"
"25","2017-02-05","0.0","0.2","0.08","-288.0","-46.792680753","-23.4530809008"
"25","2017-02-06","5.99","46.25","25.16","-288.0","-46.792680753","-23.4530809008"
"25","2017-02-07","0.0","5.26","0.87","-288.0","-46.792680753","-23.4530809008"
"25","2017-02-08","0.0","0.0","0.0","-287.0","-46.792680753","-23.4530809008"
"25","2017-02-09","0.0","0.0","0.0","0.0","-46.792680753","-23.4530809008"
"25","2017-02-10","0.0","0.0","0.0","0.0","-46.792680753","-23.4530809008"
"25","2017-02-11","0.0","0.0","0.0","0.0","-46.792680753","-23.4530809008"
"25","2017-02-12","0.0","0.0","0.0","0.0","-46.792680753","-23.4530809008"
"25","2017-02-13","0.0","0.0","0.0","0.0","-46.792680753","-23.4530809008"
"25","2017-02-14","0.0","0.0","0.0","0.0","-46.792680753","-23.4530809008"
"25","2017-02-15","0.0","0.0","0.0","0.0","-46.792680753","-23.4530809008"
"25","2017-02-16","","","","-1.0","-46.792680753","-23.4530809008"
"25","2017-02-17","0.0","0.24","0.01","-288.0","-46.792680753","-23.4530809008"
"25","2017-02-18","0.0","0.0","0.0","-287.0","-46.792680753","-23.4530809008"
"25","2017-02-19","0.0","0.0","0.0","0.0","-46.792680753","-23.4530809008"
"25","2017-02-20","0.0","0.0","0.0","0.0","-46.792680753","-23.4530809008"
"25","2017-02-21","","","","-1.0","-46.792680753","-23.4530809008"
"25","2017-02-22","0.54","11.65","3.51","-288.0","-46.792680753","-23.4530809008"
"25","2017-02-23","0.0","0.01","0.0","-288.0","-46.792680753","-23.4530809008"
"25","2017-02-24","6.4","98.24","33.59","-288.0","-46.792680753","-23.4530809008"
"25","2017-02-25","0.48","14.81","4.81","-288.0","-46.792680753","-23.4530809008"
"25","2017-02-26","1.25","75.15","26.59","-288.0","-46.792680753","-23.4530809008"
"25","2017-02-27","0.0","0.11","0.01","-288.0","-46.792680753","-23.4530809008"
"25","2017-02-28","0.0","0.22","0.02","-288.0","-46.792680753","-23.4530809008"
"25","2017-03-01","0.0","1.78","0.26","-288.0","-46.792680753","-23.4530809008"
"25","2017-03-02","0.14","10.31","2.73","-288.0","-46.792680753","-23.4530809008"
"25","2017-03-03","4.42","54.7","18.48","-288.0","-46.792680753","-23.4530809008"
"25","2017-03-04","1.96","17.6","6.46","-288.0","-46.792680753","-23.4530809008"
"25","2017-03-05","0.26","42.06","5.9","-288.0","-46.792680753","-23.4530809008"
"25","2017-03-06","4.61","56.55","21.53","-288.0","-46.792680753","-23.4530809008"
"25","2017-03-07","1.76","31.43","8.48","-288.0","-46.792680753","-23.4530809008"
"25","2017-03-08","0.0","0.32","0.03","-288.0","-46.792680753","-23.4530809008"
"25","2017-03-09","0.0","0.0","0.0","-288.0","-46.792680753","-23.4530809008"
"25","2017-03-10","5.26","30.54","17.15","-288.0","-46.792680753","-23.4530809008"
"25","2017-03-11","4.31","53.07","28.78","-288.0","-46.792680753","-23.4530809008"
"25","2017-03-12","0.0","0.08","0.0","-288.0","-46.792680753","-23.4530809008"
"25","2017-03-13","0.0","0.22","0.0","-288.0","-46.792680753","-23.4530809008"
"25","2017-03-14","0.31","6.77","1.77","-288.0","-46.792680753","-23.4530809008"
"25","2017-03-15","1.05","24.3","8.55","-288.0","-46.792680753","-23.4530809008"
"25","2017-03-16","0.0","0.1","0.01","-288.0","-46.792680753","-23.4530809008"
"25","2017-03-17","1.63","23.69","7.34","-288.0","-46.792680753","-23.4530809008"
"25","2017-03-18","0.23","3.28","1.19","-288.0","-46.792680753","-23.4530809008"
"25","2017-03-19","0.87","3.69","2.02","-288.0","-46.792680753","-23.4530809008"
"25","2017-03-20","0.0","0.0","0.0","-287.0","-46.792680753","-23.4530809008"
"25","2017-03-21","0.0","0.0","0.0","0.0","-46.792680753","-23.4530809008"
"25","2017-03-22","0.0","0.0","0.0","0.0","-46.792680753","-23.4530809008"
"25","2017-03-23","","","","-1.0","-46.792680753","-23.4530809008"
"25","2017-03-24","0.0","61.16","16.31","-288.0","-46.792680753","-23.4530809008"
"25","2017-03-25","1.75","24.02","9.39","-287.0","-46.792680753","-23.4530809008"
"25","2017-03-26","","","","-1.0","-46.792680753","-23.4530809008"
"25","2017-03-27","0.21","4.17","1.32","-288.0","-46.792680753","-23.4530809008"
"25","2017-03-28","0.0","0.41","0.06","-288.0","-46.792680753","-23.4530809008"
"25","2017-03-29","0.0","0.02","0.0","-287.0","-46.792680753","-23.4530809008"
"25","2017-03-30","0.0","0.0","0.0","0.0","-46.792680753","-23.4530809008"
"25","2017-03-31","0.0","0.0","0.0","0.0","-46.792680753","-23.4530809008"
"25","2017-04-01","0.0","0.0","0.0","0.0","-46.792680753","-23.4530809008"
"25","2017-04-02","0.0","0.0","0.0","0.0","-46.792680753","-23.4530809008"
"25","2017-04-03","0.0","0.0","0.0","0.0","-46.792680753","-23.4530809008"
"25","2017-04-04","","","","-1.0","-46.792680753","-23.4530809008"
"25","2017-04-05","0.0","0.0","0.0","-288.0","-46.792680753","-23.4530809008"
"25","2017-04-06","6.81","41.67","17.91","-288.0","-46.792680753","-23.4530809008"
"25","2017-04-07","14.07","149.44","58.14","-288.0","-46.792680753","-23.4530809008"
"25","2017-04-08","0.0","0.0","0.0","-287.0","-46.792680753","-23.4530809008"
"25","2017-04-09","","","","-1.0","-46.792680753","-23.4530809008"
"25","2017-04-10","0.14","31.11","7.21","-288.0","-46.792680753","-23.4530809008"
"25","2017-04-11","0.0","0.06","0.0","-288.0","-46.792680753","-23.4530809008"
"25","2017-04-12","0.0","0.11","0.0","-287.0","-46.792680753","-23.4530809008"
"25","2017-04-13","0.0","0.0","0.0","0.0","-46.792680753","-23.4530809008"
"25","2017-04-14","0.0","0.0","0.0","0.0","-46.792680753","-23.4530809008"
"25","2017-04-15","0.0","0.0","0.0","0.0","-46.792680753","-23.4530809008"
"25","2017-04-16","","","","-1.0","-46.792680753","-23.4530809008"
"25","2017-04-17","0.06","3.14","0.85","-287.0","-46.792680753","-23.4530809008"
"25","2017-04-18","0.0","0.0","0.0","0.0","-46.792680753","-23.4530809008"
"25","2017-04-19","0.0","0.0","0.0","0.0","-46.792680753","-23.4530809008"
"25","2017-04-20","","","","-1.0","-46.792680753","-23.4530809008"
"25","2017-04-21","2.62","40.85","15.24","-288.0","-46.792680753","-23.4530809008"
"25","2017-04-22","1.47","7.38","3.37","-287.0","-46.792680753","-23.4530809008"
"25","2017-04-23","0.0","0.0","0.0","0.0","-46.792680753","-23.4530809008"
"25","2017-04-24","0.0","0.0","0.0","0.0","-46.792680753","-23.4530809008"
"25","2017-04-25","","","","-1.0","-46.792680753","-23.4530809008"
"25","2017-04-26","6.66","40.63","18.19","-288.0","-46.792680753","-23.4530809008"
"25","2017-04-27","1.57","5.61","3.17","-287.0","-46.792680753","-23.4530809008"
"25","2017-04-28","0.0","0.0","0.0","0.0","-46.792680753","-23.4530809008"
"25","2017-04-29","0.0","0.0","0.0","0.0","-46.792680753","-23.4530809008"
"25","2017-04-30","0.0","0.0","0.0","0.0","-46.792680753","-23.4530809008"
"25","2017-05-01","","","","-1.0","-46.792680753","-23.4530809008"
"25","2017-05-02","0.01","0.18","0.02","-287.0","-46.792680753","-23.4530809008"
"25","2017-05-03","0.0","0.0","0.0","0.0","-46.792680753","-23.4530809008"
"25","2017-05-04","","","","-1.0","-46.792680753","-23.4530809008"
"25","2017-05-05","3.07","28.57","11.38","-288.0","-46.792680753","-23.4530809008"
"25","2017-05-06","1.04","11.14","3.76","-288.0","-46.792680753","-23.4530809008"
"25","2017-05-07","0.0","0.1","0.0","-287.0","-46.792680753","-23.4530809008"
"25","2017-05-08","0.0","0.0","0.0","0.0","-46.792680753","-23.4530809008"
"25","2017-05-09","0.0","0.0","0.0","0.0","-46.792680753","-23.4530809008"
"25","2017-05-10","0.0","0.0","0.0","0.0","-46.792680753","-23.4530809008"
"25","2017-05-11","0.0","0.0","0.0","0.0","-46.792680753","-23.4530809008"
"25","2017-05-12","0.0","0.0","0.0","0.0","-46.792680753","-23.4530809008"
"25","2017-05-13","","","","-1.0","-46.792680753","-23.4530809008"
"25","2017-05-14","0.13","1.66","0.54","-287.0","-46.792680753","-23.4530809008"
"25","2017-05-15","0.0","0.0","0.0","0.0","-46.792680753","-23.4530809008"
"25","2017-05-16","0.0","0.0","0.0","0.0","-46.792680753","-23.4530809008"
"25","2017-05-17","","","","-1.0","-46.792680753","-23.4530809008"
"25","2017-05-18","2.68","14.31","6.85","-288.0","-46.792680753","-23.4530809008"
"25","2017-05-19","18.29","115.57","50.23","-288.0","-46.792680753","-23.4530809008"
"25","2017-05-20","0.81","3.03","1.69","-288.0","-46.792680753","-23.4530809008"
"25","2017-05-21","15.78","72.93","37.01","-288.0","-46.792680753","-23.4530809008"
"25","2017-05-22","5.43","30.75","14.31","-287.0","-46.792680753","-23.4530809008"
"25","2017-05-23","0.0","0.0","0.0","0.0","-46.792680753","-23.4530809008"
"25","2017-05-24","0.0","0.0","0.0","0.0","-46.792680753","-23.4530809008"
"25","2017-05-25","0.0","0.0","0.0","0.0","-46.792680753","-23.4530809008"
"25","2017-05-26","0.0","0.0","0.0","0.0","-46.792680753","-23.4530809008"
"25","2017-05-27","0.0","0.0","0.0","0.0","-46.792680753","-23.4530809008"
"25","2017-05-28","0.0","0.0","0.0","0.0","-46.792680753","-23.4530809008"
"25","2017-05-29","0.0","0.0","0.0","0.0","-46.792680753","-23.4530809008"
"25","2017-05-30","0.0","0.0","0.0","0.0","-46.792680753","-23.4530809008"
"25","2017-05-31","0.0","0.0","0.0","0.0","-46.792680753","-23.4530809008"
"25","2017-06-01","0.0","0.0","0.0","0.0","-46.792680753","-23.4530809008"
"25","2017-06-02","0.0","0.0","0.0","0.0","-46.792680753","-23.4530809008"
"25","2017-06-03","0.0","0.0","0.0","0.0","-46.792680753","-23.4530809008"
"25","2017-06-04","","","","-1.0","-46.792680753","-23.4530809008"
"25","2017-06-05","17.84","96.07","45.66","-288.0","-46.792680753","-23.4530809008"
"25","2017-06-06","15.42","84.18","38.41","-288.0","-46.792680753","-23.4530809008"
"25","2017-06-07","6.88","49.81","22.1","-287.0","-46.792680753","-23.4530809008"
"25","2017-06-08","","","","-1.0","-46.792680753","-23.4530809008"
"25","2017-06-09","0.15","2.45","0.73","-288.0","-46.792680753","-23.4530809008"
"25","2017-06-10","0.0","0.0","0.0","-287.0","-46.792680753","-23.4530809008"
"25","2017-06-11","","","","-1.0","-46.792680753","-23.4530809008"
"25","2017-06-12","0.0","0.0","0.0","-288.0","-46.792680753","-23.4530809008"
"25","2017-06-13","9.19","75.03","32.83","-288.0","-46.792680753","-23.4530809008"
"25","2017-06-14","0.91","10.35","3.6","-287.0","-46.792680753","-23.4530809008"
"26","2016-10-31","","","","-1.0","-46.7190760634","-23.4820646495"
"26","2016-11-01","0.0","0.02","0.0","-288.0","-46.7190760634","-23.4820646495"
"26","2016-11-02","0.0","11.22","0.89","-288.0","-46.7190760634","-23.4820646495"
"26","2016-11-03","0.54","84.82","12.43","-288.0","-46.7190760634","-23.4820646495"
"26","2016-11-04","0.0","2.58","0.25","-288.0","-46.7190760634","-23.4820646495"
"26","2016-11-05","0.0","0.0","0.0","-288.0","-46.7190760634","-23.4820646495"
"26","2016-11-06","1.09","95.92","28.14","-288.0","-46.7190760634","-23.4820646495"
"26","2016-11-07","0.0","1.88","0.02","-288.0","-46.7190760634","-23.4820646495"
"26","2016-11-08","0.0","1.52","0.04","-288.0","-46.7190760634","-23.4820646495"
"26","2016-11-09","4.37","112.44","37.45","-288.0","-46.7190760634","-23.4820646495"
"26","2016-11-10","1.04","52.81","7.4","-288.0","-46.7190760634","-23.4820646495"
"26","2016-11-11","0.0","7.38","0.51","-288.0","-46.7190760634","-23.4820646495"
"26","2016-11-12","0.32","42.3","6.76","-288.0","-46.7190760634","-23.4820646495"
"26","2016-11-13","6.03","75.81","26.16","-288.0","-46.7190760634","-23.4820646495"
"26","2016-11-14","6.03","54.02","18.87","-287.0","-46.7190760634","-23.4820646495"
"26","2016-11-15","","","","-1.0","-46.7190760634","-23.4820646495"
"26","2016-11-16","0.12","30.25","8.3","-288.0","-46.7190760634","-23.4820646495"
"26","2016-11-17","0.08","39.28","3.71","-288.0","-46.7190760634","-23.4820646495"
"26","2016-11-18","0.0","6.67","0.41","-287.0","-46.7190760634","-23.4820646495"
"26","2016-11-19","0.0","0.0","0.0","0.0","-46.7190760634","-23.4820646495"
"26","2016-11-20","0.0","0.0","0.0","0.0","-46.7190760634","-23.4820646495"
"26","2016-11-21","0.0","0.0","0.0","0.0","-46.7190760634","-23.4820646495"
"26","2016-11-22","","","","-1.0","-46.7190760634","-23.4820646495"
"26","2016-11-23","0.83","39.26","7.75","-288.0","-46.7190760634","-23.4820646495"
"26","2016-11-24","0.0","0.04","0.0","-287.0","-46.7190760634","-23.4820646495"
"26","2016-11-25","0.0","0.0","0.0","0.0","-46.7190760634","-23.4820646495"
"26","2016-11-26","","","","-1.0","-46.7190760634","-23.4820646495"
"26","2016-11-27","0.11","23.08","1.69","-288.0","-46.7190760634","-23.4820646495"
"26","2016-11-28","0.0","21.82","0.73","-288.0","-46.7190760634","-23.4820646495"
"26","2016-11-29","1.04","73.21","10.99","-288.0","-46.7190760634","-23.4820646495"
"26","2016-11-30","0.0","0.19","0.0","-287.0","-46.7190760634","-23.4820646495"
"26","2016-12-01","0.0","0.0","0.0","0.0","-46.7190760634","-23.4820646495"
"26","2016-12-02","","","","-1.0","-46.7190760634","-23.4820646495"
"26","2016-12-03","2.3","63.98","17.52","-288.0","-46.7190760634","-23.4820646495"
"26","2016-12-04","0.57","36.15","6.47","-288.0","-46.7190760634","-23.4820646495"
"26","2016-12-05","0.01","8.35","0.81","-287.0","-46.7190760634","-23.4820646495"
"26","2016-12-06","","","","-1.0","-46.7190760634","-23.4820646495"
"26","2016-12-07","0.12","6.38","1.16","-288.0","-46.7190760634","-23.4820646495"
"26","2016-12-08","0.0","0.51","0.0","-288.0","-46.7190760634","-23.4820646495"
"26","2016-12-09","0.08","7.35","1.2","-288.0","-46.7190760634","-23.4820646495"
"26","2016-12-10","0.56","41.71","6.35","-288.0","-46.7190760634","-23.4820646495"
"26","2016-12-11","0.75","67.9","11.27","-288.0","-46.7190760634","-23.4820646495"
"26","2016-12-12","1.0","102.93","21.44","-288.0","-46.7190760634","-23.4820646495"
"26","2016-12-13","0.0","0.31","0.0","-288.0","-46.7190760634","-23.4820646495"
"26","2016-12-14","0.0","2.04","0.0","-288.0","-46.7190760634","-23.4820646495"
"26","2016-12-15","0.0","3.1","0.01","-287.0","-46.7190760634","-23.4820646495"
"26","2016-12-16","0.0","0.0","0.0","0.0","-46.7190760634","-23.4820646495"
"26","2016-12-17","","","","-1.0","-46.7190760634","-23.4820646495"
"26","2016-12-18","0.62","193.55","27.94","-288.0","-46.7190760634","-23.4820646495"
"26","2016-12-19","0.42","47.53","5.11","-288.0","-46.7190760634","-23.4820646495"
"26","2016-12-20","0.31","28.75","3.46","-288.0","-46.7190760634","-23.4820646495"
"26","2016-12-21","0.17","96.04","14.79","-288.0","-46.7190760634","-23.4820646495"
"26","2016-12-22","0.0","0.13","0.0","-288.0","-46.7190760634","-23.4820646495"
"26","2016-12-23","0.11","21.51","3.07","-288.0","-46.7190760634","-23.4820646495"
"26","2016-12-24","1.39","53.43","11.69","-288.0","-46.7190760634","-23.4820646495"
"26","2016-12-25","0.0","31.12","1.32","-288.0","-46.7190760634","-23.4820646495"
"26","2016-12-26","0.0","0.09","0.0","-288.0","-46.7190760634","-23.4820646495"
"26","2016-12-27","0.0","1.66","0.01","-288.0","-46.7190760634","-23.4820646495"
"26","2016-12-28","0.02","102.19","24.32","-288.0","-46.7190760634","-23.4820646495"
"26","2016-12-29","0.09","48.91","7.22","-288.0","-46.7190760634","-23.4820646495"
"26","2016-12-30","0.0","0.89","0.02","-288.0","-46.7190760634","-23.4820646495"
"26","2016-12-31","0.0","30.47","2.49","-287.0","-46.7190760634","-23.4820646495"
"26","2017-01-01","","","","-1.0","-46.7190760634","-23.4820646495"
"26","2017-01-02","1.66","45.51","9.1","-288.0","-46.7190760634","-23.4820646495"
"26","2017-01-03","1.72","66.26","11.82","-288.0","-46.7190760634","-23.4820646495"
"26","2017-01-04","0.0","0.94","0.09","-288.0","-46.7190760634","-23.4820646495"
"26","2017-01-05","0.0","2.42","0.15","-288.0","-46.7190760634","-23.4820646495"
"26","2017-01-06","0.2","13.77","2.57","-288.0","-46.7190760634","-23.4820646495"
"26","2017-01-07","0.53","138.5","32.47","-288.0","-46.7190760634","-23.4820646495"
"26","2017-01-08","0.0","22.55","0.5","-288.0","-46.7190760634","-23.4820646495"
"26","2017-01-09","1.24","107.39","16.09","-288.0","-46.7190760634","-23.4820646495"
"26","2017-01-10","1.63","30.26","8.49","-288.0","-46.7190760634","-23.4820646495"
"26","2017-01-11","0.32","60.87","7.23","-288.0","-46.7190760634","-23.4820646495"
"26","2017-01-12","0.0","70.87","5.3","-288.0","-46.7190760634","-23.4820646495"
"26","2017-01-13","0.0","13.06","1.75","-288.0","-46.7190760634","-23.4820646495"
"26","2017-01-14","0.09","97.88","16.27","-288.0","-46.7190760634","-23.4820646495"
"26","2017-01-15","0.02","86.1","9.22","-288.0","-46.7190760634","-23.4820646495"
"26","2017-01-16","1.76","170.44","27.85","-288.0","-46.7190760634","-23.4820646495"
"26","2017-01-17","5.96","105.34","28.25","-288.0","-46.7190760634","-23.4820646495"
"26","2017-01-18","3.98","184.1","33.13","-288.0","-46.7190760634","-23.4820646495"
"26","2017-01-19","2.68","68.64","17.35","-288.0","-46.7190760634","-23.4820646495"
"26","2017-01-20","3.75","119.7","22.87","-288.0","-46.7190760634","-23.4820646495"
"26","2017-01-21","3.67","233.75","40.23","-288.0","-46.7190760634","-23.4820646495"
"26","2017-01-22","1.98","48.44","13.07","-288.0","-46.7190760634","-23.4820646495"
"26","2017-01-23","0.04","16.65","1.44","-288.0","-46.7190760634","-23.4820646495"
"26","2017-01-24","0.12","66.07","14.22","-288.0","-46.7190760634","-23.4820646495"
"26","2017-01-25","0.02","15.65","2.32","-288.0","-46.7190760634","-23.4820646495"
"26","2017-01-26","4.02","67.6","20.19","-288.0","-46.7190760634","-23.4820646495"
"26","2017-01-27","0.74","87.59","16.27","-288.0","-46.7190760634","-23.4820646495"
"26","2017-01-28","0.0","1.56","0.0","-288.0","-46.7190760634","-23.4820646495"
"26","2017-01-29","0.0","2.67","0.04","-288.0","-46.7190760634","-23.4820646495"
"26","2017-01-30","1.19","75.29","11.18","-288.0","-46.7190760634","-23.4820646495"
"26","2017-01-31","0.92","28.6","4.8","-288.0","-46.7190760634","-23.4820646495"
"26","2017-02-01","3.04","171.39","33.03","-288.0","-46.7190760634","-23.4820646495"
"26","2017-02-02","1.19","51.73","8.84","-288.0","-46.7190760634","-23.4820646495"
"26","2017-02-03","0.85","55.92","9.9","-288.0","-46.7190760634","-23.4820646495"
"26","2017-02-04","0.28","104.19","14.94","-288.0","-46.7190760634","-23.4820646495"
"26","2017-02-05","0.0","0.33","0.0","-288.0","-46.7190760634","-23.4820646495"
"26","2017-02-06","1.41","121.15","19.4","-288.0","-46.7190760634","-23.4820646495"
"26","2017-02-07","0.0","10.7","0.57","-288.0","-46.7190760634","-23.4820646495"
"26","2017-02-08","0.0","0.01","0.0","-287.0","-46.7190760634","-23.4820646495"
"26","2017-02-09","0.0","0.0","0.0","0.0","-46.7190760634","-23.4820646495"
"26","2017-02-10","0.0","0.0","0.0","0.0","-46.7190760634","-23.4820646495"
"26","2017-02-11","0.0","0.0","0.0","0.0","-46.7190760634","-23.4820646495"
"26","2017-02-12","0.0","0.0","0.0","0.0","-46.7190760634","-23.4820646495"
"26","2017-02-13","0.0","0.0","0.0","0.0","-46.7190760634","-23.4820646495"
"26","2017-02-14","0.0","0.0","0.0","0.0","-46.7190760634","-23.4820646495"
"26","2017-02-15","0.0","0.0","0.0","0.0","-46.7190760634","-23.4820646495"
"26","2017-02-16","","","","-1.0","-46.7190760634","-23.4820646495"
"26","2017-02-17","0.0","1.04","0.0","-288.0","-46.7190760634","-23.4820646495"
"26","2017-02-18","0.0","0.0","0.0","-287.0","-46.7190760634","-23.4820646495"
"26","2017-02-19","0.0","0.0","0.0","0.0","-46.7190760634","-23.4820646495"
"26","2017-02-20","0.0","0.0","0.0","0.0","-46.7190760634","-23.4820646495"
"26","2017-02-21","","","","-1.0","-46.7190760634","-23.4820646495"
"26","2017-02-22","0.53","109.46","23.81","-288.0","-46.7190760634","-23.4820646495"
"26","2017-02-23","0.0","1.78","0.01","-288.0","-46.7190760634","-23.4820646495"
"26","2017-02-24","2.37","158.96","28.39","-288.0","-46.7190760634","-23.4820646495"
"26","2017-02-25","0.0","22.69","2.83","-288.0","-46.7190760634","-23.4820646495"
"26","2017-02-26","0.0","83.99","9.89","-288.0","-46.7190760634","-23.4820646495"
"26","2017-02-27","0.0","0.31","0.0","-288.0","-46.7190760634","-23.4820646495"
"26","2017-02-28","0.0","0.53","0.0","-288.0","-46.7190760634","-23.4820646495"
"26","2017-03-01","0.0","7.17","0.1","-288.0","-46.7190760634","-23.4820646495"
"26","2017-03-02","0.0","24.34","1.55","-288.0","-46.7190760634","-23.4820646495"
"26","2017-03-03","1.06","115.52","19.87","-288.0","-46.7190760634","-23.4820646495"
"26","2017-03-04","0.32","27.73","3.8","-288.0","-46.7190760634","-23.4820646495"
"26","2017-03-05","0.32","104.11","9.55","-288.0","-46.7190760634","-23.4820646495"
"26","2017-03-06","1.57","97.52","15.22","-288.0","-46.7190760634","-23.4820646495"
"26","2017-03-07","0.27","114.48","9.6","-288.0","-46.7190760634","-23.4820646495"
"26","2017-03-08","0.0","6.19","0.55","-288.0","-46.7190760634","-23.4820646495"
"26","2017-03-09","0.0","0.0","0.0","-288.0","-46.7190760634","-23.4820646495"
"26","2017-03-10","0.1","85.27","24.37","-288.0","-46.7190760634","-23.4820646495"
"26","2017-03-11","0.0","82.06","12.79","-288.0","-46.7190760634","-23.4820646495"
"26","2017-03-12","0.0","0.19","0.0","-288.0","-46.7190760634","-23.4820646495"
"26","2017-03-13","0.0","9.6","0.26","-288.0","-46.7190760634","-23.4820646495"
"26","2017-03-14","0.0","33.13","3.29","-288.0","-46.7190760634","-23.4820646495"
"26","2017-03-15","0.08","35.39","3.22","-288.0","-46.7190760634","-23.4820646495"
"26","2017-03-16","0.0","0.14","0.0","-288.0","-46.7190760634","-23.4820646495"
"26","2017-03-17","0.11","81.84","5.45","-288.0","-46.7190760634","-23.4820646495"
"26","2017-03-18","0.07","5.18","1.08","-288.0","-46.7190760634","-23.4820646495"
"26","2017-03-19","0.26","6.56","1.67","-288.0","-46.7190760634","-23.4820646495"
"26","2017-03-20","0.0","0.01","0.0","-287.0","-46.7190760634","-23.4820646495"
"26","2017-03-21","0.0","0.0","0.0","0.0","-46.7190760634","-23.4820646495"
"26","2017-03-22","0.0","0.0","0.0","0.0","-46.7190760634","-23.4820646495"
"26","2017-03-23","","","","-1.0","-46.7190760634","-23.4820646495"
"26","2017-03-24","0.02","77.79","13.3","-288.0","-46.7190760634","-23.4820646495"
"26","2017-03-25","0.01","82.71","7.86","-287.0","-46.7190760634","-23.4820646495"
"26","2017-03-26","","","","-1.0","-46.7190760634","-23.4820646495"
"26","2017-03-27","0.0","8.33","1.03","-288.0","-46.7190760634","-23.4820646495"
"26","2017-03-28","0.0","6.06","0.16","-288.0","-46.7190760634","-23.4820646495"
"26","2017-03-29","0.0","0.06","0.0","-287.0","-46.7190760634","-23.4820646495"
"26","2017-03-30","0.0","0.0","0.0","0.0","-46.7190760634","-23.4820646495"
"26","2017-03-31","0.0","0.0","0.0","0.0","-46.7190760634","-23.4820646495"
"26","2017-04-01","0.0","0.0","0.0","0.0","-46.7190760634","-23.4820646495"
"26","2017-04-02","0.0","0.0","0.0","0.0","-46.7190760634","-23.4820646495"
"26","2017-04-03","0.0","0.0","0.0","0.0","-46.7190760634","-23.4820646495"
"26","2017-04-04","","","","-1.0","-46.7190760634","-23.4820646495"
"26","2017-04-05","0.0","0.0","0.0","-288.0","-46.7190760634","-23.4820646495"
"26","2017-04-06","2.01","67.5","14.23","-288.0","-46.7190760634","-23.4820646495"
"26","2017-04-07","7.04","260.54","66.7","-288.0","-46.7190760634","-23.4820646495"
"26","2017-04-08","0.0","0.0","0.0","-287.0","-46.7190760634","-23.4820646495"
"26","2017-04-09","","","","-1.0","-46.7190760634","-23.4820646495"
"26","2017-04-10","0.0","121.75","12.88","-288.0","-46.7190760634","-23.4820646495"
"26","2017-04-11","0.0","0.21","0.0","-288.0","-46.7190760634","-23.4820646495"
"26","2017-04-12","0.0","1.94","0.09","-287.0","-46.7190760634","-23.4820646495"
"26","2017-04-13","0.0","0.0","0.0","0.0","-46.7190760634","-23.4820646495"
"26","2017-04-14","0.0","0.0","0.0","0.0","-46.7190760634","-23.4820646495"
"26","2017-04-15","0.0","0.0","0.0","0.0","-46.7190760634","-23.4820646495"
"26","2017-04-16","","","","-1.0","-46.7190760634","-23.4820646495"
"26","2017-04-17","0.02","7.7","0.7","-287.0","-46.7190760634","-23.4820646495"
"26","2017-04-18","0.0","0.0","0.0","0.0","-46.7190760634","-23.4820646495"
"26","2017-04-19","0.0","0.0","0.0","0.0","-46.7190760634","-23.4820646495"
"26","2017-04-20","","","","-1.0","-46.7190760634","-23.4820646495"
"26","2017-04-21","1.16","85.23","18.04","-288.0","-46.7190760634","-23.4820646495"
"26","2017-04-22","0.55","8.22","2.5","-287.0","-46.7190760634","-23.4820646495"
"26","2017-04-23","0.0","0.0","0.0","0.0","-46.7190760634","-23.4820646495"
"26","2017-04-24","0.0","0.0","0.0","0.0","-46.7190760634","-23.4820646495"
"26","2017-04-25","","","","-1.0","-46.7190760634","-23.4820646495"
"26","2017-04-26","2.96","60.96","16.4","-288.0","-46.7190760634","-23.4820646495"
"26","2017-04-27","0.68","8.57","3.08","-287.0","-46.7190760634","-23.4820646495"
"26","2017-04-28","0.0","0.0","0.0","0.0","-46.7190760634","-23.4820646495"
"26","2017-04-29","0.0","0.0","0.0","0.0","-46.7190760634","-23.4820646495"
"26","2017-04-30","0.0","0.0","0.0","0.0","-46.7190760634","-23.4820646495"
"26","2017-05-01","","","","-1.0","-46.7190760634","-23.4820646495"
"26","2017-05-02","0.0","0.84","0.0","-287.0","-46.7190760634","-23.4820646495"
"26","2017-05-03","0.0","0.0","0.0","0.0","-46.7190760634","-23.4820646495"
"26","2017-05-04","","","","-1.0","-46.7190760634","-23.4820646495"
"26","2017-05-05","1.13","50.58","11.28","-288.0","-46.7190760634","-23.4820646495"
"26","2017-05-06","0.61","18.47","3.52","-288.0","-46.7190760634","-23.4820646495"
"26","2017-05-07","0.0","0.88","0.0","-287.0","-46.7190760634","-23.4820646495"
"26","2017-05-08","0.0","0.0","0.0","0.0","-46.7190760634","-23.4820646495"
"26","2017-05-09","0.0","0.0","0.0","0.0","-46.7190760634","-23.4820646495"
"26","2017-05-10","0.0","0.0","0.0","0.0","-46.7190760634","-23.4820646495"
"26","2017-05-11","0.0","0.0","0.0","0.0","-46.7190760634","-23.4820646495"
"26","2017-05-12","0.0","0.0","0.0","0.0","-46.7190760634","-23.4820646495"
"26","2017-05-13","","","","-1.0","-46.7190760634","-23.4820646495"
"26","2017-05-14","0.01","2.06","0.27","-287.0","-46.7190760634","-23.4820646495"
"26","2017-05-15","0.0","0.0","0.0","0.0","-46.7190760634","-23.4820646495"
"26","2017-05-16","0.0","0.0","0.0","0.0","-46.7190760634","-23.4820646495"
"26","2017-05-17","","","","-1.0","-46.7190760634","-23.4820646495"
"26","2017-05-18","0.73","22.47","5.24","-288.0","-46.7190760634","-23.4820646495"
"26","2017-05-19","8.48","216.69","49.5","-288.0","-46.7190760634","-23.4820646495"
"26","2017-05-20","0.42","4.75","1.58","-288.0","-46.7190760634","-23.4820646495"
"26","2017-05-21","7.64","115.36","31.5","-288.0","-46.7190760634","-23.4820646495"
"26","2017-05-22","2.34","61.76","14.95","-287.0","-46.7190760634","-23.4820646495"
"26","2017-05-23","0.0","0.0","0.0","0.0","-46.7190760634","-23.4820646495"
"26","2017-05-24","0.0","0.0","0.0","0.0","-46.7190760634","-23.4820646495"
"26","2017-05-25","0.0","0.0","0.0","0.0","-46.7190760634","-23.4820646495"
"26","2017-05-26","0.0","0.0","0.0","0.0","-46.7190760634","-23.4820646495"
"26","2017-05-27","0.0","0.0","0.0","0.0","-46.7190760634","-23.4820646495"
"26","2017-05-28","0.0","0.0","0.0","0.0","-46.7190760634","-23.4820646495"
"26","2017-05-29","0.0","0.0","0.0","0.0","-46.7190760634","-23.4820646495"
"26","2017-05-30","0.0","0.0","0.0","0.0","-46.7190760634","-23.4820646495"
"26","2017-05-31","0.0","0.0","0.0","0.0","-46.7190760634","-23.4820646495"
"26","2017-06-01","0.0","0.0","0.0","0.0","-46.7190760634","-23.4820646495"
"26","2017-06-02","0.0","0.0","0.0","0.0","-46.7190760634","-23.4820646495"
"26","2017-06-03","0.0","0.0","0.0","0.0","-46.7190760634","-23.4820646495"
"26","2017-06-04","","","","-1.0","-46.7190760634","-23.4820646495"
"26","2017-06-05","9.26","172.69","48.09","-288.0","-46.7190760634","-23.4820646495"
"26","2017-06-06","8.0","159.74","38.19","-288.0","-46.7190760634","-23.4820646495"
"26","2017-06-07","3.37","81.38","22.64","-287.0","-46.7190760634","-23.4820646495"
"26","2017-06-08","","","","-1.0","-46.7190760634","-23.4820646495"
"26","2017-06-09","0.0","7.07","0.66","-288.0","-46.7190760634","-23.4820646495"
"26","2017-06-10","0.0","0.0","0.0","-287.0","-46.7190760634","-23.4820646495"
"26","2017-06-11","","","","-1.0","-46.7190760634","-23.4820646495"
"26","2017-06-12","0.0","0.41","0.0","-288.0","-46.7190760634","-23.4820646495"
"26","2017-06-13","4.9","115.52","27.41","-288.0","-46.7190760634","-23.4820646495"
"26","2017-06-14","0.33","14.91","2.82","-287.0","-46.7190760634","-23.4820646495"
"27","2016-10-31","","","","-1.0","-46.6206366407","-23.4837004435"
"27","2016-11-01","0.0","0.02","0.0","-288.0","-46.6206366407","-23.4837004435"
"27","2016-11-02","0.0","23.2","0.82","-288.0","-46.6206366407","-23.4837004435"
"27","2016-11-03","0.76","105.86","12.15","-288.0","-46.6206366407","-23.4837004435"
"27","2016-11-04","0.01","3.92","0.7","-288.0","-46.6206366407","-23.4837004435"
"27","2016-11-05","0.0","0.0","0.0","-288.0","-46.6206366407","-23.4837004435"
"27","2016-11-06","0.75","112.26","34.63","-288.0","-46.6206366407","-23.4837004435"
"27","2016-11-07","0.0","51.41","4.19","-288.0","-46.6206366407","-23.4837004435"
"27","2016-11-08","0.0","14.27","0.63","-288.0","-46.6206366407","-23.4837004435"
"27","2016-11-09","3.69","123.56","30.71","-288.0","-46.6206366407","-23.4837004435"
"27","2016-11-10","1.05","41.13","7.13","-288.0","-46.6206366407","-23.4837004435"
"27","2016-11-11","0.0","0.97","0.0","-288.0","-46.6206366407","-23.4837004435"
"27","2016-11-12","0.16","41.6","4.95","-288.0","-46.6206366407","-23.4837004435"
"27","2016-11-13","4.96","69.21","24.7","-288.0","-46.6206366407","-23.4837004435"
"27","2016-11-14","5.98","51.87","20.49","-287.0","-46.6206366407","-23.4837004435"
"27","2016-11-15","","","","-1.0","-46.6206366407","-23.4837004435"
"27","2016-11-16","0.05","73.32","12.06","-288.0","-46.6206366407","-23.4837004435"
"27","2016-11-17","0.07","37.99","2.93","-288.0","-46.6206366407","-23.4837004435"
"27","2016-11-18","0.0","2.95","0.21","-287.0","-46.6206366407","-23.4837004435"
"27","2016-11-19","0.0","0.0","0.0","0.0","-46.6206366407","-23.4837004435"
"27","2016-11-20","0.0","0.0","0.0","0.0","-46.6206366407","-23.4837004435"
"27","2016-11-21","0.0","0.0","0.0","0.0","-46.6206366407","-23.4837004435"
"27","2016-11-22","","","","-1.0","-46.6206366407","-23.4837004435"
"27","2016-11-23","1.07","41.02","7.52","-288.0","-46.6206366407","-23.4837004435"
"27","2016-11-24","0.0","0.01","0.0","-287.0","-46.6206366407","-23.4837004435"
"27","2016-11-25","0.0","0.0","0.0","0.0","-46.6206366407","-23.4837004435"
"27","2016-11-26","","","","-1.0","-46.6206366407","-23.4837004435"
"27","2016-11-27","0.05","32.96","2.16","-288.0","-46.6206366407","-23.4837004435"
"27","2016-11-28","0.0","74.29","3.53","-288.0","-46.6206366407","-23.4837004435"
"27","2016-11-29","0.94","100.1","16.51","-288.0","-46.6206366407","-23.4837004435"
"27","2016-11-30","0.0","0.0","0.0","-287.0","-46.6206366407","-23.4837004435"
"27","2016-12-01","0.0","0.0","0.0","0.0","-46.6206366407","-23.4837004435"
"27","2016-12-02","","","","-1.0","-46.6206366407","-23.4837004435"
"27","2016-12-03","2.81","62.24","16.2","-288.0","-46.6206366407","-23.4837004435"
"27","2016-12-04","0.57","26.84","4.47","-288.0","-46.6206366407","-23.4837004435"
"27","2016-12-05","0.0","10.38","0.97","-287.0","-46.6206366407","-23.4837004435"
"27","2016-12-06","","","","-1.0","-46.6206366407","-23.4837004435"
"27","2016-12-07","0.01","38.52","2.25","-288.0","-46.6206366407","-23.4837004435"
"27","2016-12-08","0.0","4.25","0.11","-288.0","-46.6206366407","-23.4837004435"
"27","2016-12-09","0.09","8.56","1.46","-288.0","-46.6206366407","-23.4837004435"
"27","2016-12-10","0.35","39.62","6.36","-288.0","-46.6206366407","-23.4837004435"
"27","2016-12-11","0.56","64.48","9.6","-288.0","-46.6206366407","-23.4837004435"
"27","2016-12-12","1.57","126.97","23.45","-288.0","-46.6206366407","-23.4837004435"
"27","2016-12-13","0.0","1.14","0.0","-288.0","-46.6206366407","-23.4837004435"
"27","2016-12-14","0.0","0.76","0.0","-288.0","-46.6206366407","-23.4837004435"
"27","2016-12-15","0.0","0.0","0.0","-287.0","-46.6206366407","-23.4837004435"
"27","2016-12-16","0.0","0.0","0.0","0.0","-46.6206366407","-23.4837004435"
"27","2016-12-17","","","","-1.0","-46.6206366407","-23.4837004435"
"27","2016-12-18","0.19","238.11","33.02","-288.0","-46.6206366407","-23.4837004435"
"27","2016-12-19","0.0","9.72","0.98","-288.0","-46.6206366407","-23.4837004435"
"27","2016-12-20","0.19","59.9","10.79","-288.0","-46.6206366407","-23.4837004435"
"27","2016-12-21","0.22","80.71","9.13","-288.0","-46.6206366407","-23.4837004435"
"27","2016-12-22","0.0","3.52","0.05","-288.0","-46.6206366407","-23.4837004435"
"27","2016-12-23","0.26","99.84","8.93","-288.0","-46.6206366407","-23.4837004435"
"27","2016-12-24","0.72","47.93","8.67","-288.0","-46.6206366407","-23.4837004435"
"27","2016-12-25","0.0","0.61","0.0","-288.0","-46.6206366407","-23.4837004435"
"27","2016-12-26","0.0","0.67","0.0","-288.0","-46.6206366407","-23.4837004435"
"27","2016-12-27","0.0","1.06","0.0","-288.0","-46.6206366407","-23.4837004435"
"27","2016-12-28","0.0","82.28","5.54","-288.0","-46.6206366407","-23.4837004435"
"27","2016-12-29","0.07","68.64","7.26","-288.0","-46.6206366407","-23.4837004435"
"27","2016-12-30","0.0","0.55","0.0","-288.0","-46.6206366407","-23.4837004435"
"27","2016-12-31","0.0","1.58","0.08","-287.0","-46.6206366407","-23.4837004435"
"27","2017-01-01","","","","-1.0","-46.6206366407","-23.4837004435"
"27","2017-01-02","0.45","95.56","9.82","-288.0","-46.6206366407","-23.4837004435"
"27","2017-01-03","1.27","128.48","18.82","-288.0","-46.6206366407","-23.4837004435"
"27","2017-01-04","0.0","3.01","0.31","-288.0","-46.6206366407","-23.4837004435"
"27","2017-01-05","0.0","1.57","0.04","-288.0","-46.6206366407","-23.4837004435"
"27","2017-01-06","0.28","35.17","3.15","-288.0","-46.6206366407","-23.4837004435"
"27","2017-01-07","0.8","149.27","39.58","-288.0","-46.6206366407","-23.4837004435"
"27","2017-01-08","0.0","134.84","14.19","-288.0","-46.6206366407","-23.4837004435"
"27","2017-01-09","0.57","114.07","17.19","-288.0","-46.6206366407","-23.4837004435"
"27","2017-01-10","0.82","29.34","6.63","-288.0","-46.6206366407","-23.4837004435"
"27","2017-01-11","0.69","71.21","7.78","-288.0","-46.6206366407","-23.4837004435"
"27","2017-01-12","0.02","45.78","3.57","-288.0","-46.6206366407","-23.4837004435"
"27","2017-01-13","0.0","16.64","2.07","-288.0","-46.6206366407","-23.4837004435"
"27","2017-01-14","0.0","41.81","3.52","-288.0","-46.6206366407","-23.4837004435"
"27","2017-01-15","0.0","33.14","1.25","-288.0","-46.6206366407","-23.4837004435"
"27","2017-01-16","6.72","271.89","71.41","-288.0","-46.6206366407","-23.4837004435"
"27","2017-01-17","5.51","159.14","39.47","-288.0","-46.6206366407","-23.4837004435"
"27","2017-01-18","5.11","228.56","45.0","-288.0","-46.6206366407","-23.4837004435"
"27","2017-01-19","2.05","56.36","13.81","-288.0","-46.6206366407","-23.4837004435"
"27","2017-01-20","4.0","142.84","27.43","-288.0","-46.6206366407","-23.4837004435"
"27","2017-01-21","3.36","319.54","50.05","-288.0","-46.6206366407","-23.4837004435"
"27","2017-01-22","1.8","52.17","13.82","-288.0","-46.6206366407","-23.4837004435"
"27","2017-01-23","0.02","41.41","4.86","-288.0","-46.6206366407","-23.4837004435"
"27","2017-01-24","0.08","64.13","8.46","-288.0","-46.6206366407","-23.4837004435"
"27","2017-01-25","0.05","22.53","3.53","-288.0","-46.6206366407","-23.4837004435"
"27","2017-01-26","1.5","52.88","11.7","-288.0","-46.6206366407","-23.4837004435"
"27","2017-01-27","0.15","80.11","9.74","-288.0","-46.6206366407","-23.4837004435"
"27","2017-01-28","0.0","1.01","0.02","-288.0","-46.6206366407","-23.4837004435"
"27","2017-01-29","0.0","3.25","0.12","-288.0","-46.6206366407","-23.4837004435"
"27","2017-01-30","1.3","66.93","11.51","-288.0","-46.6206366407","-23.4837004435"
"27","2017-01-31","0.5","37.41","4.06","-288.0","-46.6206366407","-23.4837004435"
"27","2017-02-01","1.34","149.13","27.32","-288.0","-46.6206366407","-23.4837004435"
"27","2017-02-02","0.65","41.74","5.51","-288.0","-46.6206366407","-23.4837004435"
"27","2017-02-03","0.06","36.25","4.8","-288.0","-46.6206366407","-23.4837004435"
"27","2017-02-04","0.44","88.57","12.13","-288.0","-46.6206366407","-23.4837004435"
"27","2017-02-05","0.0","0.17","0.0","-288.0","-46.6206366407","-23.4837004435"
"27","2017-02-06","1.93","139.71","34.17","-288.0","-46.6206366407","-23.4837004435"
"27","2017-02-07","0.0","3.41","0.09","-288.0","-46.6206366407","-23.4837004435"
"27","2017-02-08","0.0","0.0","0.0","-287.0","-46.6206366407","-23.4837004435"
"27","2017-02-09","0.0","0.0","0.0","0.0","-46.6206366407","-23.4837004435"
"27","2017-02-10","0.0","0.0","0.0","0.0","-46.6206366407","-23.4837004435"
"27","2017-02-11","0.0","0.0","0.0","0.0","-46.6206366407","-23.4837004435"
"27","2017-02-12","0.0","0.0","0.0","0.0","-46.6206366407","-23.4837004435"
"27","2017-02-13","0.0","0.0","0.0","0.0","-46.6206366407","-23.4837004435"
"27","2017-02-14","0.0","0.0","0.0","0.0","-46.6206366407","-23.4837004435"
"27","2017-02-15","0.0","0.0","0.0","0.0","-46.6206366407","-23.4837004435"
"27","2017-02-16","","","","-1.0","-46.6206366407","-23.4837004435"
"27","2017-02-17","0.0","0.74","0.0","-288.0","-46.6206366407","-23.4837004435"
"27","2017-02-18","0.0","0.0","0.0","-287.0","-46.6206366407","-23.4837004435"
"27","2017-02-19","0.0","0.0","0.0","0.0","-46.6206366407","-23.4837004435"
"27","2017-02-20","0.0","0.0","0.0","0.0","-46.6206366407","-23.4837004435"
"27","2017-02-21","","","","-1.0","-46.6206366407","-23.4837004435"
"27","2017-02-22","0.0","91.85","3.96","-288.0","-46.6206366407","-23.4837004435"
"27","2017-02-23","0.0","12.52","0.21","-288.0","-46.6206366407","-23.4837004435"
"27","2017-02-24","3.41","150.98","34.9","-288.0","-46.6206366407","-23.4837004435"
"27","2017-02-25","0.05","26.91","3.09","-288.0","-46.6206366407","-23.4837004435"
"27","2017-02-26","0.0","72.67","4.62","-288.0","-46.6206366407","-23.4837004435"
"27","2017-02-27","0.0","10.17","0.17","-288.0","-46.6206366407","-23.4837004435"
"27","2017-02-28","0.0","78.42","3.12","-288.0","-46.6206366407","-23.4837004435"
"27","2017-03-01","0.0","1.01","0.0","-288.0","-46.6206366407","-23.4837004435"
"27","2017-03-02","0.0","80.42","5.44","-288.0","-46.6206366407","-23.4837004435"
"27","2017-03-03","1.51","115.27","20.23","-288.0","-46.6206366407","-23.4837004435"
"27","2017-03-04","0.08","30.68","2.4","-288.0","-46.6206366407","-23.4837004435"
"27","2017-03-05","0.18","93.56","8.05","-288.0","-46.6206366407","-23.4837004435"
"27","2017-03-06","1.57","122.63","17.87","-288.0","-46.6206366407","-23.4837004435"
"27","2017-03-07","0.15","128.31","29.07","-288.0","-46.6206366407","-23.4837004435"
"27","2017-03-08","0.02","11.59","1.65","-288.0","-46.6206366407","-23.4837004435"
"27","2017-03-09","0.0","0.06","0.0","-288.0","-46.6206366407","-23.4837004435"
"27","2017-03-10","0.08","121.08","18.3","-288.0","-46.6206366407","-23.4837004435"
"27","2017-03-11","0.0","30.89","3.84","-288.0","-46.6206366407","-23.4837004435"
"27","2017-03-12","0.0","0.43","0.0","-288.0","-46.6206366407","-23.4837004435"
"27","2017-03-13","0.0","4.99","0.13","-288.0","-46.6206366407","-23.4837004435"
"27","2017-03-14","0.08","51.75","4.0","-288.0","-46.6206366407","-23.4837004435"
"27","2017-03-15","0.06","8.95","1.53","-288.0","-46.6206366407","-23.4837004435"
"27","2017-03-16","0.0","0.96","0.01","-288.0","-46.6206366407","-23.4837004435"
"27","2017-03-17","0.0","88.2","7.08","-288.0","-46.6206366407","-23.4837004435"
"27","2017-03-18","0.0","6.15","0.91","-288.0","-46.6206366407","-23.4837004435"
"27","2017-03-19","0.07","6.06","1.04","-288.0","-46.6206366407","-23.4837004435"
"27","2017-03-20","0.0","0.0","0.0","-287.0","-46.6206366407","-23.4837004435"
"27","2017-03-21","0.0","0.0","0.0","0.0","-46.6206366407","-23.4837004435"
"27","2017-03-22","0.0","0.0","0.0","0.0","-46.6206366407","-23.4837004435"
"27","2017-03-23","","","","-1.0","-46.6206366407","-23.4837004435"
"27","2017-03-24","0.0","39.9","4.9","-288.0","-46.6206366407","-23.4837004435"
"27","2017-03-25","0.02","64.63","5.01","-287.0","-46.6206366407","-23.4837004435"
"27","2017-03-26","","","","-1.0","-46.6206366407","-23.4837004435"
"27","2017-03-27","0.0","8.97","1.07","-288.0","-46.6206366407","-23.4837004435"
"27","2017-03-28","0.0","2.32","0.15","-288.0","-46.6206366407","-23.4837004435"
"27","2017-03-29","0.0","0.06","0.0","-287.0","-46.6206366407","-23.4837004435"
"27","2017-03-30","0.0","0.0","0.0","0.0","-46.6206366407","-23.4837004435"
"27","2017-03-31","0.0","0.0","0.0","0.0","-46.6206366407","-23.4837004435"
"27","2017-04-01","0.0","0.0","0.0","0.0","-46.6206366407","-23.4837004435"
"27","2017-04-02","0.0","0.0","0.0","0.0","-46.6206366407","-23.4837004435"
"27","2017-04-03","0.0","0.0","0.0","0.0","-46.6206366407","-23.4837004435"
"27","2017-04-04","","","","-1.0","-46.6206366407","-23.4837004435"
"27","2017-04-05","0.0","0.0","0.0","-288.0","-46.6206366407","-23.4837004435"
"27","2017-04-06","2.2","58.42","12.83","-288.0","-46.6206366407","-23.4837004435"
"27","2017-04-07","4.73","231.15","54.55","-288.0","-46.6206366407","-23.4837004435"
"27","2017-04-08","0.0","0.0","0.0","-287.0","-46.6206366407","-23.4837004435"
"27","2017-04-09","","","","-1.0","-46.6206366407","-23.4837004435"
"27","2017-04-10","0.0","82.35","6.43","-288.0","-46.6206366407","-23.4837004435"
"27","2017-04-11","0.0","3.29","0.08","-288.0","-46.6206366407","-23.4837004435"
"27","2017-04-12","0.0","2.3","0.2","-287.0","-46.6206366407","-23.4837004435"
"27","2017-04-13","0.0","0.0","0.0","0.0","-46.6206366407","-23.4837004435"
"27","2017-04-14","0.0","0.0","0.0","0.0","-46.6206366407","-23.4837004435"
"27","2017-04-15","0.0","0.0","0.0","0.0","-46.6206366407","-23.4837004435"
"27","2017-04-16","","","","-1.0","-46.6206366407","-23.4837004435"
"27","2017-04-17","0.01","5.91","0.72","-287.0","-46.6206366407","-23.4837004435"
"27","2017-04-18","0.0","0.0","0.0","0.0","-46.6206366407","-23.4837004435"
"27","2017-04-19","0.0","0.0","0.0","0.0","-46.6206366407","-23.4837004435"
"27","2017-04-20","","","","-1.0","-46.6206366407","-23.4837004435"
"27","2017-04-21","1.24","57.32","15.08","-288.0","-46.6206366407","-23.4837004435"
"27","2017-04-22","0.38","9.07","2.48","-287.0","-46.6206366407","-23.4837004435"
"27","2017-04-23","0.0","0.0","0.0","0.0","-46.6206366407","-23.4837004435"
"27","2017-04-24","0.0","0.0","0.0","0.0","-46.6206366407","-23.4837004435"
"27","2017-04-25","","","","-1.0","-46.6206366407","-23.4837004435"
"27","2017-04-26","2.24","52.03","12.99","-288.0","-46.6206366407","-23.4837004435"
"27","2017-04-27","0.61","10.82","3.07","-287.0","-46.6206366407","-23.4837004435"
"27","2017-04-28","0.0","0.0","0.0","0.0","-46.6206366407","-23.4837004435"
"27","2017-04-29","0.0","0.0","0.0","0.0","-46.6206366407","-23.4837004435"
"27","2017-04-30","0.0","0.0","0.0","0.0","-46.6206366407","-23.4837004435"
"27","2017-05-01","","","","-1.0","-46.6206366407","-23.4837004435"
"27","2017-05-02","0.0","0.21","0.0","-287.0","-46.6206366407","-23.4837004435"
"27","2017-05-03","0.0","0.0","0.0","0.0","-46.6206366407","-23.4837004435"
"27","2017-05-04","","","","-1.0","-46.6206366407","-23.4837004435"
"27","2017-05-05","1.34","62.73","13.9","-288.0","-46.6206366407","-23.4837004435"
"27","2017-05-06","0.84","40.39","7.34","-288.0","-46.6206366407","-23.4837004435"
"27","2017-05-07","0.0","0.24","0.0","-287.0","-46.6206366407","-23.4837004435"
"27","2017-05-08","0.0","0.0","0.0","0.0","-46.6206366407","-23.4837004435"
"27","2017-05-09","0.0","0.0","0.0","0.0","-46.6206366407","-23.4837004435"
"27","2017-05-10","0.0","0.0","0.0","0.0","-46.6206366407","-23.4837004435"
"27","2017-05-11","0.0","0.0","0.0","0.0","-46.6206366407","-23.4837004435"
"27","2017-05-12","0.0","0.0","0.0","0.0","-46.6206366407","-23.4837004435"
"27","2017-05-13","","","","-1.0","-46.6206366407","-23.4837004435"
"27","2017-05-14","0.0","2.09","0.19","-287.0","-46.6206366407","-23.4837004435"
"27","2017-05-15","0.0","0.0","0.0","0.0","-46.6206366407","-23.4837004435"
"27","2017-05-16","0.0","0.0","0.0","0.0","-46.6206366407","-23.4837004435"
"27","2017-05-17","","","","-1.0","-46.6206366407","-23.4837004435"
"27","2017-05-18","0.35","13.84","3.31","-288.0","-46.6206366407","-23.4837004435"
"27","2017-05-19","7.77","205.14","46.03","-288.0","-46.6206366407","-23.4837004435"
"27","2017-05-20","0.15","3.5","1.16","-288.0","-46.6206366407","-23.4837004435"
"27","2017-05-21","7.11","106.26","29.84","-288.0","-46.6206366407","-23.4837004435"
"27","2017-05-22","2.09","60.81","12.55","-287.0","-46.6206366407","-23.4837004435"
"27","2017-05-23","0.0","0.0","0.0","0.0","-46.6206366407","-23.4837004435"
"27","2017-05-24","0.0","0.0","0.0","0.0","-46.6206366407","-23.4837004435"
"27","2017-05-25","0.0","0.0","0.0","0.0","-46.6206366407","-23.4837004435"
"27","2017-05-26","0.0","0.0","0.0","0.0","-46.6206366407","-23.4837004435"
"27","2017-05-27","0.0","0.0","0.0","0.0","-46.6206366407","-23.4837004435"
"27","2017-05-28","0.0","0.0","0.0","0.0","-46.6206366407","-23.4837004435"
"27","2017-05-29","0.0","0.0","0.0","0.0","-46.6206366407","-23.4837004435"
"27","2017-05-30","0.0","0.0","0.0","0.0","-46.6206366407","-23.4837004435"
"27","2017-05-31","0.0","0.0","0.0","0.0","-46.6206366407","-23.4837004435"
"27","2017-06-01","0.0","0.0","0.0","0.0","-46.6206366407","-23.4837004435"
"27","2017-06-02","0.0","0.0","0.0","0.0","-46.6206366407","-23.4837004435"
"27","2017-06-03","0.0","0.0","0.0","0.0","-46.6206366407","-23.4837004435"
"27","2017-06-04","","","","-1.0","-46.6206366407","-23.4837004435"
"27","2017-06-05","6.87","171.17","42.16","-288.0","-46.6206366407","-23.4837004435"
"27","2017-06-06","6.92","149.84","34.64","-288.0","-46.6206366407","-23.4837004435"
"27","2017-06-07","2.1","75.58","18.4","-287.0","-46.6206366407","-23.4837004435"
"27","2017-06-08","","","","-1.0","-46.6206366407","-23.4837004435"
"27","2017-06-09","0.0","5.68","0.32","-288.0","-46.6206366407","-23.4837004435"
"27","2017-06-10","0.0","0.0","0.0","-287.0","-46.6206366407","-23.4837004435"
"27","2017-06-11","","","","-1.0","-46.6206366407","-23.4837004435"
"27","2017-06-12","0.0","0.0","0.0","-288.0","-46.6206366407","-23.4837004435"
"27","2017-06-13","3.52","140.48","26.84","-288.0","-46.6206366407","-23.4837004435"
"27","2017-06-14","0.25","23.42","2.83","-287.0","-46.6206366407","-23.4837004435"
"28","2016-10-31","","","","-1.0","-46.5170803136","-23.5035354457"
"28","2016-11-01","0.0","0.38","0.0","-288.0","-46.5170803136","-23.5035354457"
"28","2016-11-02","0.0","18.78","1.58","-288.0","-46.5170803136","-23.5035354457"
"28","2016-11-03","0.8","42.8","6.48","-288.0","-46.5170803136","-23.5035354457"
"28","2016-11-04","0.21","4.32","1.27","-288.0","-46.5170803136","-23.5035354457"
"28","2016-11-05","0.0","0.0","0.0","-288.0","-46.5170803136","-23.5035354457"
"28","2016-11-06","0.04","60.44","5.03","-288.0","-46.5170803136","-23.5035354457"
"28","2016-11-07","0.0","18.84","0.63","-288.0","-46.5170803136","-23.5035354457"
"28","2016-11-08","0.0","35.06","4.07","-288.0","-46.5170803136","-23.5035354457"
"28","2016-11-09","3.91","83.53","23.1","-288.0","-46.5170803136","-23.5035354457"
"28","2016-11-10","1.54","27.12","6.85","-288.0","-46.5170803136","-23.5035354457"
"28","2016-11-11","0.0","1.21","0.05","-288.0","-46.5170803136","-23.5035354457"
"28","2016-11-12","0.27","36.34","7.69","-288.0","-46.5170803136","-23.5035354457"
"28","2016-11-13","7.81","68.87","27.49","-288.0","-46.5170803136","-23.5035354457"
"28","2016-11-14","6.94","47.63","20.0","-287.0","-46.5170803136","-23.5035354457"
"28","2016-11-15","","","","-1.0","-46.5170803136","-23.5035354457"
"28","2016-11-16","0.3","126.04","27.46","-288.0","-46.5170803136","-23.5035354457"
"28","2016-11-17","0.04","19.07","2.09","-288.0","-46.5170803136","-23.5035354457"
"28","2016-11-18","0.0","3.95","0.21","-287.0","-46.5170803136","-23.5035354457"
"28","2016-11-19","0.0","0.0","0.0","0.0","-46.5170803136","-23.5035354457"
"28","2016-11-20","0.0","0.0","0.0","0.0","-46.5170803136","-23.5035354457"
"28","2016-11-21","0.0","0.0","0.0","0.0","-46.5170803136","-23.5035354457"
"28","2016-11-22","","","","-1.0","-46.5170803136","-23.5035354457"
"28","2016-11-23","1.31","27.99","6.79","-288.0","-46.5170803136","-23.5035354457"
"28","2016-11-24","0.0","0.0","0.0","-287.0","-46.5170803136","-23.5035354457"
"28","2016-11-25","0.0","0.0","0.0","0.0","-46.5170803136","-23.5035354457"
"28","2016-11-26","","","","-1.0","-46.5170803136","-23.5035354457"
"28","2016-11-27","0.01","25.73","1.9","-288.0","-46.5170803136","-23.5035354457"
"28","2016-11-28","0.01","71.39","12.52","-288.0","-46.5170803136","-23.5035354457"
"28","2016-11-29","2.47","132.24","38.65","-288.0","-46.5170803136","-23.5035354457"
"28","2016-11-30","0.0","0.0","0.0","-287.0","-46.5170803136","-23.5035354457"
"28","2016-12-01","0.0","0.0","0.0","0.0","-46.5170803136","-23.5035354457"
"28","2016-12-02","","","","-1.0","-46.5170803136","-23.5035354457"
"28","2016-12-03","3.23","50.91","14.91","-288.0","-46.5170803136","-23.5035354457"
"28","2016-12-04","0.61","13.08","2.84","-288.0","-46.5170803136","-23.5035354457"
"28","2016-12-05","0.01","4.22","0.69","-287.0","-46.5170803136","-23.5035354457"
"28","2016-12-06","","","","-1.0","-46.5170803136","-23.5035354457"
"28","2016-12-07","0.16","52.0","13.35","-288.0","-46.5170803136","-23.5035354457"
"28","2016-12-08","0.0","4.28","0.19","-288.0","-46.5170803136","-23.5035354457"
"28","2016-12-09","0.29","37.12","4.8","-288.0","-46.5170803136","-23.5035354457"
"28","2016-12-10","0.42","24.4","3.87","-288.0","-46.5170803136","-23.5035354457"
"28","2016-12-11","1.33","62.83","13.74","-288.0","-46.5170803136","-23.5035354457"
"28","2016-12-12","2.09","105.5","24.6","-288.0","-46.5170803136","-23.5035354457"
"28","2016-12-13","0.0","5.69","0.22","-288.0","-46.5170803136","-23.5035354457"
"28","2016-12-14","0.0","0.39","0.0","-288.0","-46.5170803136","-23.5035354457"
"28","2016-12-15","0.0","0.0","0.0","-287.0","-46.5170803136","-23.5035354457"
"28","2016-12-16","0.0","0.0","0.0","0.0","-46.5170803136","-23.5035354457"
"28","2016-12-17","","","","-1.0","-46.5170803136","-23.5035354457"
"28","2016-12-18","0.08","118.06","13.42","-288.0","-46.5170803136","-23.5035354457"
"28","2016-12-19","0.05","14.51","1.07","-288.0","-46.5170803136","-23.5035354457"
"28","2016-12-20","0.57","53.5","9.84","-288.0","-46.5170803136","-23.5035354457"
"28","2016-12-21","0.2","44.24","4.88","-288.0","-46.5170803136","-23.5035354457"
"28","2016-12-22","0.0","3.66","0.27","-288.0","-46.5170803136","-23.5035354457"
"28","2016-12-23","1.13","70.0","11.89","-288.0","-46.5170803136","-23.5035354457"
"28","2016-12-24","1.05","17.22","4.71","-288.0","-46.5170803136","-23.5035354457"
"28","2016-12-25","0.0","0.14","0.0","-288.0","-46.5170803136","-23.5035354457"
"28","2016-12-26","0.0","0.23","0.0","-288.0","-46.5170803136","-23.5035354457"
"28","2016-12-27","0.0","0.84","0.01","-288.0","-46.5170803136","-23.5035354457"
"28","2016-12-28","0.0","16.99","0.85","-288.0","-46.5170803136","-23.5035354457"
"28","2016-12-29","0.18","62.18","12.4","-288.0","-46.5170803136","-23.5035354457"
"28","2016-12-30","0.0","0.87","0.0","-288.0","-46.5170803136","-23.5035354457"
"28","2016-12-31","0.0","7.68","0.57","-287.0","-46.5170803136","-23.5035354457"
"28","2017-01-01","","","","-1.0","-46.5170803136","-23.5035354457"
"28","2017-01-02","1.69","106.66","35.65","-288.0","-46.5170803136","-23.5035354457"
"28","2017-01-03","1.28","73.01","13.87","-288.0","-46.5170803136","-23.5035354457"
"28","2017-01-04","0.07","3.06","1.08","-288.0","-46.5170803136","-23.5035354457"
"28","2017-01-05","0.0","1.55","0.1","-288.0","-46.5170803136","-23.5035354457"
"28","2017-01-06","0.56","23.36","4.01","-288.0","-46.5170803136","-23.5035354457"
"28","2017-01-07","2.87","149.71","35.0","-288.0","-46.5170803136","-23.5035354457"
"28","2017-01-08","0.87","95.03","13.42","-288.0","-46.5170803136","-23.5035354457"
"28","2017-01-09","0.25","44.43","5.45","-288.0","-46.5170803136","-23.5035354457"
"28","2017-01-10","0.59","23.05","4.26","-288.0","-46.5170803136","-23.5035354457"
"28","2017-01-11","1.2","26.16","5.26","-288.0","-46.5170803136","-23.5035354457"
"28","2017-01-12","0.1","51.68","3.16","-288.0","-46.5170803136","-23.5035354457"
"28","2017-01-13","0.0","5.57","0.41","-288.0","-46.5170803136","-23.5035354457"
"28","2017-01-14","0.0","0.69","0.02","-288.0","-46.5170803136","-23.5035354457"
"28","2017-01-15","0.0","38.65","7.09","-288.0","-46.5170803136","-23.5035354457"
"28","2017-01-16","5.09","174.41","40.06","-288.0","-46.5170803136","-23.5035354457"
"28","2017-01-17","8.03","137.03","43.94","-288.0","-46.5170803136","-23.5035354457"
"28","2017-01-18","6.27","139.64","38.08","-288.0","-46.5170803136","-23.5035354457"
"28","2017-01-19","2.06","41.07","9.14","-288.0","-46.5170803136","-23.5035354457"
"28","2017-01-20","4.95","60.54","20.79","-288.0","-46.5170803136","-23.5035354457"
"28","2017-01-21","5.58","217.41","46.3","-288.0","-46.5170803136","-23.5035354457"
"28","2017-01-22","2.24","49.07","13.33","-288.0","-46.5170803136","-23.5035354457"
"28","2017-01-23","0.1","19.0","3.12","-288.0","-46.5170803136","-23.5035354457"
"28","2017-01-24","0.02","18.97","1.51","-288.0","-46.5170803136","-23.5035354457"
"28","2017-01-25","0.45","26.34","4.16","-288.0","-46.5170803136","-23.5035354457"
"28","2017-01-26","2.09","56.79","16.73","-288.0","-46.5170803136","-23.5035354457"
"28","2017-01-27","0.26","49.36","6.72","-288.0","-46.5170803136","-23.5035354457"
"28","2017-01-28","0.0","0.11","0.0","-288.0","-46.5170803136","-23.5035354457"
"28","2017-01-29","0.0","0.42","0.0","-288.0","-46.5170803136","-23.5035354457"
"28","2017-01-30","0.97","21.46","4.51","-288.0","-46.5170803136","-23.5035354457"
"28","2017-01-31","0.29","8.35","1.85","-288.0","-46.5170803136","-23.5035354457"
"28","2017-02-01","1.73","119.48","20.36","-288.0","-46.5170803136","-23.5035354457"
"28","2017-02-02","0.74","43.85","5.72","-288.0","-46.5170803136","-23.5035354457"
"28","2017-02-03","0.06","15.88","1.96","-288.0","-46.5170803136","-23.5035354457"
"28","2017-02-04","0.81","69.63","18.21","-288.0","-46.5170803136","-23.5035354457"
"28","2017-02-05","0.0","0.13","0.0","-288.0","-46.5170803136","-23.5035354457"
"28","2017-02-06","3.14","150.33","40.19","-288.0","-46.5170803136","-23.5035354457"
"28","2017-02-07","0.0","0.52","0.0","-288.0","-46.5170803136","-23.5035354457"
"28","2017-02-08","0.0","0.0","0.0","-287.0","-46.5170803136","-23.5035354457"
"28","2017-02-09","0.0","0.0","0.0","0.0","-46.5170803136","-23.5035354457"
"28","2017-02-10","0.0","0.0","0.0","0.0","-46.5170803136","-23.5035354457"
"28","2017-02-11","0.0","0.0","0.0","0.0","-46.5170803136","-23.5035354457"
"28","2017-02-12","0.0","0.0","0.0","0.0","-46.5170803136","-23.5035354457"
"28","2017-02-13","0.0","0.0","0.0","0.0","-46.5170803136","-23.5035354457"
"28","2017-02-14","0.0","0.0","0.0","0.0","-46.5170803136","-23.5035354457"
"28","2017-02-15","0.0","0.0","0.0","0.0","-46.5170803136","-23.5035354457"
"28","2017-02-16","","","","-1.0","-46.5170803136","-23.5035354457"
"28","2017-02-17","0.0","0.24","0.0","-288.0","-46.5170803136","-23.5035354457"
"28","2017-02-18","0.0","0.0","0.0","-287.0","-46.5170803136","-23.5035354457"
"28","2017-02-19","0.0","0.0","0.0","0.0","-46.5170803136","-23.5035354457"
"28","2017-02-20","0.0","0.0","0.0","0.0","-46.5170803136","-23.5035354457"
"28","2017-02-21","","","","-1.0","-46.5170803136","-23.5035354457"
"28","2017-02-22","0.0","8.91","0.59","-288.0","-46.5170803136","-23.5035354457"
"28","2017-02-23","0.0","57.87","2.2","-288.0","-46.5170803136","-23.5035354457"
"28","2017-02-24","6.52","115.01","38.29","-288.0","-46.5170803136","-23.5035354457"
"28","2017-02-25","0.25","25.42","5.17","-288.0","-46.5170803136","-23.5035354457"
"28","2017-02-26","0.0","126.78","15.43","-288.0","-46.5170803136","-23.5035354457"
"28","2017-02-27","0.0","12.08","1.4","-288.0","-46.5170803136","-23.5035354457"
"28","2017-02-28","0.0","76.22","17.68","-288.0","-46.5170803136","-23.5035354457"
"28","2017-03-01","0.0","3.18","0.08","-288.0","-46.5170803136","-23.5035354457"
"28","2017-03-02","0.03","60.71","5.15","-288.0","-46.5170803136","-23.5035354457"
"28","2017-03-03","2.97","101.32","21.98","-288.0","-46.5170803136","-23.5035354457"
"28","2017-03-04","0.0","16.09","1.13","-288.0","-46.5170803136","-23.5035354457"
"28","2017-03-05","0.14","48.81","5.79","-288.0","-46.5170803136","-23.5035354457"
"28","2017-03-06","1.95","105.32","21.91","-288.0","-46.5170803136","-23.5035354457"
"28","2017-03-07","1.51","79.04","21.24","-288.0","-46.5170803136","-23.5035354457"
"28","2017-03-08","1.28","21.32","5.75","-288.0","-46.5170803136","-23.5035354457"
"28","2017-03-09","0.0","0.0","0.0","-288.0","-46.5170803136","-23.5035354457"
"28","2017-03-10","1.84","88.62","30.57","-288.0","-46.5170803136","-23.5035354457"
"28","2017-03-11","0.0","35.53","5.71","-288.0","-46.5170803136","-23.5035354457"
"28","2017-03-12","0.0","0.56","0.0","-288.0","-46.5170803136","-23.5035354457"
"28","2017-03-13","0.0","15.96","1.93","-288.0","-46.5170803136","-23.5035354457"
"28","2017-03-14","0.4","23.76","4.46","-288.0","-46.5170803136","-23.5035354457"
"28","2017-03-15","0.31","6.08","1.58","-288.0","-46.5170803136","-23.5035354457"
"28","2017-03-16","0.0","0.69","0.01","-288.0","-46.5170803136","-23.5035354457"
"28","2017-03-17","0.0","51.87","7.43","-288.0","-46.5170803136","-23.5035354457"
"28","2017-03-18","0.0","2.78","0.46","-288.0","-46.5170803136","-23.5035354457"
"28","2017-03-19","0.09","5.12","1.11","-288.0","-46.5170803136","-23.5035354457"
"28","2017-03-20","0.0","0.01","0.0","-287.0","-46.5170803136","-23.5035354457"
"28","2017-03-21","0.0","0.0","0.0","0.0","-46.5170803136","-23.5035354457"
"28","2017-03-22","0.0","0.0","0.0","0.0","-46.5170803136","-23.5035354457"
"28","2017-03-23","","","","-1.0","-46.5170803136","-23.5035354457"
"28","2017-03-24","0.0","22.21","1.82","-288.0","-46.5170803136","-23.5035354457"
"28","2017-03-25","0.0","10.36","0.89","-287.0","-46.5170803136","-23.5035354457"
"28","2017-03-26","","","","-1.0","-46.5170803136","-23.5035354457"
"28","2017-03-27","0.0","7.08","0.92","-288.0","-46.5170803136","-23.5035354457"
"28","2017-03-28","0.0","1.44","0.13","-288.0","-46.5170803136","-23.5035354457"
"28","2017-03-29","0.0","0.09","0.0","-287.0","-46.5170803136","-23.5035354457"
"28","2017-03-30","0.0","0.0","0.0","0.0","-46.5170803136","-23.5035354457"
"28","2017-03-31","0.0","0.0","0.0","0.0","-46.5170803136","-23.5035354457"
"28","2017-04-01","0.0","0.0","0.0","0.0","-46.5170803136","-23.5035354457"
"28","2017-04-02","0.0","0.0","0.0","0.0","-46.5170803136","-23.5035354457"
"28","2017-04-03","0.0","0.0","0.0","0.0","-46.5170803136","-23.5035354457"
"28","2017-04-04","","","","-1.0","-46.5170803136","-23.5035354457"
"28","2017-04-05","0.0","0.04","0.0","-288.0","-46.5170803136","-23.5035354457"
"28","2017-04-06","2.7","32.38","10.12","-288.0","-46.5170803136","-23.5035354457"
"28","2017-04-07","6.07","159.16","35.49","-288.0","-46.5170803136","-23.5035354457"
"28","2017-04-08","0.0","0.0","0.0","-287.0","-46.5170803136","-23.5035354457"
"28","2017-04-09","","","","-1.0","-46.5170803136","-23.5035354457"
"28","2017-04-10","0.0","0.21","0.0","-288.0","-46.5170803136","-23.5035354457"
"28","2017-04-11","0.0","4.84","0.3","-288.0","-46.5170803136","-23.5035354457"
"28","2017-04-12","0.0","3.88","0.29","-287.0","-46.5170803136","-23.5035354457"
"28","2017-04-13","0.0","0.0","0.0","0.0","-46.5170803136","-23.5035354457"
"28","2017-04-14","0.0","0.0","0.0","0.0","-46.5170803136","-23.5035354457"
"28","2017-04-15","0.0","0.0","0.0","0.0","-46.5170803136","-23.5035354457"
"28","2017-04-16","","","","-1.0","-46.5170803136","-23.5035354457"
"28","2017-04-17","0.04","3.02","0.6","-287.0","-46.5170803136","-23.5035354457"
"28","2017-04-18","0.0","0.0","0.0","0.0","-46.5170803136","-23.5035354457"
"28","2017-04-19","0.0","0.0","0.0","0.0","-46.5170803136","-23.5035354457"
"28","2017-04-20","","","","-1.0","-46.5170803136","-23.5035354457"
"28","2017-04-21","1.47","58.23","19.16","-288.0","-46.5170803136","-23.5035354457"
"28","2017-04-22","0.29","8.65","1.8","-287.0","-46.5170803136","-23.5035354457"
"28","2017-04-23","0.0","0.0","0.0","0.0","-46.5170803136","-23.5035354457"
"28","2017-04-24","0.0","0.0","0.0","0.0","-46.5170803136","-23.5035354457"
"28","2017-04-25","","","","-1.0","-46.5170803136","-23.5035354457"
"28","2017-04-26","2.04","36.61","10.06","-288.0","-46.5170803136","-23.5035354457"
"28","2017-04-27","0.55","6.87","2.47","-287.0","-46.5170803136","-23.5035354457"
"28","2017-04-28","0.0","0.0","0.0","0.0","-46.5170803136","-23.5035354457"
"28","2017-04-29","0.0","0.0","0.0","0.0","-46.5170803136","-23.5035354457"
"28","2017-04-30","0.0","0.0","0.0","0.0","-46.5170803136","-23.5035354457"
"28","2017-05-01","","","","-1.0","-46.5170803136","-23.5035354457"
"28","2017-05-02","0.0","0.06","0.0","-287.0","-46.5170803136","-23.5035354457"
"28","2017-05-03","0.0","0.0","0.0","0.0","-46.5170803136","-23.5035354457"
"28","2017-05-04","","","","-1.0","-46.5170803136","-23.5035354457"
"28","2017-05-05","1.32","42.31","11.52","-288.0","-46.5170803136","-23.5035354457"
"28","2017-05-06","1.12","34.44","8.22","-288.0","-46.5170803136","-23.5035354457"
"28","2017-05-07","0.0","0.14","0.0","-287.0","-46.5170803136","-23.5035354457"
"28","2017-05-08","0.0","0.0","0.0","0.0","-46.5170803136","-23.5035354457"
"28","2017-05-09","0.0","0.0","0.0","0.0","-46.5170803136","-23.5035354457"
"28","2017-05-10","0.0","0.0","0.0","0.0","-46.5170803136","-23.5035354457"
"28","2017-05-11","0.0","0.0","0.0","0.0","-46.5170803136","-23.5035354457"
"28","2017-05-12","0.0","0.0","0.0","0.0","-46.5170803136","-23.5035354457"
"28","2017-05-13","","","","-1.0","-46.5170803136","-23.5035354457"
"28","2017-05-14","0.0","2.0","0.29","-287.0","-46.5170803136","-23.5035354457"
"28","2017-05-15","0.0","0.0","0.0","0.0","-46.5170803136","-23.5035354457"
"28","2017-05-16","0.0","0.0","0.0","0.0","-46.5170803136","-23.5035354457"
"28","2017-05-17","","","","-1.0","-46.5170803136","-23.5035354457"
"28","2017-05-18","0.37","8.02","2.37","-288.0","-46.5170803136","-23.5035354457"
"28","2017-05-19","9.98","161.53","45.29","-288.0","-46.5170803136","-23.5035354457"
"28","2017-05-20","0.21","2.97","1.03","-288.0","-46.5170803136","-23.5035354457"
"28","2017-05-21","8.35","86.92","28.07","-288.0","-46.5170803136","-23.5035354457"
"28","2017-05-22","2.94","37.53","10.99","-287.0","-46.5170803136","-23.5035354457"
"28","2017-05-23","0.0","0.0","0.0","0.0","-46.5170803136","-23.5035354457"
"28","2017-05-24","0.0","0.0","0.0","0.0","-46.5170803136","-23.5035354457"
"28","2017-05-25","0.0","0.0","0.0","0.0","-46.5170803136","-23.5035354457"
"28","2017-05-26","0.0","0.0","0.0","0.0","-46.5170803136","-23.5035354457"
"28","2017-05-27","0.0","0.0","0.0","0.0","-46.5170803136","-23.5035354457"
"28","2017-05-28","0.0","0.0","0.0","0.0","-46.5170803136","-23.5035354457"
"28","2017-05-29","0.0","0.0","0.0","0.0","-46.5170803136","-23.5035354457"
"28","2017-05-30","0.0","0.0","0.0","0.0","-46.5170803136","-23.5035354457"
"28","2017-05-31","0.0","0.0","0.0","0.0","-46.5170803136","-23.5035354457"
"28","2017-06-01","0.0","0.0","0.0","0.0","-46.5170803136","-23.5035354457"
"28","2017-06-02","0.0","0.0","0.0","0.0","-46.5170803136","-23.5035354457"
"28","2017-06-03","0.0","0.0","0.0","0.0","-46.5170803136","-23.5035354457"
"28","2017-06-04","","","","-1.0","-46.5170803136","-23.5035354457"
"28","2017-06-05","8.97","136.77","40.25","-288.0","-46.5170803136","-23.5035354457"
"28","2017-06-06","8.46","122.65","34.12","-288.0","-46.5170803136","-23.5035354457"
"28","2017-06-07","2.25","55.3","15.44","-287.0","-46.5170803136","-23.5035354457"
"28","2017-06-08","","","","-1.0","-46.5170803136","-23.5035354457"
"28","2017-06-09","0.0","16.61","0.59","-288.0","-46.5170803136","-23.5035354457"
"28","2017-06-10","0.0","0.0","0.0","-287.0","-46.5170803136","-23.5035354457"
"28","2017-06-11","","","","-1.0","-46.5170803136","-23.5035354457"
"28","2017-06-12","0.0","0.04","0.0","-288.0","-46.5170803136","-23.5035354457"
"28","2017-06-13","4.69","116.49","25.38","-288.0","-46.5170803136","-23.5035354457"
"28","2017-06-14","0.27","12.28","2.71","-287.0","-46.5170803136","-23.5035354457"
"29","2016-10-31","","","","-1.0","-46.4214829973","-23.5025868024"
"29","2016-11-01","0.0","0.28","0.0","-288.0","-46.4214829973","-23.5025868024"
"29","2016-11-02","0.0","27.32","2.3","-288.0","-46.4214829973","-23.5025868024"
"29","2016-11-03","0.51","43.39","6.77","-288.0","-46.4214829973","-23.5025868024"
"29","2016-11-04","0.28","6.37","1.8","-288.0","-46.4214829973","-23.5025868024"
"29","2016-11-05","0.0","0.69","0.01","-288.0","-46.4214829973","-23.5025868024"
"29","2016-11-06","0.19","59.91","7.35","-288.0","-46.4214829973","-23.5025868024"
"29","2016-11-07","0.0","0.89","0.0","-288.0","-46.4214829973","-23.5025868024"
"29","2016-11-08","0.0","15.76","0.71","-288.0","-46.4214829973","-23.5025868024"
"29","2016-11-09","3.06","87.9","22.69","-288.0","-46.4214829973","-23.5025868024"
"29","2016-11-10","1.24","40.26","6.95","-288.0","-46.4214829973","-23.5025868024"
"29","2016-11-11","0.0","4.68","0.13","-288.0","-46.4214829973","-23.5025868024"
"29","2016-11-12","0.69","43.68","8.67","-288.0","-46.4214829973","-23.5025868024"
"29","2016-11-13","6.53","70.32","24.92","-288.0","-46.4214829973","-23.5025868024"
"29","2016-11-14","6.81","45.97","20.16","-287.0","-46.4214829973","-23.5025868024"
"29","2016-11-15","","","","-1.0","-46.4214829973","-23.5025868024"
"29","2016-11-16","0.98","120.84","26.85","-288.0","-46.4214829973","-23.5025868024"
"29","2016-11-17","0.02","18.73","1.43","-288.0","-46.4214829973","-23.5025868024"
"29","2016-11-18","0.0","6.23","0.6","-287.0","-46.4214829973","-23.5025868024"
"29","2016-11-19","0.0","0.0","0.0","0.0","-46.4214829973","-23.5025868024"
"29","2016-11-20","0.0","0.0","0.0","0.0","-46.4214829973","-23.5025868024"
"29","2016-11-21","0.0","0.0","0.0","0.0","-46.4214829973","-23.5025868024"
"29","2016-11-22","","","","-1.0","-46.4214829973","-23.5025868024"
"29","2016-11-23","1.11","37.46","8.33","-288.0","-46.4214829973","-23.5025868024"
"29","2016-11-24","0.0","0.01","0.0","-287.0","-46.4214829973","-23.5025868024"
"29","2016-11-25","0.0","0.0","0.0","0.0","-46.4214829973","-23.5025868024"
"29","2016-11-26","","","","-1.0","-46.4214829973","-23.5025868024"
"29","2016-11-27","0.03","55.4","7.73","-288.0","-46.4214829973","-23.5025868024"
"29","2016-11-28","0.0","93.23","11.35","-288.0","-46.4214829973","-23.5025868024"
"29","2016-11-29","1.89","98.56","21.84","-288.0","-46.4214829973","-23.5025868024"
"29","2016-11-30","0.0","0.25","0.0","-287.0","-46.4214829973","-23.5025868024"
"29","2016-12-01","0.0","0.0","0.0","0.0","-46.4214829973","-23.5025868024"
"29","2016-12-02","","","","-1.0","-46.4214829973","-23.5025868024"
"29","2016-12-03","3.56","68.11","19.93","-288.0","-46.4214829973","-23.5025868024"
"29","2016-12-04","0.42","7.58","1.9","-288.0","-46.4214829973","-23.5025868024"
"29","2016-12-05","0.0","2.64","0.22","-287.0","-46.4214829973","-23.5025868024"
"29","2016-12-06","","","","-1.0","-46.4214829973","-23.5025868024"
"29","2016-12-07","0.41","66.72","11.96","-288.0","-46.4214829973","-23.5025868024"
"29","2016-12-08","0.0","0.51","0.0","-288.0","-46.4214829973","-23.5025868024"
"29","2016-12-09","0.47","16.91","3.11","-288.0","-46.4214829973","-23.5025868024"
"29","2016-12-10","0.32","34.48","5.34","-288.0","-46.4214829973","-23.5025868024"
"29","2016-12-11","1.12","62.9","19.38","-288.0","-46.4214829973","-23.5025868024"
"29","2016-12-12","1.08","88.44","16.23","-288.0","-46.4214829973","-23.5025868024"
"29","2016-12-13","0.0","4.53","0.14","-288.0","-46.4214829973","-23.5025868024"
"29","2016-12-14","0.0","0.34","0.0","-288.0","-46.4214829973","-23.5025868024"
"29","2016-12-15","0.0","0.0","0.0","-287.0","-46.4214829973","-23.5025868024"
"29","2016-12-16","0.0","0.0","0.0","0.0","-46.4214829973","-23.5025868024"
"29","2016-12-17","","","","-1.0","-46.4214829973","-23.5025868024"
"29","2016-12-18","0.3","87.53","9.41","-288.0","-46.4214829973","-23.5025868024"
"29","2016-12-19","0.0","83.8","8.27","-288.0","-46.4214829973","-23.5025868024"
"29","2016-12-20","0.05","83.33","8.51","-288.0","-46.4214829973","-23.5025868024"
"29","2016-12-21","0.13","21.55","2.6","-288.0","-46.4214829973","-23.5025868024"
"29","2016-12-22","0.0","4.53","0.61","-288.0","-46.4214829973","-23.5025868024"
"29","2016-12-23","1.22","92.06","14.99","-288.0","-46.4214829973","-23.5025868024"
"29","2016-12-24","0.31","11.96","3.34","-288.0","-46.4214829973","-23.5025868024"
"29","2016-12-25","0.0","0.15","0.0","-288.0","-46.4214829973","-23.5025868024"
"29","2016-12-26","0.0","0.35","0.0","-288.0","-46.4214829973","-23.5025868024"
"29","2016-12-27","0.0","0.97","0.04","-288.0","-46.4214829973","-23.5025868024"
"29","2016-12-28","0.0","3.28","0.13","-288.0","-46.4214829973","-23.5025868024"
"29","2016-12-29","0.0","57.37","10.62","-288.0","-46.4214829973","-23.5025868024"
"29","2016-12-30","0.0","1.92","0.02","-288.0","-46.4214829973","-23.5025868024"
"29","2016-12-31","0.0","8.62","0.43","-287.0","-46.4214829973","-23.5025868024"
"29","2017-01-01","","","","-1.0","-46.4214829973","-23.5025868024"
"29","2017-01-02","2.04","107.33","37.71","-288.0","-46.4214829973","-23.5025868024"
"29","2017-01-03","1.25","67.24","14.37","-288.0","-46.4214829973","-23.5025868024"
"29","2017-01-04","0.15","3.65","1.06","-288.0","-46.4214829973","-23.5025868024"
"29","2017-01-05","0.02","1.27","0.15","-288.0","-46.4214829973","-23.5025868024"
"29","2017-01-06","0.51","14.01","2.75","-288.0","-46.4214829973","-23.5025868024"
"29","2017-01-07","1.42","64.63","11.44","-288.0","-46.4214829973","-23.5025868024"
"29","2017-01-08","0.49","80.41","15.59","-288.0","-46.4214829973","-23.5025868024"
"29","2017-01-09","0.0","89.42","8.16","-288.0","-46.4214829973","-23.5025868024"
"29","2017-01-10","0.28","25.85","4.05","-288.0","-46.4214829973","-23.5025868024"
"29","2017-01-11","1.74","35.73","8.36","-288.0","-46.4214829973","-23.5025868024"
"29","2017-01-12","0.1","50.4","5.4","-288.0","-46.4214829973","-23.5025868024"
"29","2017-01-13","0.0","7.2","0.39","-288.0","-46.4214829973","-23.5025868024"
"29","2017-01-14","0.0","0.84","0.02","-288.0","-46.4214829973","-23.5025868024"
"29","2017-01-15","0.04","21.47","1.87","-288.0","-46.4214829973","-23.5025868024"
"29","2017-01-16","1.12","207.34","31.85","-288.0","-46.4214829973","-23.5025868024"
"29","2017-01-17","4.74","127.09","34.54","-288.0","-46.4214829973","-23.5025868024"
"29","2017-01-18","4.24","122.31","30.28","-288.0","-46.4214829973","-23.5025868024"
"29","2017-01-19","1.75","58.77","11.1","-288.0","-46.4214829973","-23.5025868024"
"29","2017-01-20","4.55","61.16","20.56","-288.0","-46.4214829973","-23.5025868024"
"29","2017-01-21","6.59","214.01","45.51","-288.0","-46.4214829973","-23.5025868024"
"29","2017-01-22","1.69","62.04","15.27","-288.0","-46.4214829973","-23.5025868024"
"29","2017-01-23","0.25","60.94","10.92","-288.0","-46.4214829973","-23.5025868024"
"29","2017-01-24","0.0","32.57","2.47","-288.0","-46.4214829973","-23.5025868024"
"29","2017-01-25","0.33","32.36","5.72","-288.0","-46.4214829973","-23.5025868024"
"29","2017-01-26","2.24","51.93","14.55","-288.0","-46.4214829973","-23.5025868024"
"29","2017-01-27","0.22","57.58","8.0","-288.0","-46.4214829973","-23.5025868024"
"29","2017-01-28","0.0","0.91","0.0","-288.0","-46.4214829973","-23.5025868024"
"29","2017-01-29","0.0","0.39","0.0","-288.0","-46.4214829973","-23.5025868024"
"29","2017-01-30","0.43","13.25","2.72","-288.0","-46.4214829973","-23.5025868024"
"29","2017-01-31","0.08","13.41","1.36","-288.0","-46.4214829973","-23.5025868024"
"29","2017-02-01","0.89","181.76","45.07","-288.0","-46.4214829973","-23.5025868024"
"29","2017-02-02","0.63","29.02","4.21","-288.0","-46.4214829973","-23.5025868024"
"29","2017-02-03","0.2","18.99","2.15","-288.0","-46.4214829973","-23.5025868024"
"29","2017-02-04","0.42","81.46","17.68","-288.0","-46.4214829973","-23.5025868024"
"29","2017-02-05","0.0","0.17","0.0","-288.0","-46.4214829973","-23.5025868024"
"29","2017-02-06","5.65","125.94","40.83","-288.0","-46.4214829973","-23.5025868024"
"29","2017-02-07","0.01","4.11","0.7","-288.0","-46.4214829973","-23.5025868024"
"29","2017-02-08","0.0","0.28","0.0","-287.0","-46.4214829973","-23.5025868024"
"29","2017-02-09","0.0","0.0","0.0","0.0","-46.4214829973","-23.5025868024"
"29","2017-02-10","0.0","0.0","0.0","0.0","-46.4214829973","-23.5025868024"
"29","2017-02-11","0.0","0.0","0.0","0.0","-46.4214829973","-23.5025868024"
"29","2017-02-12","0.0","0.0","0.0","0.0","-46.4214829973","-23.5025868024"
"29","2017-02-13","0.0","0.0","0.0","0.0","-46.4214829973","-23.5025868024"
"29","2017-02-14","0.0","0.0","0.0","0.0","-46.4214829973","-23.5025868024"
"29","2017-02-15","0.0","0.0","0.0","0.0","-46.4214829973","-23.5025868024"
"29","2017-02-16","","","","-1.0","-46.4214829973","-23.5025868024"
"29","2017-02-17","0.0","0.15","0.0","-288.0","-46.4214829973","-23.5025868024"
"29","2017-02-18","0.0","0.0","0.0","-287.0","-46.4214829973","-23.5025868024"
"29","2017-02-19","0.0","0.0","0.0","0.0","-46.4214829973","-23.5025868024"
"29","2017-02-20","0.0","0.0","0.0","0.0","-46.4214829973","-23.5025868024"
"29","2017-02-21","","","","-1.0","-46.4214829973","-23.5025868024"
"29","2017-02-22","0.0","38.77","4.74","-288.0","-46.4214829973","-23.5025868024"
"29","2017-02-23","0.0","13.1","0.28","-288.0","-46.4214829973","-23.5025868024"
"29","2017-02-24","3.07","130.34","37.8","-288.0","-46.4214829973","-23.5025868024"
"29","2017-02-25","1.1","34.66","7.7","-288.0","-46.4214829973","-23.5025868024"
"29","2017-02-26","0.34","115.36","16.27","-288.0","-46.4214829973","-23.5025868024"
"29","2017-02-27","0.0","18.87","1.97","-288.0","-46.4214829973","-23.5025868024"
"29","2017-02-28","0.06","52.25","7.82","-288.0","-46.4214829973","-23.5025868024"
"29","2017-03-01","0.0","19.34","1.07","-288.0","-46.4214829973","-23.5025868024"
"29","2017-03-02","0.13","55.43","12.84","-288.0","-46.4214829973","-23.5025868024"
"29","2017-03-03","2.11","113.71","20.98","-288.0","-46.4214829973","-23.5025868024"
"29","2017-03-04","0.0","55.5","4.5","-288.0","-46.4214829973","-23.5025868024"
"29","2017-03-05","0.28","61.11","5.88","-288.0","-46.4214829973","-23.5025868024"
"29","2017-03-06","1.63","105.35","18.45","-288.0","-46.4214829973","-23.5025868024"
"29","2017-03-07","0.88","57.89","10.85","-288.0","-46.4214829973","-23.5025868024"
"29","2017-03-08","1.15","70.86","9.47","-288.0","-46.4214829973","-23.5025868024"
"29","2017-03-09","0.0","0.0","0.0","-288.0","-46.4214829973","-23.5025868024"
"29","2017-03-10","0.02","33.21","4.16","-288.0","-46.4214829973","-23.5025868024"
"29","2017-03-11","0.01","24.84","3.22","-288.0","-46.4214829973","-23.5025868024"
"29","2017-03-12","0.0","0.81","0.0","-288.0","-46.4214829973","-23.5025868024"
"29","2017-03-13","0.0","0.19","0.0","-288.0","-46.4214829973","-23.5025868024"
"29","2017-03-14","1.16","95.23","13.17","-288.0","-46.4214829973","-23.5025868024"
"29","2017-03-15","0.19","5.71","1.94","-288.0","-46.4214829973","-23.5025868024"
"29","2017-03-16","0.0","7.57","0.55","-288.0","-46.4214829973","-23.5025868024"
"29","2017-03-17","0.0","33.43","3.06","-288.0","-46.4214829973","-23.5025868024"
"29","2017-03-18","0.0","4.46","0.13","-288.0","-46.4214829973","-23.5025868024"
"29","2017-03-19","0.04","9.17","1.82","-288.0","-46.4214829973","-23.5025868024"
"29","2017-03-20","0.0","0.35","0.03","-287.0","-46.4214829973","-23.5025868024"
"29","2017-03-21","0.0","0.0","0.0","0.0","-46.4214829973","-23.5025868024"
"29","2017-03-22","0.0","0.0","0.0","0.0","-46.4214829973","-23.5025868024"
"29","2017-03-23","","","","-1.0","-46.4214829973","-23.5025868024"
"29","2017-03-24","0.0","26.08","1.04","-288.0","-46.4214829973","-23.5025868024"
"29","2017-03-25","0.01","3.64","0.47","-287.0","-46.4214829973","-23.5025868024"
"29","2017-03-26","","","","-1.0","-46.4214829973","-23.5025868024"
"29","2017-03-27","0.0","6.71","0.89","-288.0","-46.4214829973","-23.5025868024"
"29","2017-03-28","0.0","2.04","0.08","-288.0","-46.4214829973","-23.5025868024"
"29","2017-03-29","0.0","0.16","0.02","-287.0","-46.4214829973","-23.5025868024"
"29","2017-03-30","0.0","0.0","0.0","0.0","-46.4214829973","-23.5025868024"
"29","2017-03-31","0.0","0.0","0.0","0.0","-46.4214829973","-23.5025868024"
"29","2017-04-01","0.0","0.0","0.0","0.0","-46.4214829973","-23.5025868024"
"29","2017-04-02","0.0","0.0","0.0","0.0","-46.4214829973","-23.5025868024"
"29","2017-04-03","0.0","0.0","0.0","0.0","-46.4214829973","-23.5025868024"
"29","2017-04-04","","","","-1.0","-46.4214829973","-23.5025868024"
"29","2017-04-05","0.0","0.0","0.0","-288.0","-46.4214829973","-23.5025868024"
"29","2017-04-06","1.85","34.48","9.41","-288.0","-46.4214829973","-23.5025868024"
"29","2017-04-07","3.86","106.94","20.71","-288.0","-46.4214829973","-23.5025868024"
"29","2017-04-08","0.0","0.0","0.0","-287.0","-46.4214829973","-23.5025868024"
"29","2017-04-09","","","","-1.0","-46.4214829973","-23.5025868024"
"29","2017-04-10","0.0","0.89","0.02","-288.0","-46.4214829973","-23.5025868024"
"29","2017-04-11","0.0","1.51","0.03","-288.0","-46.4214829973","-23.5025868024"
"29","2017-04-12","0.0","2.43","0.17","-287.0","-46.4214829973","-23.5025868024"
"29","2017-04-13","0.0","0.0","0.0","0.0","-46.4214829973","-23.5025868024"
"29","2017-04-14","0.0","0.0","0.0","0.0","-46.4214829973","-23.5025868024"
"29","2017-04-15","0.0","0.0","0.0","0.0","-46.4214829973","-23.5025868024"
"29","2017-04-16","","","","-1.0","-46.4214829973","-23.5025868024"
"29","2017-04-17","0.0","2.49","0.42","-287.0","-46.4214829973","-23.5025868024"
"29","2017-04-18","0.0","0.0","0.0","0.0","-46.4214829973","-23.5025868024"
"29","2017-04-19","0.0","0.0","0.0","0.0","-46.4214829973","-23.5025868024"
"29","2017-04-20","","","","-1.0","-46.4214829973","-23.5025868024"
"29","2017-04-21","0.98","48.67","12.2","-288.0","-46.4214829973","-23.5025868024"
"29","2017-04-22","0.25","9.94","2.42","-287.0","-46.4214829973","-23.5025868024"
"29","2017-04-23","0.0","0.0","0.0","0.0","-46.4214829973","-23.5025868024"
"29","2017-04-24","0.0","0.0","0.0","0.0","-46.4214829973","-23.5025868024"
"29","2017-04-25","","","","-1.0","-46.4214829973","-23.5025868024"
"29","2017-04-26","2.07","43.78","11.0","-288.0","-46.4214829973","-23.5025868024"
"29","2017-04-27","0.41","6.06","2.12","-287.0","-46.4214829973","-23.5025868024"
"29","2017-04-28","0.0","0.0","0.0","0.0","-46.4214829973","-23.5025868024"
"29","2017-04-29","0.0","0.0","0.0","0.0","-46.4214829973","-23.5025868024"
"29","2017-04-30","0.0","0.0","0.0","0.0","-46.4214829973","-23.5025868024"
"29","2017-05-01","","","","-1.0","-46.4214829973","-23.5025868024"
"29","2017-05-02","0.0","0.08","0.0","-287.0","-46.4214829973","-23.5025868024"
"29","2017-05-03","0.0","0.0","0.0","0.0","-46.4214829973","-23.5025868024"
"29","2017-05-04","","","","-1.0","-46.4214829973","-23.5025868024"
"29","2017-05-05","0.66","36.82","6.07","-288.0","-46.4214829973","-23.5025868024"
"29","2017-05-06","1.23","32.23","7.34","-288.0","-46.4214829973","-23.5025868024"
"29","2017-05-07","0.0","0.1","0.0","-287.0","-46.4214829973","-23.5025868024"
"29","2017-05-08","0.0","0.0","0.0","0.0","-46.4214829973","-23.5025868024"
"29","2017-05-09","0.0","0.0","0.0","0.0","-46.4214829973","-23.5025868024"
"29","2017-05-10","0.0","0.0","0.0","0.0","-46.4214829973","-23.5025868024"
"29","2017-05-11","0.0","0.0","0.0","0.0","-46.4214829973","-23.5025868024"
"29","2017-05-12","0.0","0.0","0.0","0.0","-46.4214829973","-23.5025868024"
"29","2017-05-13","","","","-1.0","-46.4214829973","-23.5025868024"
"29","2017-05-14","0.01","5.07","0.52","-287.0","-46.4214829973","-23.5025868024"
"29","2017-05-15","0.0","0.0","0.0","0.0","-46.4214829973","-23.5025868024"
"29","2017-05-16","0.0","0.0","0.0","0.0","-46.4214829973","-23.5025868024"
"29","2017-05-17","","","","-1.0","-46.4214829973","-23.5025868024"
"29","2017-05-18","0.19","8.09","2.05","-288.0","-46.4214829973","-23.5025868024"
"29","2017-05-19","8.34","174.62","43.33","-288.0","-46.4214829973","-23.5025868024"
"29","2017-05-20","0.06","2.22","0.69","-288.0","-46.4214829973","-23.5025868024"
"29","2017-05-21","7.51","109.19","32.41","-288.0","-46.4214829973","-23.5025868024"
"29","2017-05-22","2.23","40.68","10.14","-287.0","-46.4214829973","-23.5025868024"
"29","2017-05-23","0.0","0.0","0.0","0.0","-46.4214829973","-23.5025868024"
"29","2017-05-24","0.0","0.0","0.0","0.0","-46.4214829973","-23.5025868024"
"29","2017-05-25","0.0","0.0","0.0","0.0","-46.4214829973","-23.5025868024"
"29","2017-05-26","0.0","0.0","0.0","0.0","-46.4214829973","-23.5025868024"
"29","2017-05-27","0.0","0.0","0.0","0.0","-46.4214829973","-23.5025868024"
"29","2017-05-28","0.0","0.0","0.0","0.0","-46.4214829973","-23.5025868024"
"29","2017-05-29","0.0","0.0","0.0","0.0","-46.4214829973","-23.5025868024"
"29","2017-05-30","0.0","0.0","0.0","0.0","-46.4214829973","-23.5025868024"
"29","2017-05-31","0.0","0.0","0.0","0.0","-46.4214829973","-23.5025868024"
"29","2017-06-01","0.0","0.0","0.0","0.0","-46.4214829973","-23.5025868024"
"29","2017-06-02","0.0","0.0","0.0","0.0","-46.4214829973","-23.5025868024"
"29","2017-06-03","0.0","0.0","0.0","0.0","-46.4214829973","-23.5025868024"
"29","2017-06-04","","","","-1.0","-46.4214829973","-23.5025868024"
"29","2017-06-05","7.68","131.58","38.28","-288.0","-46.4214829973","-23.5025868024"
"29","2017-06-06","7.71","112.21","31.55","-288.0","-46.4214829973","-23.5025868024"
"29","2017-06-07","1.68","54.99","12.27","-287.0","-46.4214829973","-23.5025868024"
"29","2017-06-08","","","","-1.0","-46.4214829973","-23.5025868024"
"29","2017-06-09","0.0","6.04","0.5","-288.0","-46.4214829973","-23.5025868024"
"29","2017-06-10","0.0","0.0","0.0","-287.0","-46.4214829973","-23.5025868024"
"29","2017-06-11","","","","-1.0","-46.4214829973","-23.5025868024"
"29","2017-06-12","0.0","0.89","0.01","-288.0","-46.4214829973","-23.5025868024"
"29","2017-06-13","4.24","118.45","25.67","-288.0","-46.4214829973","-23.5025868024"
"29","2017-06-14","0.22","27.13","3.22","-287.0","-46.4214829973","-23.5025868024"
"30","2016-10-31","","","","-1.0","-46.3687160042","-23.5043123056"
"30","2016-11-01","0.0","0.02","0.01","-288.0","-46.3687160042","-23.5043123056"
"30","2016-11-02","1.17","3.02","2.1","-288.0","-46.3687160042","-23.5043123056"
"30","2016-11-03","6.04","8.59","7.27","-288.0","-46.3687160042","-23.5043123056"
"30","2016-11-04","2.15","2.64","2.42","-288.0","-46.3687160042","-23.5043123056"
"30","2016-11-05","0.0","0.0","0.0","-288.0","-46.3687160042","-23.5043123056"
"30","2016-11-06","10.64","16.58","13.61","-288.0","-46.3687160042","-23.5043123056"
"30","2016-11-07","0.05","0.08","0.05","-288.0","-46.3687160042","-23.5043123056"
"30","2016-11-08","0.48","0.62","0.53","-288.0","-46.3687160042","-23.5043123056"
"30","2016-11-09","22.98","28.5","25.74","-288.0","-46.3687160042","-23.5043123056"
"30","2016-11-10","5.49","7.48","6.54","-288.0","-46.3687160042","-23.5043123056"
"30","2016-11-11","3.01","4.04","3.51","-288.0","-46.3687160042","-23.5043123056"
"30","2016-11-12","5.22","7.61","6.39","-288.0","-46.3687160042","-23.5043123056"
"30","2016-11-13","21.86","26.06","24.03","-288.0","-46.3687160042","-23.5043123056"
"30","2016-11-14","18.4","21.77","20.1","-287.0","-46.3687160042","-23.5043123056"
"30","2016-11-15","","","","-1.0","-46.3687160042","-23.5043123056"
"30","2016-11-16","16.94","23.19","20.05","-288.0","-46.3687160042","-23.5043123056"
"30","2016-11-17","1.63","2.22","1.92","-288.0","-46.3687160042","-23.5043123056"
"30","2016-11-18","0.14","0.25","0.19","-287.0","-46.3687160042","-23.5043123056"
"30","2016-11-19","0.0","0.0","0.0","0.0","-46.3687160042","-23.5043123056"
"30","2016-11-20","0.0","0.0","0.0","0.0","-46.3687160042","-23.5043123056"
"30","2016-11-21","0.0","0.0","0.0","0.0","-46.3687160042","-23.5043123056"
"30","2016-11-22","","","","-1.0","-46.3687160042","-23.5043123056"
"30","2016-11-23","7.47","10.63","9.04","-288.0","-46.3687160042","-23.5043123056"
"30","2016-11-24","0.0","0.0","0.0","-287.0","-46.3687160042","-23.5043123056"
"30","2016-11-25","0.0","0.0","0.0","0.0","-46.3687160042","-23.5043123056"
"30","2016-11-26","","","","-1.0","-46.3687160042","-23.5043123056"
"30","2016-11-27","16.59","18.91","17.73","-288.0","-46.3687160042","-23.5043123056"
"30","2016-11-28","21.68","25.09","23.38","-288.0","-46.3687160042","-23.5043123056"
"30","2016-11-29","8.32","10.63","9.51","-288.0","-46.3687160042","-23.5043123056"
"30","2016-11-30","0.0","0.0","0.0","-287.0","-46.3687160042","-23.5043123056"
"30","2016-12-01","0.0","0.0","0.0","0.0","-46.3687160042","-23.5043123056"
"30","2016-12-02","","","","-1.0","-46.3687160042","-23.5043123056"
"30","2016-12-03","27.57","33.75","30.58","-288.0","-46.3687160042","-23.5043123056"
"30","2016-12-04","2.07","2.44","2.25","-288.0","-46.3687160042","-23.5043123056"
"30","2016-12-05","0.08","0.16","0.1","-287.0","-46.3687160042","-23.5043123056"
"30","2016-12-06","","","","-1.0","-46.3687160042","-23.5043123056"
"30","2016-12-07","8.8","10.32","9.56","-288.0","-46.3687160042","-23.5043123056"
"30","2016-12-08","0.0","0.0","0.0","-288.0","-46.3687160042","-23.5043123056"
"30","2016-12-09","2.7","3.52","3.11","-288.0","-46.3687160042","-23.5043123056"
"30","2016-12-10","3.93","6.88","5.39","-288.0","-46.3687160042","-23.5043123056"
"30","2016-12-11","25.28","31.36","28.27","-288.0","-46.3687160042","-23.5043123056"
"30","2016-12-12","12.46","16.63","14.54","-288.0","-46.3687160042","-23.5043123056"
"30","2016-12-13","0.01","0.09","0.05","-288.0","-46.3687160042","-23.5043123056"
"30","2016-12-14","0.0","0.01","0.0","-288.0","-46.3687160042","-23.5043123056"
"30","2016-12-15","0.0","0.0","0.0","-287.0","-46.3687160042","-23.5043123056"
"30","2016-12-16","0.0","0.0","0.0","0.0","-46.3687160042","-23.5043123056"
"30","2016-12-17","","","","-1.0","-46.3687160042","-23.5043123056"
"30","2016-12-18","4.87","7.03","5.95","-288.0","-46.3687160042","-23.5043123056"
"30","2016-12-19","7.58","10.52","9.01","-288.0","-46.3687160042","-23.5043123056"
"30","2016-12-20","7.58","12.06","9.83","-288.0","-46.3687160042","-23.5043123056"
"30","2016-12-21","2.85","3.88","3.32","-288.0","-46.3687160042","-23.5043123056"
"30","2016-12-22","1.15","1.53","1.35","-288.0","-46.3687160042","-23.5043123056"
"30","2016-12-23","11.66","14.13","12.92","-288.0","-46.3687160042","-23.5043123056"
"30","2016-12-24","2.68","3.42","3.04","-288.0","-46.3687160042","-23.5043123056"
"30","2016-12-25","0.0","0.0","0.0","-288.0","-46.3687160042","-23.5043123056"
"30","2016-12-26","0.0","0.0","0.0","-288.0","-46.3687160042","-23.5043123056"
"30","2016-12-27","0.14","0.19","0.16","-288.0","-46.3687160042","-23.5043123056"
"30","2016-12-28","0.26","0.45","0.34","-288.0","-46.3687160042","-23.5043123056"
"30","2016-12-29","0.02","0.08","0.06","-288.0","-46.3687160042","-23.5043123056"
"30","2016-12-30","0.05","0.1","0.06","-288.0","-46.3687160042","-23.5043123056"
"30","2016-12-31","0.07","0.13","0.1","-287.0","-46.3687160042","-23.5043123056"
"30","2017-01-01","","","","-1.0","-46.3687160042","-23.5043123056"
"30","2017-01-02","22.67","34.36","28.52","-288.0","-46.3687160042","-23.5043123056"
"30","2017-01-03","8.41","10.63","9.51","-288.0","-46.3687160042","-23.5043123056"
"30","2017-01-04","0.54","0.74","0.64","-288.0","-46.3687160042","-23.5043123056"
"30","2017-01-05","0.24","0.32","0.29","-288.0","-46.3687160042","-23.5043123056"
"30","2017-01-06","1.75","1.99","1.89","-288.0","-46.3687160042","-23.5043123056"
"30","2017-01-07","21.57","27.53","24.52","-288.0","-46.3687160042","-23.5043123056"
"30","2017-01-08","24.4","27.26","25.86","-288.0","-46.3687160042","-23.5043123056"
"30","2017-01-09","8.32","12.1","10.22","-288.0","-46.3687160042","-23.5043123056"
"30","2017-01-10","4.13","5.22","4.64","-288.0","-46.3687160042","-23.5043123056"
"30","2017-01-11","7.1","9.28","8.18","-288.0","-46.3687160042","-23.5043123056"
"30","2017-01-12","4.87","6.55","5.68","-288.0","-46.3687160042","-23.5043123056"
"30","2017-01-13","0.73","1.1","0.92","-288.0","-46.3687160042","-23.5043123056"
"30","2017-01-14","0.03","0.03","0.03","-288.0","-46.3687160042","-23.5043123056"
"30","2017-01-15","0.35","0.49","0.4","-288.0","-46.3687160042","-23.5043123056"
"30","2017-01-16","20.94","30.31","25.6","-288.0","-46.3687160042","-23.5043123056"
"30","2017-01-17","27.26","35.67","31.44","-288.0","-46.3687160042","-23.5043123056"
"30","2017-01-18","24.31","30.41","27.41","-288.0","-46.3687160042","-23.5043123056"
"30","2017-01-19","12.38","15.32","13.88","-288.0","-46.3687160042","-23.5043123056"
"30","2017-01-20","20.83","24.68","22.79","-288.0","-46.3687160042","-23.5043123056"
"30","2017-01-21","31.27","39.42","35.42","-288.0","-46.3687160042","-23.5043123056"
"30","2017-01-22","15.29","19.23","17.23","-288.0","-46.3687160042","-23.5043123056"
"30","2017-01-23","3.46","5.3","4.39","-288.0","-46.3687160042","-23.5043123056"
"30","2017-01-24","1.37","2.11","1.72","-288.0","-46.3687160042","-23.5043123056"
"30","2017-01-25","3.96","5.45","4.7","-288.0","-46.3687160042","-23.5043123056"
"30","2017-01-26","13.63","16.44","15.02","-288.0","-46.3687160042","-23.5043123056"
"30","2017-01-27","7.04","10.49","8.79","-288.0","-46.3687160042","-23.5043123056"
"30","2017-01-28","0.0","0.01","0.0","-288.0","-46.3687160042","-23.5043123056"
"30","2017-01-29","0.01","0.06","0.03","-288.0","-46.3687160042","-23.5043123056"
"30","2017-01-30","2.09","2.58","2.35","-288.0","-46.3687160042","-23.5043123056"
"30","2017-01-31","0.4","0.55","0.47","-288.0","-46.3687160042","-23.5043123056"
"30","2017-02-01","28.76","39.36","34.07","-288.0","-46.3687160042","-23.5043123056"
"30","2017-02-02","1.63","2.17","1.93","-288.0","-46.3687160042","-23.5043123056"
"30","2017-02-03","2.84","3.41","3.13","-288.0","-46.3687160042","-23.5043123056"
"30","2017-02-04","21.83","27.03","24.39","-288.0","-46.3687160042","-23.5043123056"
"30","2017-02-05","0.0","0.0","0.0","-288.0","-46.3687160042","-23.5043123056"
"30","2017-02-06","16.78","22.96","19.83","-288.0","-46.3687160042","-23.5043123056"
"30","2017-02-07","2.42","2.97","2.7","-288.0","-46.3687160042","-23.5043123056"
"30","2017-02-08","0.0","0.0","0.0","-287.0","-46.3687160042","-23.5043123056"
"30","2017-02-09","0.0","0.0","0.0","0.0","-46.3687160042","-23.5043123056"
"30","2017-02-10","0.0","0.0","0.0","0.0","-46.3687160042","-23.5043123056"
"30","2017-02-11","0.0","0.0","0.0","0.0","-46.3687160042","-23.5043123056"
"30","2017-02-12","0.0","0.0","0.0","0.0","-46.3687160042","-23.5043123056"
"30","2017-02-13","0.0","0.0","0.0","0.0","-46.3687160042","-23.5043123056"
"30","2017-02-14","0.0","0.0","0.0","0.0","-46.3687160042","-23.5043123056"
"30","2017-02-15","0.0","0.0","0.0","0.0","-46.3687160042","-23.5043123056"
"30","2017-02-16","","","","-1.0","-46.3687160042","-23.5043123056"
"30","2017-02-17","0.0","0.0","0.0","-288.0","-46.3687160042","-23.5043123056"
"30","2017-02-18","0.0","0.0","0.0","-287.0","-46.3687160042","-23.5043123056"
"30","2017-02-19","0.0","0.0","0.0","0.0","-46.3687160042","-23.5043123056"
"30","2017-02-20","0.0","0.0","0.0","0.0","-46.3687160042","-23.5043123056"
"30","2017-02-21","","","","-1.0","-46.3687160042","-23.5043123056"
"30","2017-02-22","0.76","1.03","0.9","-288.0","-46.3687160042","-23.5043123056"
"30","2017-02-23","0.24","0.53","0.4","-288.0","-46.3687160042","-23.5043123056"
"30","2017-02-24","33.77","39.97","36.87","-288.0","-46.3687160042","-23.5043123056"
"30","2017-02-25","5.51","6.84","6.18","-288.0","-46.3687160042","-23.5043123056"
"30","2017-02-26","5.91","8.14","7.03","-288.0","-46.3687160042","-23.5043123056"
"30","2017-02-27","0.04","0.05","0.04","-288.0","-46.3687160042","-23.5043123056"
"30","2017-02-28","1.11","2.52","1.82","-288.0","-46.3687160042","-23.5043123056"
"30","2017-03-01","0.1","0.19","0.12","-288.0","-46.3687160042","-23.5043123056"
"30","2017-03-02","3.39","5.54","4.5","-288.0","-46.3687160042","-23.5043123056"
"30","2017-03-03","20.32","26.83","23.57","-288.0","-46.3687160042","-23.5043123056"
"30","2017-03-04","6.21","7.67","6.92","-288.0","-46.3687160042","-23.5043123056"
"30","2017-03-05","2.42","3.42","2.94","-288.0","-46.3687160042","-23.5043123056"
"30","2017-03-06","13.61","30.07","21.85","-288.0","-46.3687160042","-23.5043123056"
"30","2017-03-07","8.43","11.29","9.88","-288.0","-46.3687160042","-23.5043123056"
"30","2017-03-08","16.7","22.12","19.43","-288.0","-46.3687160042","-23.5043123056"
"30","2017-03-09","0.0","0.0","0.0","-288.0","-46.3687160042","-23.5043123056"
"30","2017-03-10","0.31","0.58","0.42","-288.0","-46.3687160042","-23.5043123056"
"30","2017-03-11","0.07","0.17","0.12","-288.0","-46.3687160042","-23.5043123056"
"30","2017-03-12","0.02","0.04","0.04","-288.0","-46.3687160042","-23.5043123056"
"30","2017-03-13","0.0","0.0","0.0","-288.0","-46.3687160042","-23.5043123056"
"30","2017-03-14","27.89","39.57","33.74","-288.0","-46.3687160042","-23.5043123056"
"30","2017-03-15","1.0","1.37","1.2","-288.0","-46.3687160042","-23.5043123056"
"30","2017-03-16","0.13","0.17","0.15","-288.0","-46.3687160042","-23.5043123056"
"30","2017-03-17","0.8","1.12","0.97","-288.0","-46.3687160042","-23.5043123056"
"30","2017-03-18","0.12","0.29","0.2","-288.0","-46.3687160042","-23.5043123056"
"30","2017-03-19","1.69","2.2","1.96","-288.0","-46.3687160042","-23.5043123056"
"30","2017-03-20","0.08","0.12","0.1","-287.0","-46.3687160042","-23.5043123056"
"30","2017-03-21","0.0","0.0","0.0","0.0","-46.3687160042","-23.5043123056"
"30","2017-03-22","0.0","0.0","0.0","0.0","-46.3687160042","-23.5043123056"
"30","2017-03-23","","","","-1.0","-46.3687160042","-23.5043123056"
"30","2017-03-24","0.0","0.0","0.0","-288.0","-46.3687160042","-23.5043123056"
"30","2017-03-25","0.38","0.48","0.41","-287.0","-46.3687160042","-23.5043123056"
"30","2017-03-26","","","","-1.0","-46.3687160042","-23.5043123056"
"30","2017-03-27","0.64","0.79","0.7","-288.0","-46.3687160042","-23.5043123056"
"30","2017-03-28","0.07","0.17","0.11","-288.0","-46.3687160042","-23.5043123056"
"30","2017-03-29","0.01","0.02","0.02","-287.0","-46.3687160042","-23.5043123056"
"30","2017-03-30","0.0","0.0","0.0","0.0","-46.3687160042","-23.5043123056"
"30","2017-03-31","0.0","0.0","0.0","0.0","-46.3687160042","-23.5043123056"
"30","2017-04-01","0.0","0.0","0.0","0.0","-46.3687160042","-23.5043123056"
"30","2017-04-02","0.0","0.0","0.0","0.0","-46.3687160042","-23.5043123056"
"30","2017-04-03","0.0","0.0","0.0","0.0","-46.3687160042","-23.5043123056"
"30","2017-04-04","","","","-1.0","-46.3687160042","-23.5043123056"
"30","2017-04-05","0.0","0.0","0.0","-288.0","-46.3687160042","-23.5043123056"
"30","2017-04-06","8.01","9.75","8.86","-288.0","-46.3687160042","-23.5043123056"
"30","2017-04-07","18.68","22.32","20.51","-288.0","-46.3687160042","-23.5043123056"
"30","2017-04-08","0.05","0.11","0.08","-287.0","-46.3687160042","-23.5043123056"
"30","2017-04-09","","","","-1.0","-46.3687160042","-23.5043123056"
"30","2017-04-10","0.01","0.02","0.02","-288.0","-46.3687160042","-23.5043123056"
"30","2017-04-11","0.0","0.02","0.01","-288.0","-46.3687160042","-23.5043123056"
"30","2017-04-12","0.15","0.28","0.21","-287.0","-46.3687160042","-23.5043123056"
"30","2017-04-13","0.0","0.0","0.0","0.0","-46.3687160042","-23.5043123056"
"30","2017-04-14","0.0","0.0","0.0","0.0","-46.3687160042","-23.5043123056"
"30","2017-04-15","0.0","0.0","0.0","0.0","-46.3687160042","-23.5043123056"
"30","2017-04-16","","","","-1.0","-46.3687160042","-23.5043123056"
"30","2017-04-17","0.22","0.29","0.25","-287.0","-46.3687160042","-23.5043123056"
"30","2017-04-18","0.0","0.0","0.0","0.0","-46.3687160042","-23.5043123056"
"30","2017-04-19","0.0","0.0","0.0","0.0","-46.3687160042","-23.5043123056"
"30","2017-04-20","","","","-1.0","-46.3687160042","-23.5043123056"
"30","2017-04-21","12.6","14.95","13.73","-288.0","-46.3687160042","-23.5043123056"
"30","2017-04-22","2.25","2.57","2.43","-287.0","-46.3687160042","-23.5043123056"
"30","2017-04-23","0.0","0.0","0.0","0.0","-46.3687160042","-23.5043123056"
"30","2017-04-24","0.0","0.0","0.0","0.0","-46.3687160042","-23.5043123056"
"30","2017-04-25","","","","-1.0","-46.3687160042","-23.5043123056"
"30","2017-04-26","11.32","13.79","12.55","-288.0","-46.3687160042","-23.5043123056"
"30","2017-04-27","1.67","1.89","1.79","-287.0","-46.3687160042","-23.5043123056"
"30","2017-04-28","0.0","0.0","0.0","0.0","-46.3687160042","-23.5043123056"
"30","2017-04-29","0.0","0.0","0.0","0.0","-46.3687160042","-23.5043123056"
"30","2017-04-30","0.0","0.0","0.0","0.0","-46.3687160042","-23.5043123056"
"30","2017-05-01","","","","-1.0","-46.3687160042","-23.5043123056"
"30","2017-05-02","0.01","0.02","0.01","-287.0","-46.3687160042","-23.5043123056"
"30","2017-05-03","0.0","0.0","0.0","0.0","-46.3687160042","-23.5043123056"
"30","2017-05-04","","","","-1.0","-46.3687160042","-23.5043123056"
"30","2017-05-05","3.78","4.4","4.07","-288.0","-46.3687160042","-23.5043123056"
"30","2017-05-06","4.48","5.83","5.12","-288.0","-46.3687160042","-23.5043123056"
"30","2017-05-07","0.0","0.01","0.0","-287.0","-46.3687160042","-23.5043123056"
"30","2017-05-08","0.0","0.0","0.0","0.0","-46.3687160042","-23.5043123056"
"30","2017-05-09","0.0","0.0","0.0","0.0","-46.3687160042","-23.5043123056"
"30","2017-05-10","0.0","0.0","0.0","0.0","-46.3687160042","-23.5043123056"
"30","2017-05-11","0.0","0.0","0.0","0.0","-46.3687160042","-23.5043123056"
"30","2017-05-12","0.0","0.0","0.0","0.0","-46.3687160042","-23.5043123056"
"30","2017-05-13","","","","-1.0","-46.3687160042","-23.5043123056"
"30","2017-05-14","0.39","0.51","0.47","-287.0","-46.3687160042","-23.5043123056"
"30","2017-05-15","0.0","0.0","0.0","0.0","-46.3687160042","-23.5043123056"
"30","2017-05-16","0.0","0.0","0.0","0.0","-46.3687160042","-23.5043123056"
"30","2017-05-17","","","","-1.0","-46.3687160042","-23.5043123056"
"30","2017-05-18","1.39","1.8","1.58","-288.0","-46.3687160042","-23.5043123056"
"30","2017-05-19","36.32","47.13","41.71","-288.0","-46.3687160042","-23.5043123056"
"30","2017-05-20","0.49","0.58","0.53","-288.0","-46.3687160042","-23.5043123056"
"30","2017-05-21","25.52","31.58","28.58","-288.0","-46.3687160042","-23.5043123056"
"30","2017-05-22","8.3","9.91","9.07","-287.0","-46.3687160042","-23.5043123056"
"30","2017-05-23","0.0","0.0","0.0","0.0","-46.3687160042","-23.5043123056"
"30","2017-05-24","0.0","0.0","0.0","0.0","-46.3687160042","-23.5043123056"
"30","2017-05-25","0.0","0.0","0.0","0.0","-46.3687160042","-23.5043123056"
"30","2017-05-26","0.0","0.0","0.0","0.0","-46.3687160042","-23.5043123056"
"30","2017-05-27","0.0","0.0","0.0","0.0","-46.3687160042","-23.5043123056"
"30","2017-05-28","0.0","0.0","0.0","0.0","-46.3687160042","-23.5043123056"
"30","2017-05-29","0.0","0.0","0.0","0.0","-46.3687160042","-23.5043123056"
"30","2017-05-30","0.0","0.0","0.0","0.0","-46.3687160042","-23.5043123056"
"30","2017-05-31","0.0","0.0","0.0","0.0","-46.3687160042","-23.5043123056"
"30","2017-06-01","0.0","0.0","0.0","0.0","-46.3687160042","-23.5043123056"
"30","2017-06-02","0.0","0.0","0.0","0.0","-46.3687160042","-23.5043123056"
"30","2017-06-03","0.0","0.0","0.0","0.0","-46.3687160042","-23.5043123056"
"30","2017-06-04","","","","-1.0","-46.3687160042","-23.5043123056"
"30","2017-06-05","35.58","43.38","39.51","-288.0","-46.3687160042","-23.5043123056"
"30","2017-06-06","29.56","34.6","32.09","-288.0","-46.3687160042","-23.5043123056"
"30","2017-06-07","11.4","14.46","12.95","-287.0","-46.3687160042","-23.5043123056"
"30","2017-06-08","","","","-1.0","-46.3687160042","-23.5043123056"
"30","2017-06-09","0.17","0.31","0.23","-288.0","-46.3687160042","-23.5043123056"
"30","2017-06-10","0.0","0.0","0.0","-287.0","-46.3687160042","-23.5043123056"
"30","2017-06-11","","","","-1.0","-46.3687160042","-23.5043123056"
"30","2017-06-12","0.0","0.0","0.0","-288.0","-46.3687160042","-23.5043123056"
"30","2017-06-13","23.76","30.44","27.12","-288.0","-46.3687160042","-23.5043123056"
"30","2017-06-14","1.74","2.35","2.04","-287.0","-46.3687160042","-23.5043123056"
"31","2016-10-31","","","","-1.0","-46.8214187809","-23.4116319529"
"31","2016-11-01","0.0","0.0","0.0","-288.0","-46.8214187809","-23.4116319529"
"31","2016-11-02","0.61","1.29","0.92","-288.0","-46.8214187809","-23.4116319529"
"31","2016-11-03","2.65","4.77","3.64","-288.0","-46.8214187809","-23.4116319529"
"31","2016-11-04","0.21","0.32","0.25","-288.0","-46.8214187809","-23.4116319529"
"31","2016-11-05","0.0","0.0","0.0","-288.0","-46.8214187809","-23.4116319529"
"31","2016-11-06","1.31","3.25","2.28","-288.0","-46.8214187809","-23.4116319529"
"31","2016-11-07","1.11","3.44","2.04","-288.0","-46.8214187809","-23.4116319529"
"31","2016-11-08","0.0","0.0","0.0","-288.0","-46.8214187809","-23.4116319529"
"31","2016-11-09","14.27","25.88","19.32","-288.0","-46.8214187809","-23.4116319529"
"31","2016-11-10","8.35","15.65","11.92","-288.0","-46.8214187809","-23.4116319529"
"31","2016-11-11","3.14","5.83","4.06","-288.0","-46.8214187809","-23.4116319529"
"31","2016-11-12","6.56","8.01","7.27","-288.0","-46.8214187809","-23.4116319529"
"31","2016-11-13","19.88","31.74","25.67","-288.0","-46.8214187809","-23.4116319529"
"31","2016-11-14","16.66","23.77","20.1","-287.0","-46.8214187809","-23.4116319529"
"31","2016-11-15","","","","-1.0","-46.8214187809","-23.4116319529"
"31","2016-11-16","0.39","0.76","0.57","-288.0","-46.8214187809","-23.4116319529"
"31","2016-11-17","5.43","14.39","9.41","-288.0","-46.8214187809","-23.4116319529"
"31","2016-11-18","0.17","0.28","0.22","-287.0","-46.8214187809","-23.4116319529"
"31","2016-11-19","0.0","0.0","0.0","0.0","-46.8214187809","-23.4116319529"
"31","2016-11-20","0.0","0.0","0.0","0.0","-46.8214187809","-23.4116319529"
"31","2016-11-21","0.0","0.0","0.0","0.0","-46.8214187809","-23.4116319529"
"31","2016-11-22","","","","-1.0","-46.8214187809","-23.4116319529"
"31","2016-11-23","14.41","26.62","20.68","-288.0","-46.8214187809","-23.4116319529"
"31","2016-11-24","0.0","0.0","0.0","-287.0","-46.8214187809","-23.4116319529"
"31","2016-11-25","0.0","0.0","0.0","0.0","-46.8214187809","-23.4116319529"
"31","2016-11-26","","","","-1.0","-46.8214187809","-23.4116319529"
"31","2016-11-27","11.3","17.66","14.59","-288.0","-46.8214187809","-23.4116319529"
"31","2016-11-28","0.09","0.35","0.15","-288.0","-46.8214187809","-23.4116319529"
"31","2016-11-29","4.68","8.23","6.38","-288.0","-46.8214187809","-23.4116319529"
"31","2016-11-30","0.0","0.0","0.0","-287.0","-46.8214187809","-23.4116319529"
"31","2016-12-01","0.0","0.0","0.0","0.0","-46.8214187809","-23.4116319529"
"31","2016-12-02","","","","-1.0","-46.8214187809","-23.4116319529"
"31","2016-12-03","12.44","23.69","17.26","-288.0","-46.8214187809","-23.4116319529"
"31","2016-12-04","5.46","11.51","8.37","-288.0","-46.8214187809","-23.4116319529"
"31","2016-12-05","0.26","0.75","0.47","-287.0","-46.8214187809","-23.4116319529"
"31","2016-12-06","","","","-1.0","-46.8214187809","-23.4116319529"
"31","2016-12-07","3.98","6.88","5.33","-288.0","-46.8214187809","-23.4116319529"
"31","2016-12-08","0.0","0.03","0.0","-288.0","-46.8214187809","-23.4116319529"
"31","2016-12-09","7.64","10.84","9.06","-288.0","-46.8214187809","-23.4116319529"
"31","2016-12-10","2.77","5.71","4.19","-288.0","-46.8214187809","-23.4116319529"
"31","2016-12-11","3.77","6.74","5.08","-288.0","-46.8214187809","-23.4116319529"
"31","2016-12-12","7.7","14.69","11.27","-288.0","-46.8214187809","-23.4116319529"
"31","2016-12-13","0.0","0.04","0.0","-288.0","-46.8214187809","-23.4116319529"
"31","2016-12-14","0.0","0.01","0.0","-288.0","-46.8214187809","-23.4116319529"
"31","2016-12-15","0.0","0.0","0.0","-287.0","-46.8214187809","-23.4116319529"
"31","2016-12-16","0.0","0.0","0.0","0.0","-46.8214187809","-23.4116319529"
"31","2016-12-17","","","","-1.0","-46.8214187809","-23.4116319529"
"31","2016-12-18","4.57","11.22","7.8","-288.0","-46.8214187809","-23.4116319529"
"31","2016-12-19","18.8","32.14","25.53","-288.0","-46.8214187809","-23.4116319529"
"31","2016-12-20","3.09","5.08","3.95","-288.0","-46.8214187809","-23.4116319529"
"31","2016-12-21","0.86","3.65","1.87","-288.0","-46.8214187809","-23.4116319529"
"31","2016-12-22","0.0","0.0","0.0","-288.0","-46.8214187809","-23.4116319529"
"31","2016-12-23","7.38","11.07","9.0","-288.0","-46.8214187809","-23.4116319529"
"31","2016-12-24","4.34","8.75","6.51","-288.0","-46.8214187809","-23.4116319529"
"31","2016-12-25","0.01","0.03","0.02","-288.0","-46.8214187809","-23.4116319529"
"31","2016-12-26","0.0","0.0","0.0","-288.0","-46.8214187809","-23.4116319529"
"31","2016-12-27","0.01","0.01","0.01","-288.0","-46.8214187809","-23.4116319529"
"31","2016-12-28","4.03","6.68","5.34","-288.0","-46.8214187809","-23.4116319529"
"31","2016-12-29","0.03","0.06","0.05","-288.0","-46.8214187809","-23.4116319529"
"31","2016-12-30","0.0","0.08","0.02","-288.0","-46.8214187809","-23.4116319529"
"31","2016-12-31","0.02","0.16","0.1","-287.0","-46.8214187809","-23.4116319529"
"31","2017-01-01","","","","-1.0","-46.8214187809","-23.4116319529"
"31","2017-01-02","5.17","9.23","7.05","-288.0","-46.8214187809","-23.4116319529"
"31","2017-01-03","3.81","6.15","4.98","-288.0","-46.8214187809","-23.4116319529"
"31","2017-01-04","0.0","0.0","0.0","-288.0","-46.8214187809","-23.4116319529"
"31","2017-01-05","0.09","0.29","0.19","-288.0","-46.8214187809","-23.4116319529"
"31","2017-01-06","4.4","9.7","6.63","-288.0","-46.8214187809","-23.4116319529"
"31","2017-01-07","0.64","1.01","0.78","-288.0","-46.8214187809","-23.4116319529"
"31","2017-01-08","0.02","0.1","0.07","-288.0","-46.8214187809","-23.4116319529"
"31","2017-01-09","21.24","49.9","33.53","-288.0","-46.8214187809","-23.4116319529"
"31","2017-01-10","6.76","12.83","9.42","-288.0","-46.8214187809","-23.4116319529"
"31","2017-01-11","9.0","14.09","11.47","-288.0","-46.8214187809","-23.4116319529"
"31","2017-01-12","1.88","3.89","2.75","-288.0","-46.8214187809","-23.4116319529"
"31","2017-01-13","0.2","0.41","0.27","-288.0","-46.8214187809","-23.4116319529"
"31","2017-01-14","0.59","4.37","2.01","-288.0","-46.8214187809","-23.4116319529"
"31","2017-01-15","4.3","9.75","6.73","-288.0","-46.8214187809","-23.4116319529"
"31","2017-01-16","21.7","50.35","34.46","-288.0","-46.8214187809","-23.4116319529"
"31","2017-01-17","23.68","35.85","29.95","-288.0","-46.8214187809","-23.4116319529"
"31","2017-01-18","24.49","48.0","35.26","-288.0","-46.8214187809","-23.4116319529"
"31","2017-01-19","11.93","18.25","14.97","-288.0","-46.8214187809","-23.4116319529"
"31","2017-01-20","19.15","28.72","23.9","-288.0","-46.8214187809","-23.4116319529"
"31","2017-01-21","26.58","55.44","39.11","-288.0","-46.8214187809","-23.4116319529"
"31","2017-01-22","8.79","14.73","11.6","-288.0","-46.8214187809","-23.4116319529"
"31","2017-01-23","1.38","2.27","1.82","-288.0","-46.8214187809","-23.4116319529"
"31","2017-01-24","6.74","10.47","8.45","-288.0","-46.8214187809","-23.4116319529"
"31","2017-01-25","0.58","1.5","0.93","-288.0","-46.8214187809","-23.4116319529"
"31","2017-01-26","16.42","29.97","22.19","-288.0","-46.8214187809","-23.4116319529"
"31","2017-01-27","6.15","12.03","9.16","-288.0","-46.8214187809","-23.4116319529"
"31","2017-01-28","0.03","0.11","0.07","-288.0","-46.8214187809","-23.4116319529"
"31","2017-01-29","0.09","0.27","0.18","-288.0","-46.8214187809","-23.4116319529"
"31","2017-01-30","5.2","15.06","9.68","-288.0","-46.8214187809","-23.4116319529"
"31","2017-01-31","5.3","10.2","7.82","-288.0","-46.8214187809","-23.4116319529"
"31","2017-02-01","38.01","71.92","54.57","-288.0","-46.8214187809","-23.4116319529"
"31","2017-02-02","6.34","11.0","8.54","-288.0","-46.8214187809","-23.4116319529"
"31","2017-02-03","4.55","9.51","7.07","-288.0","-46.8214187809","-23.4116319529"
"31","2017-02-04","15.05","24.01","19.43","-288.0","-46.8214187809","-23.4116319529"
"31","2017-02-05","0.06","0.09","0.08","-288.0","-46.8214187809","-23.4116319529"
"31","2017-02-06","6.58","10.55","8.45","-288.0","-46.8214187809","-23.4116319529"
"31","2017-02-07","0.24","0.67","0.43","-288.0","-46.8214187809","-23.4116319529"
"31","2017-02-08","0.0","0.0","0.0","-287.0","-46.8214187809","-23.4116319529"
"31","2017-02-09","0.0","0.0","0.0","0.0","-46.8214187809","-23.4116319529"
"31","2017-02-10","0.0","0.0","0.0","0.0","-46.8214187809","-23.4116319529"
"31","2017-02-11","0.0","0.0","0.0","0.0","-46.8214187809","-23.4116319529"
"31","2017-02-12","0.0","0.0","0.0","0.0","-46.8214187809","-23.4116319529"
"31","2017-02-13","0.0","0.0","0.0","0.0","-46.8214187809","-23.4116319529"
"31","2017-02-14","0.0","0.0","0.0","0.0","-46.8214187809","-23.4116319529"
"31","2017-02-15","0.0","0.0","0.0","0.0","-46.8214187809","-23.4116319529"
"31","2017-02-16","","","","-1.0","-46.8214187809","-23.4116319529"
"31","2017-02-17","0.45","1.3","0.77","-288.0","-46.8214187809","-23.4116319529"
"31","2017-02-18","0.0","0.0","0.0","-287.0","-46.8214187809","-23.4116319529"
"31","2017-02-19","0.0","0.0","0.0","0.0","-46.8214187809","-23.4116319529"
"31","2017-02-20","0.0","0.0","0.0","0.0","-46.8214187809","-23.4116319529"
"31","2017-02-21","","","","-1.0","-46.8214187809","-23.4116319529"
"31","2017-02-22","0.83","2.99","1.67","-288.0","-46.8214187809","-23.4116319529"
"31","2017-02-23","0.0","0.02","0.01","-288.0","-46.8214187809","-23.4116319529"
"31","2017-02-24","18.12","29.98","23.72","-288.0","-46.8214187809","-23.4116319529"
"31","2017-02-25","5.0","9.11","7.05","-288.0","-46.8214187809","-23.4116319529"
"31","2017-02-26","13.33","19.34","16.18","-288.0","-46.8214187809","-23.4116319529"
"31","2017-02-27","0.0","0.0","0.0","-288.0","-46.8214187809","-23.4116319529"
"31","2017-02-28","0.0","0.02","0.0","-288.0","-46.8214187809","-23.4116319529"
"31","2017-03-01","0.53","1.02","0.76","-288.0","-46.8214187809","-23.4116319529"
"31","2017-03-02","1.92","3.22","2.51","-288.0","-46.8214187809","-23.4116319529"
"31","2017-03-03","18.68","40.99","30.3","-288.0","-46.8214187809","-23.4116319529"
"31","2017-03-04","12.22","22.26","17.45","-288.0","-46.8214187809","-23.4116319529"
"31","2017-03-05","15.69","37.49","25.41","-288.0","-46.8214187809","-23.4116319529"
"31","2017-03-06","7.8","14.72","11.23","-288.0","-46.8214187809","-23.4116319529"
"31","2017-03-07","9.42","18.85","13.48","-288.0","-46.8214187809","-23.4116319529"
"31","2017-03-08","0.0","0.01","0.0","-288.0","-46.8214187809","-23.4116319529"
"31","2017-03-09","0.0","0.0","0.0","-288.0","-46.8214187809","-23.4116319529"
"31","2017-03-10","3.81","6.8","5.17","-288.0","-46.8214187809","-23.4116319529"
"31","2017-03-11","13.05","19.21","15.89","-288.0","-46.8214187809","-23.4116319529"
"31","2017-03-12","0.0","0.02","0.01","-288.0","-46.8214187809","-23.4116319529"
"31","2017-03-13","0.05","0.17","0.1","-288.0","-46.8214187809","-23.4116319529"
"31","2017-03-14","1.27","2.85","1.96","-288.0","-46.8214187809","-23.4116319529"
"31","2017-03-15","2.43","5.39","3.98","-288.0","-46.8214187809","-23.4116319529"
"31","2017-03-16","0.0","0.01","0.0","-288.0","-46.8214187809","-23.4116319529"
"31","2017-03-17","18.28","24.66","21.49","-288.0","-46.8214187809","-23.4116319529"
"31","2017-03-18","1.09","1.76","1.44","-288.0","-46.8214187809","-23.4116319529"
"31","2017-03-19","1.2","1.84","1.46","-288.0","-46.8214187809","-23.4116319529"
"31","2017-03-20","0.0","0.0","0.0","-287.0","-46.8214187809","-23.4116319529"
"31","2017-03-21","0.0","0.0","0.0","0.0","-46.8214187809","-23.4116319529"
"31","2017-03-22","0.0","0.0","0.0","0.0","-46.8214187809","-23.4116319529"
"31","2017-03-23","","","","-1.0","-46.8214187809","-23.4116319529"
"31","2017-03-24","0.0","0.0","0.0","-288.0","-46.8214187809","-23.4116319529"
"31","2017-03-25","2.42","3.86","3.09","-287.0","-46.8214187809","-23.4116319529"
"31","2017-03-26","","","","-1.0","-46.8214187809","-23.4116319529"
"31","2017-03-27","1.11","2.16","1.61","-288.0","-46.8214187809","-23.4116319529"
"31","2017-03-28","0.07","0.35","0.18","-288.0","-46.8214187809","-23.4116319529"
"31","2017-03-29","0.0","0.0","0.0","-287.0","-46.8214187809","-23.4116319529"
"31","2017-03-30","0.0","0.0","0.0","0.0","-46.8214187809","-23.4116319529"
"31","2017-03-31","0.0","0.0","0.0","0.0","-46.8214187809","-23.4116319529"
"31","2017-04-01","0.0","0.0","0.0","0.0","-46.8214187809","-23.4116319529"
"31","2017-04-02","0.0","0.0","0.0","0.0","-46.8214187809","-23.4116319529"
"31","2017-04-03","0.0","0.0","0.0","0.0","-46.8214187809","-23.4116319529"
"31","2017-04-04","","","","-1.0","-46.8214187809","-23.4116319529"
"31","2017-04-05","0.0","0.0","0.0","-288.0","-46.8214187809","-23.4116319529"
"31","2017-04-06","11.49","19.75","15.29","-288.0","-46.8214187809","-23.4116319529"
"31","2017-04-07","25.95","55.26","39.67","-288.0","-46.8214187809","-23.4116319529"
"31","2017-04-08","0.0","0.0","0.0","-287.0","-46.8214187809","-23.4116319529"
"31","2017-04-09","","","","-1.0","-46.8214187809","-23.4116319529"
"31","2017-04-10","0.0","0.01","0.0","-288.0","-46.8214187809","-23.4116319529"
"31","2017-04-11","0.0","0.0","0.0","-288.0","-46.8214187809","-23.4116319529"
"31","2017-04-12","0.0","0.01","0.01","-287.0","-46.8214187809","-23.4116319529"
"31","2017-04-13","0.0","0.0","0.0","0.0","-46.8214187809","-23.4116319529"
"31","2017-04-14","0.0","0.0","0.0","0.0","-46.8214187809","-23.4116319529"
"31","2017-04-15","0.0","0.0","0.0","0.0","-46.8214187809","-23.4116319529"
"31","2017-04-16","","","","-1.0","-46.8214187809","-23.4116319529"
"31","2017-04-17","0.13","0.21","0.17","-287.0","-46.8214187809","-23.4116319529"
"31","2017-04-18","0.0","0.0","0.0","0.0","-46.8214187809","-23.4116319529"
"31","2017-04-19","0.0","0.0","0.0","0.0","-46.8214187809","-23.4116319529"
"31","2017-04-20","","","","-1.0","-46.8214187809","-23.4116319529"
"31","2017-04-21","9.14","15.26","12.29","-288.0","-46.8214187809","-23.4116319529"
"31","2017-04-22","2.89","4.73","3.79","-287.0","-46.8214187809","-23.4116319529"
"31","2017-04-23","0.0","0.0","0.0","0.0","-46.8214187809","-23.4116319529"
"31","2017-04-24","0.0","0.0","0.0","0.0","-46.8214187809","-23.4116319529"
"31","2017-04-25","","","","-1.0","-46.8214187809","-23.4116319529"
"31","2017-04-26","14.21","22.68","17.97","-288.0","-46.8214187809","-23.4116319529"
"31","2017-04-27","2.55","3.41","2.96","-287.0","-46.8214187809","-23.4116319529"
"31","2017-04-28","0.0","0.0","0.0","0.0","-46.8214187809","-23.4116319529"
"31","2017-04-29","0.0","0.0","0.0","0.0","-46.8214187809","-23.4116319529"
"31","2017-04-30","0.0","0.0","0.0","0.0","-46.8214187809","-23.4116319529"
"31","2017-05-01","","","","-1.0","-46.8214187809","-23.4116319529"
"31","2017-05-02","0.08","0.23","0.15","-287.0","-46.8214187809","-23.4116319529"
"31","2017-05-03","0.0","0.0","0.0","0.0","-46.8214187809","-23.4116319529"
"31","2017-05-04","","","","-1.0","-46.8214187809","-23.4116319529"
"31","2017-05-05","6.45","13.06","9.66","-288.0","-46.8214187809","-23.4116319529"
"31","2017-05-06","4.92","9.02","6.98","-288.0","-46.8214187809","-23.4116319529"
"31","2017-05-07","0.0","0.0","0.0","-287.0","-46.8214187809","-23.4116319529"
"31","2017-05-08","0.0","0.0","0.0","0.0","-46.8214187809","-23.4116319529"
"31","2017-05-09","0.0","0.0","0.0","0.0","-46.8214187809","-23.4116319529"
"31","2017-05-10","0.0","0.0","0.0","0.0","-46.8214187809","-23.4116319529"
"31","2017-05-11","0.0","0.0","0.0","0.0","-46.8214187809","-23.4116319529"
"31","2017-05-12","0.0","0.0","0.0","0.0","-46.8214187809","-23.4116319529"
"31","2017-05-13","","","","-1.0","-46.8214187809","-23.4116319529"
"31","2017-05-14","0.52","0.94","0.77","-287.0","-46.8214187809","-23.4116319529"
"31","2017-05-15","0.0","0.0","0.0","0.0","-46.8214187809","-23.4116319529"
"31","2017-05-16","0.0","0.0","0.0","0.0","-46.8214187809","-23.4116319529"
"31","2017-05-17","","","","-1.0","-46.8214187809","-23.4116319529"
"31","2017-05-18","5.78","10.0","7.95","-288.0","-46.8214187809","-23.4116319529"
"31","2017-05-19","43.19","70.74","56.57","-288.0","-46.8214187809","-23.4116319529"
"31","2017-05-20","2.13","3.11","2.57","-288.0","-46.8214187809","-23.4116319529"
"31","2017-05-21","23.92","40.48","31.81","-288.0","-46.8214187809","-23.4116319529"
"31","2017-05-22","9.45","14.04","11.67","-287.0","-46.8214187809","-23.4116319529"
"31","2017-05-23","0.0","0.0","0.0","0.0","-46.8214187809","-23.4116319529"
"31","2017-05-24","0.0","0.0","0.0","0.0","-46.8214187809","-23.4116319529"
"31","2017-05-25","0.0","0.0","0.0","0.0","-46.8214187809","-23.4116319529"
"31","2017-05-26","0.0","0.0","0.0","0.0","-46.8214187809","-23.4116319529"
"31","2017-05-27","0.0","0.0","0.0","0.0","-46.8214187809","-23.4116319529"
"31","2017-05-28","0.0","0.0","0.0","0.0","-46.8214187809","-23.4116319529"
"31","2017-05-29","0.0","0.0","0.0","0.0","-46.8214187809","-23.4116319529"
"31","2017-05-30","0.0","0.0","0.0","0.0","-46.8214187809","-23.4116319529"
"31","2017-05-31","0.0","0.0","0.0","0.0","-46.8214187809","-23.4116319529"
"31","2017-06-01","0.0","0.0","0.0","0.0","-46.8214187809","-23.4116319529"
"31","2017-06-02","0.0","0.0","0.0","0.0","-46.8214187809","-23.4116319529"
"31","2017-06-03","0.0","0.0","0.0","0.0","-46.8214187809","-23.4116319529"
"31","2017-06-04","","","","-1.0","-46.8214187809","-23.4116319529"
"31","2017-06-05","33.98","55.08","44.62","-288.0","-46.8214187809","-23.4116319529"
"31","2017-06-06","30.14","50.82","40.6","-288.0","-46.8214187809","-23.4116319529"
"31","2017-06-07","12.39","25.85","18.68","-287.0","-46.8214187809","-23.4116319529"
"31","2017-06-08","","","","-1.0","-46.8214187809","-23.4116319529"
"31","2017-06-09","0.38","0.84","0.63","-288.0","-46.8214187809","-23.4116319529"
"31","2017-06-10","0.0","0.0","0.0","-287.0","-46.8214187809","-23.4116319529"
"31","2017-06-11","","","","-1.0","-46.8214187809","-23.4116319529"
"31","2017-06-12","0.0","0.0","0.0","-288.0","-46.8214187809","-23.4116319529"
"31","2017-06-13","26.78","50.8","38.01","-288.0","-46.8214187809","-23.4116319529"
"31","2017-06-14","1.59","2.63","2.07","-287.0","-46.8214187809","-23.4116319529"
"32","2016-10-31","","","","-1.0","-46.7670877316","-23.4187688114"
"32","2016-11-01","0.0","0.02","0.0","-288.0","-46.7670877316","-23.4187688114"
"32","2016-11-02","0.0","2.87","0.3","-288.0","-46.7670877316","-23.4187688114"
"32","2016-11-03","0.59","47.52","6.94","-288.0","-46.7670877316","-23.4187688114"
"32","2016-11-04","0.0","11.6","0.33","-288.0","-46.7670877316","-23.4187688114"
"32","2016-11-05","0.0","0.0","0.0","-288.0","-46.7670877316","-23.4187688114"
"32","2016-11-06","0.16","45.77","5.91","-288.0","-46.7670877316","-23.4187688114"
"32","2016-11-07","0.0","2.92","0.2","-288.0","-46.7670877316","-23.4187688114"
"32","2016-11-08","0.0","0.16","0.0","-288.0","-46.7670877316","-23.4187688114"
"32","2016-11-09","3.63","101.62","26.56","-288.0","-46.7670877316","-23.4187688114"
"32","2016-11-10","1.33","45.2","7.66","-288.0","-46.7670877316","-23.4187688114"
"32","2016-11-11","0.0","14.0","1.76","-288.0","-46.7670877316","-23.4187688114"
"32","2016-11-12","0.59","41.22","12.61","-288.0","-46.7670877316","-23.4187688114"
"32","2016-11-13","7.68","70.38","25.3","-288.0","-46.7670877316","-23.4187688114"
"32","2016-11-14","8.01","49.3","20.77","-287.0","-46.7670877316","-23.4187688114"
"32","2016-11-15","","","","-1.0","-46.7670877316","-23.4187688114"
"32","2016-11-16","0.02","14.2","1.34","-288.0","-46.7670877316","-23.4187688114"
"32","2016-11-17","0.39","50.0","6.78","-288.0","-46.7670877316","-23.4187688114"
"32","2016-11-18","0.0","3.25","0.19","-287.0","-46.7670877316","-23.4187688114"
"32","2016-11-19","0.0","0.0","0.0","0.0","-46.7670877316","-23.4187688114"
"32","2016-11-20","0.0","0.0","0.0","0.0","-46.7670877316","-23.4187688114"
"32","2016-11-21","0.0","0.0","0.0","0.0","-46.7670877316","-23.4187688114"
"32","2016-11-22","","","","-1.0","-46.7670877316","-23.4187688114"
"32","2016-11-23","3.33","65.57","15.82","-288.0","-46.7670877316","-23.4187688114"
"32","2016-11-24","0.0","0.05","0.0","-287.0","-46.7670877316","-23.4187688114"
"32","2016-11-25","0.0","0.0","0.0","0.0","-46.7670877316","-23.4187688114"
"32","2016-11-26","","","","-1.0","-46.7670877316","-23.4187688114"
"32","2016-11-27","0.29","54.25","5.0","-288.0","-46.7670877316","-23.4187688114"
"32","2016-11-28","0.0","11.23","0.66","-288.0","-46.7670877316","-23.4187688114"
"32","2016-11-29","1.63","59.37","9.48","-288.0","-46.7670877316","-23.4187688114"
"32","2016-11-30","0.0","0.0","0.0","-287.0","-46.7670877316","-23.4187688114"
"32","2016-12-01","0.0","0.0","0.0","0.0","-46.7670877316","-23.4187688114"
"32","2016-12-02","","","","-1.0","-46.7670877316","-23.4187688114"
"32","2016-12-03","3.18","78.01","20.18","-288.0","-46.7670877316","-23.4187688114"
"32","2016-12-04","1.12","36.89","9.93","-288.0","-46.7670877316","-23.4187688114"
"32","2016-12-05","0.0","9.36","0.81","-287.0","-46.7670877316","-23.4187688114"
"32","2016-12-06","","","","-1.0","-46.7670877316","-23.4187688114"
"32","2016-12-07","0.5","11.84","2.74","-288.0","-46.7670877316","-23.4187688114"
"32","2016-12-08","0.0","0.41","0.01","-288.0","-46.7670877316","-23.4187688114"
"32","2016-12-09","0.23","34.11","3.87","-288.0","-46.7670877316","-23.4187688114"
"32","2016-12-10","0.46","36.16","5.68","-288.0","-46.7670877316","-23.4187688114"
"32","2016-12-11","0.45","43.11","5.44","-288.0","-46.7670877316","-23.4187688114"
"32","2016-12-12","0.39","92.27","15.38","-288.0","-46.7670877316","-23.4187688114"
"32","2016-12-13","0.0","0.94","0.01","-288.0","-46.7670877316","-23.4187688114"
"32","2016-12-14","0.0","2.44","0.0","-288.0","-46.7670877316","-23.4187688114"
"32","2016-12-15","0.0","0.03","0.0","-287.0","-46.7670877316","-23.4187688114"
"32","2016-12-16","0.0","0.0","0.0","0.0","-46.7670877316","-23.4187688114"
"32","2016-12-17","","","","-1.0","-46.7670877316","-23.4187688114"
"32","2016-12-18","0.6","62.68","6.77","-288.0","-46.7670877316","-23.4187688114"
"32","2016-12-19","0.56","70.48","10.86","-288.0","-46.7670877316","-23.4187688114"
"32","2016-12-20","0.69","32.31","5.52","-288.0","-46.7670877316","-23.4187688114"
"32","2016-12-21","0.02","64.46","10.24","-288.0","-46.7670877316","-23.4187688114"
"32","2016-12-22","0.0","0.0","0.0","-288.0","-46.7670877316","-23.4187688114"
"32","2016-12-23","0.29","36.51","6.34","-288.0","-46.7670877316","-23.4187688114"
"32","2016-12-24","1.15","41.0","7.85","-288.0","-46.7670877316","-23.4187688114"
"32","2016-12-25","0.0","34.27","4.99","-288.0","-46.7670877316","-23.4187688114"
"32","2016-12-26","0.0","0.04","0.0","-288.0","-46.7670877316","-23.4187688114"
"32","2016-12-27","0.0","3.23","0.04","-288.0","-46.7670877316","-23.4187688114"
"32","2016-12-28","0.71","45.94","8.3","-288.0","-46.7670877316","-23.4187688114"
"32","2016-12-29","0.0","17.95","0.94","-288.0","-46.7670877316","-23.4187688114"
"32","2016-12-30","0.0","2.9","0.19","-288.0","-46.7670877316","-23.4187688114"
"32","2016-12-31","0.0","12.4","0.55","-287.0","-46.7670877316","-23.4187688114"
"32","2017-01-01","","","","-1.0","-46.7670877316","-23.4187688114"
"32","2017-01-02","2.19","31.99","8.54","-288.0","-46.7670877316","-23.4187688114"
"32","2017-01-03","1.75","44.08","8.65","-288.0","-46.7670877316","-23.4187688114"
"32","2017-01-04","0.0","0.95","0.17","-288.0","-46.7670877316","-23.4187688114"
"32","2017-01-05","0.0","2.11","0.16","-288.0","-46.7670877316","-23.4187688114"
"32","2017-01-06","0.12","26.5","4.35","-288.0","-46.7670877316","-23.4187688114"
"32","2017-01-07","0.25","143.27","19.22","-288.0","-46.7670877316","-23.4187688114"
"32","2017-01-08","0.0","2.05","0.01","-288.0","-46.7670877316","-23.4187688114"
"32","2017-01-09","0.82","116.44","16.58","-288.0","-46.7670877316","-23.4187688114"
"32","2017-01-10","2.99","31.75","10.53","-288.0","-46.7670877316","-23.4187688114"
"32","2017-01-11","0.16","58.32","7.15","-288.0","-46.7670877316","-23.4187688114"
"32","2017-01-12","0.23","87.47","10.84","-288.0","-46.7670877316","-23.4187688114"
"32","2017-01-13","0.01","5.02","0.9","-288.0","-46.7670877316","-23.4187688114"
"32","2017-01-14","0.04","68.61","7.3","-288.0","-46.7670877316","-23.4187688114"
"32","2017-01-15","0.69","98.25","15.92","-288.0","-46.7670877316","-23.4187688114"
"32","2017-01-16","2.73","152.16","23.98","-288.0","-46.7670877316","-23.4187688114"
"32","2017-01-17","8.09","101.51","32.27","-288.0","-46.7670877316","-23.4187688114"
"32","2017-01-18","4.95","169.1","34.51","-288.0","-46.7670877316","-23.4187688114"
"32","2017-01-19","3.08","56.76","16.46","-288.0","-46.7670877316","-23.4187688114"
"32","2017-01-20","5.04","119.5","26.28","-288.0","-46.7670877316","-23.4187688114"
"32","2017-01-21","4.2","244.2","41.23","-288.0","-46.7670877316","-23.4187688114"
"32","2017-01-22","2.52","38.87","12.73","-288.0","-46.7670877316","-23.4187688114"
"32","2017-01-23","0.21","10.52","1.67","-288.0","-46.7670877316","-23.4187688114"
"32","2017-01-24","0.21","52.51","12.45","-288.0","-46.7670877316","-23.4187688114"
"32","2017-01-25","0.01","23.55","3.74","-288.0","-46.7670877316","-23.4187688114"
"32","2017-01-26","5.93","64.06","22.39","-288.0","-46.7670877316","-23.4187688114"
"32","2017-01-27","1.0","65.72","14.27","-288.0","-46.7670877316","-23.4187688114"
"32","2017-01-28","0.0","3.44","0.2","-288.0","-46.7670877316","-23.4187688114"
"32","2017-01-29","0.0","3.08","0.07","-288.0","-46.7670877316","-23.4187688114"
"32","2017-01-30","0.58","139.5","27.5","-288.0","-46.7670877316","-23.4187688114"
"32","2017-01-31","1.24","22.11","4.94","-288.0","-46.7670877316","-23.4187688114"
"32","2017-02-01","5.34","151.82","40.49","-288.0","-46.7670877316","-23.4187688114"
"32","2017-02-02","1.2","40.7","8.2","-288.0","-46.7670877316","-23.4187688114"
"32","2017-02-03","0.51","49.59","8.93","-288.0","-46.7670877316","-23.4187688114"
"32","2017-02-04","0.86","121.36","22.93","-288.0","-46.7670877316","-23.4187688114"
"32","2017-02-05","0.0","1.7","0.04","-288.0","-46.7670877316","-23.4187688114"
"32","2017-02-06","1.43","65.37","16.42","-288.0","-46.7670877316","-23.4187688114"
"32","2017-02-07","0.0","23.74","4.45","-288.0","-46.7670877316","-23.4187688114"
"32","2017-02-08","0.0","0.0","0.0","-287.0","-46.7670877316","-23.4187688114"
"32","2017-02-09","0.0","0.0","0.0","0.0","-46.7670877316","-23.4187688114"
"32","2017-02-10","0.0","0.0","0.0","0.0","-46.7670877316","-23.4187688114"
"32","2017-02-11","0.0","0.0","0.0","0.0","-46.7670877316","-23.4187688114"
"32","2017-02-12","0.0","0.0","0.0","0.0","-46.7670877316","-23.4187688114"
"32","2017-02-13","0.0","0.0","0.0","0.0","-46.7670877316","-23.4187688114"
"32","2017-02-14","0.0","0.0","0.0","0.0","-46.7670877316","-23.4187688114"
"32","2017-02-15","0.0","0.0","0.0","0.0","-46.7670877316","-23.4187688114"
"32","2017-02-16","","","","-1.0","-46.7670877316","-23.4187688114"
"32","2017-02-17","0.0","2.04","0.03","-288.0","-46.7670877316","-23.4187688114"
"32","2017-02-18","0.0","0.0","0.0","-287.0","-46.7670877316","-23.4187688114"
"32","2017-02-19","0.0","0.0","0.0","0.0","-46.7670877316","-23.4187688114"
"32","2017-02-20","0.0","0.0","0.0","0.0","-46.7670877316","-23.4187688114"
"32","2017-02-21","","","","-1.0","-46.7670877316","-23.4187688114"
"32","2017-02-22","0.1","13.92","1.4","-288.0","-46.7670877316","-23.4187688114"
"32","2017-02-23","0.0","0.24","0.0","-288.0","-46.7670877316","-23.4187688114"
"32","2017-02-24","2.88","159.98","32.92","-288.0","-46.7670877316","-23.4187688114"
"32","2017-02-25","0.22","35.23","6.58","-288.0","-46.7670877316","-23.4187688114"
"32","2017-02-26","0.57","109.82","26.7","-288.0","-46.7670877316","-23.4187688114"
"32","2017-02-27","0.0","0.14","0.0","-288.0","-46.7670877316","-23.4187688114"
"32","2017-02-28","0.0","0.75","0.02","-288.0","-46.7670877316","-23.4187688114"
"32","2017-03-01","0.0","10.39","0.76","-288.0","-46.7670877316","-23.4187688114"
"32","2017-03-02","0.07","19.04","1.9","-288.0","-46.7670877316","-23.4187688114"
"32","2017-03-03","2.98","140.75","26.03","-288.0","-46.7670877316","-23.4187688114"
"32","2017-03-04","1.0","63.33","12.37","-288.0","-46.7670877316","-23.4187688114"
"32","2017-03-05","0.01","135.5","14.65","-288.0","-46.7670877316","-23.4187688114"
"32","2017-03-06","1.71","79.33","16.31","-288.0","-46.7670877316","-23.4187688114"
"32","2017-03-07","0.54","106.25","18.99","-288.0","-46.7670877316","-23.4187688114"
"32","2017-03-08","0.0","0.89","0.04","-288.0","-46.7670877316","-23.4187688114"
"32","2017-03-09","0.0","0.0","0.0","-288.0","-46.7670877316","-23.4187688114"
"32","2017-03-10","0.68","46.17","12.09","-288.0","-46.7670877316","-23.4187688114"
"32","2017-03-11","0.3","78.1","11.82","-288.0","-46.7670877316","-23.4187688114"
"32","2017-03-12","0.0","0.25","0.0","-288.0","-46.7670877316","-23.4187688114"
"32","2017-03-13","0.0","3.46","0.04","-288.0","-46.7670877316","-23.4187688114"
"32","2017-03-14","0.0","15.57","1.53","-288.0","-46.7670877316","-23.4187688114"
"32","2017-03-15","0.16","71.78","4.03","-288.0","-46.7670877316","-23.4187688114"
"32","2017-03-16","0.0","0.05","0.0","-288.0","-46.7670877316","-23.4187688114"
"32","2017-03-17","0.08","57.21","10.81","-288.0","-46.7670877316","-23.4187688114"
"32","2017-03-18","0.02","5.79","0.85","-288.0","-46.7670877316","-23.4187688114"
"32","2017-03-19","0.29","9.9","1.72","-288.0","-46.7670877316","-23.4187688114"
"32","2017-03-20","0.0","0.2","0.0","-287.0","-46.7670877316","-23.4187688114"
"32","2017-03-21","0.0","0.0","0.0","0.0","-46.7670877316","-23.4187688114"
"32","2017-03-22","0.0","0.0","0.0","0.0","-46.7670877316","-23.4187688114"
"32","2017-03-23","","","","-1.0","-46.7670877316","-23.4187688114"
"32","2017-03-24","0.0","48.95","4.13","-288.0","-46.7670877316","-23.4187688114"
"32","2017-03-25","0.11","27.07","4.71","-287.0","-46.7670877316","-23.4187688114"
"32","2017-03-26","","","","-1.0","-46.7670877316","-23.4187688114"
"32","2017-03-27","0.01","10.37","1.71","-288.0","-46.7670877316","-23.4187688114"
"32","2017-03-28","0.0","2.78","0.12","-288.0","-46.7670877316","-23.4187688114"
"32","2017-03-29","0.0","0.03","0.0","-287.0","-46.7670877316","-23.4187688114"
"32","2017-03-30","0.0","0.0","0.0","0.0","-46.7670877316","-23.4187688114"
"32","2017-03-31","0.0","0.0","0.0","0.0","-46.7670877316","-23.4187688114"
"32","2017-04-01","0.0","0.0","0.0","0.0","-46.7670877316","-23.4187688114"
"32","2017-04-02","0.0","0.0","0.0","0.0","-46.7670877316","-23.4187688114"
"32","2017-04-03","0.0","0.0","0.0","0.0","-46.7670877316","-23.4187688114"
"32","2017-04-04","","","","-1.0","-46.7670877316","-23.4187688114"
"32","2017-04-05","0.0","0.0","0.0","-288.0","-46.7670877316","-23.4187688114"
"32","2017-04-06","3.08","62.75","15.89","-288.0","-46.7670877316","-23.4187688114"
"32","2017-04-07","4.59","219.21","43.86","-288.0","-46.7670877316","-23.4187688114"
"32","2017-04-08","0.0","0.0","0.0","-287.0","-46.7670877316","-23.4187688114"
"32","2017-04-09","","","","-1.0","-46.7670877316","-23.4187688114"
"32","2017-04-10","0.0","57.54","5.86","-288.0","-46.7670877316","-23.4187688114"
"32","2017-04-11","0.0","0.02","0.0","-288.0","-46.7670877316","-23.4187688114"
"32","2017-04-12","0.0","0.57","0.02","-287.0","-46.7670877316","-23.4187688114"
"32","2017-04-13","0.0","0.0","0.0","0.0","-46.7670877316","-23.4187688114"
"32","2017-04-14","0.0","0.0","0.0","0.0","-46.7670877316","-23.4187688114"
"32","2017-04-15","0.0","0.0","0.0","0.0","-46.7670877316","-23.4187688114"
"32","2017-04-16","","","","-1.0","-46.7670877316","-23.4187688114"
"32","2017-04-17","0.01","5.23","0.39","-287.0","-46.7670877316","-23.4187688114"
"32","2017-04-18","0.0","0.0","0.0","0.0","-46.7670877316","-23.4187688114"
"32","2017-04-19","0.0","0.0","0.0","0.0","-46.7670877316","-23.4187688114"
"32","2017-04-20","","","","-1.0","-46.7670877316","-23.4187688114"
"32","2017-04-21","0.83","65.65","16.66","-288.0","-46.7670877316","-23.4187688114"
"32","2017-04-22","0.83","10.46","3.03","-287.0","-46.7670877316","-23.4187688114"
"32","2017-04-23","0.0","0.0","0.0","0.0","-46.7670877316","-23.4187688114"
"32","2017-04-24","0.0","0.0","0.0","0.0","-46.7670877316","-23.4187688114"
"32","2017-04-25","","","","-1.0","-46.7670877316","-23.4187688114"
"32","2017-04-26","3.06","56.04","15.46","-288.0","-46.7670877316","-23.4187688114"
"32","2017-04-27","0.78","8.32","3.1","-287.0","-46.7670877316","-23.4187688114"
"32","2017-04-28","0.0","0.0","0.0","0.0","-46.7670877316","-23.4187688114"
"32","2017-04-29","0.0","0.0","0.0","0.0","-46.7670877316","-23.4187688114"
"32","2017-04-30","0.0","0.0","0.0","0.0","-46.7670877316","-23.4187688114"
"32","2017-05-01","","","","-1.0","-46.7670877316","-23.4187688114"
"32","2017-05-02","0.0","5.08","0.11","-287.0","-46.7670877316","-23.4187688114"
"32","2017-05-03","0.0","0.0","0.0","0.0","-46.7670877316","-23.4187688114"
"32","2017-05-04","","","","-1.0","-46.7670877316","-23.4187688114"
"32","2017-05-05","1.3","46.38","11.35","-288.0","-46.7670877316","-23.4187688114"
"32","2017-05-06","0.84","21.14","4.74","-288.0","-46.7670877316","-23.4187688114"
"32","2017-05-07","0.0","0.24","0.0","-287.0","-46.7670877316","-23.4187688114"
"32","2017-05-08","0.0","0.0","0.0","0.0","-46.7670877316","-23.4187688114"
"32","2017-05-09","0.0","0.0","0.0","0.0","-46.7670877316","-23.4187688114"
"32","2017-05-10","0.0","0.0","0.0","0.0","-46.7670877316","-23.4187688114"
"32","2017-05-11","0.0","0.0","0.0","0.0","-46.7670877316","-23.4187688114"
"32","2017-05-12","0.0","0.0","0.0","0.0","-46.7670877316","-23.4187688114"
"32","2017-05-13","","","","-1.0","-46.7670877316","-23.4187688114"
"32","2017-05-14","0.06","2.57","0.62","-287.0","-46.7670877316","-23.4187688114"
"32","2017-05-15","0.0","0.0","0.0","0.0","-46.7670877316","-23.4187688114"
"32","2017-05-16","0.0","0.0","0.0","0.0","-46.7670877316","-23.4187688114"
"32","2017-05-17","","","","-1.0","-46.7670877316","-23.4187688114"
"32","2017-05-18","1.47","24.57","6.81","-288.0","-46.7670877316","-23.4187688114"
"32","2017-05-19","10.8","198.5","56.19","-288.0","-46.7670877316","-23.4187688114"
"32","2017-05-20","0.55","5.21","1.94","-288.0","-46.7670877316","-23.4187688114"
"32","2017-05-21","9.59","109.53","34.32","-288.0","-46.7670877316","-23.4187688114"
"32","2017-05-22","2.48","44.7","12.14","-287.0","-46.7670877316","-23.4187688114"
"32","2017-05-23","0.0","0.0","0.0","0.0","-46.7670877316","-23.4187688114"
"32","2017-05-24","0.0","0.0","0.0","0.0","-46.7670877316","-23.4187688114"
"32","2017-05-25","0.0","0.0","0.0","0.0","-46.7670877316","-23.4187688114"
"32","2017-05-26","0.0","0.0","0.0","0.0","-46.7670877316","-23.4187688114"
"32","2017-05-27","0.0","0.0","0.0","0.0","-46.7670877316","-23.4187688114"
"32","2017-05-28","0.0","0.0","0.0","0.0","-46.7670877316","-23.4187688114"
"32","2017-05-29","0.0","0.0","0.0","0.0","-46.7670877316","-23.4187688114"
"32","2017-05-30","0.0","0.0","0.0","0.0","-46.7670877316","-23.4187688114"
"32","2017-05-31","0.0","0.0","0.0","0.0","-46.7670877316","-23.4187688114"
"32","2017-06-01","0.0","0.0","0.0","0.0","-46.7670877316","-23.4187688114"
"32","2017-06-02","0.0","0.0","0.0","0.0","-46.7670877316","-23.4187688114"
"32","2017-06-03","0.0","0.0","0.0","0.0","-46.7670877316","-23.4187688114"
"32","2017-06-04","","","","-1.0","-46.7670877316","-23.4187688114"
"32","2017-06-05","10.38","141.18","45.25","-288.0","-46.7670877316","-23.4187688114"
"32","2017-06-06","10.29","140.26","40.26","-288.0","-46.7670877316","-23.4187688114"
"32","2017-06-07","3.24","74.38","23.7","-287.0","-46.7670877316","-23.4187688114"
"32","2017-06-08","","","","-1.0","-46.7670877316","-23.4187688114"
"32","2017-06-09","0.0","5.24","0.51","-288.0","-46.7670877316","-23.4187688114"
"32","2017-06-10","0.0","0.0","0.0","-287.0","-46.7670877316","-23.4187688114"
"32","2017-06-11","","","","-1.0","-46.7670877316","-23.4187688114"
"32","2017-06-12","0.0","0.19","0.0","-288.0","-46.7670877316","-23.4187688114"
"32","2017-06-13","5.09","109.02","27.07","-288.0","-46.7670877316","-23.4187688114"
"32","2017-06-14","0.4","14.32","2.64","-287.0","-46.7670877316","-23.4187688114"
"33","2016-10-31","","","","-1.0","-46.6764217722","-23.432414103"
"33","2016-11-01","0.0","0.02","0.0","-288.0","-46.6764217722","-23.432414103"
"33","2016-11-02","0.0","7.85","0.53","-288.0","-46.6764217722","-23.432414103"
"33","2016-11-03","1.57","45.03","10.75","-288.0","-46.6764217722","-23.432414103"
"33","2016-11-04","0.01","2.61","0.5","-288.0","-46.6764217722","-23.432414103"
"33","2016-11-05","0.0","0.0","0.0","-288.0","-46.6764217722","-23.432414103"
"33","2016-11-06","1.55","87.16","27.87","-288.0","-46.6764217722","-23.432414103"
"33","2016-11-07","0.0","8.62","0.81","-288.0","-46.6764217722","-23.432414103"
"33","2016-11-08","0.0","0.92","0.01","-288.0","-46.6764217722","-23.432414103"
"33","2016-11-09","4.29","104.6","34.78","-288.0","-46.6764217722","-23.432414103"
"33","2016-11-10","1.48","26.97","6.9","-288.0","-46.6764217722","-23.432414103"
"33","2016-11-11","0.0","0.36","0.0","-288.0","-46.6764217722","-23.432414103"
"33","2016-11-12","0.61","29.28","8.45","-288.0","-46.6764217722","-23.432414103"
"33","2016-11-13","6.07","55.91","21.38","-288.0","-46.6764217722","-23.432414103"
"33","2016-11-14","9.63","46.07","22.13","-287.0","-46.6764217722","-23.432414103"
"33","2016-11-15","","","","-1.0","-46.6764217722","-23.432414103"
"33","2016-11-16","0.07","29.55","5.71","-288.0","-46.6764217722","-23.432414103"
"33","2016-11-17","0.29","24.98","4.49","-288.0","-46.6764217722","-23.432414103"
"33","2016-11-18","0.0","1.1","0.22","-287.0","-46.6764217722","-23.432414103"
"33","2016-11-19","0.0","0.0","0.0","0.0","-46.6764217722","-23.432414103"
"33","2016-11-20","0.0","0.0","0.0","0.0","-46.6764217722","-23.432414103"
"33","2016-11-21","0.0","0.0","0.0","0.0","-46.6764217722","-23.432414103"
"33","2016-11-22","","","","-1.0","-46.6764217722","-23.432414103"
"33","2016-11-23","4.07","36.69","11.91","-288.0","-46.6764217722","-23.432414103"
"33","2016-11-24","0.0","0.01","0.0","-287.0","-46.6764217722","-23.432414103"
"33","2016-11-25","0.0","0.0","0.0","0.0","-46.6764217722","-23.432414103"
"33","2016-11-26","","","","-1.0","-46.6764217722","-23.432414103"
"33","2016-11-27","0.29","26.65","2.58","-288.0","-46.6764217722","-23.432414103"
"33","2016-11-28","0.0","4.37","0.34","-288.0","-46.6764217722","-23.432414103"
"33","2016-11-29","1.78","23.32","6.6","-288.0","-46.6764217722","-23.432414103"
"33","2016-11-30","0.0","0.24","0.0","-287.0","-46.6764217722","-23.432414103"
"33","2016-12-01","0.0","0.0","0.0","0.0","-46.6764217722","-23.432414103"
"33","2016-12-02","","","","-1.0","-46.6764217722","-23.432414103"
"33","2016-12-03","5.73","53.82","21.72","-288.0","-46.6764217722","-23.432414103"
"33","2016-12-04","1.88","26.14","8.51","-288.0","-46.6764217722","-23.432414103"
"33","2016-12-05","0.01","9.18","0.97","-287.0","-46.6764217722","-23.432414103"
"33","2016-12-06","","","","-1.0","-46.6764217722","-23.432414103"
"33","2016-12-07","0.14","5.63","1.28","-288.0","-46.6764217722","-23.432414103"
"33","2016-12-08","0.0","0.26","0.01","-288.0","-46.6764217722","-23.432414103"
"33","2016-12-09","0.38","7.95","1.83","-288.0","-46.6764217722","-23.432414103"
"33","2016-12-10","0.45","34.49","8.66","-288.0","-46.6764217722","-23.432414103"
"33","2016-12-11","0.92","15.26","4.47","-288.0","-46.6764217722","-23.432414103"
"33","2016-12-12","2.93","71.98","18.34","-288.0","-46.6764217722","-23.432414103"
"33","2016-12-13","0.0","0.26","0.0","-288.0","-46.6764217722","-23.432414103"
"33","2016-12-14","0.0","1.21","0.02","-288.0","-46.6764217722","-23.432414103"
"33","2016-12-15","0.0","0.0","0.0","-287.0","-46.6764217722","-23.432414103"
"33","2016-12-16","0.0","0.0","0.0","0.0","-46.6764217722","-23.432414103"
"33","2016-12-17","","","","-1.0","-46.6764217722","-23.432414103"
"33","2016-12-18","0.46","38.06","4.11","-288.0","-46.6764217722","-23.432414103"
"33","2016-12-19","0.17","19.11","3.5","-288.0","-46.6764217722","-23.432414103"
"33","2016-12-20","0.59","55.32","11.46","-288.0","-46.6764217722","-23.432414103"
"33","2016-12-21","1.01","46.62","12.98","-288.0","-46.6764217722","-23.432414103"
"33","2016-12-22","0.0","0.12","0.0","-288.0","-46.6764217722","-23.432414103"
"33","2016-12-23","0.72","22.93","4.87","-288.0","-46.6764217722","-23.432414103"
"33","2016-12-24","1.96","45.69","11.59","-288.0","-46.6764217722","-23.432414103"
"33","2016-12-25","0.0","30.53","1.53","-288.0","-46.6764217722","-23.432414103"
"33","2016-12-26","0.0","0.0","0.0","-288.0","-46.6764217722","-23.432414103"
"33","2016-12-27","0.0","0.16","0.0","-288.0","-46.6764217722","-23.432414103"
"33","2016-12-28","0.92","64.4","21.19","-288.0","-46.6764217722","-23.432414103"
"33","2016-12-29","0.0","27.28","5.8","-288.0","-46.6764217722","-23.432414103"
"33","2016-12-30","0.0","0.18","0.0","-288.0","-46.6764217722","-23.432414103"
"33","2016-12-31","0.0","5.76","0.34","-287.0","-46.6764217722","-23.432414103"
"33","2017-01-01","","","","-1.0","-46.6764217722","-23.432414103"
"33","2017-01-02","2.27","29.59","8.39","-288.0","-46.6764217722","-23.432414103"
"33","2017-01-03","3.04","105.29","21.14","-288.0","-46.6764217722","-23.432414103"
"33","2017-01-04","0.02","1.81","0.28","-288.0","-46.6764217722","-23.432414103"
"33","2017-01-05","0.0","0.8","0.02","-288.0","-46.6764217722","-23.432414103"
"33","2017-01-06","0.24","19.25","3.09","-288.0","-46.6764217722","-23.432414103"
"33","2017-01-07","2.59","88.99","22.17","-288.0","-46.6764217722","-23.432414103"
"33","2017-01-08","0.0","17.55","1.15","-288.0","-46.6764217722","-23.432414103"
"33","2017-01-09","3.61","110.22","42.76","-288.0","-46.6764217722","-23.432414103"
"33","2017-01-10","4.09","23.81","9.91","-288.0","-46.6764217722","-23.432414103"
"33","2017-01-11","0.69","32.88","4.8","-288.0","-46.6764217722","-23.432414103"
"33","2017-01-12","1.57","74.34","19.5","-288.0","-46.6764217722","-23.432414103"
"33","2017-01-13","0.13","9.15","1.99","-288.0","-46.6764217722","-23.432414103"
"33","2017-01-14","2.38","82.68","30.17","-288.0","-46.6764217722","-23.432414103"
"33","2017-01-15","0.05","29.27","7.08","-288.0","-46.6764217722","-23.432414103"
"33","2017-01-16","3.68","132.75","34.29","-288.0","-46.6764217722","-23.432414103"
"33","2017-01-17","9.02","97.63","31.44","-288.0","-46.6764217722","-23.432414103"
"33","2017-01-18","8.28","144.91","38.99","-288.0","-46.6764217722","-23.432414103"
"33","2017-01-19","3.34","47.62","15.78","-288.0","-46.6764217722","-23.432414103"
"33","2017-01-20","6.04","73.28","23.93","-288.0","-46.6764217722","-23.432414103"
"33","2017-01-21","7.16","223.45","56.62","-288.0","-46.6764217722","-23.432414103"
"33","2017-01-22","3.2","38.74","13.35","-288.0","-46.6764217722","-23.432414103"
"33","2017-01-23","0.08","22.37","3.75","-288.0","-46.6764217722","-23.432414103"
"33","2017-01-24","0.16","36.94","8.23","-288.0","-46.6764217722","-23.432414103"
"33","2017-01-25","0.29","21.32","4.22","-288.0","-46.6764217722","-23.432414103"
"33","2017-01-26","4.19","38.41","14.18","-288.0","-46.6764217722","-23.432414103"
"33","2017-01-27","0.78","59.71","14.38","-288.0","-46.6764217722","-23.432414103"
"33","2017-01-28","0.0","0.26","0.0","-288.0","-46.6764217722","-23.432414103"
"33","2017-01-29","0.0","0.75","0.01","-288.0","-46.6764217722","-23.432414103"
"33","2017-01-30","3.02","82.27","16.69","-288.0","-46.6764217722","-23.432414103"
"33","2017-01-31","0.8","41.18","6.21","-288.0","-46.6764217722","-23.432414103"
"33","2017-02-01","4.98","141.22","40.49","-288.0","-46.6764217722","-23.432414103"
"33","2017-02-02","1.19","28.27","5.24","-288.0","-46.6764217722","-23.432414103"
"33","2017-02-03","0.18","34.27","7.73","-288.0","-46.6764217722","-23.432414103"
"33","2017-02-04","2.09","69.14","16.94","-288.0","-46.6764217722","-23.432414103"
"33","2017-02-05","0.0","0.31","0.0","-288.0","-46.6764217722","-23.432414103"
"33","2017-02-06","1.98","55.93","11.46","-288.0","-46.6764217722","-23.432414103"
"33","2017-02-07","0.0","16.31","1.23","-288.0","-46.6764217722","-23.432414103"
"33","2017-02-08","0.0","0.0","0.0","-287.0","-46.6764217722","-23.432414103"
"33","2017-02-09","0.0","0.0","0.0","0.0","-46.6764217722","-23.432414103"
"33","2017-02-10","0.0","0.0","0.0","0.0","-46.6764217722","-23.432414103"
"33","2017-02-11","0.0","0.0","0.0","0.0","-46.6764217722","-23.432414103"
"33","2017-02-12","0.0","0.0","0.0","0.0","-46.6764217722","-23.432414103"
"33","2017-02-13","0.0","0.0","0.0","0.0","-46.6764217722","-23.432414103"
"33","2017-02-14","0.0","0.0","0.0","0.0","-46.6764217722","-23.432414103"
"33","2017-02-15","0.0","0.0","0.0","0.0","-46.6764217722","-23.432414103"
"33","2017-02-16","","","","-1.0","-46.6764217722","-23.432414103"
"33","2017-02-17","0.0","0.26","0.0","-288.0","-46.6764217722","-23.432414103"
"33","2017-02-18","0.0","0.0","0.0","-287.0","-46.6764217722","-23.432414103"
"33","2017-02-19","0.0","0.0","0.0","0.0","-46.6764217722","-23.432414103"
"33","2017-02-20","0.0","0.0","0.0","0.0","-46.6764217722","-23.432414103"
"33","2017-02-21","","","","-1.0","-46.6764217722","-23.432414103"
"33","2017-02-22","0.01","5.22","1.06","-288.0","-46.6764217722","-23.432414103"
"33","2017-02-23","0.0","0.0","0.0","-288.0","-46.6764217722","-23.432414103"
"33","2017-02-24","4.57","85.11","21.69","-288.0","-46.6764217722","-23.432414103"
"33","2017-02-25","0.29","21.5","4.47","-288.0","-46.6764217722","-23.432414103"
"33","2017-02-26","0.75","63.68","14.53","-288.0","-46.6764217722","-23.432414103"
"33","2017-02-27","0.0","13.24","1.09","-288.0","-46.6764217722","-23.432414103"
"33","2017-02-28","0.0","3.57","0.04","-288.0","-46.6764217722","-23.432414103"
"33","2017-03-01","0.0","1.37","0.11","-288.0","-46.6764217722","-23.432414103"
"33","2017-03-02","0.02","23.64","1.23","-288.0","-46.6764217722","-23.432414103"
"33","2017-03-03","3.12","92.71","21.69","-288.0","-46.6764217722","-23.432414103"
"33","2017-03-04","0.47","36.6","7.48","-288.0","-46.6764217722","-23.432414103"
"33","2017-03-05","0.2","45.38","6.75","-288.0","-46.6764217722","-23.432414103"
"33","2017-03-06","2.41","72.59","15.38","-288.0","-46.6764217722","-23.432414103"
"33","2017-03-07","0.4","132.67","36.29","-288.0","-46.6764217722","-23.432414103"
"33","2017-03-08","0.0","1.45","0.15","-288.0","-46.6764217722","-23.432414103"
"33","2017-03-09","0.0","0.0","0.0","-288.0","-46.6764217722","-23.432414103"
"33","2017-03-10","3.03","60.75","27.06","-288.0","-46.6764217722","-23.432414103"
"33","2017-03-11","0.12","26.08","8.33","-288.0","-46.6764217722","-23.432414103"
"33","2017-03-12","0.0","0.08","0.0","-288.0","-46.6764217722","-23.432414103"
"33","2017-03-13","0.0","0.39","0.03","-288.0","-46.6764217722","-23.432414103"
"33","2017-03-14","0.14","22.05","2.98","-288.0","-46.6764217722","-23.432414103"
"33","2017-03-15","0.18","8.17","1.74","-288.0","-46.6764217722","-23.432414103"
"33","2017-03-16","0.0","0.48","0.0","-288.0","-46.6764217722","-23.432414103"
"33","2017-03-17","0.01","24.8","2.57","-288.0","-46.6764217722","-23.432414103"
"33","2017-03-18","0.01","2.89","0.55","-288.0","-46.6764217722","-23.432414103"
"33","2017-03-19","0.14","5.76","1.27","-288.0","-46.6764217722","-23.432414103"
"33","2017-03-20","0.0","0.02","0.0","-287.0","-46.6764217722","-23.432414103"
"33","2017-03-21","0.0","0.0","0.0","0.0","-46.6764217722","-23.432414103"
"33","2017-03-22","0.0","0.0","0.0","0.0","-46.6764217722","-23.432414103"
"33","2017-03-23","","","","-1.0","-46.6764217722","-23.432414103"
"33","2017-03-24","0.44","36.06","8.88","-288.0","-46.6764217722","-23.432414103"
"33","2017-03-25","0.15","27.94","4.42","-287.0","-46.6764217722","-23.432414103"
"33","2017-03-26","","","","-1.0","-46.6764217722","-23.432414103"
"33","2017-03-27","0.04","8.16","1.37","-288.0","-46.6764217722","-23.432414103"
"33","2017-03-28","0.0","0.84","0.08","-288.0","-46.6764217722","-23.432414103"
"33","2017-03-29","0.0","0.0","0.0","-287.0","-46.6764217722","-23.432414103"
"33","2017-03-30","0.0","0.0","0.0","0.0","-46.6764217722","-23.432414103"
"33","2017-03-31","0.0","0.0","0.0","0.0","-46.6764217722","-23.432414103"
"33","2017-04-01","0.0","0.0","0.0","0.0","-46.6764217722","-23.432414103"
"33","2017-04-02","0.0","0.0","0.0","0.0","-46.6764217722","-23.432414103"
"33","2017-04-03","0.0","0.0","0.0","0.0","-46.6764217722","-23.432414103"
"33","2017-04-04","","","","-1.0","-46.6764217722","-23.432414103"
"33","2017-04-05","0.0","0.0","0.0","-288.0","-46.6764217722","-23.432414103"
"33","2017-04-06","2.9","37.68","12.6","-288.0","-46.6764217722","-23.432414103"
"33","2017-04-07","7.08","145.84","47.1","-288.0","-46.6764217722","-23.432414103"
"33","2017-04-08","0.0","0.0","0.0","-287.0","-46.6764217722","-23.432414103"
"33","2017-04-09","","","","-1.0","-46.6764217722","-23.432414103"
"33","2017-04-10","0.48","79.1","17.29","-288.0","-46.6764217722","-23.432414103"
"33","2017-04-11","0.0","0.01","0.0","-288.0","-46.6764217722","-23.432414103"
"33","2017-04-12","0.01","1.61","0.17","-287.0","-46.6764217722","-23.432414103"
"33","2017-04-13","0.0","0.0","0.0","0.0","-46.6764217722","-23.432414103"
"33","2017-04-14","0.0","0.0","0.0","0.0","-46.6764217722","-23.432414103"
"33","2017-04-15","0.0","0.0","0.0","0.0","-46.6764217722","-23.432414103"
"33","2017-04-16","","","","-1.0","-46.6764217722","-23.432414103"
"33","2017-04-17","0.01","4.79","0.48","-287.0","-46.6764217722","-23.432414103"
"33","2017-04-18","0.0","0.0","0.0","0.0","-46.6764217722","-23.432414103"
"33","2017-04-19","0.0","0.0","0.0","0.0","-46.6764217722","-23.432414103"
"33","2017-04-20","","","","-1.0","-46.6764217722","-23.432414103"
"33","2017-04-21","3.09","41.15","15.61","-288.0","-46.6764217722","-23.432414103"
"33","2017-04-22","0.71","6.39","2.57","-287.0","-46.6764217722","-23.432414103"
"33","2017-04-23","0.0","0.0","0.0","0.0","-46.6764217722","-23.432414103"
"33","2017-04-24","0.0","0.0","0.0","0.0","-46.6764217722","-23.432414103"
"33","2017-04-25","","","","-1.0","-46.6764217722","-23.432414103"
"33","2017-04-26","3.87","32.73","13.08","-288.0","-46.6764217722","-23.432414103"
"33","2017-04-27","1.27","7.0","3.28","-287.0","-46.6764217722","-23.432414103"
"33","2017-04-28","0.0","0.0","0.0","0.0","-46.6764217722","-23.432414103"
"33","2017-04-29","0.0","0.0","0.0","0.0","-46.6764217722","-23.432414103"
"33","2017-04-30","0.0","0.0","0.0","0.0","-46.6764217722","-23.432414103"
"33","2017-05-01","","","","-1.0","-46.6764217722","-23.432414103"
"33","2017-05-02","0.0","0.08","0.01","-287.0","-46.6764217722","-23.432414103"
"33","2017-05-03","0.0","0.0","0.0","0.0","-46.6764217722","-23.432414103"
"33","2017-05-04","","","","-1.0","-46.6764217722","-23.432414103"
"33","2017-05-05","3.02","43.93","15.14","-288.0","-46.6764217722","-23.432414103"
"33","2017-05-06","1.54","21.46","6.65","-288.0","-46.6764217722","-23.432414103"
"33","2017-05-07","0.0","0.07","0.0","-287.0","-46.6764217722","-23.432414103"
"33","2017-05-08","0.0","0.0","0.0","0.0","-46.6764217722","-23.432414103"
"33","2017-05-09","0.0","0.0","0.0","0.0","-46.6764217722","-23.432414103"
"33","2017-05-10","0.0","0.0","0.0","0.0","-46.6764217722","-23.432414103"
"33","2017-05-11","0.0","0.0","0.0","0.0","-46.6764217722","-23.432414103"
"33","2017-05-12","0.0","0.0","0.0","0.0","-46.6764217722","-23.432414103"
"33","2017-05-13","","","","-1.0","-46.6764217722","-23.432414103"
"33","2017-05-14","0.04","1.27","0.31","-287.0","-46.6764217722","-23.432414103"
"33","2017-05-15","0.0","0.0","0.0","0.0","-46.6764217722","-23.432414103"
"33","2017-05-16","0.0","0.0","0.0","0.0","-46.6764217722","-23.432414103"
"33","2017-05-17","","","","-1.0","-46.6764217722","-23.432414103"
"33","2017-05-18","1.17","14.13","4.95","-288.0","-46.6764217722","-23.432414103"
"33","2017-05-19","12.32","151.77","49.16","-288.0","-46.6764217722","-23.432414103"
"33","2017-05-20","0.38","3.57","1.35","-288.0","-46.6764217722","-23.432414103"
"33","2017-05-21","10.2","87.74","32.22","-288.0","-46.6764217722","-23.432414103"
"33","2017-05-22","2.8","39.84","12.94","-287.0","-46.6764217722","-23.432414103"
"33","2017-05-23","0.0","0.0","0.0","0.0","-46.6764217722","-23.432414103"
"33","2017-05-24","0.0","0.0","0.0","0.0","-46.6764217722","-23.432414103"
"33","2017-05-25","0.0","0.0","0.0","0.0","-46.6764217722","-23.432414103"
"33","2017-05-26","0.0","0.0","0.0","0.0","-46.6764217722","-23.432414103"
"33","2017-05-27","0.0","0.0","0.0","0.0","-46.6764217722","-23.432414103"
"33","2017-05-28","0.0","0.0","0.0","0.0","-46.6764217722","-23.432414103"
"33","2017-05-29","0.0","0.0","0.0","0.0","-46.6764217722","-23.432414103"
"33","2017-05-30","0.0","0.0","0.0","0.0","-46.6764217722","-23.432414103"
"33","2017-05-31","0.0","0.0","0.0","0.0","-46.6764217722","-23.432414103"
"33","2017-06-01","0.0","0.0","0.0","0.0","-46.6764217722","-23.432414103"
"33","2017-06-02","0.0","0.0","0.0","0.0","-46.6764217722","-23.432414103"
"33","2017-06-03","0.0","0.0","0.0","0.0","-46.6764217722","-23.432414103"
"33","2017-06-04","","","","-1.0","-46.6764217722","-23.432414103"
"33","2017-06-05","11.21","126.89","42.86","-288.0","-46.6764217722","-23.432414103"
"33","2017-06-06","11.35","108.93","36.71","-288.0","-46.6764217722","-23.432414103"
"33","2017-06-07","3.71","68.94","20.83","-287.0","-46.6764217722","-23.432414103"
"33","2017-06-08","","","","-1.0","-46.6764217722","-23.432414103"
"33","2017-06-09","0.0","2.39","0.3","-288.0","-46.6764217722","-23.432414103"
"33","2017-06-10","0.0","0.0","0.0","-287.0","-46.6764217722","-23.432414103"
"33","2017-06-11","","","","-1.0","-46.6764217722","-23.432414103"
"33","2017-06-12","0.0","0.41","0.01","-288.0","-46.6764217722","-23.432414103"
"33","2017-06-13","6.01","87.54","25.97","-288.0","-46.6764217722","-23.432414103"
"33","2017-06-14","0.51","12.22","2.77","-287.0","-46.6764217722","-23.432414103"
"34","2016-10-31","","","","-1.0","-46.5802460632","-23.4086777398"
"34","2016-11-01","0.0","0.06","0.0","-288.0","-46.5802460632","-23.4086777398"
"34","2016-11-02","0.0","20.59","1.63","-288.0","-46.5802460632","-23.4086777398"
"34","2016-11-03","1.09","41.97","8.28","-288.0","-46.5802460632","-23.4086777398"
"34","2016-11-04","0.08","3.89","0.95","-288.0","-46.5802460632","-23.4086777398"
"34","2016-11-05","0.0","0.0","0.0","-288.0","-46.5802460632","-23.4086777398"
"34","2016-11-06","2.52","110.39","32.74","-288.0","-46.5802460632","-23.4086777398"
"34","2016-11-07","0.0","45.01","8.43","-288.0","-46.5802460632","-23.4086777398"
"34","2016-11-08","0.0","0.73","0.0","-288.0","-46.5802460632","-23.4086777398"
"34","2016-11-09","3.2","78.92","21.99","-288.0","-46.5802460632","-23.4086777398"
"34","2016-11-10","1.25","30.72","6.48","-288.0","-46.5802460632","-23.4086777398"
"34","2016-11-11","0.0","0.7","0.0","-288.0","-46.5802460632","-23.4086777398"
"34","2016-11-12","0.61","25.4","5.51","-288.0","-46.5802460632","-23.4086777398"
"34","2016-11-13","5.5","54.14","20.79","-288.0","-46.5802460632","-23.4086777398"
"34","2016-11-14","8.29","49.25","22.9","-287.0","-46.5802460632","-23.4086777398"
"34","2016-11-15","","","","-1.0","-46.5802460632","-23.4086777398"
"34","2016-11-16","1.17","50.04","13.68","-288.0","-46.5802460632","-23.4086777398"
"34","2016-11-17","0.36","44.55","4.33","-288.0","-46.5802460632","-23.4086777398"
"34","2016-11-18","0.0","0.63","0.02","-287.0","-46.5802460632","-23.4086777398"
"34","2016-11-19","0.0","0.0","0.0","0.0","-46.5802460632","-23.4086777398"
"34","2016-11-20","0.0","0.0","0.0","0.0","-46.5802460632","-23.4086777398"
"34","2016-11-21","0.0","0.0","0.0","0.0","-46.5802460632","-23.4086777398"
"34","2016-11-22","","","","-1.0","-46.5802460632","-23.4086777398"
"34","2016-11-23","2.67","42.74","11.73","-288.0","-46.5802460632","-23.4086777398"
"34","2016-11-24","0.0","0.02","0.0","-287.0","-46.5802460632","-23.4086777398"
"34","2016-11-25","0.0","0.0","0.0","0.0","-46.5802460632","-23.4086777398"
"34","2016-11-26","","","","-1.0","-46.5802460632","-23.4086777398"
"34","2016-11-27","0.28","45.45","5.87","-288.0","-46.5802460632","-23.4086777398"
"34","2016-11-28","0.0","3.1","0.26","-288.0","-46.5802460632","-23.4086777398"
"34","2016-11-29","1.0","82.46","13.09","-288.0","-46.5802460632","-23.4086777398"
"34","2016-11-30","0.0","0.0","0.0","-287.0","-46.5802460632","-23.4086777398"
"34","2016-12-01","0.0","0.0","0.0","0.0","-46.5802460632","-23.4086777398"
"34","2016-12-02","","","","-1.0","-46.5802460632","-23.4086777398"
"34","2016-12-03","3.29","58.04","17.15","-288.0","-46.5802460632","-23.4086777398"
"34","2016-12-04","0.98","31.73","5.7","-288.0","-46.5802460632","-23.4086777398"
"34","2016-12-05","0.0","5.95","0.44","-287.0","-46.5802460632","-23.4086777398"
"34","2016-12-06","","","","-1.0","-46.5802460632","-23.4086777398"
"34","2016-12-07","0.12","23.9","3.68","-288.0","-46.5802460632","-23.4086777398"
"34","2016-12-08","0.0","6.96","0.38","-288.0","-46.5802460632","-23.4086777398"
"34","2016-12-09","0.45","15.25","3.07","-288.0","-46.5802460632","-23.4086777398"
"34","2016-12-10","0.34","27.03","4.16","-288.0","-46.5802460632","-23.4086777398"
"34","2016-12-11","0.29","37.1","4.52","-288.0","-46.5802460632","-23.4086777398"
"34","2016-12-12","1.2","79.23","15.71","-288.0","-46.5802460632","-23.4086777398"
"34","2016-12-13","0.0","0.41","0.0","-288.0","-46.5802460632","-23.4086777398"
"34","2016-12-14","0.0","0.39","0.0","-288.0","-46.5802460632","-23.4086777398"
"34","2016-12-15","0.0","0.0","0.0","-287.0","-46.5802460632","-23.4086777398"
"34","2016-12-16","0.0","0.0","0.0","0.0","-46.5802460632","-23.4086777398"
"34","2016-12-17","","","","-1.0","-46.5802460632","-23.4086777398"
"34","2016-12-18","0.53","82.17","15.05","-288.0","-46.5802460632","-23.4086777398"
"34","2016-12-19","0.1","21.92","2.64","-288.0","-46.5802460632","-23.4086777398"
"34","2016-12-20","1.44","87.82","19.68","-288.0","-46.5802460632","-23.4086777398"
"34","2016-12-21","0.01","23.36","2.42","-288.0","-46.5802460632","-23.4086777398"
"34","2016-12-22","0.0","6.3","0.45","-288.0","-46.5802460632","-23.4086777398"
"34","2016-12-23","1.23","64.2","16.88","-288.0","-46.5802460632","-23.4086777398"
"34","2016-12-24","0.69","25.88","5.43","-288.0","-46.5802460632","-23.4086777398"
"34","2016-12-25","0.0","1.95","0.05","-288.0","-46.5802460632","-23.4086777398"
"34","2016-12-26","0.0","0.0","0.0","-288.0","-46.5802460632","-23.4086777398"
"34","2016-12-27","0.0","0.91","0.08","-288.0","-46.5802460632","-23.4086777398"
"34","2016-12-28","0.79","99.63","24.03","-288.0","-46.5802460632","-23.4086777398"
"34","2016-12-29","0.0","5.2","0.26","-288.0","-46.5802460632","-23.4086777398"
"34","2016-12-30","0.0","0.39","0.0","-288.0","-46.5802460632","-23.4086777398"
"34","2016-12-31","0.0","0.17","0.0","-287.0","-46.5802460632","-23.4086777398"
"34","2017-01-01","","","","-1.0","-46.5802460632","-23.4086777398"
"34","2017-01-02","0.74","35.12","6.41","-288.0","-46.5802460632","-23.4086777398"
"34","2017-01-03","3.29","152.98","48.13","-288.0","-46.5802460632","-23.4086777398"
"34","2017-01-04","0.12","3.35","0.94","-288.0","-46.5802460632","-23.4086777398"
"34","2017-01-05","0.02","9.57","1.19","-288.0","-46.5802460632","-23.4086777398"
"34","2017-01-06","0.47","70.99","13.77","-288.0","-46.5802460632","-23.4086777398"
"34","2017-01-07","0.78","68.12","14.31","-288.0","-46.5802460632","-23.4086777398"
"34","2017-01-08","0.0","27.86","1.83","-288.0","-46.5802460632","-23.4086777398"
"34","2017-01-09","2.62","106.02","36.25","-288.0","-46.5802460632","-23.4086777398"
"34","2017-01-10","2.84","54.88","13.45","-288.0","-46.5802460632","-23.4086777398"
"34","2017-01-11","0.67","180.5","36.55","-288.0","-46.5802460632","-23.4086777398"
"34","2017-01-12","0.44","145.18","29.5","-288.0","-46.5802460632","-23.4086777398"
"34","2017-01-13","0.02","50.43","7.44","-288.0","-46.5802460632","-23.4086777398"
"34","2017-01-14","0.14","65.01","8.81","-288.0","-46.5802460632","-23.4086777398"
"34","2017-01-15","0.0","31.59","1.86","-288.0","-46.5802460632","-23.4086777398"
"34","2017-01-16","3.78","210.31","51.93","-288.0","-46.5802460632","-23.4086777398"
"34","2017-01-17","7.84","126.05","41.45","-288.0","-46.5802460632","-23.4086777398"
"34","2017-01-18","7.0","140.79","39.97","-288.0","-46.5802460632","-23.4086777398"
"34","2017-01-19","2.4","49.46","12.31","-288.0","-46.5802460632","-23.4086777398"
"34","2017-01-20","5.2","70.4","21.76","-288.0","-46.5802460632","-23.4086777398"
"34","2017-01-21","6.01","290.47","65.12","-288.0","-46.5802460632","-23.4086777398"
"34","2017-01-22","2.15","43.46","12.53","-288.0","-46.5802460632","-23.4086777398"
"34","2017-01-23","0.03","34.97","5.31","-288.0","-46.5802460632","-23.4086777398"
"34","2017-01-24","0.19","21.18","3.19","-288.0","-46.5802460632","-23.4086777398"
"34","2017-01-25","0.31","67.2","8.73","-288.0","-46.5802460632","-23.4086777398"
"34","2017-01-26","1.6","45.86","11.89","-288.0","-46.5802460632","-23.4086777398"
"34","2017-01-27","0.13","40.8","5.92","-288.0","-46.5802460632","-23.4086777398"
"34","2017-01-28","0.0","1.23","0.02","-288.0","-46.5802460632","-23.4086777398"
"34","2017-01-29","0.0","23.99","3.02","-288.0","-46.5802460632","-23.4086777398"
"34","2017-01-30","4.17","148.44","42.19","-288.0","-46.5802460632","-23.4086777398"
"34","2017-01-31","0.32","43.23","8.81","-288.0","-46.5802460632","-23.4086777398"
"34","2017-02-01","2.56","146.45","33.46","-288.0","-46.5802460632","-23.4086777398"
"34","2017-02-02","1.2","46.88","8.37","-288.0","-46.5802460632","-23.4086777398"
"34","2017-02-03","0.06","16.98","1.25","-288.0","-46.5802460632","-23.4086777398"
"34","2017-02-04","0.95","87.55","14.53","-288.0","-46.5802460632","-23.4086777398"
"34","2017-02-05","0.0","0.1","0.0","-288.0","-46.5802460632","-23.4086777398"
"34","2017-02-06","1.44","103.23","24.49","-288.0","-46.5802460632","-23.4086777398"
"34","2017-02-07","0.0","46.14","7.83","-288.0","-46.5802460632","-23.4086777398"
"34","2017-02-08","0.0","0.0","0.0","-287.0","-46.5802460632","-23.4086777398"
"34","2017-02-09","0.0","0.0","0.0","0.0","-46.5802460632","-23.4086777398"
"34","2017-02-10","0.0","0.0","0.0","0.0","-46.5802460632","-23.4086777398"
"34","2017-02-11","0.0","0.0","0.0","0.0","-46.5802460632","-23.4086777398"
"34","2017-02-12","0.0","0.0","0.0","0.0","-46.5802460632","-23.4086777398"
"34","2017-02-13","0.0","0.0","0.0","0.0","-46.5802460632","-23.4086777398"
"34","2017-02-14","0.0","0.0","0.0","0.0","-46.5802460632","-23.4086777398"
"34","2017-02-15","0.0","0.0","0.0","0.0","-46.5802460632","-23.4086777398"
"34","2017-02-16","","","","-1.0","-46.5802460632","-23.4086777398"
"34","2017-02-17","0.0","0.21","0.0","-288.0","-46.5802460632","-23.4086777398"
"34","2017-02-18","0.0","0.0","0.0","-287.0","-46.5802460632","-23.4086777398"
"34","2017-02-19","0.0","0.0","0.0","0.0","-46.5802460632","-23.4086777398"
"34","2017-02-20","0.0","0.0","0.0","0.0","-46.5802460632","-23.4086777398"
"34","2017-02-21","","","","-1.0","-46.5802460632","-23.4086777398"
"34","2017-02-22","0.0","0.51","0.03","-288.0","-46.5802460632","-23.4086777398"
"34","2017-02-23","0.0","0.45","0.02","-288.0","-46.5802460632","-23.4086777398"
"34","2017-02-24","2.8","72.37","17.26","-288.0","-46.5802460632","-23.4086777398"
"34","2017-02-25","0.67","47.39","10.98","-288.0","-46.5802460632","-23.4086777398"
"34","2017-02-26","0.23","54.72","7.23","-288.0","-46.5802460632","-23.4086777398"
"34","2017-02-27","0.0","78.43","16.34","-288.0","-46.5802460632","-23.4086777398"
"34","2017-02-28","0.0","9.11","0.64","-288.0","-46.5802460632","-23.4086777398"
"34","2017-03-01","0.0","0.48","0.0","-288.0","-46.5802460632","-23.4086777398"
"34","2017-03-02","0.0","62.21","7.69","-288.0","-46.5802460632","-23.4086777398"
"34","2017-03-03","2.29","129.81","25.23","-288.0","-46.5802460632","-23.4086777398"
"34","2017-03-04","0.5","52.8","8.11","-288.0","-46.5802460632","-23.4086777398"
"34","2017-03-05","0.06","52.56","7.08","-288.0","-46.5802460632","-23.4086777398"
"34","2017-03-06","2.18","116.06","19.71","-288.0","-46.5802460632","-23.4086777398"
"34","2017-03-07","1.96","154.96","35.33","-288.0","-46.5802460632","-23.4086777398"
"34","2017-03-08","0.15","20.23","2.11","-288.0","-46.5802460632","-23.4086777398"
"34","2017-03-09","0.0","0.0","0.0","-288.0","-46.5802460632","-23.4086777398"
"34","2017-03-10","0.4","81.04","16.53","-288.0","-46.5802460632","-23.4086777398"
"34","2017-03-11","0.0","19.73","2.5","-288.0","-46.5802460632","-23.4086777398"
"34","2017-03-12","0.0","0.28","0.0","-288.0","-46.5802460632","-23.4086777398"
"34","2017-03-13","0.0","16.95","1.19","-288.0","-46.5802460632","-23.4086777398"
"34","2017-03-14","0.0","18.04","2.0","-288.0","-46.5802460632","-23.4086777398"
"34","2017-03-15","0.19","21.74","2.72","-288.0","-46.5802460632","-23.4086777398"
"34","2017-03-16","0.0","6.45","0.41","-288.0","-46.5802460632","-23.4086777398"
"34","2017-03-17","0.0","7.41","0.54","-288.0","-46.5802460632","-23.4086777398"
"34","2017-03-18","0.0","2.72","0.34","-288.0","-46.5802460632","-23.4086777398"
"34","2017-03-19","0.1","14.86","2.79","-288.0","-46.5802460632","-23.4086777398"
"34","2017-03-20","0.0","0.05","0.0","-287.0","-46.5802460632","-23.4086777398"
"34","2017-03-21","0.0","0.0","0.0","0.0","-46.5802460632","-23.4086777398"
"34","2017-03-22","0.0","0.0","0.0","0.0","-46.5802460632","-23.4086777398"
"34","2017-03-23","","","","-1.0","-46.5802460632","-23.4086777398"
"34","2017-03-24","0.0","20.42","2.97","-288.0","-46.5802460632","-23.4086777398"
"34","2017-03-25","0.04","30.84","3.25","-287.0","-46.5802460632","-23.4086777398"
"34","2017-03-26","","","","-1.0","-46.5802460632","-23.4086777398"
"34","2017-03-27","0.02","8.77","1.65","-288.0","-46.5802460632","-23.4086777398"
"34","2017-03-28","0.0","2.04","0.05","-288.0","-46.5802460632","-23.4086777398"
"34","2017-03-29","0.0","0.13","0.0","-287.0","-46.5802460632","-23.4086777398"
"34","2017-03-30","0.0","0.0","0.0","0.0","-46.5802460632","-23.4086777398"
"34","2017-03-31","0.0","0.0","0.0","0.0","-46.5802460632","-23.4086777398"
"34","2017-04-01","0.0","0.0","0.0","0.0","-46.5802460632","-23.4086777398"
"34","2017-04-02","0.0","0.0","0.0","0.0","-46.5802460632","-23.4086777398"
"34","2017-04-03","0.0","0.0","0.0","0.0","-46.5802460632","-23.4086777398"
"34","2017-04-04","","","","-1.0","-46.5802460632","-23.4086777398"
"34","2017-04-05","0.0","0.0","0.0","-288.0","-46.5802460632","-23.4086777398"
"34","2017-04-06","1.93","34.84","9.75","-288.0","-46.5802460632","-23.4086777398"
"34","2017-04-07","4.35","140.37","26.76","-288.0","-46.5802460632","-23.4086777398"
"34","2017-04-08","0.0","0.0","0.0","-287.0","-46.5802460632","-23.4086777398"
"34","2017-04-09","","","","-1.0","-46.5802460632","-23.4086777398"
"34","2017-04-10","0.03","77.43","16.23","-288.0","-46.5802460632","-23.4086777398"
"34","2017-04-11","0.0","0.18","0.0","-288.0","-46.5802460632","-23.4086777398"
"34","2017-04-12","0.0","2.91","0.34","-287.0","-46.5802460632","-23.4086777398"
"34","2017-04-13","0.0","0.0","0.0","0.0","-46.5802460632","-23.4086777398"
"34","2017-04-14","0.0","0.0","0.0","0.0","-46.5802460632","-23.4086777398"
"34","2017-04-15","0.0","0.0","0.0","0.0","-46.5802460632","-23.4086777398"
"34","2017-04-16","","","","-1.0","-46.5802460632","-23.4086777398"
"34","2017-04-17","0.03","2.38","0.41","-287.0","-46.5802460632","-23.4086777398"
"34","2017-04-18","0.0","0.0","0.0","0.0","-46.5802460632","-23.4086777398"
"34","2017-04-19","0.0","0.0","0.0","0.0","-46.5802460632","-23.4086777398"
"34","2017-04-20","","","","-1.0","-46.5802460632","-23.4086777398"
"34","2017-04-21","0.86","49.06","14.28","-288.0","-46.5802460632","-23.4086777398"
"34","2017-04-22","0.4","7.16","2.2","-287.0","-46.5802460632","-23.4086777398"
"34","2017-04-23","0.0","0.0","0.0","0.0","-46.5802460632","-23.4086777398"
"34","2017-04-24","0.0","0.0","0.0","0.0","-46.5802460632","-23.4086777398"
"34","2017-04-25","","","","-1.0","-46.5802460632","-23.4086777398"
"34","2017-04-26","2.94","60.0","15.83","-288.0","-46.5802460632","-23.4086777398"
"34","2017-04-27","0.66","7.55","2.58","-287.0","-46.5802460632","-23.4086777398"
"34","2017-04-28","0.0","0.0","0.0","0.0","-46.5802460632","-23.4086777398"
"34","2017-04-29","0.0","0.0","0.0","0.0","-46.5802460632","-23.4086777398"
"34","2017-04-30","0.0","0.0","0.0","0.0","-46.5802460632","-23.4086777398"
"34","2017-05-01","","","","-1.0","-46.5802460632","-23.4086777398"
"34","2017-05-02","0.0","1.61","0.03","-287.0","-46.5802460632","-23.4086777398"
"34","2017-05-03","0.0","0.0","0.0","0.0","-46.5802460632","-23.4086777398"
"34","2017-05-04","","","","-1.0","-46.5802460632","-23.4086777398"
"34","2017-05-05","1.6","48.29","13.26","-288.0","-46.5802460632","-23.4086777398"
"34","2017-05-06","1.39","34.32","7.46","-288.0","-46.5802460632","-23.4086777398"
"34","2017-05-07","0.0","0.25","0.04","-287.0","-46.5802460632","-23.4086777398"
"34","2017-05-08","0.0","0.0","0.0","0.0","-46.5802460632","-23.4086777398"
"34","2017-05-09","0.0","0.0","0.0","0.0","-46.5802460632","-23.4086777398"
"34","2017-05-10","0.0","0.0","0.0","0.0","-46.5802460632","-23.4086777398"
"34","2017-05-11","0.0","0.0","0.0","0.0","-46.5802460632","-23.4086777398"
"34","2017-05-12","0.0","0.0","0.0","0.0","-46.5802460632","-23.4086777398"
"34","2017-05-13","","","","-1.0","-46.5802460632","-23.4086777398"
"34","2017-05-14","0.0","1.46","0.24","-287.0","-46.5802460632","-23.4086777398"
"34","2017-05-15","0.0","0.0","0.0","0.0","-46.5802460632","-23.4086777398"
"34","2017-05-16","0.0","0.0","0.0","0.0","-46.5802460632","-23.4086777398"
"34","2017-05-17","","","","-1.0","-46.5802460632","-23.4086777398"
"34","2017-05-18","0.47","12.67","3.28","-288.0","-46.5802460632","-23.4086777398"
"34","2017-05-19","8.98","180.41","48.55","-288.0","-46.5802460632","-23.4086777398"
"34","2017-05-20","0.17","2.91","0.93","-288.0","-46.5802460632","-23.4086777398"
"34","2017-05-21","8.39","91.79","30.56","-288.0","-46.5802460632","-23.4086777398"
"34","2017-05-22","2.56","61.5","14.24","-287.0","-46.5802460632","-23.4086777398"
"34","2017-05-23","0.0","0.0","0.0","0.0","-46.5802460632","-23.4086777398"
"34","2017-05-24","0.0","0.0","0.0","0.0","-46.5802460632","-23.4086777398"
"34","2017-05-25","0.0","0.0","0.0","0.0","-46.5802460632","-23.4086777398"
"34","2017-05-26","0.0","0.0","0.0","0.0","-46.5802460632","-23.4086777398"
"34","2017-05-27","0.0","0.0","0.0","0.0","-46.5802460632","-23.4086777398"
"34","2017-05-28","0.0","0.0","0.0","0.0","-46.5802460632","-23.4086777398"
"34","2017-05-29","0.0","0.0","0.0","0.0","-46.5802460632","-23.4086777398"
"34","2017-05-30","0.0","0.0","0.0","0.0","-46.5802460632","-23.4086777398"
"34","2017-05-31","0.0","0.0","0.0","0.0","-46.5802460632","-23.4086777398"
"34","2017-06-01","0.0","0.0","0.0","0.0","-46.5802460632","-23.4086777398"
"34","2017-06-02","0.0","0.0","0.0","0.0","-46.5802460632","-23.4086777398"
"34","2017-06-03","0.0","0.0","0.0","0.0","-46.5802460632","-23.4086777398"
"34","2017-06-04","","","","-1.0","-46.5802460632","-23.4086777398"
"34","2017-06-05","7.57","133.25","38.34","-288.0","-46.5802460632","-23.4086777398"
"34","2017-06-06","8.71","117.79","35.06","-288.0","-46.5802460632","-23.4086777398"
"34","2017-06-07","2.25","47.13","13.02","-287.0","-46.5802460632","-23.4086777398"
"34","2017-06-08","","","","-1.0","-46.5802460632","-23.4086777398"
"34","2017-06-09","0.01","7.27","0.72","-288.0","-46.5802460632","-23.4086777398"
"34","2017-06-10","0.0","0.0","0.0","-287.0","-46.5802460632","-23.4086777398"
"34","2017-06-11","","","","-1.0","-46.5802460632","-23.4086777398"
"34","2017-06-12","0.0","0.64","0.01","-288.0","-46.5802460632","-23.4086777398"
"34","2017-06-13","4.61","111.67","25.84","-288.0","-46.5802460632","-23.4086777398"
"34","2017-06-14","0.55","27.17","4.05","-287.0","-46.5802460632","-23.4086777398"
"35","2016-10-31","","","","-1.0","-46.5433884791","-23.3627111783"
"35","2016-11-01","0.0","0.0","0.0","-288.0","-46.5433884791","-23.3627111783"
"35","2016-11-02","0.37","1.2","0.77","-288.0","-46.5433884791","-23.3627111783"
"35","2016-11-03","8.85","21.87","15.21","-288.0","-46.5433884791","-23.3627111783"
"35","2016-11-04","0.76","1.54","1.1","-288.0","-46.5433884791","-23.3627111783"
"35","2016-11-05","0.0","0.0","0.0","-288.0","-46.5433884791","-23.3627111783"
"35","2016-11-06","15.25","35.8","25.91","-288.0","-46.5433884791","-23.3627111783"
"35","2016-11-07","0.02","6.88","2.31","-288.0","-46.5433884791","-23.3627111783"
"35","2016-11-08","0.01","0.07","0.03","-288.0","-46.5433884791","-23.3627111783"
"35","2016-11-09","11.38","27.82","19.22","-288.0","-46.5433884791","-23.3627111783"
"35","2016-11-10","4.2","7.91","6.07","-288.0","-46.5433884791","-23.3627111783"
"35","2016-11-11","0.0","0.06","0.01","-288.0","-46.5433884791","-23.3627111783"
"35","2016-11-12","1.09","2.22","1.63","-288.0","-46.5433884791","-23.3627111783"
"35","2016-11-13","14.02","27.16","20.33","-288.0","-46.5433884791","-23.3627111783"
"35","2016-11-14","16.44","27.99","22.03","-287.0","-46.5433884791","-23.3627111783"
"35","2016-11-15","","","","-1.0","-46.5433884791","-23.3627111783"
"35","2016-11-16","7.26","12.9","9.86","-288.0","-46.5433884791","-23.3627111783"
"35","2016-11-17","4.24","10.45","7.33","-288.0","-46.5433884791","-23.3627111783"
"35","2016-11-18","0.04","0.19","0.1","-287.0","-46.5433884791","-23.3627111783"
"35","2016-11-19","0.0","0.0","0.0","0.0","-46.5433884791","-23.3627111783"
"35","2016-11-20","0.0","0.0","0.0","0.0","-46.5433884791","-23.3627111783"
"35","2016-11-21","0.0","0.0","0.0","0.0","-46.5433884791","-23.3627111783"
"35","2016-11-22","","","","-1.0","-46.5433884791","-23.3627111783"
"35","2016-11-23","9.35","21.3","15.32","-288.0","-46.5433884791","-23.3627111783"
"35","2016-11-24","0.0","0.0","0.0","-287.0","-46.5433884791","-23.3627111783"
"35","2016-11-25","0.0","0.0","0.0","0.0","-46.5433884791","-23.3627111783"
"35","2016-11-26","","","","-1.0","-46.5433884791","-23.3627111783"
"35","2016-11-27","3.06","12.3","6.74","-288.0","-46.5433884791","-23.3627111783"
"35","2016-11-28","0.0","0.07","0.02","-288.0","-46.5433884791","-23.3627111783"
"35","2016-11-29","5.11","12.49","8.45","-288.0","-46.5433884791","-23.3627111783"
"35","2016-11-30","0.0","0.0","0.0","-287.0","-46.5433884791","-23.3627111783"
"35","2016-12-01","0.0","0.0","0.0","0.0","-46.5433884791","-23.3627111783"
"35","2016-12-02","","","","-1.0","-46.5433884791","-23.3627111783"
"35","2016-12-03","10.98","22.02","16.53","-288.0","-46.5433884791","-23.3627111783"
"35","2016-12-04","3.81","7.97","5.97","-288.0","-46.5433884791","-23.3627111783"
"35","2016-12-05","1.09","2.61","1.64","-287.0","-46.5433884791","-23.3627111783"
"35","2016-12-06","","","","-1.0","-46.5433884791","-23.3627111783"
"35","2016-12-07","1.08","2.06","1.52","-288.0","-46.5433884791","-23.3627111783"
"35","2016-12-08","0.0","0.0","0.0","-288.0","-46.5433884791","-23.3627111783"
"35","2016-12-09","3.75","6.7","5.16","-288.0","-46.5433884791","-23.3627111783"
"35","2016-12-10","2.22","6.87","4.22","-288.0","-46.5433884791","-23.3627111783"
"35","2016-12-11","5.22","13.68","8.85","-288.0","-46.5433884791","-23.3627111783"
"35","2016-12-12","5.07","12.68","8.24","-288.0","-46.5433884791","-23.3627111783"
"35","2016-12-13","0.0","0.06","0.0","-288.0","-46.5433884791","-23.3627111783"
"35","2016-12-14","0.0","0.03","0.0","-288.0","-46.5433884791","-23.3627111783"
"35","2016-12-15","0.0","0.0","0.0","-287.0","-46.5433884791","-23.3627111783"
"35","2016-12-16","0.0","0.0","0.0","0.0","-46.5433884791","-23.3627111783"
"35","2016-12-17","","","","-1.0","-46.5433884791","-23.3627111783"
"35","2016-12-18","5.58","14.63","9.53","-288.0","-46.5433884791","-23.3627111783"
"35","2016-12-19","1.45","4.11","2.83","-288.0","-46.5433884791","-23.3627111783"
"35","2016-12-20","16.46","36.88","24.88","-288.0","-46.5433884791","-23.3627111783"
"35","2016-12-21","0.16","1.26","0.57","-288.0","-46.5433884791","-23.3627111783"
"35","2016-12-22","3.77","6.79","5.13","-288.0","-46.5433884791","-23.3627111783"
"35","2016-12-23","7.34","21.68","13.19","-288.0","-46.5433884791","-23.3627111783"
"35","2016-12-24","1.72","4.07","2.85","-288.0","-46.5433884791","-23.3627111783"
"35","2016-12-25","0.11","2.25","0.83","-288.0","-46.5433884791","-23.3627111783"
"35","2016-12-26","0.0","0.01","0.0","-288.0","-46.5433884791","-23.3627111783"
"35","2016-12-27","0.01","0.04","0.01","-288.0","-46.5433884791","-23.3627111783"
"35","2016-12-28","4.8","13.11","8.61","-288.0","-46.5433884791","-23.3627111783"
"35","2016-12-29","0.02","0.08","0.04","-288.0","-46.5433884791","-23.3627111783"
"35","2016-12-30","0.0","0.12","0.03","-288.0","-46.5433884791","-23.3627111783"
"35","2016-12-31","0.0","0.02","0.01","-287.0","-46.5433884791","-23.3627111783"
"35","2017-01-01","","","","-1.0","-46.5433884791","-23.3627111783"
"35","2017-01-02","2.46","5.87","4.09","-288.0","-46.5433884791","-23.3627111783"
"35","2017-01-03","45.32","83.1","63.7","-288.0","-46.5433884791","-23.3627111783"
"35","2017-01-04","0.55","0.97","0.73","-288.0","-46.5433884791","-23.3627111783"
"35","2017-01-05","0.54","1.79","1.04","-288.0","-46.5433884791","-23.3627111783"
"35","2017-01-06","8.2","22.86","15.38","-288.0","-46.5433884791","-23.3627111783"
"35","2017-01-07","1.75","3.83","2.77","-288.0","-46.5433884791","-23.3627111783"
"35","2017-01-08","0.19","0.66","0.42","-288.0","-46.5433884791","-23.3627111783"
"35","2017-01-09","23.94","38.34","32.16","-288.0","-46.5433884791","-23.3627111783"
"35","2017-01-10","12.15","25.93","18.4","-288.0","-46.5433884791","-23.3627111783"
"35","2017-01-11","28.13","53.75","39.81","-288.0","-46.5433884791","-23.3627111783"
"35","2017-01-12","5.81","13.25","9.15","-288.0","-46.5433884791","-23.3627111783"
"35","2017-01-13","1.98","6.43","3.8","-288.0","-46.5433884791","-23.3627111783"
"35","2017-01-14","7.44","14.9","11.06","-288.0","-46.5433884791","-23.3627111783"
"35","2017-01-15","2.72","9.27","6.11","-288.0","-46.5433884791","-23.3627111783"
"35","2017-01-16","19.45","49.39","33.03","-288.0","-46.5433884791","-23.3627111783"
"35","2017-01-17","24.1","47.66","34.9","-288.0","-46.5433884791","-23.3627111783"
"35","2017-01-18","27.19","49.84","37.9","-288.0","-46.5433884791","-23.3627111783"
"35","2017-01-19","8.6","15.91","12.1","-288.0","-46.5433884791","-23.3627111783"
"35","2017-01-20","16.71","33.09","24.38","-288.0","-46.5433884791","-23.3627111783"
"35","2017-01-21","45.31","91.04","68.21","-288.0","-46.5433884791","-23.3627111783"
"35","2017-01-22","9.43","18.24","13.68","-288.0","-46.5433884791","-23.3627111783"
"35","2017-01-23","1.21","2.75","1.99","-288.0","-46.5433884791","-23.3627111783"
"35","2017-01-24","1.25","4.66","2.86","-288.0","-46.5433884791","-23.3627111783"
"35","2017-01-25","7.33","20.55","14.3","-288.0","-46.5433884791","-23.3627111783"
"35","2017-01-26","12.55","17.24","15.08","-288.0","-46.5433884791","-23.3627111783"
"35","2017-01-27","2.56","11.2","6.54","-288.0","-46.5433884791","-23.3627111783"
"35","2017-01-28","0.12","0.62","0.36","-288.0","-46.5433884791","-23.3627111783"
"35","2017-01-29","0.0","0.02","0.0","-288.0","-46.5433884791","-23.3627111783"
"35","2017-01-30","32.88","53.62","42.1","-288.0","-46.5433884791","-23.3627111783"
"35","2017-01-31","3.46","6.17","4.71","-288.0","-46.5433884791","-23.3627111783"
"35","2017-02-01","8.93","26.6","17.36","-288.0","-46.5433884791","-23.3627111783"
"35","2017-02-02","5.7","12.62","9.27","-288.0","-46.5433884791","-23.3627111783"
"35","2017-02-03","0.18","0.46","0.3","-288.0","-46.5433884791","-23.3627111783"
"35","2017-02-04","12.38","31.04","20.22","-288.0","-46.5433884791","-23.3627111783"
"35","2017-02-05","0.01","0.12","0.04","-288.0","-46.5433884791","-23.3627111783"
"35","2017-02-06","10.34","23.68","17.38","-288.0","-46.5433884791","-23.3627111783"
"35","2017-02-07","13.78","28.94","20.74","-288.0","-46.5433884791","-23.3627111783"
"35","2017-02-08","0.0","0.0","0.0","-287.0","-46.5433884791","-23.3627111783"
"35","2017-02-09","0.0","0.0","0.0","0.0","-46.5433884791","-23.3627111783"
"35","2017-02-10","0.0","0.0","0.0","0.0","-46.5433884791","-23.3627111783"
"35","2017-02-11","0.0","0.0","0.0","0.0","-46.5433884791","-23.3627111783"
"35","2017-02-12","0.0","0.0","0.0","0.0","-46.5433884791","-23.3627111783"
"35","2017-02-13","0.0","0.0","0.0","0.0","-46.5433884791","-23.3627111783"
"35","2017-02-14","0.0","0.0","0.0","0.0","-46.5433884791","-23.3627111783"
"35","2017-02-15","0.0","0.0","0.0","0.0","-46.5433884791","-23.3627111783"
"35","2017-02-16","","","","-1.0","-46.5433884791","-23.3627111783"
"35","2017-02-17","0.0","0.09","0.03","-288.0","-46.5433884791","-23.3627111783"
"35","2017-02-18","0.0","0.0","0.0","-287.0","-46.5433884791","-23.3627111783"
"35","2017-02-19","0.0","0.0","0.0","0.0","-46.5433884791","-23.3627111783"
"35","2017-02-20","0.0","0.0","0.0","0.0","-46.5433884791","-23.3627111783"
"35","2017-02-21","","","","-1.0","-46.5433884791","-23.3627111783"
"35","2017-02-22","0.0","0.01","0.0","-288.0","-46.5433884791","-23.3627111783"
"35","2017-02-23","0.0","0.0","0.0","-288.0","-46.5433884791","-23.3627111783"
"35","2017-02-24","6.73","16.93","11.27","-288.0","-46.5433884791","-23.3627111783"
"35","2017-02-25","11.47","25.54","18.08","-288.0","-46.5433884791","-23.3627111783"
"35","2017-02-26","0.89","2.48","1.58","-288.0","-46.5433884791","-23.3627111783"
"35","2017-02-27","3.03","7.71","5.34","-288.0","-46.5433884791","-23.3627111783"
"35","2017-02-28","0.06","0.33","0.2","-288.0","-46.5433884791","-23.3627111783"
"35","2017-03-01","0.0","0.09","0.0","-288.0","-46.5433884791","-23.3627111783"
"35","2017-03-02","1.8","8.01","4.51","-288.0","-46.5433884791","-23.3627111783"
"35","2017-03-03","12.28","31.03","20.72","-288.0","-46.5433884791","-23.3627111783"
"35","2017-03-04","2.82","8.82","5.51","-288.0","-46.5433884791","-23.3627111783"
"35","2017-03-05","2.91","6.53","4.67","-288.0","-46.5433884791","-23.3627111783"
"35","2017-03-06","8.27","28.69","18.59","-288.0","-46.5433884791","-23.3627111783"
"35","2017-03-07","26.02","64.53","43.91","-288.0","-46.5433884791","-23.3627111783"
"35","2017-03-08","6.42","25.03","14.13","-288.0","-46.5433884791","-23.3627111783"
"35","2017-03-09","0.0","0.0","0.0","-288.0","-46.5433884791","-23.3627111783"
"35","2017-03-10","1.79","7.78","4.7","-288.0","-46.5433884791","-23.3627111783"
"35","2017-03-11","0.0","0.0","0.0","-288.0","-46.5433884791","-23.3627111783"
"35","2017-03-12","0.0","0.08","0.01","-288.0","-46.5433884791","-23.3627111783"
"35","2017-03-13","1.04","26.15","10.23","-288.0","-46.5433884791","-23.3627111783"
"35","2017-03-14","0.01","0.25","0.1","-288.0","-46.5433884791","-23.3627111783"
"35","2017-03-15","0.47","1.19","0.82","-288.0","-46.5433884791","-23.3627111783"
"35","2017-03-16","0.0","0.03","0.0","-288.0","-46.5433884791","-23.3627111783"
"35","2017-03-17","0.0","0.01","0.0","-288.0","-46.5433884791","-23.3627111783"
"35","2017-03-18","0.11","0.42","0.26","-288.0","-46.5433884791","-23.3627111783"
"35","2017-03-19","3.69","7.28","5.38","-288.0","-46.5433884791","-23.3627111783"
"35","2017-03-20","0.0","0.06","0.03","-287.0","-46.5433884791","-23.3627111783"
"35","2017-03-21","0.0","0.0","0.0","0.0","-46.5433884791","-23.3627111783"
"35","2017-03-22","0.0","0.0","0.0","0.0","-46.5433884791","-23.3627111783"
"35","2017-03-23","","","","-1.0","-46.5433884791","-23.3627111783"
"35","2017-03-24","0.0","0.04","0.01","-288.0","-46.5433884791","-23.3627111783"
"35","2017-03-25","0.41","1.27","0.85","-287.0","-46.5433884791","-23.3627111783"
"35","2017-03-26","","","","-1.0","-46.5433884791","-23.3627111783"
"35","2017-03-27","1.86","4.2","2.99","-288.0","-46.5433884791","-23.3627111783"
"35","2017-03-28","0.14","0.8","0.42","-288.0","-46.5433884791","-23.3627111783"
"35","2017-03-29","0.0","0.0","0.0","-287.0","-46.5433884791","-23.3627111783"
"35","2017-03-30","0.0","0.0","0.0","0.0","-46.5433884791","-23.3627111783"
"35","2017-03-31","0.0","0.0","0.0","0.0","-46.5433884791","-23.3627111783"
"35","2017-04-01","0.0","0.0","0.0","0.0","-46.5433884791","-23.3627111783"
"35","2017-04-02","0.0","0.0","0.0","0.0","-46.5433884791","-23.3627111783"
"35","2017-04-03","0.0","0.0","0.0","0.0","-46.5433884791","-23.3627111783"
"35","2017-04-04","","","","-1.0","-46.5433884791","-23.3627111783"
"35","2017-04-05","0.0","0.0","0.0","-288.0","-46.5433884791","-23.3627111783"
"35","2017-04-06","6.75","14.69","10.3","-288.0","-46.5433884791","-23.3627111783"
"35","2017-04-07","23.59","40.17","31.1","-288.0","-46.5433884791","-23.3627111783"
"35","2017-04-08","0.0","0.0","0.0","-287.0","-46.5433884791","-23.3627111783"
"35","2017-04-09","","","","-1.0","-46.5433884791","-23.3627111783"
"35","2017-04-10","0.38","1.87","1.14","-288.0","-46.5433884791","-23.3627111783"
"35","2017-04-11","0.0","0.01","0.0","-288.0","-46.5433884791","-23.3627111783"
"35","2017-04-12","0.0","0.03","0.03","-287.0","-46.5433884791","-23.3627111783"
"35","2017-04-13","0.0","0.0","0.0","0.0","-46.5433884791","-23.3627111783"
"35","2017-04-14","0.0","0.0","0.0","0.0","-46.5433884791","-23.3627111783"
"35","2017-04-15","0.0","0.0","0.0","0.0","-46.5433884791","-23.3627111783"
"35","2017-04-16","","","","-1.0","-46.5433884791","-23.3627111783"
"35","2017-04-17","0.21","0.37","0.27","-287.0","-46.5433884791","-23.3627111783"
"35","2017-04-18","0.0","0.0","0.0","0.0","-46.5433884791","-23.3627111783"
"35","2017-04-19","0.0","0.0","0.0","0.0","-46.5433884791","-23.3627111783"
"35","2017-04-20","","","","-1.0","-46.5433884791","-23.3627111783"
"35","2017-04-21","6.84","14.76","10.44","-288.0","-46.5433884791","-23.3627111783"
"35","2017-04-22","1.05","2.27","1.62","-287.0","-46.5433884791","-23.3627111783"
"35","2017-04-23","0.0","0.0","0.0","0.0","-46.5433884791","-23.3627111783"
"35","2017-04-24","0.0","0.0","0.0","0.0","-46.5433884791","-23.3627111783"
"35","2017-04-25","","","","-1.0","-46.5433884791","-23.3627111783"
"35","2017-04-26","18.0","42.17","29.3","-288.0","-46.5433884791","-23.3627111783"
"35","2017-04-27","1.23","1.92","1.58","-287.0","-46.5433884791","-23.3627111783"
"35","2017-04-28","0.0","0.0","0.0","0.0","-46.5433884791","-23.3627111783"
"35","2017-04-29","0.0","0.0","0.0","0.0","-46.5433884791","-23.3627111783"
"35","2017-04-30","0.0","0.0","0.0","0.0","-46.5433884791","-23.3627111783"
"35","2017-05-01","","","","-1.0","-46.5433884791","-23.3627111783"
"35","2017-05-02","0.07","0.19","0.11","-287.0","-46.5433884791","-23.3627111783"
"35","2017-05-03","0.0","0.0","0.0","0.0","-46.5433884791","-23.3627111783"
"35","2017-05-04","","","","-1.0","-46.5433884791","-23.3627111783"
"35","2017-05-05","5.55","13.3","8.97","-288.0","-46.5433884791","-23.3627111783"
"35","2017-05-06","3.55","7.88","5.48","-288.0","-46.5433884791","-23.3627111783"
"35","2017-05-07","0.05","0.14","0.1","-287.0","-46.5433884791","-23.3627111783"
"35","2017-05-08","0.0","0.0","0.0","0.0","-46.5433884791","-23.3627111783"
"35","2017-05-09","0.0","0.0","0.0","0.0","-46.5433884791","-23.3627111783"
"35","2017-05-10","0.0","0.0","0.0","0.0","-46.5433884791","-23.3627111783"
"35","2017-05-11","0.0","0.0","0.0","0.0","-46.5433884791","-23.3627111783"
"35","2017-05-12","0.0","0.0","0.0","0.0","-46.5433884791","-23.3627111783"
"35","2017-05-13","","","","-1.0","-46.5433884791","-23.3627111783"
"35","2017-05-14","0.24","0.71","0.47","-287.0","-46.5433884791","-23.3627111783"
"35","2017-05-15","0.0","0.0","0.0","0.0","-46.5433884791","-23.3627111783"
"35","2017-05-16","0.0","0.0","0.0","0.0","-46.5433884791","-23.3627111783"
"35","2017-05-17","","","","-1.0","-46.5433884791","-23.3627111783"
"35","2017-05-18","1.75","4.17","2.93","-288.0","-46.5433884791","-23.3627111783"
"35","2017-05-19","31.3","67.65","50.23","-288.0","-46.5433884791","-23.3627111783"
"35","2017-05-20","0.79","1.38","1.08","-288.0","-46.5433884791","-23.3627111783"
"35","2017-05-21","22.05","37.85","29.47","-288.0","-46.5433884791","-23.3627111783"
"35","2017-05-22","10.79","32.34","20.23","-287.0","-46.5433884791","-23.3627111783"
"35","2017-05-23","0.0","0.0","0.0","0.0","-46.5433884791","-23.3627111783"
"35","2017-05-24","0.0","0.0","0.0","0.0","-46.5433884791","-23.3627111783"
"35","2017-05-25","0.0","0.0","0.0","0.0","-46.5433884791","-23.3627111783"
"35","2017-05-26","0.0","0.0","0.0","0.0","-46.5433884791","-23.3627111783"
"35","2017-05-27","0.0","0.0","0.0","0.0","-46.5433884791","-23.3627111783"
"35","2017-05-28","0.0","0.0","0.0","0.0","-46.5433884791","-23.3627111783"
"35","2017-05-29","0.0","0.0","0.0","0.0","-46.5433884791","-23.3627111783"
"35","2017-05-30","0.0","0.0","0.0","0.0","-46.5433884791","-23.3627111783"
"35","2017-05-31","0.0","0.0","0.0","0.0","-46.5433884791","-23.3627111783"
"35","2017-06-01","0.0","0.0","0.0","0.0","-46.5433884791","-23.3627111783"
"35","2017-06-02","0.0","0.0","0.0","0.0","-46.5433884791","-23.3627111783"
"35","2017-06-03","0.0","0.0","0.0","0.0","-46.5433884791","-23.3627111783"
"35","2017-06-04","","","","-1.0","-46.5433884791","-23.3627111783"
"35","2017-06-05","21.91","49.71","34.92","-288.0","-46.5433884791","-23.3627111783"
"35","2017-06-06","23.26","46.99","34.48","-288.0","-46.5433884791","-23.3627111783"
"35","2017-06-07","10.2","19.77","15.05","-287.0","-46.5433884791","-23.3627111783"
"35","2017-06-08","","","","-1.0","-46.5433884791","-23.3627111783"
"35","2017-06-09","0.49","1.37","0.91","-288.0","-46.5433884791","-23.3627111783"
"35","2017-06-10","0.0","0.0","0.0","-287.0","-46.5433884791","-23.3627111783"
"35","2017-06-11","","","","-1.0","-46.5433884791","-23.3627111783"
"35","2017-06-12","0.0","0.0","0.0","-288.0","-46.5433884791","-23.3627111783"
"35","2017-06-13","15.95","37.48","25.75","-288.0","-46.5433884791","-23.3627111783"
"35","2017-06-14","1.51","3.75","2.5","-287.0","-46.5433884791","-23.3627111783"
