"w","datetime","min","max","mean","idw","lon","lat"
"1","2016-10-31","","","","-1.0","-46.7683581866","-24.0033733495"
"1","2016-11-01","0.0","0.0","0.0","-288.0","-46.7683581866","-24.0033733495"
"1","2016-11-02","1.99","4.84","3.15","-288.0","-46.7683581866","-24.0033733495"
"1","2016-11-03","4.45","12.3","8.02","-288.0","-46.7683581866","-24.0033733495"
"1","2016-11-04","0.15","0.62","0.32","-288.0","-46.7683581866","-24.0033733495"
"1","2016-11-05","0.0","0.0","0.0","-288.0","-46.7683581866","-24.0033733495"
"1","2016-11-06","0.0","0.0","0.0","-288.0","-46.7683581866","-24.0033733495"
"1","2016-11-07","0.0","0.03","0.01","-288.0","-46.7683581866","-24.0033733495"
"1","2016-11-08","0.0","0.0","0.0","-288.0","-46.7683581866","-24.0033733495"
"1","2016-11-09","31.68","77.83","52.37","-288.0","-46.7683581866","-24.0033733495"
"1","2016-11-10","4.98","13.89","8.84","-288.0","-46.7683581866","-24.0033733495"
"1","2016-11-11","4.74","8.6","6.57","-288.0","-46.7683581866","-24.0033733495"
"1","2016-11-12","0.03","0.18","0.09","-288.0","-46.7683581866","-24.0033733495"
"1","2016-11-13","7.32","16.91","11.78","-288.0","-46.7683581866","-24.0033733495"
"1","2016-11-14","6.29","12.61","9.2","-287.0","-46.7683581866","-24.0033733495"
"1","2016-11-15","","","","-1.0","-46.7683581866","-24.0033733495"
"1","2016-11-16","18.61","34.46","26.59","-288.0","-46.7683581866","-24.0033733495"
"1","2016-11-17","2.82","8.23","5.6","-288.0","-46.7683581866","-24.0033733495"
"1","2016-11-18","1.15","2.6","1.88","-287.0","-46.7683581866","-24.0033733495"
"1","2016-11-19","0.0","0.0","0.0","0.0","-46.7683581866","-24.0033733495"
"1","2016-11-20","0.0","0.0","0.0","0.0","-46.7683581866","-24.0033733495"
"1","2016-11-21","0.0","0.0","0.0","0.0","-46.7683581866","-24.0033733495"
"1","2016-11-22","","","","-1.0","-46.7683581866","-24.0033733495"
"1","2016-11-23","0.0","0.02","0.01","-288.0","-46.7683581866","-24.0033733495"
"1","2016-11-24","0.0","0.0","0.0","-287.0","-46.7683581866","-24.0033733495"
"1","2016-11-25","0.0","0.0","0.0","0.0","-46.7683581866","-24.0033733495"
"1","2016-11-26","","","","-1.0","-46.7683581866","-24.0033733495"
"1","2016-11-27","0.0","0.0","0.0","-288.0","-46.7683581866","-24.0033733495"
"1","2016-11-28","4.0","7.6","5.68","-288.0","-46.7683581866","-24.0033733495"
"1","2016-11-29","14.47","35.07","24.42","-288.0","-46.7683581866","-24.0033733495"
"1","2016-11-30","0.11","0.34","0.22","-287.0","-46.7683581866","-24.0033733495"
"1","2016-12-01","0.0","0.0","0.0","0.0","-46.7683581866","-24.0033733495"
"1","2016-12-02","","","","-1.0","-46.7683581866","-24.0033733495"
"1","2016-12-03","4.57","12.82","8.78","-288.0","-46.7683581866","-24.0033733495"
"1","2016-12-04","0.18","1.08","0.58","-288.0","-46.7683581866","-24.0033733495"
"1","2016-12-05","0.0","0.02","0.0","-287.0","-46.7683581866","-24.0033733495"
"1","2016-12-06","","","","-1.0","-46.7683581866","-24.0033733495"
"1","2016-12-07","0.62","1.98","1.23","-288.0","-46.7683581866","-24.0033733495"
"1","2016-12-08","5.66","11.73","8.85","-288.0","-46.7683581866","-24.0033733495"
"1","2016-12-09","0.0","0.0","0.0","-288.0","-46.7683581866","-24.0033733495"
"1","2016-12-10","4.47","14.44","9.41","-288.0","-46.7683581866","-24.0033733495"
"1","2016-12-11","5.76","11.92","8.46","-288.0","-46.7683581866","-24.0033733495"
"1","2016-12-12","10.59","22.66","16.49","-288.0","-46.7683581866","-24.0033733495"
"1","2016-12-13","1.9","4.56","3.09","-288.0","-46.7683581866","-24.0033733495"
"1","2016-12-14","0.02","0.56","0.23","-288.0","-46.7683581866","-24.0033733495"
"1","2016-12-15","0.0","0.0","0.0","-287.0","-46.7683581866","-24.0033733495"
"1","2016-12-16","0.0","0.0","0.0","0.0","-46.7683581866","-24.0033733495"
"1","2016-12-17","","","","-1.0","-46.7683581866","-24.0033733495"
"1","2016-12-18","0.0","0.0","0.0","-288.0","-46.7683581866","-24.0033733495"
"1","2016-12-19","11.21","41.78","23.58","-288.0","-46.7683581866","-24.0033733495"
"1","2016-12-20","4.91","19.71","11.25","-288.0","-46.7683581866","-24.0033733495"
"1","2016-12-21","11.31","31.31","20.95","-288.0","-46.7683581866","-24.0033733495"
"1","2016-12-22","0.0","0.0","0.0","-288.0","-46.7683581866","-24.0033733495"
"1","2016-12-23","0.33","0.97","0.64","-288.0","-46.7683581866","-24.0033733495"
"1","2016-12-24","0.0","0.01","0.0","-288.0","-46.7683581866","-24.0033733495"
"1","2016-12-25","0.0","0.0","0.0","-288.0","-46.7683581866","-24.0033733495"
"1","2016-12-26","0.0","0.0","0.0","-288.0","-46.7683581866","-24.0033733495"
"1","2016-12-27","0.89","2.44","1.53","-288.0","-46.7683581866","-24.0033733495"
"1","2016-12-28","0.0","0.0","0.0","-288.0","-46.7683581866","-24.0033733495"
"1","2016-12-29","0.0","0.18","0.04","-288.0","-46.7683581866","-24.0033733495"
"1","2016-12-30","0.0","0.0","0.0","-288.0","-46.7683581866","-24.0033733495"
"1","2016-12-31","0.04","0.32","0.15","-287.0","-46.7683581866","-24.0033733495"
"1","2017-01-01","","","","-1.0","-46.7683581866","-24.0033733495"
"1","2017-01-02","17.95","40.61","28.2","-288.0","-46.7683581866","-24.0033733495"
"1","2017-01-03","0.08","0.23","0.16","-288.0","-46.7683581866","-24.0033733495"
"1","2017-01-04","0.01","0.24","0.1","-288.0","-46.7683581866","-24.0033733495"
"1","2017-01-05","0.24","0.67","0.45","-288.0","-46.7683581866","-24.0033733495"
"1","2017-01-06","6.95","23.71","14.06","-288.0","-46.7683581866","-24.0033733495"
"1","2017-01-07","0.39","1.97","0.99","-288.0","-46.7683581866","-24.0033733495"
"1","2017-01-08","0.0","0.0","0.0","-288.0","-46.7683581866","-24.0033733495"
"1","2017-01-09","8.23","17.3","12.38","-288.0","-46.7683581866","-24.0033733495"
"1","2017-01-10","0.0","0.07","0.02","-288.0","-46.7683581866","-24.0033733495"
"1","2017-01-11","7.54","44.32","24.8","-288.0","-46.7683581866","-24.0033733495"
"1","2017-01-12","27.27","75.89","48.95","-288.0","-46.7683581866","-24.0033733495"
"1","2017-01-13","0.0","0.0","0.0","-288.0","-46.7683581866","-24.0033733495"
"1","2017-01-14","0.0","0.0","0.0","-288.0","-46.7683581866","-24.0033733495"
"1","2017-01-15","0.0","0.02","0.0","-288.0","-46.7683581866","-24.0033733495"
"1","2017-01-16","13.44","39.35","25.68","-288.0","-46.7683581866","-24.0033733495"
"1","2017-01-17","16.14","35.8","25.44","-288.0","-46.7683581866","-24.0033733495"
"1","2017-01-18","13.71","31.71","21.46","-288.0","-46.7683581866","-24.0033733495"
"1","2017-01-19","12.63","27.25","19.59","-288.0","-46.7683581866","-24.0033733495"
"1","2017-01-20","5.97","13.5","9.8","-288.0","-46.7683581866","-24.0033733495"
"1","2017-01-21","11.31","30.38","19.26","-288.0","-46.7683581866","-24.0033733495"
"1","2017-01-22","5.59","17.29","11.09","-288.0","-46.7683581866","-24.0033733495"
"1","2017-01-23","4.46","19.37","10.55","-288.0","-46.7683581866","-24.0033733495"
"1","2017-01-24","3.42","7.87","5.42","-288.0","-46.7683581866","-24.0033733495"
"1","2017-01-25","0.59","1.65","1.04","-288.0","-46.7683581866","-24.0033733495"
"1","2017-01-26","6.05","14.8","10.26","-288.0","-46.7683581866","-24.0033733495"
"1","2017-01-27","6.31","18.72","11.72","-288.0","-46.7683581866","-24.0033733495"
"1","2017-01-28","0.07","0.62","0.27","-288.0","-46.7683581866","-24.0033733495"
"1","2017-01-29","0.63","3.84","2.1","-288.0","-46.7683581866","-24.0033733495"
"1","2017-01-30","0.01","0.24","0.1","-288.0","-46.7683581866","-24.0033733495"
"1","2017-01-31","0.53","1.93","1.16","-288.0","-46.7683581866","-24.0033733495"
"1","2017-02-01","15.53","35.0","24.1","-288.0","-46.7683581866","-24.0033733495"
"1","2017-02-02","7.45","20.31","12.96","-288.0","-46.7683581866","-24.0033733495"
"1","2017-02-03","1.53","3.81","2.5","-288.0","-46.7683581866","-24.0033733495"
"1","2017-02-04","3.8","13.03","8.41","-288.0","-46.7683581866","-24.0033733495"
"1","2017-02-05","0.0","0.07","0.05","-288.0","-46.7683581866","-24.0033733495"
"1","2017-02-06","10.15","23.46","16.78","-288.0","-46.7683581866","-24.0033733495"
"1","2017-02-07","10.44","45.55","24.52","-288.0","-46.7683581866","-24.0033733495"
"1","2017-02-08","0.05","0.25","0.12","-287.0","-46.7683581866","-24.0033733495"
"1","2017-02-09","0.0","0.0","0.0","0.0","-46.7683581866","-24.0033733495"
"1","2017-02-10","0.0","0.0","0.0","0.0","-46.7683581866","-24.0033733495"
"1","2017-02-11","0.0","0.0","0.0","0.0","-46.7683581866","-24.0033733495"
"1","2017-02-12","0.0","0.0","0.0","0.0","-46.7683581866","-24.0033733495"
"1","2017-02-13","0.0","0.0","0.0","0.0","-46.7683581866","-24.0033733495"
"1","2017-02-14","0.0","0.0","0.0","0.0","-46.7683581866","-24.0033733495"
"1","2017-02-15","0.0","0.0","0.0","0.0","-46.7683581866","-24.0033733495"
"1","2017-02-16","","","","-1.0","-46.7683581866","-24.0033733495"
"1","2017-02-17","0.0","0.0","0.0","-288.0","-46.7683581866","-24.0033733495"
"1","2017-02-18","0.0","0.0","0.0","-287.0","-46.7683581866","-24.0033733495"
"1","2017-02-19","0.0","0.0","0.0","0.0","-46.7683581866","-24.0033733495"
"1","2017-02-20","0.0","0.0","0.0","0.0","-46.7683581866","-24.0033733495"
"1","2017-02-21","","","","-1.0","-46.7683581866","-24.0033733495"
"1","2017-02-22","0.0","0.0","0.0","-288.0","-46.7683581866","-24.0033733495"
"1","2017-02-23","0.04","0.55","0.27","-288.0","-46.7683581866","-24.0033733495"
"1","2017-02-24","17.97","57.79","33.74","-288.0","-46.7683581866","-24.0033733495"
"1","2017-02-25","0.62","1.69","1.06","-288.0","-46.7683581866","-24.0033733495"
"1","2017-02-26","9.65","30.32","20.62","-288.0","-46.7683581866","-24.0033733495"
"1","2017-02-27","0.08","0.18","0.11","-288.0","-46.7683581866","-24.0033733495"
"1","2017-02-28","0.01","0.17","0.06","-288.0","-46.7683581866","-24.0033733495"
"1","2017-03-01","0.09","0.89","0.47","-288.0","-46.7683581866","-24.0033733495"
"1","2017-03-02","16.15","38.36","25.31","-288.0","-46.7683581866","-24.0033733495"
"1","2017-03-03","2.18","5.87","3.69","-288.0","-46.7683581866","-24.0033733495"
"1","2017-03-04","0.07","0.29","0.15","-288.0","-46.7683581866","-24.0033733495"
"1","2017-03-05","12.19","35.14","22.57","-288.0","-46.7683581866","-24.0033733495"
"1","2017-03-06","3.46","8.93","5.81","-288.0","-46.7683581866","-24.0033733495"
"1","2017-03-07","55.14","117.69","85.02","-288.0","-46.7683581866","-24.0033733495"
"1","2017-03-08","17.7","43.0","30.52","-288.0","-46.7683581866","-24.0033733495"
"1","2017-03-09","0.0","0.0","0.0","-288.0","-46.7683581866","-24.0033733495"
"1","2017-03-10","0.01","0.33","0.1","-288.0","-46.7683581866","-24.0033733495"
"1","2017-03-11","0.0","0.03","0.0","-288.0","-46.7683581866","-24.0033733495"
"1","2017-03-12","0.02","0.06","0.04","-288.0","-46.7683581866","-24.0033733495"
"1","2017-03-13","0.03","0.57","0.27","-288.0","-46.7683581866","-24.0033733495"
"1","2017-03-14","0.0","0.0","0.0","-288.0","-46.7683581866","-24.0033733495"
"1","2017-03-15","0.63","1.8","1.18","-288.0","-46.7683581866","-24.0033733495"
"1","2017-03-16","0.0","0.0","0.0","-288.0","-46.7683581866","-24.0033733495"
"1","2017-03-17","2.38","14.57","6.82","-288.0","-46.7683581866","-24.0033733495"
"1","2017-03-18","5.04","14.63","8.9","-288.0","-46.7683581866","-24.0033733495"
"1","2017-03-19","3.98","10.3","6.87","-288.0","-46.7683581866","-24.0033733495"
"1","2017-03-20","0.03","0.14","0.07","-287.0","-46.7683581866","-24.0033733495"
"1","2017-03-21","0.0","0.0","0.0","0.0","-46.7683581866","-24.0033733495"
"1","2017-03-22","0.0","0.0","0.0","0.0","-46.7683581866","-24.0033733495"
"1","2017-03-23","","","","-1.0","-46.7683581866","-24.0033733495"
"1","2017-03-24","0.0","0.0","0.0","-288.0","-46.7683581866","-24.0033733495"
"1","2017-03-25","0.38","0.9","0.59","-287.0","-46.7683581866","-24.0033733495"
"1","2017-03-26","","","","-1.0","-46.7683581866","-24.0033733495"
"1","2017-03-27","2.39","5.61","3.94","-288.0","-46.7683581866","-24.0033733495"
"1","2017-03-28","0.89","3.56","1.97","-288.0","-46.7683581866","-24.0033733495"
"1","2017-03-29","0.92","2.07","1.45","-287.0","-46.7683581866","-24.0033733495"
"1","2017-03-30","0.0","0.0","0.0","0.0","-46.7683581866","-24.0033733495"
"1","2017-03-31","0.0","0.0","0.0","0.0","-46.7683581866","-24.0033733495"
"1","2017-04-01","0.0","0.0","0.0","0.0","-46.7683581866","-24.0033733495"
"1","2017-04-02","0.0","0.0","0.0","0.0","-46.7683581866","-24.0033733495"
"1","2017-04-03","0.0","0.0","0.0","0.0","-46.7683581866","-24.0033733495"
"1","2017-04-04","","","","-1.0","-46.7683581866","-24.0033733495"
"1","2017-04-05","0.0","0.0","0.0","-288.0","-46.7683581866","-24.0033733495"
"1","2017-04-06","23.92","46.81","35.33","-288.0","-46.7683581866","-24.0033733495"
"1","2017-04-07","7.06","16.0","11.29","-288.0","-46.7683581866","-24.0033733495"
"1","2017-04-08","0.0","0.02","0.01","-287.0","-46.7683581866","-24.0033733495"
"1","2017-04-09","","","","-1.0","-46.7683581866","-24.0033733495"
"1","2017-04-10","0.0","0.02","0.0","-288.0","-46.7683581866","-24.0033733495"
"1","2017-04-11","0.0","0.0","0.0","-288.0","-46.7683581866","-24.0033733495"
"1","2017-04-12","15.83","34.72","25.13","-287.0","-46.7683581866","-24.0033733495"
"1","2017-04-13","0.0","0.0","0.0","0.0","-46.7683581866","-24.0033733495"
"1","2017-04-14","0.0","0.0","0.0","0.0","-46.7683581866","-24.0033733495"
"1","2017-04-15","0.0","0.0","0.0","0.0","-46.7683581866","-24.0033733495"
"1","2017-04-16","","","","-1.0","-46.7683581866","-24.0033733495"
"1","2017-04-17","3.65","8.97","6.24","-287.0","-46.7683581866","-24.0033733495"
"1","2017-04-18","0.0","0.0","0.0","0.0","-46.7683581866","-24.0033733495"
"1","2017-04-19","0.0","0.0","0.0","0.0","-46.7683581866","-24.0033733495"
"1","2017-04-20","","","","-1.0","-46.7683581866","-24.0033733495"
"1","2017-04-21","9.54","25.68","16.99","-288.0","-46.7683581866","-24.0033733495"
"1","2017-04-22","1.46","3.82","2.53","-287.0","-46.7683581866","-24.0033733495"
"1","2017-04-23","0.0","0.0","0.0","0.0","-46.7683581866","-24.0033733495"
"1","2017-04-24","0.0","0.0","0.0","0.0","-46.7683581866","-24.0033733495"
"1","2017-04-25","","","","-1.0","-46.7683581866","-24.0033733495"
"1","2017-04-26","12.68","26.37","18.56","-288.0","-46.7683581866","-24.0033733495"
"1","2017-04-27","0.43","0.87","0.57","-287.0","-46.7683581866","-24.0033733495"
"1","2017-04-28","0.0","0.0","0.0","0.0","-46.7683581866","-24.0033733495"
"1","2017-04-29","0.0","0.0","0.0","0.0","-46.7683581866","-24.0033733495"
"1","2017-04-30","0.0","0.0","0.0","0.0","-46.7683581866","-24.0033733495"
"1","2017-05-01","","","","-1.0","-46.7683581866","-24.0033733495"
"1","2017-05-02","0.0","0.0","0.0","-287.0","-46.7683581866","-24.0033733495"
"1","2017-05-03","0.0","0.0","0.0","0.0","-46.7683581866","-24.0033733495"
"1","2017-05-04","","","","-1.0","-46.7683581866","-24.0033733495"
"1","2017-05-05","13.34","24.8","18.7","-288.0","-46.7683581866","-24.0033733495"
"1","2017-05-06","6.5","24.62","14.06","-288.0","-46.7683581866","-24.0033733495"
"1","2017-05-07","0.62","2.55","1.44","-287.0","-46.7683581866","-24.0033733495"
"1","2017-05-08","0.0","0.0","0.0","0.0","-46.7683581866","-24.0033733495"
"1","2017-05-09","0.0","0.0","0.0","0.0","-46.7683581866","-24.0033733495"
"1","2017-05-10","0.0","0.0","0.0","0.0","-46.7683581866","-24.0033733495"
"1","2017-05-11","0.0","0.0","0.0","0.0","-46.7683581866","-24.0033733495"
"1","2017-05-12","0.0","0.0","0.0","0.0","-46.7683581866","-24.0033733495"
"1","2017-05-13","","","","-1.0","-46.7683581866","-24.0033733495"
"1","2017-05-14","0.06","0.22","0.14","-287.0","-46.7683581866","-24.0033733495"
"1","2017-05-15","0.0","0.0","0.0","0.0","-46.7683581866","-24.0033733495"
"1","2017-05-16","0.0","0.0","0.0","0.0","-46.7683581866","-24.0033733495"
"1","2017-05-17","","","","-1.0","-46.7683581866","-24.0033733495"
"1","2017-05-18","1.23","3.63","2.33","-288.0","-46.7683581866","-24.0033733495"
"1","2017-05-19","20.61","60.09","37.71","-288.0","-46.7683581866","-24.0033733495"
"1","2017-05-20","0.0","0.0","0.0","-288.0","-46.7683581866","-24.0033733495"
"1","2017-05-21","14.42","41.4","26.23","-288.0","-46.7683581866","-24.0033733495"
"1","2017-05-22","3.65","8.16","5.84","-287.0","-46.7683581866","-24.0033733495"
"1","2017-05-23","0.0","0.0","0.0","0.0","-46.7683581866","-24.0033733495"
"1","2017-05-24","0.0","0.0","0.0","0.0","-46.7683581866","-24.0033733495"
"1","2017-05-25","0.0","0.0","0.0","0.0","-46.7683581866","-24.0033733495"
"1","2017-05-26","0.0","0.0","0.0","0.0","-46.7683581866","-24.0033733495"
"1","2017-05-27","0.0","0.0","0.0","0.0","-46.7683581866","-24.0033733495"
"1","2017-05-28","0.0","0.0","0.0","0.0","-46.7683581866","-24.0033733495"
"1","2017-05-29","0.0","0.0","0.0","0.0","-46.7683581866","-24.0033733495"
"1","2017-05-30","0.0","0.0","0.0","0.0","-46.7683581866","-24.0033733495"
"1","2017-05-31","0.0","0.0","0.0","0.0","-46.7683581866","-24.0033733495"
"1","2017-06-01","0.0","0.0","0.0","0.0","-46.7683581866","-24.0033733495"
"1","2017-06-02","0.0","0.0","0.0","0.0","-46.7683581866","-24.0033733495"
"1","2017-06-03","0.0","0.0","0.0","0.0","-46.7683581866","-24.0033733495"
"1","2017-06-04","","","","-1.0","-46.7683581866","-24.0033733495"
"1","2017-06-05","32.03","75.75","52.7","-288.0","-46.7683581866","-24.0033733495"
"1","2017-06-06","21.58","56.57","37.15","-288.0","-46.7683581866","-24.0033733495"
"1","2017-06-07","5.22","12.51","8.6","-287.0","-46.7683581866","-24.0033733495"
"1","2017-06-08","","","","-1.0","-46.7683581866","-24.0033733495"
"1","2017-06-09","0.23","0.61","0.39","-288.0","-46.7683581866","-24.0033733495"
"1","2017-06-10","0.0","0.0","0.0","-287.0","-46.7683581866","-24.0033733495"
"1","2017-06-11","","","","-1.0","-46.7683581866","-24.0033733495"
"1","2017-06-12","0.02","0.06","0.03","-288.0","-46.7683581866","-24.0033733495"
"1","2017-06-13","15.21","63.51","35.91","-288.0","-46.7683581866","-24.0033733495"
"1","2017-06-14","0.23","0.53","0.38","-287.0","-46.7683581866","-24.0033733495"
"3","2016-10-31","","","","-1.0","-46.7310403386","-23.9716157596"
"3","2016-11-01","0.0","0.04","0.0","-288.0","-46.7310403386","-23.9716157596"
"3","2016-11-02","0.2","19.03","3.24","-288.0","-46.7310403386","-23.9716157596"
"3","2016-11-03","0.56","39.66","7.66","-288.0","-46.7310403386","-23.9716157596"
"3","2016-11-04","0.03","0.8","0.24","-288.0","-46.7310403386","-23.9716157596"
"3","2016-11-05","0.0","0.0","0.0","-288.0","-46.7310403386","-23.9716157596"
"3","2016-11-06","0.0","0.3","0.0","-288.0","-46.7310403386","-23.9716157596"
"3","2016-11-07","0.0","0.01","0.0","-288.0","-46.7310403386","-23.9716157596"
"3","2016-11-08","0.0","0.0","0.0","-288.0","-46.7310403386","-23.9716157596"
"3","2016-11-09","5.24","148.86","53.13","-288.0","-46.7310403386","-23.9716157596"
"3","2016-11-10","1.25","32.66","7.09","-288.0","-46.7310403386","-23.9716157596"
"3","2016-11-11","0.42","19.72","3.81","-288.0","-46.7310403386","-23.9716157596"
"3","2016-11-12","0.0","0.94","0.07","-288.0","-46.7310403386","-23.9716157596"
"3","2016-11-13","3.34","36.14","12.69","-288.0","-46.7310403386","-23.9716157596"
"3","2016-11-14","2.77","27.87","10.0","-287.0","-46.7310403386","-23.9716157596"
"3","2016-11-15","","","","-1.0","-46.7310403386","-23.9716157596"
"3","2016-11-16","9.22","86.13","28.96","-288.0","-46.7310403386","-23.9716157596"
"3","2016-11-17","0.14","22.63","3.47","-288.0","-46.7310403386","-23.9716157596"
"3","2016-11-18","0.05","10.34","1.13","-287.0","-46.7310403386","-23.9716157596"
"3","2016-11-19","0.0","0.0","0.0","0.0","-46.7310403386","-23.9716157596"
"3","2016-11-20","0.0","0.0","0.0","0.0","-46.7310403386","-23.9716157596"
"3","2016-11-21","0.0","0.0","0.0","0.0","-46.7310403386","-23.9716157596"
"3","2016-11-22","","","","-1.0","-46.7310403386","-23.9716157596"
"3","2016-11-23","0.0","0.17","0.0","-288.0","-46.7310403386","-23.9716157596"
"3","2016-11-24","0.0","0.01","0.0","-287.0","-46.7310403386","-23.9716157596"
"3","2016-11-25","0.0","0.0","0.0","0.0","-46.7310403386","-23.9716157596"
"3","2016-11-26","","","","-1.0","-46.7310403386","-23.9716157596"
"3","2016-11-27","0.0","3.22","0.12","-288.0","-46.7310403386","-23.9716157596"
"3","2016-11-28","0.08","27.89","4.27","-288.0","-46.7310403386","-23.9716157596"
"3","2016-11-29","1.69","52.66","11.89","-288.0","-46.7310403386","-23.9716157596"
"3","2016-11-30","0.0","1.8","0.22","-287.0","-46.7310403386","-23.9716157596"
"3","2016-12-01","0.0","0.0","0.0","0.0","-46.7310403386","-23.9716157596"
"3","2016-12-02","","","","-1.0","-46.7310403386","-23.9716157596"
"3","2016-12-03","1.33","45.45","12.48","-288.0","-46.7310403386","-23.9716157596"
"3","2016-12-04","0.0","5.95","0.38","-288.0","-46.7310403386","-23.9716157596"
"3","2016-12-05","0.0","0.21","0.03","-287.0","-46.7310403386","-23.9716157596"
"3","2016-12-06","","","","-1.0","-46.7310403386","-23.9716157596"
"3","2016-12-07","0.17","10.32","2.28","-288.0","-46.7310403386","-23.9716157596"
"3","2016-12-08","0.47","38.31","9.6","-288.0","-46.7310403386","-23.9716157596"
"3","2016-12-09","0.0","0.3","0.0","-288.0","-46.7310403386","-23.9716157596"
"3","2016-12-10","1.32","31.82","6.87","-288.0","-46.7310403386","-23.9716157596"
"3","2016-12-11","2.0","44.56","10.28","-288.0","-46.7310403386","-23.9716157596"
"3","2016-12-12","3.27","71.63","20.39","-288.0","-46.7310403386","-23.9716157596"
"3","2016-12-13","0.03","11.67","1.34","-288.0","-46.7310403386","-23.9716157596"
"3","2016-12-14","0.0","2.6","0.19","-288.0","-46.7310403386","-23.9716157596"
"3","2016-12-15","0.0","0.0","0.0","-287.0","-46.7310403386","-23.9716157596"
"3","2016-12-16","0.0","0.0","0.0","0.0","-46.7310403386","-23.9716157596"
"3","2016-12-17","","","","-1.0","-46.7310403386","-23.9716157596"
"3","2016-12-18","0.0","0.02","0.0","-288.0","-46.7310403386","-23.9716157596"
"3","2016-12-19","2.94","120.85","50.16","-288.0","-46.7310403386","-23.9716157596"
"3","2016-12-20","0.32","44.47","8.92","-288.0","-46.7310403386","-23.9716157596"
"3","2016-12-21","3.15","77.31","24.29","-288.0","-46.7310403386","-23.9716157596"
"3","2016-12-22","0.0","0.01","0.0","-288.0","-46.7310403386","-23.9716157596"
"3","2016-12-23","0.02","6.5","0.56","-288.0","-46.7310403386","-23.9716157596"
"3","2016-12-24","0.0","1.09","0.05","-288.0","-46.7310403386","-23.9716157596"
"3","2016-12-25","0.0","0.0","0.0","-288.0","-46.7310403386","-23.9716157596"
"3","2016-12-26","0.0","0.02","0.0","-288.0","-46.7310403386","-23.9716157596"
"3","2016-12-27","0.12","34.64","5.6","-288.0","-46.7310403386","-23.9716157596"
"3","2016-12-28","0.0","0.64","0.04","-288.0","-46.7310403386","-23.9716157596"
"3","2016-12-29","0.0","0.94","0.07","-288.0","-46.7310403386","-23.9716157596"
"3","2016-12-30","0.0","0.11","0.0","-288.0","-46.7310403386","-23.9716157596"
"3","2016-12-31","0.0","0.45","0.03","-287.0","-46.7310403386","-23.9716157596"
"3","2017-01-01","","","","-1.0","-46.7310403386","-23.9716157596"
"3","2017-01-02","1.8","158.96","41.83","-288.0","-46.7310403386","-23.9716157596"
"3","2017-01-03","0.0","0.99","0.18","-288.0","-46.7310403386","-23.9716157596"
"3","2017-01-04","0.0","12.51","1.84","-288.0","-46.7310403386","-23.9716157596"
"3","2017-01-05","0.0","1.52","0.14","-288.0","-46.7310403386","-23.9716157596"
"3","2017-01-06","1.1","89.3","10.85","-288.0","-46.7310403386","-23.9716157596"
"3","2017-01-07","0.0","14.44","0.54","-288.0","-46.7310403386","-23.9716157596"
"3","2017-01-08","0.0","0.83","0.08","-288.0","-46.7310403386","-23.9716157596"
"3","2017-01-09","0.59","27.99","5.98","-288.0","-46.7310403386","-23.9716157596"
"3","2017-01-10","0.0","0.67","0.03","-288.0","-46.7310403386","-23.9716157596"
"3","2017-01-11","0.63","204.74","36.93","-288.0","-46.7310403386","-23.9716157596"
"3","2017-01-12","4.61","207.25","40.72","-288.0","-46.7310403386","-23.9716157596"
"3","2017-01-13","0.0","0.22","0.0","-288.0","-46.7310403386","-23.9716157596"
"3","2017-01-14","0.0","0.0","0.0","-288.0","-46.7310403386","-23.9716157596"
"3","2017-01-15","0.0","0.44","0.01","-288.0","-46.7310403386","-23.9716157596"
"3","2017-01-16","4.18","134.02","24.98","-288.0","-46.7310403386","-23.9716157596"
"3","2017-01-17","6.02","78.59","23.95","-288.0","-46.7310403386","-23.9716157596"
"3","2017-01-18","5.26","88.35","25.44","-288.0","-46.7310403386","-23.9716157596"
"3","2017-01-19","3.64","91.89","21.93","-288.0","-46.7310403386","-23.9716157596"
"3","2017-01-20","1.01","30.14","6.32","-288.0","-46.7310403386","-23.9716157596"
"3","2017-01-21","1.62","146.54","33.32","-288.0","-46.7310403386","-23.9716157596"
"3","2017-01-22","0.34","58.15","10.54","-288.0","-46.7310403386","-23.9716157596"
"3","2017-01-23","0.22","49.3","8.05","-288.0","-46.7310403386","-23.9716157596"
"3","2017-01-24","0.08","57.0","6.98","-288.0","-46.7310403386","-23.9716157596"
"3","2017-01-25","0.0","3.24","0.32","-288.0","-46.7310403386","-23.9716157596"
"3","2017-01-26","2.03","42.8","10.9","-288.0","-46.7310403386","-23.9716157596"
"3","2017-01-27","1.52","72.69","17.83","-288.0","-46.7310403386","-23.9716157596"
"3","2017-01-28","0.0","7.6","0.6","-288.0","-46.7310403386","-23.9716157596"
"3","2017-01-29","0.0","4.77","0.16","-288.0","-46.7310403386","-23.9716157596"
"3","2017-01-30","0.0","0.39","0.03","-288.0","-46.7310403386","-23.9716157596"
"3","2017-01-31","0.0","12.87","0.91","-288.0","-46.7310403386","-23.9716157596"
"3","2017-02-01","0.75","88.24","9.13","-288.0","-46.7310403386","-23.9716157596"
"3","2017-02-02","2.49","54.27","15.62","-288.0","-46.7310403386","-23.9716157596"
"3","2017-02-03","0.82","39.74","10.76","-288.0","-46.7310403386","-23.9716157596"
"3","2017-02-04","0.14","33.59","4.8","-288.0","-46.7310403386","-23.9716157596"
"3","2017-02-05","0.0","7.65","0.65","-288.0","-46.7310403386","-23.9716157596"
"3","2017-02-06","1.85","85.7","17.68","-288.0","-46.7310403386","-23.9716157596"
"3","2017-02-07","2.22","260.6","73.79","-288.0","-46.7310403386","-23.9716157596"
"3","2017-02-08","0.0","0.69","0.03","-287.0","-46.7310403386","-23.9716157596"
"3","2017-02-09","0.0","0.0","0.0","0.0","-46.7310403386","-23.9716157596"
"3","2017-02-10","0.0","0.0","0.0","0.0","-46.7310403386","-23.9716157596"
"3","2017-02-11","0.0","0.0","0.0","0.0","-46.7310403386","-23.9716157596"
"3","2017-02-12","0.0","0.0","0.0","0.0","-46.7310403386","-23.9716157596"
"3","2017-02-13","0.0","0.0","0.0","0.0","-46.7310403386","-23.9716157596"
"3","2017-02-14","0.0","0.0","0.0","0.0","-46.7310403386","-23.9716157596"
"3","2017-02-15","0.0","0.0","0.0","0.0","-46.7310403386","-23.9716157596"
"3","2017-02-16","","","","-1.0","-46.7310403386","-23.9716157596"
"3","2017-02-17","0.0","0.23","0.02","-288.0","-46.7310403386","-23.9716157596"
"3","2017-02-18","0.0","0.03","0.0","-287.0","-46.7310403386","-23.9716157596"
"3","2017-02-19","0.0","0.0","0.0","0.0","-46.7310403386","-23.9716157596"
"3","2017-02-20","0.0","0.0","0.0","0.0","-46.7310403386","-23.9716157596"
"3","2017-02-21","","","","-1.0","-46.7310403386","-23.9716157596"
"3","2017-02-22","0.0","0.03","0.0","-288.0","-46.7310403386","-23.9716157596"
"3","2017-02-23","0.0","5.33","0.2","-288.0","-46.7310403386","-23.9716157596"
"3","2017-02-24","3.91","178.94","35.89","-288.0","-46.7310403386","-23.9716157596"
"3","2017-02-25","0.12","7.58","1.51","-288.0","-46.7310403386","-23.9716157596"
"3","2017-02-26","0.13","55.26","9.96","-288.0","-46.7310403386","-23.9716157596"
"3","2017-02-27","0.0","0.96","0.06","-288.0","-46.7310403386","-23.9716157596"
"3","2017-02-28","0.0","2.67","0.13","-288.0","-46.7310403386","-23.9716157596"
"3","2017-03-01","0.0","1.16","0.06","-288.0","-46.7310403386","-23.9716157596"
"3","2017-03-02","1.97","98.53","18.79","-288.0","-46.7310403386","-23.9716157596"
"3","2017-03-03","0.09","11.03","1.82","-288.0","-46.7310403386","-23.9716157596"
"3","2017-03-04","0.0","0.31","0.0","-288.0","-46.7310403386","-23.9716157596"
"3","2017-03-05","1.87","209.96","30.89","-288.0","-46.7310403386","-23.9716157596"
"3","2017-03-06","0.84","62.24","8.59","-288.0","-46.7310403386","-23.9716157596"
"3","2017-03-07","8.96","183.9","67.11","-288.0","-46.7310403386","-23.9716157596"
"3","2017-03-08","5.87","80.12","25.82","-288.0","-46.7310403386","-23.9716157596"
"3","2017-03-09","0.0","0.0","0.0","-288.0","-46.7310403386","-23.9716157596"
"3","2017-03-10","0.0","1.4","0.02","-288.0","-46.7310403386","-23.9716157596"
"3","2017-03-11","0.0","0.39","0.0","-288.0","-46.7310403386","-23.9716157596"
"3","2017-03-12","0.0","0.39","0.05","-288.0","-46.7310403386","-23.9716157596"
"3","2017-03-13","0.0","0.82","0.02","-288.0","-46.7310403386","-23.9716157596"
"3","2017-03-14","0.0","0.04","0.0","-288.0","-46.7310403386","-23.9716157596"
"3","2017-03-15","0.02","5.71","0.97","-288.0","-46.7310403386","-23.9716157596"
"3","2017-03-16","0.0","0.04","0.0","-288.0","-46.7310403386","-23.9716157596"
"3","2017-03-17","0.08","33.27","1.84","-288.0","-46.7310403386","-23.9716157596"
"3","2017-03-18","1.12","22.41","5.84","-288.0","-46.7310403386","-23.9716157596"
"3","2017-03-19","1.85","29.12","8.54","-288.0","-46.7310403386","-23.9716157596"
"3","2017-03-20","0.0","1.08","0.11","-287.0","-46.7310403386","-23.9716157596"
"3","2017-03-21","0.0","0.0","0.0","0.0","-46.7310403386","-23.9716157596"
"3","2017-03-22","0.0","0.0","0.0","0.0","-46.7310403386","-23.9716157596"
"3","2017-03-23","","","","-1.0","-46.7310403386","-23.9716157596"
"3","2017-03-24","0.0","0.0","0.0","-288.0","-46.7310403386","-23.9716157596"
"3","2017-03-25","0.06","1.49","0.38","-287.0","-46.7310403386","-23.9716157596"
"3","2017-03-26","","","","-1.0","-46.7310403386","-23.9716157596"
"3","2017-03-27","0.16","12.54","2.76","-288.0","-46.7310403386","-23.9716157596"
"3","2017-03-28","0.0","20.51","2.19","-288.0","-46.7310403386","-23.9716157596"
"3","2017-03-29","0.01","5.53","0.76","-287.0","-46.7310403386","-23.9716157596"
"3","2017-03-30","0.0","0.0","0.0","0.0","-46.7310403386","-23.9716157596"
"3","2017-03-31","0.0","0.0","0.0","0.0","-46.7310403386","-23.9716157596"
"3","2017-04-01","0.0","0.0","0.0","0.0","-46.7310403386","-23.9716157596"
"3","2017-04-02","0.0","0.0","0.0","0.0","-46.7310403386","-23.9716157596"
"3","2017-04-03","0.0","0.0","0.0","0.0","-46.7310403386","-23.9716157596"
"3","2017-04-04","","","","-1.0","-46.7310403386","-23.9716157596"
"3","2017-04-05","0.0","0.0","0.0","-288.0","-46.7310403386","-23.9716157596"
"3","2017-04-06","5.99","124.16","35.9","-288.0","-46.7310403386","-23.9716157596"
"3","2017-04-07","2.03","43.51","10.18","-288.0","-46.7310403386","-23.9716157596"
"3","2017-04-08","0.0","0.04","0.0","-287.0","-46.7310403386","-23.9716157596"
"3","2017-04-09","","","","-1.0","-46.7310403386","-23.9716157596"
"3","2017-04-10","0.0","0.01","0.0","-288.0","-46.7310403386","-23.9716157596"
"3","2017-04-11","0.0","0.08","0.0","-288.0","-46.7310403386","-23.9716157596"
"3","2017-04-12","1.91","82.28","15.09","-287.0","-46.7310403386","-23.9716157596"
"3","2017-04-13","0.0","0.0","0.0","0.0","-46.7310403386","-23.9716157596"
"3","2017-04-14","0.0","0.0","0.0","0.0","-46.7310403386","-23.9716157596"
"3","2017-04-15","0.0","0.0","0.0","0.0","-46.7310403386","-23.9716157596"
"3","2017-04-16","","","","-1.0","-46.7310403386","-23.9716157596"
"3","2017-04-17","0.43","13.1","3.52","-287.0","-46.7310403386","-23.9716157596"
"3","2017-04-18","0.0","0.0","0.0","0.0","-46.7310403386","-23.9716157596"
"3","2017-04-19","0.0","0.0","0.0","0.0","-46.7310403386","-23.9716157596"
"3","2017-04-20","","","","-1.0","-46.7310403386","-23.9716157596"
"3","2017-04-21","2.97","50.74","13.09","-288.0","-46.7310403386","-23.9716157596"
"3","2017-04-22","0.9","7.61","2.9","-287.0","-46.7310403386","-23.9716157596"
"3","2017-04-23","0.0","0.0","0.0","0.0","-46.7310403386","-23.9716157596"
"3","2017-04-24","0.0","0.0","0.0","0.0","-46.7310403386","-23.9716157596"
"3","2017-04-25","","","","-1.0","-46.7310403386","-23.9716157596"
"3","2017-04-26","3.87","64.99","19.98","-288.0","-46.7310403386","-23.9716157596"
"3","2017-04-27","0.08","2.24","0.6","-287.0","-46.7310403386","-23.9716157596"
"3","2017-04-28","0.0","0.0","0.0","0.0","-46.7310403386","-23.9716157596"
"3","2017-04-29","0.0","0.0","0.0","0.0","-46.7310403386","-23.9716157596"
"3","2017-04-30","0.0","0.0","0.0","0.0","-46.7310403386","-23.9716157596"
"3","2017-05-01","","","","-1.0","-46.7310403386","-23.9716157596"
"3","2017-05-02","0.0","0.0","0.0","-287.0","-46.7310403386","-23.9716157596"
"3","2017-05-03","0.0","0.0","0.0","0.0","-46.7310403386","-23.9716157596"
"3","2017-05-04","","","","-1.0","-46.7310403386","-23.9716157596"
"3","2017-05-05","1.43","50.4","10.29","-288.0","-46.7310403386","-23.9716157596"
"3","2017-05-06","1.24","93.6","20.5","-288.0","-46.7310403386","-23.9716157596"
"3","2017-05-07","0.0","14.81","1.08","-287.0","-46.7310403386","-23.9716157596"
"3","2017-05-08","0.0","0.0","0.0","0.0","-46.7310403386","-23.9716157596"
"3","2017-05-09","0.0","0.0","0.0","0.0","-46.7310403386","-23.9716157596"
"3","2017-05-10","0.0","0.0","0.0","0.0","-46.7310403386","-23.9716157596"
"3","2017-05-11","0.0","0.0","0.0","0.0","-46.7310403386","-23.9716157596"
"3","2017-05-12","0.0","0.0","0.0","0.0","-46.7310403386","-23.9716157596"
"3","2017-05-13","","","","-1.0","-46.7310403386","-23.9716157596"
"3","2017-05-14","0.0","1.91","0.27","-287.0","-46.7310403386","-23.9716157596"
"3","2017-05-15","0.0","0.0","0.0","0.0","-46.7310403386","-23.9716157596"
"3","2017-05-16","0.0","0.0","0.0","0.0","-46.7310403386","-23.9716157596"
"3","2017-05-17","","","","-1.0","-46.7310403386","-23.9716157596"
"3","2017-05-18","0.44","8.91","2.45","-288.0","-46.7310403386","-23.9716157596"
"3","2017-05-19","8.33","123.71","35.3","-288.0","-46.7310403386","-23.9716157596"
"3","2017-05-20","0.0","0.02","0.0","-288.0","-46.7310403386","-23.9716157596"
"3","2017-05-21","6.08","76.04","23.87","-288.0","-46.7310403386","-23.9716157596"
"3","2017-05-22","1.79","25.87","7.86","-287.0","-46.7310403386","-23.9716157596"
"3","2017-05-23","0.0","0.0","0.0","0.0","-46.7310403386","-23.9716157596"
"3","2017-05-24","0.0","0.0","0.0","0.0","-46.7310403386","-23.9716157596"
"3","2017-05-25","0.0","0.0","0.0","0.0","-46.7310403386","-23.9716157596"
"3","2017-05-26","0.0","0.0","0.0","0.0","-46.7310403386","-23.9716157596"
"3","2017-05-27","0.0","0.0","0.0","0.0","-46.7310403386","-23.9716157596"
"3","2017-05-28","0.0","0.0","0.0","0.0","-46.7310403386","-23.9716157596"
"3","2017-05-29","0.0","0.0","0.0","0.0","-46.7310403386","-23.9716157596"
"3","2017-05-30","0.0","0.0","0.0","0.0","-46.7310403386","-23.9716157596"
"3","2017-05-31","0.0","0.0","0.0","0.0","-46.7310403386","-23.9716157596"
"3","2017-06-01","0.0","0.0","0.0","0.0","-46.7310403386","-23.9716157596"
"3","2017-06-02","0.0","0.0","0.0","0.0","-46.7310403386","-23.9716157596"
"3","2017-06-03","0.0","0.0","0.0","0.0","-46.7310403386","-23.9716157596"
"3","2017-06-04","","","","-1.0","-46.7310403386","-23.9716157596"
"3","2017-06-05","11.82","145.56","49.83","-288.0","-46.7310403386","-23.9716157596"
"3","2017-06-06","7.41","128.4","36.6","-288.0","-46.7310403386","-23.9716157596"
"3","2017-06-07","1.92","22.87","8.12","-287.0","-46.7310403386","-23.9716157596"
"3","2017-06-08","","","","-1.0","-46.7310403386","-23.9716157596"
"3","2017-06-09","0.01","12.08","1.68","-288.0","-46.7310403386","-23.9716157596"
"3","2017-06-10","0.0","0.0","0.0","-287.0","-46.7310403386","-23.9716157596"
"3","2017-06-11","","","","-1.0","-46.7310403386","-23.9716157596"
"3","2017-06-12","0.0","0.2","0.0","-288.0","-46.7310403386","-23.9716157596"
"3","2017-06-13","4.17","140.44","31.75","-288.0","-46.7310403386","-23.9716157596"
"3","2017-06-14","0.03","2.23","0.42","-287.0","-46.7310403386","-23.9716157596"
"4","2016-10-31","","","","-1.0","-46.6584328822","-23.9696477365"
"4","2016-11-01","0.0","2.59","0.05","-288.0","-46.6584328822","-23.9696477365"
"4","2016-11-02","0.04","11.77","1.19","-288.0","-46.6584328822","-23.9696477365"
"4","2016-11-03","0.95","30.98","6.71","-288.0","-46.6584328822","-23.9696477365"
"4","2016-11-04","0.01","3.25","0.3","-288.0","-46.6584328822","-23.9696477365"
"4","2016-11-05","0.0","0.0","0.0","-288.0","-46.6584328822","-23.9696477365"
"4","2016-11-06","0.0","0.33","0.0","-288.0","-46.6584328822","-23.9696477365"
"4","2016-11-07","0.0","0.0","0.0","-288.0","-46.6584328822","-23.9696477365"
"4","2016-11-08","0.0","0.0","0.0","-288.0","-46.6584328822","-23.9696477365"
"4","2016-11-09","9.26","130.93","52.46","-288.0","-46.6584328822","-23.9696477365"
"4","2016-11-10","1.61","21.07","6.2","-288.0","-46.6584328822","-23.9696477365"
"4","2016-11-11","0.22","26.88","3.82","-288.0","-46.6584328822","-23.9696477365"
"4","2016-11-12","0.0","4.39","0.43","-288.0","-46.6584328822","-23.9696477365"
"4","2016-11-13","4.05","28.86","12.11","-288.0","-46.6584328822","-23.9696477365"
"4","2016-11-14","3.24","27.05","9.5","-287.0","-46.6584328822","-23.9696477365"
"4","2016-11-15","","","","-1.0","-46.6584328822","-23.9696477365"
"4","2016-11-16","4.76","66.66","31.94","-288.0","-46.6584328822","-23.9696477365"
"4","2016-11-17","0.11","22.8","2.54","-288.0","-46.6584328822","-23.9696477365"
"4","2016-11-18","0.07","8.99","1.12","-287.0","-46.6584328822","-23.9696477365"
"4","2016-11-19","0.0","0.0","0.0","0.0","-46.6584328822","-23.9696477365"
"4","2016-11-20","0.0","0.0","0.0","0.0","-46.6584328822","-23.9696477365"
"4","2016-11-21","0.0","0.0","0.0","0.0","-46.6584328822","-23.9696477365"
"4","2016-11-22","","","","-1.0","-46.6584328822","-23.9696477365"
"4","2016-11-23","0.0","0.1","0.0","-288.0","-46.6584328822","-23.9696477365"
"4","2016-11-24","0.0","0.0","0.0","-287.0","-46.6584328822","-23.9696477365"
"4","2016-11-25","0.0","0.0","0.0","0.0","-46.6584328822","-23.9696477365"
"4","2016-11-26","","","","-1.0","-46.6584328822","-23.9696477365"
"4","2016-11-27","0.0","1.62","0.09","-288.0","-46.6584328822","-23.9696477365"
"4","2016-11-28","0.06","48.78","7.21","-288.0","-46.6584328822","-23.9696477365"
"4","2016-11-29","1.94","55.36","11.19","-288.0","-46.6584328822","-23.9696477365"
"4","2016-11-30","0.0","0.94","0.08","-287.0","-46.6584328822","-23.9696477365"
"4","2016-12-01","0.0","0.0","0.0","0.0","-46.6584328822","-23.9696477365"
"4","2016-12-02","","","","-1.0","-46.6584328822","-23.9696477365"
"4","2016-12-03","1.32","46.89","10.6","-288.0","-46.6584328822","-23.9696477365"
"4","2016-12-04","0.0","2.42","0.24","-288.0","-46.6584328822","-23.9696477365"
"4","2016-12-05","0.0","0.12","0.01","-287.0","-46.6584328822","-23.9696477365"
"4","2016-12-06","","","","-1.0","-46.6584328822","-23.9696477365"
"4","2016-12-07","0.14","10.42","2.19","-288.0","-46.6584328822","-23.9696477365"
"4","2016-12-08","0.59","19.5","5.31","-288.0","-46.6584328822","-23.9696477365"
"4","2016-12-09","0.0","0.42","0.02","-288.0","-46.6584328822","-23.9696477365"
"4","2016-12-10","1.51","19.11","5.55","-288.0","-46.6584328822","-23.9696477365"
"4","2016-12-11","1.86","30.14","7.41","-288.0","-46.6584328822","-23.9696477365"
"4","2016-12-12","3.32","53.68","16.69","-288.0","-46.6584328822","-23.9696477365"
"4","2016-12-13","0.0","3.6","0.31","-288.0","-46.6584328822","-23.9696477365"
"4","2016-12-14","0.0","1.67","0.14","-288.0","-46.6584328822","-23.9696477365"
"4","2016-12-15","0.0","0.0","0.0","-287.0","-46.6584328822","-23.9696477365"
"4","2016-12-16","0.0","0.0","0.0","0.0","-46.6584328822","-23.9696477365"
"4","2016-12-17","","","","-1.0","-46.6584328822","-23.9696477365"
"4","2016-12-18","0.0","0.14","0.0","-288.0","-46.6584328822","-23.9696477365"
"4","2016-12-19","2.97","88.49","30.77","-288.0","-46.6584328822","-23.9696477365"
"4","2016-12-20","0.29","34.94","5.67","-288.0","-46.6584328822","-23.9696477365"
"4","2016-12-21","6.54","65.7","24.06","-288.0","-46.6584328822","-23.9696477365"
"4","2016-12-22","0.0","0.38","0.0","-288.0","-46.6584328822","-23.9696477365"
"4","2016-12-23","0.01","7.68","0.92","-288.0","-46.6584328822","-23.9696477365"
"4","2016-12-24","0.0","0.48","0.02","-288.0","-46.6584328822","-23.9696477365"
"4","2016-12-25","0.0","0.14","0.0","-288.0","-46.6584328822","-23.9696477365"
"4","2016-12-26","0.0","0.05","0.0","-288.0","-46.6584328822","-23.9696477365"
"4","2016-12-27","0.32","51.18","8.13","-288.0","-46.6584328822","-23.9696477365"
"4","2016-12-28","0.0","0.17","0.0","-288.0","-46.6584328822","-23.9696477365"
"4","2016-12-29","0.0","1.03","0.05","-288.0","-46.6584328822","-23.9696477365"
"4","2016-12-30","0.0","0.26","0.0","-288.0","-46.6584328822","-23.9696477365"
"4","2016-12-31","0.0","0.12","0.0","-287.0","-46.6584328822","-23.9696477365"
"4","2017-01-01","","","","-1.0","-46.6584328822","-23.9696477365"
"4","2017-01-02","0.11","54.92","14.66","-288.0","-46.6584328822","-23.9696477365"
"4","2017-01-03","0.0","0.96","0.08","-288.0","-46.6584328822","-23.9696477365"
"4","2017-01-04","0.0","1.5","0.09","-288.0","-46.6584328822","-23.9696477365"
"4","2017-01-05","0.0","1.12","0.14","-288.0","-46.6584328822","-23.9696477365"
"4","2017-01-06","1.19","99.44","18.04","-288.0","-46.6584328822","-23.9696477365"
"4","2017-01-07","0.0","16.96","1.44","-288.0","-46.6584328822","-23.9696477365"
"4","2017-01-08","0.0","2.1","0.27","-288.0","-46.6584328822","-23.9696477365"
"4","2017-01-09","0.05","16.04","1.96","-288.0","-46.6584328822","-23.9696477365"
"4","2017-01-10","0.0","1.11","0.02","-288.0","-46.6584328822","-23.9696477365"
"4","2017-01-11","0.23","177.48","27.66","-288.0","-46.6584328822","-23.9696477365"
"4","2017-01-12","4.39","121.69","37.01","-288.0","-46.6584328822","-23.9696477365"
"4","2017-01-13","0.0","0.41","0.0","-288.0","-46.6584328822","-23.9696477365"
"4","2017-01-14","0.0","0.0","0.0","-288.0","-46.6584328822","-23.9696477365"
"4","2017-01-15","0.0","0.53","0.0","-288.0","-46.6584328822","-23.9696477365"
"4","2017-01-16","4.1","86.46","21.61","-288.0","-46.6584328822","-23.9696477365"
"4","2017-01-17","6.74","81.05","26.88","-288.0","-46.6584328822","-23.9696477365"
"4","2017-01-18","7.34","84.04","28.13","-288.0","-46.6584328822","-23.9696477365"
"4","2017-01-19","4.34","75.85","20.96","-288.0","-46.6584328822","-23.9696477365"
"4","2017-01-20","1.26","24.69","7.5","-288.0","-46.6584328822","-23.9696477365"
"4","2017-01-21","4.2","179.95","44.02","-288.0","-46.6584328822","-23.9696477365"
"4","2017-01-22","0.45","46.64","9.13","-288.0","-46.6584328822","-23.9696477365"
"4","2017-01-23","0.19","30.86","4.09","-288.0","-46.6584328822","-23.9696477365"
"4","2017-01-24","0.22","83.14","14.42","-288.0","-46.6584328822","-23.9696477365"
"4","2017-01-25","0.0","1.85","0.19","-288.0","-46.6584328822","-23.9696477365"
"4","2017-01-26","2.72","37.83","10.5","-288.0","-46.6584328822","-23.9696477365"
"4","2017-01-27","2.03","63.99","15.03","-288.0","-46.6584328822","-23.9696477365"
"4","2017-01-28","0.03","25.9","2.69","-288.0","-46.6584328822","-23.9696477365"
"4","2017-01-29","0.0","6.34","0.37","-288.0","-46.6584328822","-23.9696477365"
"4","2017-01-30","0.0","2.17","0.06","-288.0","-46.6584328822","-23.9696477365"
"4","2017-01-31","0.0","9.8","0.93","-288.0","-46.6584328822","-23.9696477365"
"4","2017-02-01","2.04","139.77","29.17","-288.0","-46.6584328822","-23.9696477365"
"4","2017-02-02","2.28","36.95","11.46","-288.0","-46.6584328822","-23.9696477365"
"4","2017-02-03","0.93","34.71","8.46","-288.0","-46.6584328822","-23.9696477365"
"4","2017-02-04","0.22","66.83","10.65","-288.0","-46.6584328822","-23.9696477365"
"4","2017-02-05","0.0","3.02","0.14","-288.0","-46.6584328822","-23.9696477365"
"4","2017-02-06","2.15","61.49","13.45","-288.0","-46.6584328822","-23.9696477365"
"4","2017-02-07","5.84","210.12","65.19","-288.0","-46.6584328822","-23.9696477365"
"4","2017-02-08","0.0","3.25","0.27","-287.0","-46.6584328822","-23.9696477365"
"4","2017-02-09","0.0","0.0","0.0","0.0","-46.6584328822","-23.9696477365"
"4","2017-02-10","0.0","0.0","0.0","0.0","-46.6584328822","-23.9696477365"
"4","2017-02-11","0.0","0.0","0.0","0.0","-46.6584328822","-23.9696477365"
"4","2017-02-12","0.0","0.0","0.0","0.0","-46.6584328822","-23.9696477365"
"4","2017-02-13","0.0","0.0","0.0","0.0","-46.6584328822","-23.9696477365"
"4","2017-02-14","0.0","0.0","0.0","0.0","-46.6584328822","-23.9696477365"
"4","2017-02-15","0.0","0.0","0.0","0.0","-46.6584328822","-23.9696477365"
"4","2017-02-16","","","","-1.0","-46.6584328822","-23.9696477365"
"4","2017-02-17","0.0","0.47","0.04","-288.0","-46.6584328822","-23.9696477365"
"4","2017-02-18","0.0","0.09","0.02","-287.0","-46.6584328822","-23.9696477365"
"4","2017-02-19","0.0","0.0","0.0","0.0","-46.6584328822","-23.9696477365"
"4","2017-02-20","0.0","0.0","0.0","0.0","-46.6584328822","-23.9696477365"
"4","2017-02-21","","","","-1.0","-46.6584328822","-23.9696477365"
"4","2017-02-22","0.0","0.0","0.0","-288.0","-46.6584328822","-23.9696477365"
"4","2017-02-23","0.01","18.96","2.04","-288.0","-46.6584328822","-23.9696477365"
"4","2017-02-24","4.03","128.7","30.18","-288.0","-46.6584328822","-23.9696477365"
"4","2017-02-25","0.08","4.48","0.92","-288.0","-46.6584328822","-23.9696477365"
"4","2017-02-26","0.33","42.21","9.31","-288.0","-46.6584328822","-23.9696477365"
"4","2017-02-27","0.0","1.48","0.04","-288.0","-46.6584328822","-23.9696477365"
"4","2017-02-28","0.0","7.79","0.26","-288.0","-46.6584328822","-23.9696477365"
"4","2017-03-01","0.0","5.09","0.5","-288.0","-46.6584328822","-23.9696477365"
"4","2017-03-02","0.94","100.07","15.03","-288.0","-46.6584328822","-23.9696477365"
"4","2017-03-03","0.07","11.73","2.24","-288.0","-46.6584328822","-23.9696477365"
"4","2017-03-04","0.0","0.62","0.0","-288.0","-46.6584328822","-23.9696477365"
"4","2017-03-05","2.83","153.99","44.05","-288.0","-46.6584328822","-23.9696477365"
"4","2017-03-06","1.51","101.77","13.61","-288.0","-46.6584328822","-23.9696477365"
"4","2017-03-07","2.93","104.78","29.57","-288.0","-46.6584328822","-23.9696477365"
"4","2017-03-08","11.76","108.11","41.17","-288.0","-46.6584328822","-23.9696477365"
"4","2017-03-09","0.0","0.0","0.0","-288.0","-46.6584328822","-23.9696477365"
"4","2017-03-10","0.0","2.19","0.15","-288.0","-46.6584328822","-23.9696477365"
"4","2017-03-11","0.0","0.21","0.0","-288.0","-46.6584328822","-23.9696477365"
"4","2017-03-12","0.0","0.28","0.0","-288.0","-46.6584328822","-23.9696477365"
"4","2017-03-13","0.0","7.87","0.94","-288.0","-46.6584328822","-23.9696477365"
"4","2017-03-14","0.0","0.07","0.0","-288.0","-46.6584328822","-23.9696477365"
"4","2017-03-15","0.27","23.8","2.99","-288.0","-46.6584328822","-23.9696477365"
"4","2017-03-16","0.0","1.59","0.05","-288.0","-46.6584328822","-23.9696477365"
"4","2017-03-17","0.09","58.04","6.46","-288.0","-46.6584328822","-23.9696477365"
"4","2017-03-18","1.01","16.81","4.83","-288.0","-46.6584328822","-23.9696477365"
"4","2017-03-19","1.97","25.48","8.19","-288.0","-46.6584328822","-23.9696477365"
"4","2017-03-20","0.02","2.36","0.41","-287.0","-46.6584328822","-23.9696477365"
"4","2017-03-21","0.0","0.0","0.0","0.0","-46.6584328822","-23.9696477365"
"4","2017-03-22","0.0","0.0","0.0","0.0","-46.6584328822","-23.9696477365"
"4","2017-03-23","","","","-1.0","-46.6584328822","-23.9696477365"
"4","2017-03-24","0.0","0.0","0.0","-288.0","-46.6584328822","-23.9696477365"
"4","2017-03-25","0.08","1.97","0.42","-287.0","-46.6584328822","-23.9696477365"
"4","2017-03-26","","","","-1.0","-46.6584328822","-23.9696477365"
"4","2017-03-27","0.04","8.99","1.92","-288.0","-46.6584328822","-23.9696477365"
"4","2017-03-28","0.1","28.68","4.37","-288.0","-46.6584328822","-23.9696477365"
"4","2017-03-29","0.05","6.32","0.99","-287.0","-46.6584328822","-23.9696477365"
"4","2017-03-30","0.0","0.0","0.0","0.0","-46.6584328822","-23.9696477365"
"4","2017-03-31","0.0","0.0","0.0","0.0","-46.6584328822","-23.9696477365"
"4","2017-04-01","0.0","0.0","0.0","0.0","-46.6584328822","-23.9696477365"
"4","2017-04-02","0.0","0.0","0.0","0.0","-46.6584328822","-23.9696477365"
"4","2017-04-03","0.0","0.0","0.0","0.0","-46.6584328822","-23.9696477365"
"4","2017-04-04","","","","-1.0","-46.6584328822","-23.9696477365"
"4","2017-04-05","0.0","0.0","0.0","-288.0","-46.6584328822","-23.9696477365"
"4","2017-04-06","5.27","95.86","33.76","-288.0","-46.6584328822","-23.9696477365"
"4","2017-04-07","2.17","50.59","12.8","-288.0","-46.6584328822","-23.9696477365"
"4","2017-04-08","0.0","0.75","0.02","-287.0","-46.6584328822","-23.9696477365"
"4","2017-04-09","","","","-1.0","-46.6584328822","-23.9696477365"
"4","2017-04-10","0.0","0.06","0.0","-288.0","-46.6584328822","-23.9696477365"
"4","2017-04-11","0.0","0.06","0.0","-288.0","-46.6584328822","-23.9696477365"
"4","2017-04-12","1.82","76.3","17.84","-287.0","-46.6584328822","-23.9696477365"
"4","2017-04-13","0.0","0.0","0.0","0.0","-46.6584328822","-23.9696477365"
"4","2017-04-14","0.0","0.0","0.0","0.0","-46.6584328822","-23.9696477365"
"4","2017-04-15","0.0","0.0","0.0","0.0","-46.6584328822","-23.9696477365"
"4","2017-04-16","","","","-1.0","-46.6584328822","-23.9696477365"
"4","2017-04-17","0.33","9.81","2.47","-287.0","-46.6584328822","-23.9696477365"
"4","2017-04-18","0.0","0.0","0.0","0.0","-46.6584328822","-23.9696477365"
"4","2017-04-19","0.0","0.0","0.0","0.0","-46.6584328822","-23.9696477365"
"4","2017-04-20","","","","-1.0","-46.6584328822","-23.9696477365"
"4","2017-04-21","3.52","43.45","13.54","-288.0","-46.6584328822","-23.9696477365"
"4","2017-04-22","1.25","8.17","3.56","-287.0","-46.6584328822","-23.9696477365"
"4","2017-04-23","0.0","0.0","0.0","0.0","-46.6584328822","-23.9696477365"
"4","2017-04-24","0.0","0.0","0.0","0.0","-46.6584328822","-23.9696477365"
"4","2017-04-25","","","","-1.0","-46.6584328822","-23.9696477365"
"4","2017-04-26","4.78","58.52","18.28","-288.0","-46.6584328822","-23.9696477365"
"4","2017-04-27","0.15","2.49","0.83","-287.0","-46.6584328822","-23.9696477365"
"4","2017-04-28","0.0","0.0","0.0","0.0","-46.6584328822","-23.9696477365"
"4","2017-04-29","0.0","0.0","0.0","0.0","-46.6584328822","-23.9696477365"
"4","2017-04-30","0.0","0.0","0.0","0.0","-46.6584328822","-23.9696477365"
"4","2017-05-01","","","","-1.0","-46.6584328822","-23.9696477365"
"4","2017-05-02","0.0","1.27","0.01","-287.0","-46.6584328822","-23.9696477365"
"4","2017-05-03","0.0","0.0","0.0","0.0","-46.6584328822","-23.9696477365"
"4","2017-05-04","","","","-1.0","-46.6584328822","-23.9696477365"
"4","2017-05-05","1.23","33.55","9.0","-288.0","-46.6584328822","-23.9696477365"
"4","2017-05-06","0.55","92.64","15.01","-288.0","-46.6584328822","-23.9696477365"
"4","2017-05-07","0.0","27.42","2.6","-287.0","-46.6584328822","-23.9696477365"
"4","2017-05-08","0.0","0.0","0.0","0.0","-46.6584328822","-23.9696477365"
"4","2017-05-09","0.0","0.0","0.0","0.0","-46.6584328822","-23.9696477365"
"4","2017-05-10","0.0","0.0","0.0","0.0","-46.6584328822","-23.9696477365"
"4","2017-05-11","0.0","0.0","0.0","0.0","-46.6584328822","-23.9696477365"
"4","2017-05-12","0.0","0.0","0.0","0.0","-46.6584328822","-23.9696477365"
"4","2017-05-13","","","","-1.0","-46.6584328822","-23.9696477365"
"4","2017-05-14","0.0","2.02","0.39","-287.0","-46.6584328822","-23.9696477365"
"4","2017-05-15","0.0","0.0","0.0","0.0","-46.6584328822","-23.9696477365"
"4","2017-05-16","0.0","0.0","0.0","0.0","-46.6584328822","-23.9696477365"
"4","2017-05-17","","","","-1.0","-46.6584328822","-23.9696477365"
"4","2017-05-18","0.55","6.34","2.2","-288.0","-46.6584328822","-23.9696477365"
"4","2017-05-19","10.46","100.48","33.7","-288.0","-46.6584328822","-23.9696477365"
"4","2017-05-20","0.0","0.0","0.0","-288.0","-46.6584328822","-23.9696477365"
"4","2017-05-21","6.54","64.59","22.83","-288.0","-46.6584328822","-23.9696477365"
"4","2017-05-22","1.74","22.58","7.31","-287.0","-46.6584328822","-23.9696477365"
"4","2017-05-23","0.0","0.0","0.0","0.0","-46.6584328822","-23.9696477365"
"4","2017-05-24","0.0","0.0","0.0","0.0","-46.6584328822","-23.9696477365"
"4","2017-05-25","0.0","0.0","0.0","0.0","-46.6584328822","-23.9696477365"
"4","2017-05-26","0.0","0.0","0.0","0.0","-46.6584328822","-23.9696477365"
"4","2017-05-27","0.0","0.0","0.0","0.0","-46.6584328822","-23.9696477365"
"4","2017-05-28","0.0","0.0","0.0","0.0","-46.6584328822","-23.9696477365"
"4","2017-05-29","0.0","0.0","0.0","0.0","-46.6584328822","-23.9696477365"
"4","2017-05-30","0.0","0.0","0.0","0.0","-46.6584328822","-23.9696477365"
"4","2017-05-31","0.0","0.0","0.0","0.0","-46.6584328822","-23.9696477365"
"4","2017-06-01","0.0","0.0","0.0","0.0","-46.6584328822","-23.9696477365"
"4","2017-06-02","0.0","0.0","0.0","0.0","-46.6584328822","-23.9696477365"
"4","2017-06-03","0.0","0.0","0.0","0.0","-46.6584328822","-23.9696477365"
"4","2017-06-04","","","","-1.0","-46.6584328822","-23.9696477365"
"4","2017-06-05","13.47","117.1","45.43","-288.0","-46.6584328822","-23.9696477365"
"4","2017-06-06","9.89","131.85","38.7","-288.0","-46.6584328822","-23.9696477365"
"4","2017-06-07","1.95","17.22","6.85","-287.0","-46.6584328822","-23.9696477365"
"4","2017-06-08","","","","-1.0","-46.6584328822","-23.9696477365"
"4","2017-06-09","0.07","11.27","2.01","-288.0","-46.6584328822","-23.9696477365"
"4","2017-06-10","0.0","0.0","0.0","-287.0","-46.6584328822","-23.9696477365"
"4","2017-06-11","","","","-1.0","-46.6584328822","-23.9696477365"
"4","2017-06-12","0.0","0.83","0.01","-288.0","-46.6584328822","-23.9696477365"
"4","2017-06-13","4.3","84.1","22.25","-288.0","-46.6584328822","-23.9696477365"
"4","2017-06-14","0.17","5.49","1.35","-287.0","-46.6584328822","-23.9696477365"
"5","2016-10-31","","","","-1.0","-46.6138858944","-23.9618497641"
"5","2016-11-01","0.0","0.0","0.0","-288.0","-46.6138858944","-23.9618497641"
"5","2016-11-02","0.26","1.02","0.55","-288.0","-46.6138858944","-23.9618497641"
"5","2016-11-03","2.63","7.06","4.64","-288.0","-46.6138858944","-23.9618497641"
"5","2016-11-04","0.19","1.73","0.79","-288.0","-46.6138858944","-23.9618497641"
"5","2016-11-05","0.0","0.0","0.0","-288.0","-46.6138858944","-23.9618497641"
"5","2016-11-06","0.0","0.01","0.0","-288.0","-46.6138858944","-23.9618497641"
"5","2016-11-07","0.0","0.0","0.0","-288.0","-46.6138858944","-23.9618497641"
"5","2016-11-08","0.0","0.0","0.0","-288.0","-46.6138858944","-23.9618497641"
"5","2016-11-09","33.52","74.46","50.6","-288.0","-46.6138858944","-23.9618497641"
"5","2016-11-10","2.99","8.28","5.17","-288.0","-46.6138858944","-23.9618497641"
"5","2016-11-11","4.56","13.13","8.35","-288.0","-46.6138858944","-23.9618497641"
"5","2016-11-12","0.35","1.26","0.71","-288.0","-46.6138858944","-23.9618497641"
"5","2016-11-13","7.59","16.58","11.79","-288.0","-46.6138858944","-23.9618497641"
"5","2016-11-14","5.9","14.79","9.91","-287.0","-46.6138858944","-23.9618497641"
"5","2016-11-15","","","","-1.0","-46.6138858944","-23.9618497641"
"5","2016-11-16","19.26","34.3","26.73","-288.0","-46.6138858944","-23.9618497641"
"5","2016-11-17","2.25","5.57","3.67","-288.0","-46.6138858944","-23.9618497641"
"5","2016-11-18","0.6","1.72","1.02","-287.0","-46.6138858944","-23.9618497641"
"5","2016-11-19","0.0","0.0","0.0","0.0","-46.6138858944","-23.9618497641"
"5","2016-11-20","0.0","0.0","0.0","0.0","-46.6138858944","-23.9618497641"
"5","2016-11-21","0.0","0.0","0.0","0.0","-46.6138858944","-23.9618497641"
"5","2016-11-22","","","","-1.0","-46.6138858944","-23.9618497641"
"5","2016-11-23","0.01","0.03","0.01","-288.0","-46.6138858944","-23.9618497641"
"5","2016-11-24","0.0","0.0","0.0","-287.0","-46.6138858944","-23.9618497641"
"5","2016-11-25","0.0","0.0","0.0","0.0","-46.6138858944","-23.9618497641"
"5","2016-11-26","","","","-1.0","-46.6138858944","-23.9618497641"
"5","2016-11-27","0.0","0.0","0.0","-288.0","-46.6138858944","-23.9618497641"
"5","2016-11-28","7.6","21.81","13.34","-288.0","-46.6138858944","-23.9618497641"
"5","2016-11-29","4.22","11.27","6.98","-288.0","-46.6138858944","-23.9618497641"
"5","2016-11-30","0.0","0.12","0.04","-287.0","-46.6138858944","-23.9618497641"
"5","2016-12-01","0.0","0.0","0.0","0.0","-46.6138858944","-23.9618497641"
"5","2016-12-02","","","","-1.0","-46.6138858944","-23.9618497641"
"5","2016-12-03","4.94","14.17","8.47","-288.0","-46.6138858944","-23.9618497641"
"5","2016-12-04","0.2","0.71","0.36","-288.0","-46.6138858944","-23.9618497641"
"5","2016-12-05","0.0","0.0","0.0","-287.0","-46.6138858944","-23.9618497641"
"5","2016-12-06","","","","-1.0","-46.6138858944","-23.9618497641"
"5","2016-12-07","1.24","3.21","2.02","-288.0","-46.6138858944","-23.9618497641"
"5","2016-12-08","1.48","6.0","3.16","-288.0","-46.6138858944","-23.9618497641"
"5","2016-12-09","0.04","0.08","0.05","-288.0","-46.6138858944","-23.9618497641"
"5","2016-12-10","3.69","8.92","6.12","-288.0","-46.6138858944","-23.9618497641"
"5","2016-12-11","4.07","8.7","6.01","-288.0","-46.6138858944","-23.9618497641"
"5","2016-12-12","12.91","30.5","20.56","-288.0","-46.6138858944","-23.9618497641"
"5","2016-12-13","0.29","2.17","0.99","-288.0","-46.6138858944","-23.9618497641"
"5","2016-12-14","0.0","0.2","0.03","-288.0","-46.6138858944","-23.9618497641"
"5","2016-12-15","0.0","0.0","0.0","-287.0","-46.6138858944","-23.9618497641"
"5","2016-12-16","0.0","0.0","0.0","0.0","-46.6138858944","-23.9618497641"
"5","2016-12-17","","","","-1.0","-46.6138858944","-23.9618497641"
"5","2016-12-18","0.0","0.0","0.0","-288.0","-46.6138858944","-23.9618497641"
"5","2016-12-19","2.93","12.77","6.32","-288.0","-46.6138858944","-23.9618497641"
"5","2016-12-20","7.38","28.14","17.18","-288.0","-46.6138858944","-23.9618497641"
"5","2016-12-21","23.17","40.14","30.93","-288.0","-46.6138858944","-23.9618497641"
"5","2016-12-22","0.0","0.0","0.0","-288.0","-46.6138858944","-23.9618497641"
"5","2016-12-23","0.73","2.03","1.34","-288.0","-46.6138858944","-23.9618497641"
"5","2016-12-24","0.0","0.22","0.14","-288.0","-46.6138858944","-23.9618497641"
"5","2016-12-25","0.0","0.0","0.0","-288.0","-46.6138858944","-23.9618497641"
"5","2016-12-26","0.0","0.01","0.01","-288.0","-46.6138858944","-23.9618497641"
"5","2016-12-27","19.74","40.97","29.11","-288.0","-46.6138858944","-23.9618497641"
"5","2016-12-28","0.0","0.05","0.0","-288.0","-46.6138858944","-23.9618497641"
"5","2016-12-29","0.0","0.18","0.01","-288.0","-46.6138858944","-23.9618497641"
"5","2016-12-30","0.0","0.09","0.0","-288.0","-46.6138858944","-23.9618497641"
"5","2016-12-31","0.0","0.04","0.01","-287.0","-46.6138858944","-23.9618497641"
"5","2017-01-01","","","","-1.0","-46.6138858944","-23.9618497641"
"5","2017-01-02","17.26","46.53","29.44","-288.0","-46.6138858944","-23.9618497641"
"5","2017-01-03","0.17","0.7","0.41","-288.0","-46.6138858944","-23.9618497641"
"5","2017-01-04","0.0","0.04","0.0","-288.0","-46.6138858944","-23.9618497641"
"5","2017-01-05","0.04","0.2","0.09","-288.0","-46.6138858944","-23.9618497641"
"5","2017-01-06","7.64","30.25","17.2","-288.0","-46.6138858944","-23.9618497641"
"5","2017-01-07","0.09","0.63","0.31","-288.0","-46.6138858944","-23.9618497641"
"5","2017-01-08","0.96","3.51","2.13","-288.0","-46.6138858944","-23.9618497641"
"5","2017-01-09","0.53","2.16","1.23","-288.0","-46.6138858944","-23.9618497641"
"5","2017-01-10","0.02","0.33","0.13","-288.0","-46.6138858944","-23.9618497641"
"5","2017-01-11","61.97","123.8","89.56","-288.0","-46.6138858944","-23.9618497641"
"5","2017-01-12","16.41","42.73","28.41","-288.0","-46.6138858944","-23.9618497641"
"5","2017-01-13","0.0","0.03","0.01","-288.0","-46.6138858944","-23.9618497641"
"5","2017-01-14","0.0","0.0","0.0","-288.0","-46.6138858944","-23.9618497641"
"5","2017-01-15","0.0","0.16","0.02","-288.0","-46.6138858944","-23.9618497641"
"5","2017-01-16","15.29","40.65","26.66","-288.0","-46.6138858944","-23.9618497641"
"5","2017-01-17","18.63","38.85","27.95","-288.0","-46.6138858944","-23.9618497641"
"5","2017-01-18","18.14","47.37","30.48","-288.0","-46.6138858944","-23.9618497641"
"5","2017-01-19","13.67","36.47","23.83","-288.0","-46.6138858944","-23.9618497641"
"5","2017-01-20","6.0","14.69","9.87","-288.0","-46.6138858944","-23.9618497641"
"5","2017-01-21","31.17","97.5","62.56","-288.0","-46.6138858944","-23.9618497641"
"5","2017-01-22","1.89","6.63","3.79","-288.0","-46.6138858944","-23.9618497641"
"5","2017-01-23","1.26","4.54","2.56","-288.0","-46.6138858944","-23.9618497641"
"5","2017-01-24","11.57","32.35","19.98","-288.0","-46.6138858944","-23.9618497641"
"5","2017-01-25","0.09","0.44","0.22","-288.0","-46.6138858944","-23.9618497641"
"5","2017-01-26","7.95","17.64","12.06","-288.0","-46.6138858944","-23.9618497641"
"5","2017-01-27","6.54","15.29","10.51","-288.0","-46.6138858944","-23.9618497641"
"5","2017-01-28","0.44","3.85","1.67","-288.0","-46.6138858944","-23.9618497641"
"5","2017-01-29","0.03","0.78","0.31","-288.0","-46.6138858944","-23.9618497641"
"5","2017-01-30","0.02","0.27","0.07","-288.0","-46.6138858944","-23.9618497641"
"5","2017-01-31","0.08","1.94","0.67","-288.0","-46.6138858944","-23.9618497641"
"5","2017-02-01","24.93","72.63","46.33","-288.0","-46.6138858944","-23.9618497641"
"5","2017-02-02","6.04","13.91","9.43","-288.0","-46.6138858944","-23.9618497641"
"5","2017-02-03","3.58","9.89","6.29","-288.0","-46.6138858944","-23.9618497641"
"5","2017-02-04","14.45","32.28","23.72","-288.0","-46.6138858944","-23.9618497641"
"5","2017-02-05","0.01","0.15","0.06","-288.0","-46.6138858944","-23.9618497641"
"5","2017-02-06","6.13","16.64","10.01","-288.0","-46.6138858944","-23.9618497641"
"5","2017-02-07","22.39","70.86","45.53","-288.0","-46.6138858944","-23.9618497641"
"5","2017-02-08","0.12","1.8","0.86","-287.0","-46.6138858944","-23.9618497641"
"5","2017-02-09","0.0","0.0","0.0","0.0","-46.6138858944","-23.9618497641"
"5","2017-02-10","0.0","0.0","0.0","0.0","-46.6138858944","-23.9618497641"
"5","2017-02-11","0.0","0.0","0.0","0.0","-46.6138858944","-23.9618497641"
"5","2017-02-12","0.0","0.0","0.0","0.0","-46.6138858944","-23.9618497641"
"5","2017-02-13","0.0","0.0","0.0","0.0","-46.6138858944","-23.9618497641"
"5","2017-02-14","0.0","0.0","0.0","0.0","-46.6138858944","-23.9618497641"
"5","2017-02-15","0.0","0.0","0.0","0.0","-46.6138858944","-23.9618497641"
"5","2017-02-16","","","","-1.0","-46.6138858944","-23.9618497641"
"5","2017-02-17","0.0","0.0","0.0","-288.0","-46.6138858944","-23.9618497641"
"5","2017-02-18","0.0","0.02","0.0","-287.0","-46.6138858944","-23.9618497641"
"5","2017-02-19","0.0","0.0","0.0","0.0","-46.6138858944","-23.9618497641"
"5","2017-02-20","0.0","0.0","0.0","0.0","-46.6138858944","-23.9618497641"
"5","2017-02-21","","","","-1.0","-46.6138858944","-23.9618497641"
"5","2017-02-22","0.0","0.05","0.01","-288.0","-46.6138858944","-23.9618497641"
"5","2017-02-23","0.06","0.47","0.21","-288.0","-46.6138858944","-23.9618497641"
"5","2017-02-24","8.77","37.77","20.65","-288.0","-46.6138858944","-23.9618497641"
"5","2017-02-25","0.56","1.94","1.2","-288.0","-46.6138858944","-23.9618497641"
"5","2017-02-26","5.4","20.44","11.68","-288.0","-46.6138858944","-23.9618497641"
"5","2017-02-27","0.0","0.22","0.06","-288.0","-46.6138858944","-23.9618497641"
"5","2017-02-28","0.0","0.21","0.05","-288.0","-46.6138858944","-23.9618497641"
"5","2017-03-01","0.21","3.19","1.26","-288.0","-46.6138858944","-23.9618497641"
"5","2017-03-02","5.92","17.22","10.68","-288.0","-46.6138858944","-23.9618497641"
"5","2017-03-03","2.55","8.97","4.75","-288.0","-46.6138858944","-23.9618497641"
"5","2017-03-04","0.0","0.01","0.0","-288.0","-46.6138858944","-23.9618497641"
"5","2017-03-05","29.57","77.51","51.37","-288.0","-46.6138858944","-23.9618497641"
"5","2017-03-06","13.57","37.63","24.8","-288.0","-46.6138858944","-23.9618497641"
"5","2017-03-07","11.17","30.47","19.22","-288.0","-46.6138858944","-23.9618497641"
"5","2017-03-08","38.13","71.83","54.86","-288.0","-46.6138858944","-23.9618497641"
"5","2017-03-09","0.0","0.0","0.0","-288.0","-46.6138858944","-23.9618497641"
"5","2017-03-10","0.01","0.28","0.09","-288.0","-46.6138858944","-23.9618497641"
"5","2017-03-11","0.0","0.02","0.0","-288.0","-46.6138858944","-23.9618497641"
"5","2017-03-12","0.0","0.07","0.01","-288.0","-46.6138858944","-23.9618497641"
"5","2017-03-13","0.49","5.13","3.36","-288.0","-46.6138858944","-23.9618497641"
"5","2017-03-14","0.0","0.01","0.0","-288.0","-46.6138858944","-23.9618497641"
"5","2017-03-15","2.17","5.51","3.58","-288.0","-46.6138858944","-23.9618497641"
"5","2017-03-16","0.0","0.0","0.0","-288.0","-46.6138858944","-23.9618497641"
"5","2017-03-17","2.51","11.06","6.57","-288.0","-46.6138858944","-23.9618497641"
"5","2017-03-18","2.31","6.42","4.19","-288.0","-46.6138858944","-23.9618497641"
"5","2017-03-19","3.98","10.72","6.58","-288.0","-46.6138858944","-23.9618497641"
"5","2017-03-20","0.03","0.29","0.14","-287.0","-46.6138858944","-23.9618497641"
"5","2017-03-21","0.0","0.0","0.0","0.0","-46.6138858944","-23.9618497641"
"5","2017-03-22","0.0","0.0","0.0","0.0","-46.6138858944","-23.9618497641"
"5","2017-03-23","","","","-1.0","-46.6138858944","-23.9618497641"
"5","2017-03-24","0.0","0.0","0.0","-288.0","-46.6138858944","-23.9618497641"
"5","2017-03-25","0.23","0.68","0.39","-287.0","-46.6138858944","-23.9618497641"
"5","2017-03-26","","","","-1.0","-46.6138858944","-23.9618497641"
"5","2017-03-27","0.73","2.98","1.69","-288.0","-46.6138858944","-23.9618497641"
"5","2017-03-28","4.05","10.15","6.82","-288.0","-46.6138858944","-23.9618497641"
"5","2017-03-29","0.25","1.41","0.67","-287.0","-46.6138858944","-23.9618497641"
"5","2017-03-30","0.0","0.0","0.0","0.0","-46.6138858944","-23.9618497641"
"5","2017-03-31","0.0","0.0","0.0","0.0","-46.6138858944","-23.9618497641"
"5","2017-04-01","0.0","0.0","0.0","0.0","-46.6138858944","-23.9618497641"
"5","2017-04-02","0.0","0.0","0.0","0.0","-46.6138858944","-23.9618497641"
"5","2017-04-03","0.0","0.0","0.0","0.0","-46.6138858944","-23.9618497641"
"5","2017-04-04","","","","-1.0","-46.6138858944","-23.9618497641"
"5","2017-04-05","0.0","0.0","0.0","-288.0","-46.6138858944","-23.9618497641"
"5","2017-04-06","23.73","44.21","32.98","-288.0","-46.6138858944","-23.9618497641"
"5","2017-04-07","11.2","24.86","17.07","-288.0","-46.6138858944","-23.9618497641"
"5","2017-04-08","0.0","0.19","0.05","-287.0","-46.6138858944","-23.9618497641"
"5","2017-04-09","","","","-1.0","-46.6138858944","-23.9618497641"
"5","2017-04-10","0.0","0.0","0.0","-288.0","-46.6138858944","-23.9618497641"
"5","2017-04-11","0.01","0.05","0.02","-288.0","-46.6138858944","-23.9618497641"
"5","2017-04-12","8.2","24.94","16.08","-287.0","-46.6138858944","-23.9618497641"
"5","2017-04-13","0.0","0.0","0.0","0.0","-46.6138858944","-23.9618497641"
"5","2017-04-14","0.0","0.0","0.0","0.0","-46.6138858944","-23.9618497641"
"5","2017-04-15","0.0","0.0","0.0","0.0","-46.6138858944","-23.9618497641"
"5","2017-04-16","","","","-1.0","-46.6138858944","-23.9618497641"
"5","2017-04-17","1.41","3.44","2.09","-287.0","-46.6138858944","-23.9618497641"
"5","2017-04-18","0.0","0.0","0.0","0.0","-46.6138858944","-23.9618497641"
"5","2017-04-19","0.0","0.0","0.0","0.0","-46.6138858944","-23.9618497641"
"5","2017-04-20","","","","-1.0","-46.6138858944","-23.9618497641"
"5","2017-04-21","10.99","20.9","15.26","-288.0","-46.6138858944","-23.9618497641"
"5","2017-04-22","2.8","5.06","3.78","-287.0","-46.6138858944","-23.9618497641"
"5","2017-04-23","0.0","0.0","0.0","0.0","-46.6138858944","-23.9618497641"
"5","2017-04-24","0.0","0.0","0.0","0.0","-46.6138858944","-23.9618497641"
"5","2017-04-25","","","","-1.0","-46.6138858944","-23.9618497641"
"5","2017-04-26","11.3","26.21","17.93","-288.0","-46.6138858944","-23.9618497641"
"5","2017-04-27","0.44","1.23","0.78","-287.0","-46.6138858944","-23.9618497641"
"5","2017-04-28","0.0","0.0","0.0","0.0","-46.6138858944","-23.9618497641"
"5","2017-04-29","0.0","0.0","0.0","0.0","-46.6138858944","-23.9618497641"
"5","2017-04-30","0.0","0.0","0.0","0.0","-46.6138858944","-23.9618497641"
"5","2017-05-01","","","","-1.0","-46.6138858944","-23.9618497641"
"5","2017-05-02","0.0","0.0","0.0","-287.0","-46.6138858944","-23.9618497641"
"5","2017-05-03","0.0","0.0","0.0","0.0","-46.6138858944","-23.9618497641"
"5","2017-05-04","","","","-1.0","-46.6138858944","-23.9618497641"
"5","2017-05-05","5.77","19.16","12.32","-288.0","-46.6138858944","-23.9618497641"
"5","2017-05-06","8.42","29.96","16.73","-288.0","-46.6138858944","-23.9618497641"
"5","2017-05-07","1.8","8.83","4.36","-287.0","-46.6138858944","-23.9618497641"
"5","2017-05-08","0.0","0.0","0.0","0.0","-46.6138858944","-23.9618497641"
"5","2017-05-09","0.0","0.0","0.0","0.0","-46.6138858944","-23.9618497641"
"5","2017-05-10","0.0","0.0","0.0","0.0","-46.6138858944","-23.9618497641"
"5","2017-05-11","0.0","0.0","0.0","0.0","-46.6138858944","-23.9618497641"
"5","2017-05-12","0.0","0.0","0.0","0.0","-46.6138858944","-23.9618497641"
"5","2017-05-13","","","","-1.0","-46.6138858944","-23.9618497641"
"5","2017-05-14","0.45","1.25","0.79","-287.0","-46.6138858944","-23.9618497641"
"5","2017-05-15","0.0","0.0","0.0","0.0","-46.6138858944","-23.9618497641"
"5","2017-05-16","0.0","0.0","0.0","0.0","-46.6138858944","-23.9618497641"
"5","2017-05-17","","","","-1.0","-46.6138858944","-23.9618497641"
"5","2017-05-18","1.32","3.56","2.37","-288.0","-46.6138858944","-23.9618497641"
"5","2017-05-19","21.69","57.56","37.09","-288.0","-46.6138858944","-23.9618497641"
"5","2017-05-20","0.0","0.0","0.0","-288.0","-46.6138858944","-23.9618497641"
"5","2017-05-21","13.64","33.25","22.59","-288.0","-46.6138858944","-23.9618497641"
"5","2017-05-22","4.23","8.97","6.35","-287.0","-46.6138858944","-23.9618497641"
"5","2017-05-23","0.0","0.0","0.0","0.0","-46.6138858944","-23.9618497641"
"5","2017-05-24","0.0","0.0","0.0","0.0","-46.6138858944","-23.9618497641"
"5","2017-05-25","0.0","0.0","0.0","0.0","-46.6138858944","-23.9618497641"
"5","2017-05-26","0.0","0.0","0.0","0.0","-46.6138858944","-23.9618497641"
"5","2017-05-27","0.0","0.0","0.0","0.0","-46.6138858944","-23.9618497641"
"5","2017-05-28","0.0","0.0","0.0","0.0","-46.6138858944","-23.9618497641"
"5","2017-05-29","0.0","0.0","0.0","0.0","-46.6138858944","-23.9618497641"
"5","2017-05-30","0.0","0.0","0.0","0.0","-46.6138858944","-23.9618497641"
"5","2017-05-31","0.0","0.0","0.0","0.0","-46.6138858944","-23.9618497641"
"5","2017-06-01","0.0","0.0","0.0","0.0","-46.6138858944","-23.9618497641"
"5","2017-06-02","0.0","0.0","0.0","0.0","-46.6138858944","-23.9618497641"
"5","2017-06-03","0.0","0.0","0.0","0.0","-46.6138858944","-23.9618497641"
"5","2017-06-04","","","","-1.0","-46.6138858944","-23.9618497641"
"5","2017-06-05","27.13","65.4","44.1","-288.0","-46.6138858944","-23.9618497641"
"5","2017-06-06","24.53","68.29","42.66","-288.0","-46.6138858944","-23.9618497641"
"5","2017-06-07","4.17","10.77","7.08","-287.0","-46.6138858944","-23.9618497641"
"5","2017-06-08","","","","-1.0","-46.6138858944","-23.9618497641"
"5","2017-06-09","0.55","1.78","1.0","-288.0","-46.6138858944","-23.9618497641"
"5","2017-06-10","0.0","0.0","0.0","-287.0","-46.6138858944","-23.9618497641"
"5","2017-06-11","","","","-1.0","-46.6138858944","-23.9618497641"
"5","2017-06-12","0.0","0.01","0.0","-288.0","-46.6138858944","-23.9618497641"
"5","2017-06-13","11.98","36.82","23.35","-288.0","-46.6138858944","-23.9618497641"
"5","2017-06-14","1.24","3.5","2.24","-287.0","-46.6138858944","-23.9618497641"
"6","2016-10-31","","","","-1.0","-46.8082482029","-23.9154129457"
"6","2016-11-01","0.0","0.0","0.0","-288.0","-46.8082482029","-23.9154129457"
"6","2016-11-02","1.71","10.78","5.7","-288.0","-46.8082482029","-23.9154129457"
"6","2016-11-03","3.56","15.58","8.72","-288.0","-46.8082482029","-23.9154129457"
"6","2016-11-04","0.12","0.45","0.26","-288.0","-46.8082482029","-23.9154129457"
"6","2016-11-05","0.0","0.0","0.0","-288.0","-46.8082482029","-23.9154129457"
"6","2016-11-06","0.15","1.83","0.76","-288.0","-46.8082482029","-23.9154129457"
"6","2016-11-07","0.0","0.0","0.0","-288.0","-46.8082482029","-23.9154129457"
"6","2016-11-08","0.0","0.0","0.0","-288.0","-46.8082482029","-23.9154129457"
"6","2016-11-09","11.3","39.93","23.47","-288.0","-46.8082482029","-23.9154129457"
"6","2016-11-10","2.28","12.34","6.14","-288.0","-46.8082482029","-23.9154129457"
"6","2016-11-11","11.52","26.89","19.6","-288.0","-46.8082482029","-23.9154129457"
"6","2016-11-12","0.0","0.11","0.05","-288.0","-46.8082482029","-23.9154129457"
"6","2016-11-13","7.17","26.01","14.27","-288.0","-46.8082482029","-23.9154129457"
"6","2016-11-14","6.89","19.44","12.29","-287.0","-46.8082482029","-23.9154129457"
"6","2016-11-15","","","","-1.0","-46.8082482029","-23.9154129457"
"6","2016-11-16","7.02","33.48","20.45","-288.0","-46.8082482029","-23.9154129457"
"6","2016-11-17","0.49","3.59","1.78","-288.0","-46.8082482029","-23.9154129457"
"6","2016-11-18","0.1","1.55","0.59","-287.0","-46.8082482029","-23.9154129457"
"6","2016-11-19","0.0","0.0","0.0","0.0","-46.8082482029","-23.9154129457"
"6","2016-11-20","0.0","0.0","0.0","0.0","-46.8082482029","-23.9154129457"
"6","2016-11-21","0.0","0.0","0.0","0.0","-46.8082482029","-23.9154129457"
"6","2016-11-22","","","","-1.0","-46.8082482029","-23.9154129457"
"6","2016-11-23","0.03","2.86","0.8","-288.0","-46.8082482029","-23.9154129457"
"6","2016-11-24","0.0","0.0","0.0","-287.0","-46.8082482029","-23.9154129457"
"6","2016-11-25","0.0","0.0","0.0","0.0","-46.8082482029","-23.9154129457"
"6","2016-11-26","","","","-1.0","-46.8082482029","-23.9154129457"
"6","2016-11-27","0.65","5.15","2.71","-288.0","-46.8082482029","-23.9154129457"
"6","2016-11-28","2.0","25.2","12.15","-288.0","-46.8082482029","-23.9154129457"
"6","2016-11-29","2.84","13.52","6.76","-288.0","-46.8082482029","-23.9154129457"
"6","2016-11-30","0.01","0.37","0.16","-287.0","-46.8082482029","-23.9154129457"
"6","2016-12-01","0.0","0.0","0.0","0.0","-46.8082482029","-23.9154129457"
"6","2016-12-02","","","","-1.0","-46.8082482029","-23.9154129457"
"6","2016-12-03","8.12","29.62","16.95","-288.0","-46.8082482029","-23.9154129457"
"6","2016-12-04","0.53","2.82","1.26","-288.0","-46.8082482029","-23.9154129457"
"6","2016-12-05","0.0","0.06","0.02","-287.0","-46.8082482029","-23.9154129457"
"6","2016-12-06","","","","-1.0","-46.8082482029","-23.9154129457"
"6","2016-12-07","1.01","8.15","3.65","-288.0","-46.8082482029","-23.9154129457"
"6","2016-12-08","10.83","24.36","16.88","-288.0","-46.8082482029","-23.9154129457"
"6","2016-12-09","0.27","1.31","0.7","-288.0","-46.8082482029","-23.9154129457"
"6","2016-12-10","5.15","20.82","12.18","-288.0","-46.8082482029","-23.9154129457"
"6","2016-12-11","6.06","22.7","13.03","-288.0","-46.8082482029","-23.9154129457"
"6","2016-12-12","8.28","35.79","18.92","-288.0","-46.8082482029","-23.9154129457"
"6","2016-12-13","0.01","0.72","0.21","-288.0","-46.8082482029","-23.9154129457"
"6","2016-12-14","0.0","0.0","0.0","-288.0","-46.8082482029","-23.9154129457"
"6","2016-12-15","0.0","0.0","0.0","-287.0","-46.8082482029","-23.9154129457"
"6","2016-12-16","0.0","0.0","0.0","0.0","-46.8082482029","-23.9154129457"
"6","2016-12-17","","","","-1.0","-46.8082482029","-23.9154129457"
"6","2016-12-18","0.0","0.0","0.0","-288.0","-46.8082482029","-23.9154129457"
"6","2016-12-19","2.18","15.34","6.52","-288.0","-46.8082482029","-23.9154129457"
"6","2016-12-20","0.79","7.45","3.09","-288.0","-46.8082482029","-23.9154129457"
"6","2016-12-21","3.52","27.56","12.18","-288.0","-46.8082482029","-23.9154129457"
"6","2016-12-22","0.0","0.0","0.0","-288.0","-46.8082482029","-23.9154129457"
"6","2016-12-23","0.39","4.35","1.98","-288.0","-46.8082482029","-23.9154129457"
"6","2016-12-24","0.05","1.9","0.61","-288.0","-46.8082482029","-23.9154129457"
"6","2016-12-25","0.0","0.0","0.0","-288.0","-46.8082482029","-23.9154129457"
"6","2016-12-26","0.0","0.0","0.0","-288.0","-46.8082482029","-23.9154129457"
"6","2016-12-27","0.69","5.16","2.72","-288.0","-46.8082482029","-23.9154129457"
"6","2016-12-28","0.0","0.09","0.0","-288.0","-46.8082482029","-23.9154129457"
"6","2016-12-29","0.13","1.15","0.49","-288.0","-46.8082482029","-23.9154129457"
"6","2016-12-30","0.0","0.01","0.0","-288.0","-46.8082482029","-23.9154129457"
"6","2016-12-31","0.01","0.14","0.05","-287.0","-46.8082482029","-23.9154129457"
"6","2017-01-01","","","","-1.0","-46.8082482029","-23.9154129457"
"6","2017-01-02","8.09","51.68","24.77","-288.0","-46.8082482029","-23.9154129457"
"6","2017-01-03","0.12","0.85","0.43","-288.0","-46.8082482029","-23.9154129457"
"6","2017-01-04","0.0","0.11","0.03","-288.0","-46.8082482029","-23.9154129457"
"6","2017-01-05","0.02","0.33","0.14","-288.0","-46.8082482029","-23.9154129457"
"6","2017-01-06","12.0","67.43","36.61","-288.0","-46.8082482029","-23.9154129457"
"6","2017-01-07","0.2","1.48","0.71","-288.0","-46.8082482029","-23.9154129457"
"6","2017-01-08","2.74","15.74","8.3","-288.0","-46.8082482029","-23.9154129457"
"6","2017-01-09","0.87","5.47","2.68","-288.0","-46.8082482029","-23.9154129457"
"6","2017-01-10","0.3","1.28","0.66","-288.0","-46.8082482029","-23.9154129457"
"6","2017-01-11","2.59","35.09","13.25","-288.0","-46.8082482029","-23.9154129457"
"6","2017-01-12","7.27","53.02","25.12","-288.0","-46.8082482029","-23.9154129457"
"6","2017-01-13","0.0","0.0","0.0","-288.0","-46.8082482029","-23.9154129457"
"6","2017-01-14","0.0","0.0","0.0","-288.0","-46.8082482029","-23.9154129457"
"6","2017-01-15","0.0","0.08","0.02","-288.0","-46.8082482029","-23.9154129457"
"6","2017-01-16","9.74","75.44","32.88","-288.0","-46.8082482029","-23.9154129457"
"6","2017-01-17","12.73","36.99","22.94","-288.0","-46.8082482029","-23.9154129457"
"6","2017-01-18","14.28","49.74","29.15","-288.0","-46.8082482029","-23.9154129457"
"6","2017-01-19","9.97","40.1","21.88","-288.0","-46.8082482029","-23.9154129457"
"6","2017-01-20","2.63","8.51","5.09","-288.0","-46.8082482029","-23.9154129457"
"6","2017-01-21","11.65","75.62","36.83","-288.0","-46.8082482029","-23.9154129457"
"6","2017-01-22","1.19","6.22","3.13","-288.0","-46.8082482029","-23.9154129457"
"6","2017-01-23","0.75","6.6","2.51","-288.0","-46.8082482029","-23.9154129457"
"6","2017-01-24","7.14","24.55","14.78","-288.0","-46.8082482029","-23.9154129457"
"6","2017-01-25","0.07","1.89","0.73","-288.0","-46.8082482029","-23.9154129457"
"6","2017-01-26","7.51","22.74","13.87","-288.0","-46.8082482029","-23.9154129457"
"6","2017-01-27","7.61","25.59","16.2","-288.0","-46.8082482029","-23.9154129457"
"6","2017-01-28","0.01","0.51","0.19","-288.0","-46.8082482029","-23.9154129457"
"6","2017-01-29","0.0","0.0","0.0","-288.0","-46.8082482029","-23.9154129457"
"6","2017-01-30","0.01","0.21","0.05","-288.0","-46.8082482029","-23.9154129457"
"6","2017-01-31","0.03","0.18","0.08","-288.0","-46.8082482029","-23.9154129457"
"6","2017-02-01","2.2","9.78","5.28","-288.0","-46.8082482029","-23.9154129457"
"6","2017-02-02","4.6","17.25","10.04","-288.0","-46.8082482029","-23.9154129457"
"6","2017-02-03","1.85","11.76","5.53","-288.0","-46.8082482029","-23.9154129457"
"6","2017-02-04","1.79","7.81","4.46","-288.0","-46.8082482029","-23.9154129457"
"6","2017-02-05","0.0","0.1","0.01","-288.0","-46.8082482029","-23.9154129457"
"6","2017-02-06","3.23","11.42","6.14","-288.0","-46.8082482029","-23.9154129457"
"6","2017-02-07","1.05","13.49","5.37","-288.0","-46.8082482029","-23.9154129457"
"6","2017-02-08","0.0","0.0","0.0","-287.0","-46.8082482029","-23.9154129457"
"6","2017-02-09","0.0","0.0","0.0","0.0","-46.8082482029","-23.9154129457"
"6","2017-02-10","0.0","0.0","0.0","0.0","-46.8082482029","-23.9154129457"
"6","2017-02-11","0.0","0.0","0.0","0.0","-46.8082482029","-23.9154129457"
"6","2017-02-12","0.0","0.0","0.0","0.0","-46.8082482029","-23.9154129457"
"6","2017-02-13","0.0","0.0","0.0","0.0","-46.8082482029","-23.9154129457"
"6","2017-02-14","0.0","0.0","0.0","0.0","-46.8082482029","-23.9154129457"
"6","2017-02-15","0.0","0.0","0.0","0.0","-46.8082482029","-23.9154129457"
"6","2017-02-16","","","","-1.0","-46.8082482029","-23.9154129457"
"6","2017-02-17","0.0","0.02","0.0","-288.0","-46.8082482029","-23.9154129457"
"6","2017-02-18","0.0","0.0","0.0","-287.0","-46.8082482029","-23.9154129457"
"6","2017-02-19","0.0","0.0","0.0","0.0","-46.8082482029","-23.9154129457"
"6","2017-02-20","0.0","0.0","0.0","0.0","-46.8082482029","-23.9154129457"
"6","2017-02-21","","","","-1.0","-46.8082482029","-23.9154129457"
"6","2017-02-22","0.01","0.19","0.06","-288.0","-46.8082482029","-23.9154129457"
"6","2017-02-23","0.0","0.28","0.04","-288.0","-46.8082482029","-23.9154129457"
"6","2017-02-24","12.96","63.67","33.23","-288.0","-46.8082482029","-23.9154129457"
"6","2017-02-25","3.57","11.55","7.12","-288.0","-46.8082482029","-23.9154129457"
"6","2017-02-26","0.09","0.65","0.27","-288.0","-46.8082482029","-23.9154129457"
"6","2017-02-27","0.32","1.95","0.83","-288.0","-46.8082482029","-23.9154129457"
"6","2017-02-28","0.05","0.57","0.23","-288.0","-46.8082482029","-23.9154129457"
"6","2017-03-01","0.01","0.06","0.03","-288.0","-46.8082482029","-23.9154129457"
"6","2017-03-02","5.23","32.91","16.23","-288.0","-46.8082482029","-23.9154129457"
"6","2017-03-03","1.0","5.51","2.81","-288.0","-46.8082482029","-23.9154129457"
"6","2017-03-04","0.0","0.1","0.03","-288.0","-46.8082482029","-23.9154129457"
"6","2017-03-05","16.17","74.4","37.93","-288.0","-46.8082482029","-23.9154129457"
"6","2017-03-06","0.99","9.18","3.42","-288.0","-46.8082482029","-23.9154129457"
"6","2017-03-07","14.57","55.08","30.37","-288.0","-46.8082482029","-23.9154129457"
"6","2017-03-08","8.44","24.4","14.84","-288.0","-46.8082482029","-23.9154129457"
"6","2017-03-09","0.0","0.0","0.0","-288.0","-46.8082482029","-23.9154129457"
"6","2017-03-10","1.02","8.35","3.3","-288.0","-46.8082482029","-23.9154129457"
"6","2017-03-11","0.0","0.01","0.0","-288.0","-46.8082482029","-23.9154129457"
"6","2017-03-12","0.0","0.0","0.0","-288.0","-46.8082482029","-23.9154129457"
"6","2017-03-13","0.0","0.0","0.0","-288.0","-46.8082482029","-23.9154129457"
"6","2017-03-14","0.0","0.02","0.0","-288.0","-46.8082482029","-23.9154129457"
"6","2017-03-15","0.23","2.19","0.91","-288.0","-46.8082482029","-23.9154129457"
"6","2017-03-16","0.0","0.02","0.01","-288.0","-46.8082482029","-23.9154129457"
"6","2017-03-17","0.2","1.4","0.69","-288.0","-46.8082482029","-23.9154129457"
"6","2017-03-18","2.7","13.67","7.28","-288.0","-46.8082482029","-23.9154129457"
"6","2017-03-19","4.94","17.6","10.16","-288.0","-46.8082482029","-23.9154129457"
"6","2017-03-20","0.0","0.03","0.0","-287.0","-46.8082482029","-23.9154129457"
"6","2017-03-21","0.0","0.0","0.0","0.0","-46.8082482029","-23.9154129457"
"6","2017-03-22","0.0","0.0","0.0","0.0","-46.8082482029","-23.9154129457"
"6","2017-03-23","","","","-1.0","-46.8082482029","-23.9154129457"
"6","2017-03-24","0.0","0.0","0.0","-288.0","-46.8082482029","-23.9154129457"
"6","2017-03-25","0.05","0.88","0.35","-287.0","-46.8082482029","-23.9154129457"
"6","2017-03-26","","","","-1.0","-46.8082482029","-23.9154129457"
"6","2017-03-27","1.27","5.22","2.75","-288.0","-46.8082482029","-23.9154129457"
"6","2017-03-28","0.36","4.04","1.8","-288.0","-46.8082482029","-23.9154129457"
"6","2017-03-29","0.09","0.64","0.23","-287.0","-46.8082482029","-23.9154129457"
"6","2017-03-30","0.0","0.0","0.0","0.0","-46.8082482029","-23.9154129457"
"6","2017-03-31","0.0","0.0","0.0","0.0","-46.8082482029","-23.9154129457"
"6","2017-04-01","0.0","0.0","0.0","0.0","-46.8082482029","-23.9154129457"
"6","2017-04-02","0.0","0.0","0.0","0.0","-46.8082482029","-23.9154129457"
"6","2017-04-03","0.0","0.0","0.0","0.0","-46.8082482029","-23.9154129457"
"6","2017-04-04","","","","-1.0","-46.8082482029","-23.9154129457"
"6","2017-04-05","0.0","0.0","0.0","-288.0","-46.8082482029","-23.9154129457"
"6","2017-04-06","8.34","50.45","27.43","-288.0","-46.8082482029","-23.9154129457"
"6","2017-04-07","5.14","16.89","9.95","-288.0","-46.8082482029","-23.9154129457"
"6","2017-04-08","0.11","1.37","0.5","-287.0","-46.8082482029","-23.9154129457"
"6","2017-04-09","","","","-1.0","-46.8082482029","-23.9154129457"
"6","2017-04-10","0.0","0.0","0.0","-288.0","-46.8082482029","-23.9154129457"
"6","2017-04-11","0.0","0.01","0.0","-288.0","-46.8082482029","-23.9154129457"
"6","2017-04-12","2.57","17.12","8.0","-287.0","-46.8082482029","-23.9154129457"
"6","2017-04-13","0.0","0.0","0.0","0.0","-46.8082482029","-23.9154129457"
"6","2017-04-14","0.0","0.0","0.0","0.0","-46.8082482029","-23.9154129457"
"6","2017-04-15","0.0","0.0","0.0","0.0","-46.8082482029","-23.9154129457"
"6","2017-04-16","","","","-1.0","-46.8082482029","-23.9154129457"
"6","2017-04-17","0.01","0.33","0.15","-287.0","-46.8082482029","-23.9154129457"
"6","2017-04-18","0.0","0.0","0.0","0.0","-46.8082482029","-23.9154129457"
"6","2017-04-19","0.0","0.0","0.0","0.0","-46.8082482029","-23.9154129457"
"6","2017-04-20","","","","-1.0","-46.8082482029","-23.9154129457"
"6","2017-04-21","6.15","21.43","13.13","-288.0","-46.8082482029","-23.9154129457"
"6","2017-04-22","1.35","4.09","2.46","-287.0","-46.8082482029","-23.9154129457"
"6","2017-04-23","0.0","0.0","0.0","0.0","-46.8082482029","-23.9154129457"
"6","2017-04-24","0.0","0.0","0.0","0.0","-46.8082482029","-23.9154129457"
"6","2017-04-25","","","","-1.0","-46.8082482029","-23.9154129457"
"6","2017-04-26","9.38","32.24","18.78","-288.0","-46.8082482029","-23.9154129457"
"6","2017-04-27","0.22","1.02","0.56","-287.0","-46.8082482029","-23.9154129457"
"6","2017-04-28","0.0","0.0","0.0","0.0","-46.8082482029","-23.9154129457"
"6","2017-04-29","0.0","0.0","0.0","0.0","-46.8082482029","-23.9154129457"
"6","2017-04-30","0.0","0.0","0.0","0.0","-46.8082482029","-23.9154129457"
"6","2017-05-01","","","","-1.0","-46.8082482029","-23.9154129457"
"6","2017-05-02","0.0","0.0","0.0","-287.0","-46.8082482029","-23.9154129457"
"6","2017-05-03","0.0","0.0","0.0","0.0","-46.8082482029","-23.9154129457"
"6","2017-05-04","","","","-1.0","-46.8082482029","-23.9154129457"
"6","2017-05-05","7.73","42.17","22.34","-288.0","-46.8082482029","-23.9154129457"
"6","2017-05-06","2.06","22.02","8.97","-288.0","-46.8082482029","-23.9154129457"
"6","2017-05-07","0.01","0.77","0.26","-287.0","-46.8082482029","-23.9154129457"
"6","2017-05-08","0.0","0.0","0.0","0.0","-46.8082482029","-23.9154129457"
"6","2017-05-09","0.0","0.0","0.0","0.0","-46.8082482029","-23.9154129457"
"6","2017-05-10","0.0","0.0","0.0","0.0","-46.8082482029","-23.9154129457"
"6","2017-05-11","0.0","0.0","0.0","0.0","-46.8082482029","-23.9154129457"
"6","2017-05-12","0.0","0.0","0.0","0.0","-46.8082482029","-23.9154129457"
"6","2017-05-13","","","","-1.0","-46.8082482029","-23.9154129457"
"6","2017-05-14","0.24","0.75","0.46","-287.0","-46.8082482029","-23.9154129457"
"6","2017-05-15","0.0","0.0","0.0","0.0","-46.8082482029","-23.9154129457"
"6","2017-05-16","0.0","0.0","0.0","0.0","-46.8082482029","-23.9154129457"
"6","2017-05-17","","","","-1.0","-46.8082482029","-23.9154129457"
"6","2017-05-18","1.1","4.91","2.69","-288.0","-46.8082482029","-23.9154129457"
"6","2017-05-19","20.32","78.37","42.67","-288.0","-46.8082482029","-23.9154129457"
"6","2017-05-20","0.0","0.08","0.02","-288.0","-46.8082482029","-23.9154129457"
"6","2017-05-21","12.72","45.58","26.28","-288.0","-46.8082482029","-23.9154129457"
"6","2017-05-22","2.98","10.42","5.79","-287.0","-46.8082482029","-23.9154129457"
"6","2017-05-23","0.0","0.0","0.0","0.0","-46.8082482029","-23.9154129457"
"6","2017-05-24","0.0","0.0","0.0","0.0","-46.8082482029","-23.9154129457"
"6","2017-05-25","0.0","0.0","0.0","0.0","-46.8082482029","-23.9154129457"
"6","2017-05-26","0.0","0.0","0.0","0.0","-46.8082482029","-23.9154129457"
"6","2017-05-27","0.0","0.0","0.0","0.0","-46.8082482029","-23.9154129457"
"6","2017-05-28","0.0","0.0","0.0","0.0","-46.8082482029","-23.9154129457"
"6","2017-05-29","0.0","0.0","0.0","0.0","-46.8082482029","-23.9154129457"
"6","2017-05-30","0.0","0.0","0.0","0.0","-46.8082482029","-23.9154129457"
"6","2017-05-31","0.0","0.0","0.0","0.0","-46.8082482029","-23.9154129457"
"6","2017-06-01","0.0","0.0","0.0","0.0","-46.8082482029","-23.9154129457"
"6","2017-06-02","0.0","0.0","0.0","0.0","-46.8082482029","-23.9154129457"
"6","2017-06-03","0.0","0.0","0.0","0.0","-46.8082482029","-23.9154129457"
"6","2017-06-04","","","","-1.0","-46.8082482029","-23.9154129457"
"6","2017-06-05","29.69","100.75","59.91","-288.0","-46.8082482029","-23.9154129457"
"6","2017-06-06","15.6","57.7","33.11","-288.0","-46.8082482029","-23.9154129457"
"6","2017-06-07","4.64","16.5","9.56","-287.0","-46.8082482029","-23.9154129457"
"6","2017-06-08","","","","-1.0","-46.8082482029","-23.9154129457"
"6","2017-06-09","0.42","2.37","1.21","-288.0","-46.8082482029","-23.9154129457"
"6","2017-06-10","0.0","0.0","0.0","-287.0","-46.8082482029","-23.9154129457"
"6","2017-06-11","","","","-1.0","-46.8082482029","-23.9154129457"
"6","2017-06-12","0.0","0.01","0.0","-288.0","-46.8082482029","-23.9154129457"
"6","2017-06-13","14.77","71.94","36.64","-288.0","-46.8082482029","-23.9154129457"
"6","2017-06-14","0.2","0.88","0.48","-287.0","-46.8082482029","-23.9154129457"
"7","2016-10-31","","","","-1.0","-46.7679109685","-23.9186407745"
"7","2016-11-01","0.0","0.03","0.0","-288.0","-46.7679109685","-23.9186407745"
"7","2016-11-02","0.16","24.83","3.16","-288.0","-46.7679109685","-23.9186407745"
"7","2016-11-03","0.53","58.82","9.22","-288.0","-46.7679109685","-23.9186407745"
"7","2016-11-04","0.01","0.68","0.21","-288.0","-46.7679109685","-23.9186407745"
"7","2016-11-05","0.0","0.0","0.0","-288.0","-46.7679109685","-23.9186407745"
"7","2016-11-06","0.0","3.03","0.24","-288.0","-46.7679109685","-23.9186407745"
"7","2016-11-07","0.0","0.0","0.0","-288.0","-46.7679109685","-23.9186407745"
"7","2016-11-08","0.0","0.15","0.0","-288.0","-46.7679109685","-23.9186407745"
"7","2016-11-09","4.39","125.81","35.04","-288.0","-46.7679109685","-23.9186407745"
"7","2016-11-10","0.9","35.15","5.87","-288.0","-46.7679109685","-23.9186407745"
"7","2016-11-11","1.61","48.2","14.56","-288.0","-46.7679109685","-23.9186407745"
"7","2016-11-12","0.0","0.33","0.04","-288.0","-46.7679109685","-23.9186407745"
"7","2016-11-13","3.6","46.41","14.6","-288.0","-46.7679109685","-23.9186407745"
"7","2016-11-14","3.82","31.16","12.27","-287.0","-46.7679109685","-23.9186407745"
"7","2016-11-15","","","","-1.0","-46.7679109685","-23.9186407745"
"7","2016-11-16","1.15","70.93","17.59","-288.0","-46.7679109685","-23.9186407745"
"7","2016-11-17","0.05","16.12","1.77","-288.0","-46.7679109685","-23.9186407745"
"7","2016-11-18","0.0","5.04","0.59","-287.0","-46.7679109685","-23.9186407745"
"7","2016-11-19","0.0","0.0","0.0","0.0","-46.7679109685","-23.9186407745"
"7","2016-11-20","0.0","0.0","0.0","0.0","-46.7679109685","-23.9186407745"
"7","2016-11-21","0.0","0.0","0.0","0.0","-46.7679109685","-23.9186407745"
"7","2016-11-22","","","","-1.0","-46.7679109685","-23.9186407745"
"7","2016-11-23","0.0","14.17","1.03","-288.0","-46.7679109685","-23.9186407745"
"7","2016-11-24","0.0","0.02","0.0","-287.0","-46.7679109685","-23.9186407745"
"7","2016-11-25","0.0","0.0","0.0","0.0","-46.7679109685","-23.9186407745"
"7","2016-11-26","","","","-1.0","-46.7679109685","-23.9186407745"
"7","2016-11-27","0.0","14.14","1.03","-288.0","-46.7679109685","-23.9186407745"
"7","2016-11-28","0.36","58.28","6.76","-288.0","-46.7679109685","-23.9186407745"
"7","2016-11-29","0.9","33.09","6.97","-288.0","-46.7679109685","-23.9186407745"
"7","2016-11-30","0.0","1.29","0.16","-287.0","-46.7679109685","-23.9186407745"
"7","2016-12-01","0.0","0.0","0.0","0.0","-46.7679109685","-23.9186407745"
"7","2016-12-02","","","","-1.0","-46.7679109685","-23.9186407745"
"7","2016-12-03","1.54","59.26","15.32","-288.0","-46.7679109685","-23.9186407745"
"7","2016-12-04","0.07","10.41","1.32","-288.0","-46.7679109685","-23.9186407745"
"7","2016-12-05","0.0","0.17","0.01","-287.0","-46.7679109685","-23.9186407745"
"7","2016-12-06","","","","-1.0","-46.7679109685","-23.9186407745"
"7","2016-12-07","0.12","25.37","2.97","-288.0","-46.7679109685","-23.9186407745"
"7","2016-12-08","1.43","45.88","15.03","-288.0","-46.7679109685","-23.9186407745"
"7","2016-12-09","0.0","12.14","1.07","-288.0","-46.7679109685","-23.9186407745"
"7","2016-12-10","1.97","43.68","10.12","-288.0","-46.7679109685","-23.9186407745"
"7","2016-12-11","1.88","45.71","13.48","-288.0","-46.7679109685","-23.9186407745"
"7","2016-12-12","2.25","92.22","19.81","-288.0","-46.7679109685","-23.9186407745"
"7","2016-12-13","0.0","4.06","0.21","-288.0","-46.7679109685","-23.9186407745"
"7","2016-12-14","0.0","0.05","0.0","-288.0","-46.7679109685","-23.9186407745"
"7","2016-12-15","0.0","0.0","0.0","-287.0","-46.7679109685","-23.9186407745"
"7","2016-12-16","0.0","0.0","0.0","0.0","-46.7679109685","-23.9186407745"
"7","2016-12-17","","","","-1.0","-46.7679109685","-23.9186407745"
"7","2016-12-18","0.0","0.63","0.02","-288.0","-46.7679109685","-23.9186407745"
"7","2016-12-19","0.44","80.5","15.69","-288.0","-46.7679109685","-23.9186407745"
"7","2016-12-20","0.21","52.76","10.67","-288.0","-46.7679109685","-23.9186407745"
"7","2016-12-21","0.54","85.95","23.74","-288.0","-46.7679109685","-23.9186407745"
"7","2016-12-22","0.0","0.0","0.0","-288.0","-46.7679109685","-23.9186407745"
"7","2016-12-23","0.0","16.25","1.79","-288.0","-46.7679109685","-23.9186407745"
"7","2016-12-24","0.0","12.34","1.0","-288.0","-46.7679109685","-23.9186407745"
"7","2016-12-25","0.0","0.0","0.0","-288.0","-46.7679109685","-23.9186407745"
"7","2016-12-26","0.0","0.01","0.0","-288.0","-46.7679109685","-23.9186407745"
"7","2016-12-27","0.07","39.52","5.28","-288.0","-46.7679109685","-23.9186407745"
"7","2016-12-28","0.0","0.78","0.08","-288.0","-46.7679109685","-23.9186407745"
"7","2016-12-29","0.0","4.11","0.34","-288.0","-46.7679109685","-23.9186407745"
"7","2016-12-30","0.0","0.13","0.0","-288.0","-46.7679109685","-23.9186407745"
"7","2016-12-31","0.0","0.38","0.04","-287.0","-46.7679109685","-23.9186407745"
"7","2017-01-01","","","","-1.0","-46.7679109685","-23.9186407745"
"7","2017-01-02","0.95","122.87","27.41","-288.0","-46.7679109685","-23.9186407745"
"7","2017-01-03","0.01","2.38","0.2","-288.0","-46.7679109685","-23.9186407745"
"7","2017-01-04","0.0","6.17","0.43","-288.0","-46.7679109685","-23.9186407745"
"7","2017-01-05","0.0","1.05","0.07","-288.0","-46.7679109685","-23.9186407745"
"7","2017-01-06","0.61","136.01","31.67","-288.0","-46.7679109685","-23.9186407745"
"7","2017-01-07","0.0","3.67","0.52","-288.0","-46.7679109685","-23.9186407745"
"7","2017-01-08","0.0","45.15","5.63","-288.0","-46.7679109685","-23.9186407745"
"7","2017-01-09","0.21","21.48","3.27","-288.0","-46.7679109685","-23.9186407745"
"7","2017-01-10","0.0","2.55","0.33","-288.0","-46.7679109685","-23.9186407745"
"7","2017-01-11","0.1","169.57","19.16","-288.0","-46.7679109685","-23.9186407745"
"7","2017-01-12","1.66","123.42","23.12","-288.0","-46.7679109685","-23.9186407745"
"7","2017-01-13","0.0","0.77","0.02","-288.0","-46.7679109685","-23.9186407745"
"7","2017-01-14","0.0","0.03","0.0","-288.0","-46.7679109685","-23.9186407745"
"7","2017-01-15","0.0","6.4","0.53","-288.0","-46.7679109685","-23.9186407745"
"7","2017-01-16","3.34","156.72","25.44","-288.0","-46.7679109685","-23.9186407745"
"7","2017-01-17","5.57","87.17","24.94","-288.0","-46.7679109685","-23.9186407745"
"7","2017-01-18","6.35","105.23","29.53","-288.0","-46.7679109685","-23.9186407745"
"7","2017-01-19","3.95","92.71","22.1","-288.0","-46.7679109685","-23.9186407745"
"7","2017-01-20","0.95","19.38","6.12","-288.0","-46.7679109685","-23.9186407745"
"7","2017-01-21","1.51","136.83","19.85","-288.0","-46.7679109685","-23.9186407745"
"7","2017-01-22","0.29","19.28","4.09","-288.0","-46.7679109685","-23.9186407745"
"7","2017-01-23","0.12","29.17","2.94","-288.0","-46.7679109685","-23.9186407745"
"7","2017-01-24","0.14","92.6","18.36","-288.0","-46.7679109685","-23.9186407745"
"7","2017-01-25","0.0","2.99","0.18","-288.0","-46.7679109685","-23.9186407745"
"7","2017-01-26","2.68","41.2","12.94","-288.0","-46.7679109685","-23.9186407745"
"7","2017-01-27","1.11","68.13","12.98","-288.0","-46.7679109685","-23.9186407745"
"7","2017-01-28","0.0","4.65","0.35","-288.0","-46.7679109685","-23.9186407745"
"7","2017-01-29","0.0","0.5","0.01","-288.0","-46.7679109685","-23.9186407745"
"7","2017-01-30","0.0","0.39","0.03","-288.0","-46.7679109685","-23.9186407745"
"7","2017-01-31","0.0","1.25","0.08","-288.0","-46.7679109685","-23.9186407745"
"7","2017-02-01","0.79","35.67","6.65","-288.0","-46.7679109685","-23.9186407745"
"7","2017-02-02","2.13","51.22","12.66","-288.0","-46.7679109685","-23.9186407745"
"7","2017-02-03","0.62","42.39","9.45","-288.0","-46.7679109685","-23.9186407745"
"7","2017-02-04","0.09","21.5","2.86","-288.0","-46.7679109685","-23.9186407745"
"7","2017-02-05","0.0","7.55","0.47","-288.0","-46.7679109685","-23.9186407745"
"7","2017-02-06","1.4","71.26","13.52","-288.0","-46.7679109685","-23.9186407745"
"7","2017-02-07","0.22","133.78","22.07","-288.0","-46.7679109685","-23.9186407745"
"7","2017-02-08","0.0","0.57","0.01","-287.0","-46.7679109685","-23.9186407745"
"7","2017-02-09","0.0","0.0","0.0","0.0","-46.7679109685","-23.9186407745"
"7","2017-02-10","0.0","0.0","0.0","0.0","-46.7679109685","-23.9186407745"
"7","2017-02-11","0.0","0.0","0.0","0.0","-46.7679109685","-23.9186407745"
"7","2017-02-12","0.0","0.0","0.0","0.0","-46.7679109685","-23.9186407745"
"7","2017-02-13","0.0","0.0","0.0","0.0","-46.7679109685","-23.9186407745"
"7","2017-02-14","0.0","0.0","0.0","0.0","-46.7679109685","-23.9186407745"
"7","2017-02-15","0.0","0.0","0.0","0.0","-46.7679109685","-23.9186407745"
"7","2017-02-16","","","","-1.0","-46.7679109685","-23.9186407745"
"7","2017-02-17","0.0","0.11","0.0","-288.0","-46.7679109685","-23.9186407745"
"7","2017-02-18","0.0","0.04","0.0","-287.0","-46.7679109685","-23.9186407745"
"7","2017-02-19","0.0","0.0","0.0","0.0","-46.7679109685","-23.9186407745"
"7","2017-02-20","0.0","0.0","0.0","0.0","-46.7679109685","-23.9186407745"
"7","2017-02-21","","","","-1.0","-46.7679109685","-23.9186407745"
"7","2017-02-22","0.0","0.63","0.02","-288.0","-46.7679109685","-23.9186407745"
"7","2017-02-23","0.0","3.56","0.08","-288.0","-46.7679109685","-23.9186407745"
"7","2017-02-24","3.54","217.54","39.99","-288.0","-46.7679109685","-23.9186407745"
"7","2017-02-25","0.52","14.96","3.91","-288.0","-46.7679109685","-23.9186407745"
"7","2017-02-26","0.0","17.81","0.84","-288.0","-46.7679109685","-23.9186407745"
"7","2017-02-27","0.0","7.06","0.6","-288.0","-46.7679109685","-23.9186407745"
"7","2017-02-28","0.0","5.46","0.41","-288.0","-46.7679109685","-23.9186407745"
"7","2017-03-01","0.0","0.27","0.01","-288.0","-46.7679109685","-23.9186407745"
"7","2017-03-02","0.42","89.38","14.17","-288.0","-46.7679109685","-23.9186407745"
"7","2017-03-03","0.04","12.13","2.08","-288.0","-46.7679109685","-23.9186407745"
"7","2017-03-04","0.0","0.28","0.0","-288.0","-46.7679109685","-23.9186407745"
"7","2017-03-05","2.26","164.17","45.25","-288.0","-46.7679109685","-23.9186407745"
"7","2017-03-06","0.39","30.37","3.44","-288.0","-46.7679109685","-23.9186407745"
"7","2017-03-07","4.15","175.2","36.38","-288.0","-46.7679109685","-23.9186407745"
"7","2017-03-08","2.33","43.07","14.23","-288.0","-46.7679109685","-23.9186407745"
"7","2017-03-09","0.0","0.0","0.0","-288.0","-46.7679109685","-23.9186407745"
"7","2017-03-10","0.0","16.01","1.56","-288.0","-46.7679109685","-23.9186407745"
"7","2017-03-11","0.0","0.22","0.0","-288.0","-46.7679109685","-23.9186407745"
"7","2017-03-12","0.0","0.13","0.0","-288.0","-46.7679109685","-23.9186407745"
"7","2017-03-13","0.0","0.01","0.0","-288.0","-46.7679109685","-23.9186407745"
"7","2017-03-14","0.0","0.03","0.0","-288.0","-46.7679109685","-23.9186407745"
"7","2017-03-15","0.02","10.3","1.25","-288.0","-46.7679109685","-23.9186407745"
"7","2017-03-16","0.0","0.47","0.0","-288.0","-46.7679109685","-23.9186407745"
"7","2017-03-17","0.0","2.47","0.41","-288.0","-46.7679109685","-23.9186407745"
"7","2017-03-18","1.13","24.07","6.51","-288.0","-46.7679109685","-23.9186407745"
"7","2017-03-19","1.71","33.19","9.82","-288.0","-46.7679109685","-23.9186407745"
"7","2017-03-20","0.0","0.54","0.04","-287.0","-46.7679109685","-23.9186407745"
"7","2017-03-21","0.0","0.0","0.0","0.0","-46.7679109685","-23.9186407745"
"7","2017-03-22","0.0","0.0","0.0","0.0","-46.7679109685","-23.9186407745"
"7","2017-03-23","","","","-1.0","-46.7679109685","-23.9186407745"
"7","2017-03-24","0.0","0.0","0.0","-288.0","-46.7679109685","-23.9186407745"
"7","2017-03-25","0.0","2.18","0.29","-287.0","-46.7679109685","-23.9186407745"
"7","2017-03-26","","","","-1.0","-46.7679109685","-23.9186407745"
"7","2017-03-27","0.22","10.61","2.46","-288.0","-46.7679109685","-23.9186407745"
"7","2017-03-28","0.05","18.29","1.85","-288.0","-46.7679109685","-23.9186407745"
"7","2017-03-29","0.01","1.45","0.2","-287.0","-46.7679109685","-23.9186407745"
"7","2017-03-30","0.0","0.0","0.0","0.0","-46.7679109685","-23.9186407745"
"7","2017-03-31","0.0","0.0","0.0","0.0","-46.7679109685","-23.9186407745"
"7","2017-04-01","0.0","0.0","0.0","0.0","-46.7679109685","-23.9186407745"
"7","2017-04-02","0.0","0.0","0.0","0.0","-46.7679109685","-23.9186407745"
"7","2017-04-03","0.0","0.0","0.0","0.0","-46.7679109685","-23.9186407745"
"7","2017-04-04","","","","-1.0","-46.7679109685","-23.9186407745"
"7","2017-04-05","0.0","0.0","0.0","-288.0","-46.7679109685","-23.9186407745"
"7","2017-04-06","2.07","129.07","30.44","-288.0","-46.7679109685","-23.9186407745"
"7","2017-04-07","1.69","37.38","8.94","-288.0","-46.7679109685","-23.9186407745"
"7","2017-04-08","0.0","5.0","0.31","-287.0","-46.7679109685","-23.9186407745"
"7","2017-04-09","","","","-1.0","-46.7679109685","-23.9186407745"
"7","2017-04-10","0.0","0.0","0.0","-288.0","-46.7679109685","-23.9186407745"
"7","2017-04-11","0.0","0.16","0.0","-288.0","-46.7679109685","-23.9186407745"
"7","2017-04-12","1.0","48.63","13.04","-287.0","-46.7679109685","-23.9186407745"
"7","2017-04-13","0.0","0.0","0.0","0.0","-46.7679109685","-23.9186407745"
"7","2017-04-14","0.0","0.0","0.0","0.0","-46.7679109685","-23.9186407745"
"7","2017-04-15","0.0","0.0","0.0","0.0","-46.7679109685","-23.9186407745"
"7","2017-04-16","","","","-1.0","-46.7679109685","-23.9186407745"
"7","2017-04-17","0.0","4.96","0.39","-287.0","-46.7679109685","-23.9186407745"
"7","2017-04-18","0.0","0.0","0.0","0.0","-46.7679109685","-23.9186407745"
"7","2017-04-19","0.0","0.0","0.0","0.0","-46.7679109685","-23.9186407745"
"7","2017-04-20","","","","-1.0","-46.7679109685","-23.9186407745"
"7","2017-04-21","1.94","57.56","16.72","-288.0","-46.7679109685","-23.9186407745"
"7","2017-04-22","0.66","7.01","2.73","-287.0","-46.7679109685","-23.9186407745"
"7","2017-04-23","0.0","0.0","0.0","0.0","-46.7679109685","-23.9186407745"
"7","2017-04-24","0.0","0.0","0.0","0.0","-46.7679109685","-23.9186407745"
"7","2017-04-25","","","","-1.0","-46.7679109685","-23.9186407745"
"7","2017-04-26","3.48","73.72","21.53","-288.0","-46.7679109685","-23.9186407745"
"7","2017-04-27","0.04","2.58","0.66","-287.0","-46.7679109685","-23.9186407745"
"7","2017-04-28","0.0","0.0","0.0","0.0","-46.7679109685","-23.9186407745"
"7","2017-04-29","0.0","0.0","0.0","0.0","-46.7679109685","-23.9186407745"
"7","2017-04-30","0.0","0.0","0.0","0.0","-46.7679109685","-23.9186407745"
"7","2017-05-01","","","","-1.0","-46.7679109685","-23.9186407745"
"7","2017-05-02","0.0","0.03","0.0","-287.0","-46.7679109685","-23.9186407745"
"7","2017-05-03","0.0","0.0","0.0","0.0","-46.7679109685","-23.9186407745"
"7","2017-05-04","","","","-1.0","-46.7679109685","-23.9186407745"
"7","2017-05-05","1.58","96.88","23.78","-288.0","-46.7679109685","-23.9186407745"
"7","2017-05-06","0.34","60.93","11.23","-288.0","-46.7679109685","-23.9186407745"
"7","2017-05-07","0.0","6.63","0.4","-287.0","-46.7679109685","-23.9186407745"
"7","2017-05-08","0.0","0.0","0.0","0.0","-46.7679109685","-23.9186407745"
"7","2017-05-09","0.0","0.0","0.0","0.0","-46.7679109685","-23.9186407745"
"7","2017-05-10","0.0","0.0","0.0","0.0","-46.7679109685","-23.9186407745"
"7","2017-05-11","0.0","0.0","0.0","0.0","-46.7679109685","-23.9186407745"
"7","2017-05-12","0.0","0.0","0.0","0.0","-46.7679109685","-23.9186407745"
"7","2017-05-13","","","","-1.0","-46.7679109685","-23.9186407745"
"7","2017-05-14","0.05","3.2","0.6","-287.0","-46.7679109685","-23.9186407745"
"7","2017-05-15","0.0","0.0","0.0","0.0","-46.7679109685","-23.9186407745"
"7","2017-05-16","0.0","0.0","0.0","0.0","-46.7679109685","-23.9186407745"
"7","2017-05-17","","","","-1.0","-46.7679109685","-23.9186407745"
"7","2017-05-18","0.37","8.99","2.64","-288.0","-46.7679109685","-23.9186407745"
"7","2017-05-19","8.58","155.86","42.47","-288.0","-46.7679109685","-23.9186407745"
"7","2017-05-20","0.0","0.11","0.0","-288.0","-46.7679109685","-23.9186407745"
"7","2017-05-21","6.19","80.52","24.56","-288.0","-46.7679109685","-23.9186407745"
"7","2017-05-22","1.32","28.23","6.46","-287.0","-46.7679109685","-23.9186407745"
"7","2017-05-23","0.0","0.0","0.0","0.0","-46.7679109685","-23.9186407745"
"7","2017-05-24","0.0","0.0","0.0","0.0","-46.7679109685","-23.9186407745"
"7","2017-05-25","0.0","0.0","0.0","0.0","-46.7679109685","-23.9186407745"
"7","2017-05-26","0.0","0.0","0.0","0.0","-46.7679109685","-23.9186407745"
"7","2017-05-27","0.0","0.0","0.0","0.0","-46.7679109685","-23.9186407745"
"7","2017-05-28","0.0","0.0","0.0","0.0","-46.7679109685","-23.9186407745"
"7","2017-05-29","0.0","0.0","0.0","0.0","-46.7679109685","-23.9186407745"
"7","2017-05-30","0.0","0.0","0.0","0.0","-46.7679109685","-23.9186407745"
"7","2017-05-31","0.0","0.0","0.0","0.0","-46.7679109685","-23.9186407745"
"7","2017-06-01","0.0","0.0","0.0","0.0","-46.7679109685","-23.9186407745"
"7","2017-06-02","0.0","0.0","0.0","0.0","-46.7679109685","-23.9186407745"
"7","2017-06-03","0.0","0.0","0.0","0.0","-46.7679109685","-23.9186407745"
"7","2017-06-04","","","","-1.0","-46.7679109685","-23.9186407745"
"7","2017-06-05","13.08","174.7","56.82","-288.0","-46.7679109685","-23.9186407745"
"7","2017-06-06","7.46","143.8","35.85","-288.0","-46.7679109685","-23.9186407745"
"7","2017-06-07","2.05","28.22","9.42","-287.0","-46.7679109685","-23.9186407745"
"7","2017-06-08","","","","-1.0","-46.7679109685","-23.9186407745"
"7","2017-06-09","0.03","11.85","1.34","-288.0","-46.7679109685","-23.9186407745"
"7","2017-06-10","0.0","0.0","0.0","-287.0","-46.7679109685","-23.9186407745"
"7","2017-06-11","","","","-1.0","-46.7679109685","-23.9186407745"
"7","2017-06-12","0.0","0.22","0.0","-288.0","-46.7679109685","-23.9186407745"
"7","2017-06-13","4.97","165.08","37.02","-288.0","-46.7679109685","-23.9186407745"
"7","2017-06-14","0.08","2.7","0.65","-287.0","-46.7679109685","-23.9186407745"
"8","2016-10-31","","","","-1.0","-46.6942965181","-23.9199006938"
"8","2016-11-01","0.0","1.47","0.01","-288.0","-46.6942965181","-23.9199006938"
"8","2016-11-02","0.0","10.85","0.96","-288.0","-46.6942965181","-23.9199006938"
"8","2016-11-03","0.82","59.62","7.66","-288.0","-46.6942965181","-23.9199006938"
"8","2016-11-04","0.0","1.05","0.14","-288.0","-46.6942965181","-23.9199006938"
"8","2016-11-05","0.0","0.0","0.0","-288.0","-46.6942965181","-23.9199006938"
"8","2016-11-06","0.0","1.17","0.09","-288.0","-46.6942965181","-23.9199006938"
"8","2016-11-07","0.0","0.32","0.0","-288.0","-46.6942965181","-23.9199006938"
"8","2016-11-08","0.0","0.02","0.0","-288.0","-46.6942965181","-23.9199006938"
"8","2016-11-09","5.94","139.34","46.76","-288.0","-46.6942965181","-23.9199006938"
"8","2016-11-10","0.88","26.57","6.02","-288.0","-46.6942965181","-23.9199006938"
"8","2016-11-11","0.55","46.27","9.0","-288.0","-46.6942965181","-23.9199006938"
"8","2016-11-12","0.0","0.73","0.05","-288.0","-46.6942965181","-23.9199006938"
"8","2016-11-13","4.35","36.5","14.08","-288.0","-46.6942965181","-23.9199006938"
"8","2016-11-14","4.19","33.9","13.0","-287.0","-46.6942965181","-23.9199006938"
"8","2016-11-15","","","","-1.0","-46.6942965181","-23.9199006938"
"8","2016-11-16","1.63","59.88","16.95","-288.0","-46.6942965181","-23.9199006938"
"8","2016-11-17","0.03","13.59","2.72","-288.0","-46.6942965181","-23.9199006938"
"8","2016-11-18","0.0","5.21","0.61","-287.0","-46.6942965181","-23.9199006938"
"8","2016-11-19","0.0","0.0","0.0","0.0","-46.6942965181","-23.9199006938"
"8","2016-11-20","0.0","0.0","0.0","0.0","-46.6942965181","-23.9199006938"
"8","2016-11-21","0.0","0.0","0.0","0.0","-46.6942965181","-23.9199006938"
"8","2016-11-22","","","","-1.0","-46.6942965181","-23.9199006938"
"8","2016-11-23","0.0","5.01","0.58","-288.0","-46.6942965181","-23.9199006938"
"8","2016-11-24","0.0","0.0","0.0","-287.0","-46.6942965181","-23.9199006938"
"8","2016-11-25","0.0","0.0","0.0","0.0","-46.6942965181","-23.9199006938"
"8","2016-11-26","","","","-1.0","-46.6942965181","-23.9199006938"
"8","2016-11-27","0.0","4.35","0.42","-288.0","-46.6942965181","-23.9199006938"
"8","2016-11-28","0.1","60.75","7.44","-288.0","-46.6942965181","-23.9199006938"
"8","2016-11-29","1.82","32.98","9.54","-288.0","-46.6942965181","-23.9199006938"
"8","2016-11-30","0.0","1.12","0.17","-287.0","-46.6942965181","-23.9199006938"
"8","2016-12-01","0.0","0.0","0.0","0.0","-46.6942965181","-23.9199006938"
"8","2016-12-02","","","","-1.0","-46.6942965181","-23.9199006938"
"8","2016-12-03","1.43","55.65","12.32","-288.0","-46.6942965181","-23.9199006938"
"8","2016-12-04","0.07","9.55","0.98","-288.0","-46.6942965181","-23.9199006938"
"8","2016-12-05","0.0","0.02","0.0","-287.0","-46.6942965181","-23.9199006938"
"8","2016-12-06","","","","-1.0","-46.6942965181","-23.9199006938"
"8","2016-12-07","0.16","10.57","2.13","-288.0","-46.6942965181","-23.9199006938"
"8","2016-12-08","0.27","30.61","7.41","-288.0","-46.6942965181","-23.9199006938"
"8","2016-12-09","0.0","9.14","0.9","-288.0","-46.6942965181","-23.9199006938"
"8","2016-12-10","1.94","28.98","8.19","-288.0","-46.6942965181","-23.9199006938"
"8","2016-12-11","1.84","38.69","10.1","-288.0","-46.6942965181","-23.9199006938"
"8","2016-12-12","2.28","78.07","17.88","-288.0","-46.6942965181","-23.9199006938"
"8","2016-12-13","0.0","0.8","0.01","-288.0","-46.6942965181","-23.9199006938"
"8","2016-12-14","0.0","1.9","0.01","-288.0","-46.6942965181","-23.9199006938"
"8","2016-12-15","0.0","0.0","0.0","-287.0","-46.6942965181","-23.9199006938"
"8","2016-12-16","0.0","0.0","0.0","0.0","-46.6942965181","-23.9199006938"
"8","2016-12-17","","","","-1.0","-46.6942965181","-23.9199006938"
"8","2016-12-18","0.0","0.66","0.01","-288.0","-46.6942965181","-23.9199006938"
"8","2016-12-19","5.43","91.86","37.13","-288.0","-46.6942965181","-23.9199006938"
"8","2016-12-20","0.02","19.68","2.27","-288.0","-46.6942965181","-23.9199006938"
"8","2016-12-21","6.96","74.69","36.41","-288.0","-46.6942965181","-23.9199006938"
"8","2016-12-22","0.0","0.63","0.0","-288.0","-46.6942965181","-23.9199006938"
"8","2016-12-23","0.05","15.98","2.65","-288.0","-46.6942965181","-23.9199006938"
"8","2016-12-24","0.0","5.29","0.29","-288.0","-46.6942965181","-23.9199006938"
"8","2016-12-25","0.0","0.14","0.0","-288.0","-46.6942965181","-23.9199006938"
"8","2016-12-26","0.0","0.05","0.0","-288.0","-46.6942965181","-23.9199006938"
"8","2016-12-27","0.3","49.28","6.33","-288.0","-46.6942965181","-23.9199006938"
"8","2016-12-28","0.0","1.34","0.16","-288.0","-46.6942965181","-23.9199006938"
"8","2016-12-29","0.0","1.61","0.24","-288.0","-46.6942965181","-23.9199006938"
"8","2016-12-30","0.0","0.22","0.0","-288.0","-46.6942965181","-23.9199006938"
"8","2016-12-31","0.0","0.19","0.0","-287.0","-46.6942965181","-23.9199006938"
"8","2017-01-01","","","","-1.0","-46.6942965181","-23.9199006938"
"8","2017-01-02","0.28","81.51","10.01","-288.0","-46.6942965181","-23.9199006938"
"8","2017-01-03","0.01","0.92","0.13","-288.0","-46.6942965181","-23.9199006938"
"8","2017-01-04","0.0","2.31","0.28","-288.0","-46.6942965181","-23.9199006938"
"8","2017-01-05","0.0","0.71","0.04","-288.0","-46.6942965181","-23.9199006938"
"8","2017-01-06","0.91","99.33","25.27","-288.0","-46.6942965181","-23.9199006938"
"8","2017-01-07","0.0","2.71","0.21","-288.0","-46.6942965181","-23.9199006938"
"8","2017-01-08","0.0","12.13","0.57","-288.0","-46.6942965181","-23.9199006938"
"8","2017-01-09","0.01","19.87","1.98","-288.0","-46.6942965181","-23.9199006938"
"8","2017-01-10","0.0","0.95","0.03","-288.0","-46.6942965181","-23.9199006938"
"8","2017-01-11","0.31","196.68","30.97","-288.0","-46.6942965181","-23.9199006938"
"8","2017-01-12","1.44","73.5","13.6","-288.0","-46.6942965181","-23.9199006938"
"8","2017-01-13","0.0","1.14","0.02","-288.0","-46.6942965181","-23.9199006938"
"8","2017-01-14","0.0","0.0","0.0","-288.0","-46.6942965181","-23.9199006938"
"8","2017-01-15","0.0","1.57","0.05","-288.0","-46.6942965181","-23.9199006938"
"8","2017-01-16","4.43","143.5","31.64","-288.0","-46.6942965181","-23.9199006938"
"8","2017-01-17","6.43","95.47","26.63","-288.0","-46.6942965181","-23.9199006938"
"8","2017-01-18","7.6","106.33","33.36","-288.0","-46.6942965181","-23.9199006938"
"8","2017-01-19","4.35","77.61","20.34","-288.0","-46.6942965181","-23.9199006938"
"8","2017-01-20","1.21","27.46","8.24","-288.0","-46.6942965181","-23.9199006938"
"8","2017-01-21","1.96","116.15","20.33","-288.0","-46.6942965181","-23.9199006938"
"8","2017-01-22","0.41","36.72","6.01","-288.0","-46.6942965181","-23.9199006938"
"8","2017-01-23","0.14","46.46","4.53","-288.0","-46.6942965181","-23.9199006938"
"8","2017-01-24","0.26","97.82","22.26","-288.0","-46.6942965181","-23.9199006938"
"8","2017-01-25","0.0","1.61","0.17","-288.0","-46.6942965181","-23.9199006938"
"8","2017-01-26","2.92","46.96","13.68","-288.0","-46.6942965181","-23.9199006938"
"8","2017-01-27","1.52","72.52","15.25","-288.0","-46.6942965181","-23.9199006938"
"8","2017-01-28","0.0","14.15","1.58","-288.0","-46.6942965181","-23.9199006938"
"8","2017-01-29","0.0","0.34","0.0","-288.0","-46.6942965181","-23.9199006938"
"8","2017-01-30","0.0","1.01","0.01","-288.0","-46.6942965181","-23.9199006938"
"8","2017-01-31","0.0","4.2","0.14","-288.0","-46.6942965181","-23.9199006938"
"8","2017-02-01","1.75","84.19","12.7","-288.0","-46.6942965181","-23.9199006938"
"8","2017-02-02","2.33","52.52","10.59","-288.0","-46.6942965181","-23.9199006938"
"8","2017-02-03","0.68","39.86","9.24","-288.0","-46.6942965181","-23.9199006938"
"8","2017-02-04","0.07","34.09","3.62","-288.0","-46.6942965181","-23.9199006938"
"8","2017-02-05","0.0","71.9","8.78","-288.0","-46.6942965181","-23.9199006938"
"8","2017-02-06","1.86","91.65","24.34","-288.0","-46.6942965181","-23.9199006938"
"8","2017-02-07","1.1","161.38","24.27","-288.0","-46.6942965181","-23.9199006938"
"8","2017-02-08","0.0","0.76","0.03","-287.0","-46.6942965181","-23.9199006938"
"8","2017-02-09","0.0","0.0","0.0","0.0","-46.6942965181","-23.9199006938"
"8","2017-02-10","0.0","0.0","0.0","0.0","-46.6942965181","-23.9199006938"
"8","2017-02-11","0.0","0.0","0.0","0.0","-46.6942965181","-23.9199006938"
"8","2017-02-12","0.0","0.0","0.0","0.0","-46.6942965181","-23.9199006938"
"8","2017-02-13","0.0","0.0","0.0","0.0","-46.6942965181","-23.9199006938"
"8","2017-02-14","0.0","0.0","0.0","0.0","-46.6942965181","-23.9199006938"
"8","2017-02-15","0.0","0.0","0.0","0.0","-46.6942965181","-23.9199006938"
"8","2017-02-16","","","","-1.0","-46.6942965181","-23.9199006938"
"8","2017-02-17","0.0","0.51","0.03","-288.0","-46.6942965181","-23.9199006938"
"8","2017-02-18","0.0","0.21","0.0","-287.0","-46.6942965181","-23.9199006938"
"8","2017-02-19","0.0","0.0","0.0","0.0","-46.6942965181","-23.9199006938"
"8","2017-02-20","0.0","0.0","0.0","0.0","-46.6942965181","-23.9199006938"
"8","2017-02-21","","","","-1.0","-46.6942965181","-23.9199006938"
"8","2017-02-22","0.0","0.15","0.0","-288.0","-46.6942965181","-23.9199006938"
"8","2017-02-23","0.0","54.49","5.83","-288.0","-46.6942965181","-23.9199006938"
"8","2017-02-24","4.79","226.53","39.77","-288.0","-46.6942965181","-23.9199006938"
"8","2017-02-25","0.16","6.62","1.33","-288.0","-46.6942965181","-23.9199006938"
"8","2017-02-26","0.03","46.72","9.6","-288.0","-46.6942965181","-23.9199006938"
"8","2017-02-27","0.0","13.77","0.84","-288.0","-46.6942965181","-23.9199006938"
"8","2017-02-28","0.0","15.62","1.38","-288.0","-46.6942965181","-23.9199006938"
"8","2017-03-01","0.0","2.96","0.2","-288.0","-46.6942965181","-23.9199006938"
"8","2017-03-02","0.61","106.36","17.36","-288.0","-46.6942965181","-23.9199006938"
"8","2017-03-03","0.05","15.0","1.8","-288.0","-46.6942965181","-23.9199006938"
"8","2017-03-04","0.0","0.3","0.0","-288.0","-46.6942965181","-23.9199006938"
"8","2017-03-05","1.29","147.37","28.24","-288.0","-46.6942965181","-23.9199006938"
"8","2017-03-06","1.15","90.68","12.68","-288.0","-46.6942965181","-23.9199006938"
"8","2017-03-07","9.29","141.78","49.67","-288.0","-46.6942965181","-23.9199006938"
"8","2017-03-08","4.15","56.83","17.26","-288.0","-46.6942965181","-23.9199006938"
"8","2017-03-09","0.0","0.0","0.0","-288.0","-46.6942965181","-23.9199006938"
"8","2017-03-10","0.0","1.27","0.08","-288.0","-46.6942965181","-23.9199006938"
"8","2017-03-11","0.0","0.33","0.0","-288.0","-46.6942965181","-23.9199006938"
"8","2017-03-12","0.0","2.3","0.02","-288.0","-46.6942965181","-23.9199006938"
"8","2017-03-13","0.0","3.27","0.04","-288.0","-46.6942965181","-23.9199006938"
"8","2017-03-14","0.0","0.08","0.0","-288.0","-46.6942965181","-23.9199006938"
"8","2017-03-15","0.05","11.9","1.6","-288.0","-46.6942965181","-23.9199006938"
"8","2017-03-16","0.0","0.85","0.01","-288.0","-46.6942965181","-23.9199006938"
"8","2017-03-17","0.01","5.25","0.4","-288.0","-46.6942965181","-23.9199006938"
"8","2017-03-18","0.7","14.27","4.15","-288.0","-46.6942965181","-23.9199006938"
"8","2017-03-19","1.27","24.87","7.51","-288.0","-46.6942965181","-23.9199006938"
"8","2017-03-20","0.0","1.0","0.11","-287.0","-46.6942965181","-23.9199006938"
"8","2017-03-21","0.0","0.0","0.0","0.0","-46.6942965181","-23.9199006938"
"8","2017-03-22","0.0","0.0","0.0","0.0","-46.6942965181","-23.9199006938"
"8","2017-03-23","","","","-1.0","-46.6942965181","-23.9199006938"
"8","2017-03-24","0.0","0.0","0.0","-288.0","-46.6942965181","-23.9199006938"
"8","2017-03-25","0.0","1.7","0.18","-287.0","-46.6942965181","-23.9199006938"
"8","2017-03-26","","","","-1.0","-46.6942965181","-23.9199006938"
"8","2017-03-27","0.19","9.79","2.15","-288.0","-46.6942965181","-23.9199006938"
"8","2017-03-28","0.07","19.63","2.6","-288.0","-46.6942965181","-23.9199006938"
"8","2017-03-29","0.01","3.74","0.49","-287.0","-46.6942965181","-23.9199006938"
"8","2017-03-30","0.0","0.0","0.0","0.0","-46.6942965181","-23.9199006938"
"8","2017-03-31","0.0","0.0","0.0","0.0","-46.6942965181","-23.9199006938"
"8","2017-04-01","0.0","0.0","0.0","0.0","-46.6942965181","-23.9199006938"
"8","2017-04-02","0.0","0.0","0.0","0.0","-46.6942965181","-23.9199006938"
"8","2017-04-03","0.0","0.0","0.0","0.0","-46.6942965181","-23.9199006938"
"8","2017-04-04","","","","-1.0","-46.6942965181","-23.9199006938"
"8","2017-04-05","0.0","0.0","0.0","-288.0","-46.6942965181","-23.9199006938"
"8","2017-04-06","2.91","133.88","35.36","-288.0","-46.6942965181","-23.9199006938"
"8","2017-04-07","1.51","32.03","8.6","-288.0","-46.6942965181","-23.9199006938"
"8","2017-04-08","0.0","0.55","0.03","-287.0","-46.6942965181","-23.9199006938"
"8","2017-04-09","","","","-1.0","-46.6942965181","-23.9199006938"
"8","2017-04-10","0.0","0.15","0.0","-288.0","-46.6942965181","-23.9199006938"
"8","2017-04-11","0.0","0.32","0.04","-288.0","-46.6942965181","-23.9199006938"
"8","2017-04-12","1.41","78.96","15.23","-287.0","-46.6942965181","-23.9199006938"
"8","2017-04-13","0.0","0.0","0.0","0.0","-46.6942965181","-23.9199006938"
"8","2017-04-14","0.0","0.0","0.0","0.0","-46.6942965181","-23.9199006938"
"8","2017-04-15","0.0","0.0","0.0","0.0","-46.6942965181","-23.9199006938"
"8","2017-04-16","","","","-1.0","-46.6942965181","-23.9199006938"
"8","2017-04-17","0.01","8.7","1.15","-287.0","-46.6942965181","-23.9199006938"
"8","2017-04-18","0.0","0.0","0.0","0.0","-46.6942965181","-23.9199006938"
"8","2017-04-19","0.0","0.0","0.0","0.0","-46.6942965181","-23.9199006938"
"8","2017-04-20","","","","-1.0","-46.6942965181","-23.9199006938"
"8","2017-04-21","2.62","52.26","14.81","-288.0","-46.6942965181","-23.9199006938"
"8","2017-04-22","0.89","8.68","3.5","-287.0","-46.6942965181","-23.9199006938"
"8","2017-04-23","0.0","0.0","0.0","0.0","-46.6942965181","-23.9199006938"
"8","2017-04-24","0.0","0.0","0.0","0.0","-46.6942965181","-23.9199006938"
"8","2017-04-25","","","","-1.0","-46.6942965181","-23.9199006938"
"8","2017-04-26","4.64","73.29","22.48","-288.0","-46.6942965181","-23.9199006938"
"8","2017-04-27","0.05","3.07","0.78","-287.0","-46.6942965181","-23.9199006938"
"8","2017-04-28","0.0","0.0","0.0","0.0","-46.6942965181","-23.9199006938"
"8","2017-04-29","0.0","0.0","0.0","0.0","-46.6942965181","-23.9199006938"
"8","2017-04-30","0.0","0.0","0.0","0.0","-46.6942965181","-23.9199006938"
"8","2017-05-01","","","","-1.0","-46.6942965181","-23.9199006938"
"8","2017-05-02","0.0","2.29","0.02","-287.0","-46.6942965181","-23.9199006938"
"8","2017-05-03","0.0","0.0","0.0","0.0","-46.6942965181","-23.9199006938"
"8","2017-05-04","","","","-1.0","-46.6942965181","-23.9199006938"
"8","2017-05-05","1.92","63.78","17.75","-288.0","-46.6942965181","-23.9199006938"
"8","2017-05-06","1.09","91.82","15.85","-288.0","-46.6942965181","-23.9199006938"
"8","2017-05-07","0.0","11.81","0.88","-287.0","-46.6942965181","-23.9199006938"
"8","2017-05-08","0.0","0.0","0.0","0.0","-46.6942965181","-23.9199006938"
"8","2017-05-09","0.0","0.0","0.0","0.0","-46.6942965181","-23.9199006938"
"8","2017-05-10","0.0","0.0","0.0","0.0","-46.6942965181","-23.9199006938"
"8","2017-05-11","0.0","0.0","0.0","0.0","-46.6942965181","-23.9199006938"
"8","2017-05-12","0.0","0.0","0.0","0.0","-46.6942965181","-23.9199006938"
"8","2017-05-13","","","","-1.0","-46.6942965181","-23.9199006938"
"8","2017-05-14","0.06","2.95","0.71","-287.0","-46.6942965181","-23.9199006938"
"8","2017-05-15","0.0","0.0","0.0","0.0","-46.6942965181","-23.9199006938"
"8","2017-05-16","0.0","0.0","0.0","0.0","-46.6942965181","-23.9199006938"
"8","2017-05-17","","","","-1.0","-46.6942965181","-23.9199006938"
"8","2017-05-18","0.38","8.24","2.28","-288.0","-46.6942965181","-23.9199006938"
"8","2017-05-19","11.05","127.68","38.83","-288.0","-46.6942965181","-23.9199006938"
"8","2017-05-20","0.0","0.06","0.0","-288.0","-46.6942965181","-23.9199006938"
"8","2017-05-21","5.98","64.17","21.24","-288.0","-46.6942965181","-23.9199006938"
"8","2017-05-22","1.25","29.63","6.94","-287.0","-46.6942965181","-23.9199006938"
"8","2017-05-23","0.0","0.0","0.0","0.0","-46.6942965181","-23.9199006938"
"8","2017-05-24","0.0","0.0","0.0","0.0","-46.6942965181","-23.9199006938"
"8","2017-05-25","0.0","0.0","0.0","0.0","-46.6942965181","-23.9199006938"
"8","2017-05-26","0.0","0.0","0.0","0.0","-46.6942965181","-23.9199006938"
"8","2017-05-27","0.0","0.0","0.0","0.0","-46.6942965181","-23.9199006938"
"8","2017-05-28","0.0","0.0","0.0","0.0","-46.6942965181","-23.9199006938"
"8","2017-05-29","0.0","0.0","0.0","0.0","-46.6942965181","-23.9199006938"
"8","2017-05-30","0.0","0.0","0.0","0.0","-46.6942965181","-23.9199006938"
"8","2017-05-31","0.0","0.0","0.0","0.0","-46.6942965181","-23.9199006938"
"8","2017-06-01","0.0","0.0","0.0","0.0","-46.6942965181","-23.9199006938"
"8","2017-06-02","0.0","0.0","0.0","0.0","-46.6942965181","-23.9199006938"
"8","2017-06-03","0.0","0.0","0.0","0.0","-46.6942965181","-23.9199006938"
"8","2017-06-04","","","","-1.0","-46.6942965181","-23.9199006938"
"8","2017-06-05","14.06","150.84","52.82","-288.0","-46.6942965181","-23.9199006938"
"8","2017-06-06","8.92","151.41","41.07","-288.0","-46.6942965181","-23.9199006938"
"8","2017-06-07","2.2","24.31","8.35","-287.0","-46.6942965181","-23.9199006938"
"8","2017-06-08","","","","-1.0","-46.6942965181","-23.9199006938"
"8","2017-06-09","0.11","7.58","1.13","-288.0","-46.6942965181","-23.9199006938"
"8","2017-06-10","0.0","0.0","0.0","-287.0","-46.6942965181","-23.9199006938"
"8","2017-06-11","","","","-1.0","-46.6942965181","-23.9199006938"
"8","2017-06-12","0.0","0.13","0.0","-288.0","-46.6942965181","-23.9199006938"
"8","2017-06-13","4.86","112.16","28.66","-288.0","-46.6942965181","-23.9199006938"
"8","2017-06-14","0.23","9.5","1.54","-287.0","-46.6942965181","-23.9199006938"
"9","2016-10-31","","","","-1.0","-46.6317212683","-23.9215992228"
"9","2016-11-01","0.0","0.07","0.0","-288.0","-46.6317212683","-23.9215992228"
"9","2016-11-02","0.01","2.49","0.41","-288.0","-46.6317212683","-23.9215992228"
"9","2016-11-03","0.89","29.04","5.54","-288.0","-46.6317212683","-23.9215992228"
"9","2016-11-04","0.06","4.46","0.69","-288.0","-46.6317212683","-23.9215992228"
"9","2016-11-05","0.0","0.0","0.0","-288.0","-46.6317212683","-23.9215992228"
"9","2016-11-06","0.0","0.36","0.0","-288.0","-46.6317212683","-23.9215992228"
"9","2016-11-07","0.0","0.62","0.01","-288.0","-46.6317212683","-23.9215992228"
"9","2016-11-08","0.0","0.0","0.0","-288.0","-46.6317212683","-23.9215992228"
"9","2016-11-09","7.65","149.64","52.67","-288.0","-46.6317212683","-23.9215992228"
"9","2016-11-10","1.32","22.45","6.26","-288.0","-46.6317212683","-23.9215992228"
"9","2016-11-11","0.41","59.05","10.83","-288.0","-46.6317212683","-23.9215992228"
"9","2016-11-12","0.0","1.29","0.08","-288.0","-46.6317212683","-23.9215992228"
"9","2016-11-13","4.4","32.76","14.03","-288.0","-46.6317212683","-23.9215992228"
"9","2016-11-14","3.78","32.57","12.27","-287.0","-46.6317212683","-23.9215992228"
"9","2016-11-15","","","","-1.0","-46.6317212683","-23.9215992228"
"9","2016-11-16","2.54","54.98","18.63","-288.0","-46.6317212683","-23.9215992228"
"9","2016-11-17","0.08","10.41","2.61","-288.0","-46.6317212683","-23.9215992228"
"9","2016-11-18","0.0","3.64","0.46","-287.0","-46.6317212683","-23.9215992228"
"9","2016-11-19","0.0","0.0","0.0","0.0","-46.6317212683","-23.9215992228"
"9","2016-11-20","0.0","0.0","0.0","0.0","-46.6317212683","-23.9215992228"
"9","2016-11-21","0.0","0.0","0.0","0.0","-46.6317212683","-23.9215992228"
"9","2016-11-22","","","","-1.0","-46.6317212683","-23.9215992228"
"9","2016-11-23","0.0","2.62","0.32","-288.0","-46.6317212683","-23.9215992228"
"9","2016-11-24","0.0","0.0","0.0","-287.0","-46.6317212683","-23.9215992228"
"9","2016-11-25","0.0","0.0","0.0","0.0","-46.6317212683","-23.9215992228"
"9","2016-11-26","","","","-1.0","-46.6317212683","-23.9215992228"
"9","2016-11-27","0.0","0.22","0.0","-288.0","-46.6317212683","-23.9215992228"
"9","2016-11-28","0.15","44.5","4.76","-288.0","-46.6317212683","-23.9215992228"
"9","2016-11-29","2.01","31.24","9.26","-288.0","-46.6317212683","-23.9215992228"
"9","2016-11-30","0.0","0.81","0.1","-287.0","-46.6317212683","-23.9215992228"
"9","2016-12-01","0.0","0.0","0.0","0.0","-46.6317212683","-23.9215992228"
"9","2016-12-02","","","","-1.0","-46.6317212683","-23.9215992228"
"9","2016-12-03","1.26","44.14","8.84","-288.0","-46.6317212683","-23.9215992228"
"9","2016-12-04","0.05","7.44","0.82","-288.0","-46.6317212683","-23.9215992228"
"9","2016-12-05","0.0","0.0","0.0","-287.0","-46.6317212683","-23.9215992228"
"9","2016-12-06","","","","-1.0","-46.6317212683","-23.9215992228"
"9","2016-12-07","0.36","9.5","2.31","-288.0","-46.6317212683","-23.9215992228"
"9","2016-12-08","0.01","12.75","2.23","-288.0","-46.6317212683","-23.9215992228"
"9","2016-12-09","0.02","5.79","0.53","-288.0","-46.6317212683","-23.9215992228"
"9","2016-12-10","1.99","22.86","6.69","-288.0","-46.6317212683","-23.9215992228"
"9","2016-12-11","1.22","22.28","5.97","-288.0","-46.6317212683","-23.9215992228"
"9","2016-12-12","2.96","75.42","19.48","-288.0","-46.6317212683","-23.9215992228"
"9","2016-12-13","0.0","1.81","0.12","-288.0","-46.6317212683","-23.9215992228"
"9","2016-12-14","0.0","1.53","0.03","-288.0","-46.6317212683","-23.9215992228"
"9","2016-12-15","0.0","0.0","0.0","-287.0","-46.6317212683","-23.9215992228"
"9","2016-12-16","0.0","0.0","0.0","0.0","-46.6317212683","-23.9215992228"
"9","2016-12-17","","","","-1.0","-46.6317212683","-23.9215992228"
"9","2016-12-18","0.0","0.68","0.01","-288.0","-46.6317212683","-23.9215992228"
"9","2016-12-19","0.94","49.9","11.38","-288.0","-46.6317212683","-23.9215992228"
"9","2016-12-20","0.6","51.63","6.0","-288.0","-46.6317212683","-23.9215992228"
"9","2016-12-21","8.28","81.9","27.73","-288.0","-46.6317212683","-23.9215992228"
"9","2016-12-22","0.0","0.03","0.0","-288.0","-46.6317212683","-23.9215992228"
"9","2016-12-23","0.43","9.33","2.09","-288.0","-46.6317212683","-23.9215992228"
"9","2016-12-24","0.0","1.95","0.27","-288.0","-46.6317212683","-23.9215992228"
"9","2016-12-25","0.0","0.0","0.0","-288.0","-46.6317212683","-23.9215992228"
"9","2016-12-26","0.0","0.01","0.0","-288.0","-46.6317212683","-23.9215992228"
"9","2016-12-27","1.55","86.14","30.91","-288.0","-46.6317212683","-23.9215992228"
"9","2016-12-28","0.0","0.34","0.0","-288.0","-46.6317212683","-23.9215992228"
"9","2016-12-29","0.0","1.46","0.11","-288.0","-46.6317212683","-23.9215992228"
"9","2016-12-30","0.0","0.29","0.0","-288.0","-46.6317212683","-23.9215992228"
"9","2016-12-31","0.0","0.19","0.0","-287.0","-46.6317212683","-23.9215992228"
"9","2017-01-01","","","","-1.0","-46.6317212683","-23.9215992228"
"9","2017-01-02","0.26","97.99","12.16","-288.0","-46.6317212683","-23.9215992228"
"9","2017-01-03","0.05","1.49","0.33","-288.0","-46.6317212683","-23.9215992228"
"9","2017-01-04","0.0","0.23","0.01","-288.0","-46.6317212683","-23.9215992228"
"9","2017-01-05","0.0","0.59","0.02","-288.0","-46.6317212683","-23.9215992228"
"9","2017-01-06","1.01","90.25","15.69","-288.0","-46.6317212683","-23.9215992228"
"9","2017-01-07","0.0","1.35","0.04","-288.0","-46.6317212683","-23.9215992228"
"9","2017-01-08","0.0","9.59","0.6","-288.0","-46.6317212683","-23.9215992228"
"9","2017-01-09","0.0","11.85","1.35","-288.0","-46.6317212683","-23.9215992228"
"9","2017-01-10","0.0","0.44","0.0","-288.0","-46.6317212683","-23.9215992228"
"9","2017-01-11","0.78","169.13","30.88","-288.0","-46.6317212683","-23.9215992228"
"9","2017-01-12","3.15","91.59","23.21","-288.0","-46.6317212683","-23.9215992228"
"9","2017-01-13","0.0","0.49","0.0","-288.0","-46.6317212683","-23.9215992228"
"9","2017-01-14","0.0","0.01","0.0","-288.0","-46.6317212683","-23.9215992228"
"9","2017-01-15","0.0","0.78","0.01","-288.0","-46.6317212683","-23.9215992228"
"9","2017-01-16","4.3","83.18","26.82","-288.0","-46.6317212683","-23.9215992228"
"9","2017-01-17","6.69","67.96","23.97","-288.0","-46.6317212683","-23.9215992228"
"9","2017-01-18","9.52","86.64","32.38","-288.0","-46.6317212683","-23.9215992228"
"9","2017-01-19","5.67","66.32","22.46","-288.0","-46.6317212683","-23.9215992228"
"9","2017-01-20","2.61","28.25","10.58","-288.0","-46.6317212683","-23.9215992228"
"9","2017-01-21","3.71","134.89","28.67","-288.0","-46.6317212683","-23.9215992228"
"9","2017-01-22","0.42","19.41","4.57","-288.0","-46.6317212683","-23.9215992228"
"9","2017-01-23","0.26","27.21","3.51","-288.0","-46.6317212683","-23.9215992228"
"9","2017-01-24","0.19","75.47","17.38","-288.0","-46.6317212683","-23.9215992228"
"9","2017-01-25","0.0","1.85","0.22","-288.0","-46.6317212683","-23.9215992228"
"9","2017-01-26","4.07","45.1","15.39","-288.0","-46.6317212683","-23.9215992228"
"9","2017-01-27","1.59","42.54","9.44","-288.0","-46.6317212683","-23.9215992228"
"9","2017-01-28","0.0","4.04","0.23","-288.0","-46.6317212683","-23.9215992228"
"9","2017-01-29","0.0","0.77","0.01","-288.0","-46.6317212683","-23.9215992228"
"9","2017-01-30","0.0","0.86","0.01","-288.0","-46.6317212683","-23.9215992228"
"9","2017-01-31","0.0","3.88","0.15","-288.0","-46.6317212683","-23.9215992228"
"9","2017-02-01","3.8","149.67","36.8","-288.0","-46.6317212683","-23.9215992228"
"9","2017-02-02","2.06","22.55","7.25","-288.0","-46.6317212683","-23.9215992228"
"9","2017-02-03","0.89","41.04","8.84","-288.0","-46.6317212683","-23.9215992228"
"9","2017-02-04","0.73","58.79","15.26","-288.0","-46.6317212683","-23.9215992228"
"9","2017-02-05","0.0","34.63","6.07","-288.0","-46.6317212683","-23.9215992228"
"9","2017-02-06","1.77","64.43","16.81","-288.0","-46.6317212683","-23.9215992228"
"9","2017-02-07","1.12","105.75","20.52","-288.0","-46.6317212683","-23.9215992228"
"9","2017-02-08","0.0","1.82","0.08","-287.0","-46.6317212683","-23.9215992228"
"9","2017-02-09","0.0","0.0","0.0","0.0","-46.6317212683","-23.9215992228"
"9","2017-02-10","0.0","0.0","0.0","0.0","-46.6317212683","-23.9215992228"
"9","2017-02-11","0.0","0.0","0.0","0.0","-46.6317212683","-23.9215992228"
"9","2017-02-12","0.0","0.0","0.0","0.0","-46.6317212683","-23.9215992228"
"9","2017-02-13","0.0","0.0","0.0","0.0","-46.6317212683","-23.9215992228"
"9","2017-02-14","0.0","0.0","0.0","0.0","-46.6317212683","-23.9215992228"
"9","2017-02-15","0.0","0.0","0.0","0.0","-46.6317212683","-23.9215992228"
"9","2017-02-16","","","","-1.0","-46.6317212683","-23.9215992228"
"9","2017-02-17","0.0","0.39","0.02","-288.0","-46.6317212683","-23.9215992228"
"9","2017-02-18","0.0","0.21","0.0","-287.0","-46.6317212683","-23.9215992228"
"9","2017-02-19","0.0","0.0","0.0","0.0","-46.6317212683","-23.9215992228"
"9","2017-02-20","0.0","0.0","0.0","0.0","-46.6317212683","-23.9215992228"
"9","2017-02-21","","","","-1.0","-46.6317212683","-23.9215992228"
"9","2017-02-22","0.0","0.19","0.0","-288.0","-46.6317212683","-23.9215992228"
"9","2017-02-23","0.0","58.52","7.86","-288.0","-46.6317212683","-23.9215992228"
"9","2017-02-24","3.35","140.08","29.04","-288.0","-46.6317212683","-23.9215992228"
"9","2017-02-25","0.12","4.13","1.03","-288.0","-46.6317212683","-23.9215992228"
"9","2017-02-26","3.88","64.17","25.9","-288.0","-46.6317212683","-23.9215992228"
"9","2017-02-27","0.0","25.33","2.03","-288.0","-46.6317212683","-23.9215992228"
"9","2017-02-28","0.0","18.63","3.28","-288.0","-46.6317212683","-23.9215992228"
"9","2017-03-01","0.0","7.93","0.83","-288.0","-46.6317212683","-23.9215992228"
"9","2017-03-02","0.99","69.42","13.88","-288.0","-46.6317212683","-23.9215992228"
"9","2017-03-03","0.09","36.06","5.01","-288.0","-46.6317212683","-23.9215992228"
"9","2017-03-04","0.0","2.37","0.06","-288.0","-46.6317212683","-23.9215992228"
"9","2017-03-05","5.09","129.95","37.89","-288.0","-46.6317212683","-23.9215992228"
"9","2017-03-06","1.97","108.9","21.48","-288.0","-46.6317212683","-23.9215992228"
"9","2017-03-07","4.79","116.42","35.72","-288.0","-46.6317212683","-23.9215992228"
"9","2017-03-08","5.02","79.4","25.39","-288.0","-46.6317212683","-23.9215992228"
"9","2017-03-09","0.0","0.0","0.0","-288.0","-46.6317212683","-23.9215992228"
"9","2017-03-10","0.0","0.41","0.0","-288.0","-46.6317212683","-23.9215992228"
"9","2017-03-11","0.0","0.24","0.0","-288.0","-46.6317212683","-23.9215992228"
"9","2017-03-12","0.0","0.12","0.0","-288.0","-46.6317212683","-23.9215992228"
"9","2017-03-13","0.0","3.54","0.15","-288.0","-46.6317212683","-23.9215992228"
"9","2017-03-14","0.0","0.16","0.0","-288.0","-46.6317212683","-23.9215992228"
"9","2017-03-15","0.03","14.04","2.81","-288.0","-46.6317212683","-23.9215992228"
"9","2017-03-16","0.0","0.68","0.02","-288.0","-46.6317212683","-23.9215992228"
"9","2017-03-17","0.01","8.91","0.7","-288.0","-46.6317212683","-23.9215992228"
"9","2017-03-18","0.6","10.48","3.28","-288.0","-46.6317212683","-23.9215992228"
"9","2017-03-19","1.03","16.43","5.1","-288.0","-46.6317212683","-23.9215992228"
"9","2017-03-20","0.0","0.31","0.01","-287.0","-46.6317212683","-23.9215992228"
"9","2017-03-21","0.0","0.0","0.0","0.0","-46.6317212683","-23.9215992228"
"9","2017-03-22","0.0","0.0","0.0","0.0","-46.6317212683","-23.9215992228"
"9","2017-03-23","","","","-1.0","-46.6317212683","-23.9215992228"
"9","2017-03-24","0.0","0.0","0.0","-288.0","-46.6317212683","-23.9215992228"
"9","2017-03-25","0.0","1.55","0.23","-287.0","-46.6317212683","-23.9215992228"
"9","2017-03-26","","","","-1.0","-46.6317212683","-23.9215992228"
"9","2017-03-27","0.13","7.21","1.79","-288.0","-46.6317212683","-23.9215992228"
"9","2017-03-28","0.04","24.59","3.85","-288.0","-46.6317212683","-23.9215992228"
"9","2017-03-29","0.0","3.44","0.36","-287.0","-46.6317212683","-23.9215992228"
"9","2017-03-30","0.0","0.0","0.0","0.0","-46.6317212683","-23.9215992228"
"9","2017-03-31","0.0","0.0","0.0","0.0","-46.6317212683","-23.9215992228"
"9","2017-04-01","0.0","0.0","0.0","0.0","-46.6317212683","-23.9215992228"
"9","2017-04-02","0.0","0.0","0.0","0.0","-46.6317212683","-23.9215992228"
"9","2017-04-03","0.0","0.0","0.0","0.0","-46.6317212683","-23.9215992228"
"9","2017-04-04","","","","-1.0","-46.6317212683","-23.9215992228"
"9","2017-04-05","0.0","0.0","0.0","-288.0","-46.6317212683","-23.9215992228"
"9","2017-04-06","4.29","101.19","34.38","-288.0","-46.6317212683","-23.9215992228"
"9","2017-04-07","2.04","44.0","11.31","-288.0","-46.6317212683","-23.9215992228"
"9","2017-04-08","0.0","3.11","0.3","-287.0","-46.6317212683","-23.9215992228"
"9","2017-04-09","","","","-1.0","-46.6317212683","-23.9215992228"
"9","2017-04-10","0.0","0.57","0.01","-288.0","-46.6317212683","-23.9215992228"
"9","2017-04-11","0.0","0.08","0.0","-288.0","-46.6317212683","-23.9215992228"
"9","2017-04-12","1.15","60.0","13.74","-287.0","-46.6317212683","-23.9215992228"
"9","2017-04-13","0.0","0.0","0.0","0.0","-46.6317212683","-23.9215992228"
"9","2017-04-14","0.0","0.0","0.0","0.0","-46.6317212683","-23.9215992228"
"9","2017-04-15","0.0","0.0","0.0","0.0","-46.6317212683","-23.9215992228"
"9","2017-04-16","","","","-1.0","-46.6317212683","-23.9215992228"
"9","2017-04-17","0.16","8.76","2.35","-287.0","-46.6317212683","-23.9215992228"
"9","2017-04-18","0.0","0.0","0.0","0.0","-46.6317212683","-23.9215992228"
"9","2017-04-19","0.0","0.0","0.0","0.0","-46.6317212683","-23.9215992228"
"9","2017-04-20","","","","-1.0","-46.6317212683","-23.9215992228"
"9","2017-04-21","3.71","43.77","11.54","-288.0","-46.6317212683","-23.9215992228"
"9","2017-04-22","1.1","10.41","3.9","-287.0","-46.6317212683","-23.9215992228"
"9","2017-04-23","0.0","0.0","0.0","0.0","-46.6317212683","-23.9215992228"
"9","2017-04-24","0.0","0.0","0.0","0.0","-46.6317212683","-23.9215992228"
"9","2017-04-25","","","","-1.0","-46.6317212683","-23.9215992228"
"9","2017-04-26","5.59","58.13","20.06","-288.0","-46.6317212683","-23.9215992228"
"9","2017-04-27","0.14","4.06","1.04","-287.0","-46.6317212683","-23.9215992228"
"9","2017-04-28","0.0","0.0","0.0","0.0","-46.6317212683","-23.9215992228"
"9","2017-04-29","0.0","0.0","0.0","0.0","-46.6317212683","-23.9215992228"
"9","2017-04-30","0.0","0.0","0.0","0.0","-46.6317212683","-23.9215992228"
"9","2017-05-01","","","","-1.0","-46.6317212683","-23.9215992228"
"9","2017-05-02","0.0","0.0","0.0","-287.0","-46.6317212683","-23.9215992228"
"9","2017-05-03","0.0","0.0","0.0","0.0","-46.6317212683","-23.9215992228"
"9","2017-05-04","","","","-1.0","-46.6317212683","-23.9215992228"
"9","2017-05-05","1.74","39.72","10.47","-288.0","-46.6317212683","-23.9215992228"
"9","2017-05-06","1.0","70.25","12.95","-288.0","-46.6317212683","-23.9215992228"
"9","2017-05-07","0.0","19.57","2.42","-287.0","-46.6317212683","-23.9215992228"
"9","2017-05-08","0.0","0.0","0.0","0.0","-46.6317212683","-23.9215992228"
"9","2017-05-09","0.0","0.0","0.0","0.0","-46.6317212683","-23.9215992228"
"9","2017-05-10","0.0","0.0","0.0","0.0","-46.6317212683","-23.9215992228"
"9","2017-05-11","0.0","0.0","0.0","0.0","-46.6317212683","-23.9215992228"
"9","2017-05-12","0.0","0.0","0.0","0.0","-46.6317212683","-23.9215992228"
"9","2017-05-13","","","","-1.0","-46.6317212683","-23.9215992228"
"9","2017-05-14","0.08","3.46","0.87","-287.0","-46.6317212683","-23.9215992228"
"9","2017-05-15","0.0","0.0","0.0","0.0","-46.6317212683","-23.9215992228"
"9","2017-05-16","0.0","0.0","0.0","0.0","-46.6317212683","-23.9215992228"
"9","2017-05-17","","","","-1.0","-46.6317212683","-23.9215992228"
"9","2017-05-18","0.32","5.93","1.92","-288.0","-46.6317212683","-23.9215992228"
"9","2017-05-19","11.75","118.26","38.22","-288.0","-46.6317212683","-23.9215992228"
"9","2017-05-20","0.0","0.08","0.0","-288.0","-46.6317212683","-23.9215992228"
"9","2017-05-21","5.96","59.53","20.42","-288.0","-46.6317212683","-23.9215992228"
"9","2017-05-22","1.56","27.37","7.38","-287.0","-46.6317212683","-23.9215992228"
"9","2017-05-23","0.0","0.0","0.0","0.0","-46.6317212683","-23.9215992228"
"9","2017-05-24","0.0","0.0","0.0","0.0","-46.6317212683","-23.9215992228"
"9","2017-05-25","0.0","0.0","0.0","0.0","-46.6317212683","-23.9215992228"
"9","2017-05-26","0.0","0.0","0.0","0.0","-46.6317212683","-23.9215992228"
"9","2017-05-27","0.0","0.0","0.0","0.0","-46.6317212683","-23.9215992228"
"9","2017-05-28","0.0","0.0","0.0","0.0","-46.6317212683","-23.9215992228"
"9","2017-05-29","0.0","0.0","0.0","0.0","-46.6317212683","-23.9215992228"
"9","2017-05-30","0.0","0.0","0.0","0.0","-46.6317212683","-23.9215992228"
"9","2017-05-31","0.0","0.0","0.0","0.0","-46.6317212683","-23.9215992228"
"9","2017-06-01","0.0","0.0","0.0","0.0","-46.6317212683","-23.9215992228"
"9","2017-06-02","0.0","0.0","0.0","0.0","-46.6317212683","-23.9215992228"
"9","2017-06-03","0.0","0.0","0.0","0.0","-46.6317212683","-23.9215992228"
"9","2017-06-04","","","","-1.0","-46.6317212683","-23.9215992228"
"9","2017-06-05","13.51","130.44","48.17","-288.0","-46.6317212683","-23.9215992228"
"9","2017-06-06","10.1","144.73","43.09","-288.0","-46.6317212683","-23.9215992228"
"9","2017-06-07","2.17","25.87","7.64","-287.0","-46.6317212683","-23.9215992228"
"9","2017-06-08","","","","-1.0","-46.6317212683","-23.9215992228"
"9","2017-06-09","0.1","4.04","0.82","-288.0","-46.6317212683","-23.9215992228"
"9","2017-06-10","0.0","0.0","0.0","-287.0","-46.6317212683","-23.9215992228"
"9","2017-06-11","","","","-1.0","-46.6317212683","-23.9215992228"
"9","2017-06-12","0.0","0.02","0.0","-288.0","-46.6317212683","-23.9215992228"
"9","2017-06-13","4.51","88.26","24.77","-288.0","-46.6317212683","-23.9215992228"
"9","2017-06-14","0.41","9.32","2.26","-287.0","-46.6317212683","-23.9215992228"
"10","2016-10-31","","","","-1.0","-46.7764732824","-23.8650624076"
"10","2016-11-01","0.0","0.02","0.0","-288.0","-46.7764732824","-23.8650624076"
"10","2016-11-02","0.28","5.64","1.8","-288.0","-46.7764732824","-23.8650624076"
"10","2016-11-03","1.85","32.67","10.39","-288.0","-46.7764732824","-23.8650624076"
"10","2016-11-04","0.05","0.5","0.21","-288.0","-46.7764732824","-23.8650624076"
"10","2016-11-05","0.0","0.0","0.0","-288.0","-46.7764732824","-23.8650624076"
"10","2016-11-06","0.0","0.34","0.04","-288.0","-46.7764732824","-23.8650624076"
"10","2016-11-07","0.0","0.4","0.12","-288.0","-46.7764732824","-23.8650624076"
"10","2016-11-08","0.0","0.08","0.01","-288.0","-46.7764732824","-23.8650624076"
"10","2016-11-09","7.27","70.05","29.5","-288.0","-46.7764732824","-23.8650624076"
"10","2016-11-10","2.56","22.53","8.94","-288.0","-46.7764732824","-23.8650624076"
"10","2016-11-11","2.17","39.59","17.21","-288.0","-46.7764732824","-23.8650624076"
"10","2016-11-12","0.0","0.11","0.04","-288.0","-46.7764732824","-23.8650624076"
"10","2016-11-13","6.15","30.38","15.5","-288.0","-46.7764732824","-23.8650624076"
"10","2016-11-14","6.42","22.92","13.34","-287.0","-46.7764732824","-23.8650624076"
"10","2016-11-15","","","","-1.0","-46.7764732824","-23.8650624076"
"10","2016-11-16","2.67","26.45","10.24","-288.0","-46.7764732824","-23.8650624076"
"10","2016-11-17","0.18","3.67","1.01","-288.0","-46.7764732824","-23.8650624076"
"10","2016-11-18","0.04","1.67","0.48","-287.0","-46.7764732824","-23.8650624076"
"10","2016-11-19","0.0","0.0","0.0","0.0","-46.7764732824","-23.8650624076"
"10","2016-11-20","0.0","0.0","0.0","0.0","-46.7764732824","-23.8650624076"
"10","2016-11-21","0.0","0.0","0.0","0.0","-46.7764732824","-23.8650624076"
"10","2016-11-22","","","","-1.0","-46.7764732824","-23.8650624076"
"10","2016-11-23","0.51","20.57","6.83","-288.0","-46.7764732824","-23.8650624076"
"10","2016-11-24","0.0","0.0","0.0","-287.0","-46.7764732824","-23.8650624076"
"10","2016-11-25","0.0","0.0","0.0","0.0","-46.7764732824","-23.8650624076"
"10","2016-11-26","","","","-1.0","-46.7764732824","-23.8650624076"
"10","2016-11-27","0.24","18.34","5.99","-288.0","-46.7764732824","-23.8650624076"
"10","2016-11-28","0.97","5.84","2.69","-288.0","-46.7764732824","-23.8650624076"
"10","2016-11-29","1.96","24.14","8.03","-288.0","-46.7764732824","-23.8650624076"
"10","2016-11-30","0.0","0.15","0.0","-287.0","-46.7764732824","-23.8650624076"
"10","2016-12-01","0.0","0.0","0.0","0.0","-46.7764732824","-23.8650624076"
"10","2016-12-02","","","","-1.0","-46.7764732824","-23.8650624076"
"10","2016-12-03","3.29","29.05","11.7","-288.0","-46.7764732824","-23.8650624076"
"10","2016-12-04","0.26","7.02","2.68","-288.0","-46.7764732824","-23.8650624076"
"10","2016-12-05","0.0","0.0","0.0","-287.0","-46.7764732824","-23.8650624076"
"10","2016-12-06","","","","-1.0","-46.7764732824","-23.8650624076"
"10","2016-12-07","0.57","36.18","11.31","-288.0","-46.7764732824","-23.8650624076"
"10","2016-12-08","0.09","23.88","6.36","-288.0","-46.7764732824","-23.8650624076"
"10","2016-12-09","0.23","26.32","7.47","-288.0","-46.7764732824","-23.8650624076"
"10","2016-12-10","3.13","24.66","9.36","-288.0","-46.7764732824","-23.8650624076"
"10","2016-12-11","4.1","37.24","17.2","-288.0","-46.7764732824","-23.8650624076"
"10","2016-12-12","4.23","44.68","16.85","-288.0","-46.7764732824","-23.8650624076"
"10","2016-12-13","0.0","0.47","0.05","-288.0","-46.7764732824","-23.8650624076"
"10","2016-12-14","0.0","0.0","0.0","-288.0","-46.7764732824","-23.8650624076"
"10","2016-12-15","0.0","0.0","0.0","-287.0","-46.7764732824","-23.8650624076"
"10","2016-12-16","0.0","0.0","0.0","0.0","-46.7764732824","-23.8650624076"
"10","2016-12-17","","","","-1.0","-46.7764732824","-23.8650624076"
"10","2016-12-18","0.0","0.03","0.0","-288.0","-46.7764732824","-23.8650624076"
"10","2016-12-19","1.08","22.26","5.48","-288.0","-46.7764732824","-23.8650624076"
"10","2016-12-20","0.16","16.03","5.74","-288.0","-46.7764732824","-23.8650624076"
"10","2016-12-21","0.96","58.28","23.15","-288.0","-46.7764732824","-23.8650624076"
"10","2016-12-22","0.0","0.0","0.0","-288.0","-46.7764732824","-23.8650624076"
"10","2016-12-23","0.15","8.93","2.24","-288.0","-46.7764732824","-23.8650624076"
"10","2016-12-24","0.0","5.98","1.55","-288.0","-46.7764732824","-23.8650624076"
"10","2016-12-25","0.0","0.0","0.0","-288.0","-46.7764732824","-23.8650624076"
"10","2016-12-26","0.0","0.0","0.0","-288.0","-46.7764732824","-23.8650624076"
"10","2016-12-27","0.09","4.04","1.19","-288.0","-46.7764732824","-23.8650624076"
"10","2016-12-28","0.0","0.08","0.0","-288.0","-46.7764732824","-23.8650624076"
"10","2016-12-29","0.06","6.66","1.58","-288.0","-46.7764732824","-23.8650624076"
"10","2016-12-30","0.0","0.03","0.0","-288.0","-46.7764732824","-23.8650624076"
"10","2016-12-31","0.0","0.12","0.02","-287.0","-46.7764732824","-23.8650624076"
"10","2017-01-01","","","","-1.0","-46.7764732824","-23.8650624076"
"10","2017-01-02","2.31","69.76","24.74","-288.0","-46.7764732824","-23.8650624076"
"10","2017-01-03","0.09","5.44","1.21","-288.0","-46.7764732824","-23.8650624076"
"10","2017-01-04","0.0","0.23","0.0","-288.0","-46.7764732824","-23.8650624076"
"10","2017-01-05","0.0","0.68","0.14","-288.0","-46.7764732824","-23.8650624076"
"10","2017-01-06","1.07","35.94","8.47","-288.0","-46.7764732824","-23.8650624076"
"10","2017-01-07","0.62","4.38","1.96","-288.0","-46.7764732824","-23.8650624076"
"10","2017-01-08","2.75","47.73","23.83","-288.0","-46.7764732824","-23.8650624076"
"10","2017-01-09","0.34","5.45","1.8","-288.0","-46.7764732824","-23.8650624076"
"10","2017-01-10","0.19","2.74","0.97","-288.0","-46.7764732824","-23.8650624076"
"10","2017-01-11","2.33","43.14","14.68","-288.0","-46.7764732824","-23.8650624076"
"10","2017-01-12","3.41","40.15","13.74","-288.0","-46.7764732824","-23.8650624076"
"10","2017-01-13","0.0","0.07","0.0","-288.0","-46.7764732824","-23.8650624076"
"10","2017-01-14","0.0","0.0","0.0","-288.0","-46.7764732824","-23.8650624076"
"10","2017-01-15","0.0","6.68","0.78","-288.0","-46.7764732824","-23.8650624076"
"10","2017-01-16","4.48","37.91","12.67","-288.0","-46.7764732824","-23.8650624076"
"10","2017-01-17","8.61","48.88","22.25","-288.0","-46.7764732824","-23.8650624076"
"10","2017-01-18","13.49","70.99","33.73","-288.0","-46.7764732824","-23.8650624076"
"10","2017-01-19","8.37","63.02","27.5","-288.0","-46.7764732824","-23.8650624076"
"10","2017-01-20","2.12","17.1","7.9","-288.0","-46.7764732824","-23.8650624076"
"10","2017-01-21","2.78","28.88","10.98","-288.0","-46.7764732824","-23.8650624076"
"10","2017-01-22","0.9","13.31","5.01","-288.0","-46.7764732824","-23.8650624076"
"10","2017-01-23","0.24","2.48","0.77","-288.0","-46.7764732824","-23.8650624076"
"10","2017-01-24","1.41","47.6","13.65","-288.0","-46.7764732824","-23.8650624076"
"10","2017-01-25","0.01","0.56","0.17","-288.0","-46.7764732824","-23.8650624076"
"10","2017-01-26","5.36","29.29","14.51","-288.0","-46.7764732824","-23.8650624076"
"10","2017-01-27","3.21","33.85","13.01","-288.0","-46.7764732824","-23.8650624076"
"10","2017-01-28","0.07","3.31","0.83","-288.0","-46.7764732824","-23.8650624076"
"10","2017-01-29","0.0","0.52","0.13","-288.0","-46.7764732824","-23.8650624076"
"10","2017-01-30","0.0","0.21","0.0","-288.0","-46.7764732824","-23.8650624076"
"10","2017-01-31","0.06","0.93","0.33","-288.0","-46.7764732824","-23.8650624076"
"10","2017-02-01","2.91","29.25","10.69","-288.0","-46.7764732824","-23.8650624076"
"10","2017-02-02","3.19","25.21","9.91","-288.0","-46.7764732824","-23.8650624076"
"10","2017-02-03","1.06","26.05","6.66","-288.0","-46.7764732824","-23.8650624076"
"10","2017-02-04","0.51","6.86","2.26","-288.0","-46.7764732824","-23.8650624076"
"10","2017-02-05","0.0","10.57","3.21","-288.0","-46.7764732824","-23.8650624076"
"10","2017-02-06","3.23","34.26","12.51","-288.0","-46.7764732824","-23.8650624076"
"10","2017-02-07","0.12","10.76","2.07","-288.0","-46.7764732824","-23.8650624076"
"10","2017-02-08","0.0","0.09","0.01","-287.0","-46.7764732824","-23.8650624076"
"10","2017-02-09","0.0","0.0","0.0","0.0","-46.7764732824","-23.8650624076"
"10","2017-02-10","0.0","0.0","0.0","0.0","-46.7764732824","-23.8650624076"
"10","2017-02-11","0.0","0.0","0.0","0.0","-46.7764732824","-23.8650624076"
"10","2017-02-12","0.0","0.0","0.0","0.0","-46.7764732824","-23.8650624076"
"10","2017-02-13","0.0","0.0","0.0","0.0","-46.7764732824","-23.8650624076"
"10","2017-02-14","0.0","0.0","0.0","0.0","-46.7764732824","-23.8650624076"
"10","2017-02-15","0.0","0.0","0.0","0.0","-46.7764732824","-23.8650624076"
"10","2017-02-16","","","","-1.0","-46.7764732824","-23.8650624076"
"10","2017-02-17","0.0","0.01","0.0","-288.0","-46.7764732824","-23.8650624076"
"10","2017-02-18","0.0","0.0","0.0","-287.0","-46.7764732824","-23.8650624076"
"10","2017-02-19","0.0","0.0","0.0","0.0","-46.7764732824","-23.8650624076"
"10","2017-02-20","0.0","0.0","0.0","0.0","-46.7764732824","-23.8650624076"
"10","2017-02-21","","","","-1.0","-46.7764732824","-23.8650624076"
"10","2017-02-22","0.0","6.25","2.03","-288.0","-46.7764732824","-23.8650624076"
"10","2017-02-23","0.02","22.54","7.01","-288.0","-46.7764732824","-23.8650624076"
"10","2017-02-24","11.04","129.66","55.31","-288.0","-46.7764732824","-23.8650624076"
"10","2017-02-25","1.62","12.1","5.08","-288.0","-46.7764732824","-23.8650624076"
"10","2017-02-26","0.01","3.93","0.85","-288.0","-46.7764732824","-23.8650624076"
"10","2017-02-27","0.08","9.15","2.51","-288.0","-46.7764732824","-23.8650624076"
"10","2017-02-28","0.0","0.19","0.01","-288.0","-46.7764732824","-23.8650624076"
"10","2017-03-01","0.0","0.29","0.1","-288.0","-46.7764732824","-23.8650624076"
"10","2017-03-02","0.49","32.94","7.58","-288.0","-46.7764732824","-23.8650624076"
"10","2017-03-03","0.29","6.14","1.87","-288.0","-46.7764732824","-23.8650624076"
"10","2017-03-04","0.0","0.04","0.0","-288.0","-46.7764732824","-23.8650624076"
"10","2017-03-05","2.17","46.58","11.89","-288.0","-46.7764732824","-23.8650624076"
"10","2017-03-06","0.69","24.65","9.71","-288.0","-46.7764732824","-23.8650624076"
"10","2017-03-07","5.82","48.44","19.58","-288.0","-46.7764732824","-23.8650624076"
"10","2017-03-08","5.13","19.66","10.27","-288.0","-46.7764732824","-23.8650624076"
"10","2017-03-09","0.0","0.0","0.0","-288.0","-46.7764732824","-23.8650624076"
"10","2017-03-10","0.22","20.45","6.03","-288.0","-46.7764732824","-23.8650624076"
"10","2017-03-11","0.0","0.0","0.0","-288.0","-46.7764732824","-23.8650624076"
"10","2017-03-12","0.0","0.05","0.0","-288.0","-46.7764732824","-23.8650624076"
"10","2017-03-13","0.0","0.0","0.0","-288.0","-46.7764732824","-23.8650624076"
"10","2017-03-14","0.0","0.02","0.0","-288.0","-46.7764732824","-23.8650624076"
"10","2017-03-15","0.07","3.84","1.16","-288.0","-46.7764732824","-23.8650624076"
"10","2017-03-16","0.0","0.0","0.0","-288.0","-46.7764732824","-23.8650624076"
"10","2017-03-17","0.57","4.45","1.82","-288.0","-46.7764732824","-23.8650624076"
"10","2017-03-18","1.72","12.24","4.79","-288.0","-46.7764732824","-23.8650624076"
"10","2017-03-19","2.82","17.44","7.98","-288.0","-46.7764732824","-23.8650624076"
"10","2017-03-20","0.0","0.05","0.0","-287.0","-46.7764732824","-23.8650624076"
"10","2017-03-21","0.0","0.0","0.0","0.0","-46.7764732824","-23.8650624076"
"10","2017-03-22","0.0","0.0","0.0","0.0","-46.7764732824","-23.8650624076"
"10","2017-03-23","","","","-1.0","-46.7764732824","-23.8650624076"
"10","2017-03-24","0.0","0.0","0.0","-288.0","-46.7764732824","-23.8650624076"
"10","2017-03-25","0.06","1.95","0.53","-287.0","-46.7764732824","-23.8650624076"
"10","2017-03-26","","","","-1.0","-46.7764732824","-23.8650624076"
"10","2017-03-27","0.3","4.3","1.59","-288.0","-46.7764732824","-23.8650624076"
"10","2017-03-28","0.15","5.79","1.61","-288.0","-46.7764732824","-23.8650624076"
"10","2017-03-29","0.01","0.18","0.06","-287.0","-46.7764732824","-23.8650624076"
"10","2017-03-30","0.0","0.0","0.0","0.0","-46.7764732824","-23.8650624076"
"10","2017-03-31","0.0","0.0","0.0","0.0","-46.7764732824","-23.8650624076"
"10","2017-04-01","0.0","0.0","0.0","0.0","-46.7764732824","-23.8650624076"
"10","2017-04-02","0.0","0.0","0.0","0.0","-46.7764732824","-23.8650624076"
"10","2017-04-03","0.0","0.0","0.0","0.0","-46.7764732824","-23.8650624076"
"10","2017-04-04","","","","-1.0","-46.7764732824","-23.8650624076"
"10","2017-04-05","0.0","0.0","0.0","-288.0","-46.7764732824","-23.8650624076"
"10","2017-04-06","5.66","106.35","44.13","-288.0","-46.7764732824","-23.8650624076"
"10","2017-04-07","5.05","27.94","13.74","-288.0","-46.7764732824","-23.8650624076"
"10","2017-04-08","0.0","3.09","0.55","-287.0","-46.7764732824","-23.8650624076"
"10","2017-04-09","","","","-1.0","-46.7764732824","-23.8650624076"
"10","2017-04-10","0.0","0.0","0.0","-288.0","-46.7764732824","-23.8650624076"
"10","2017-04-11","0.0","0.09","0.0","-288.0","-46.7764732824","-23.8650624076"
"10","2017-04-12","1.35","16.66","5.57","-287.0","-46.7764732824","-23.8650624076"
"10","2017-04-13","0.0","0.0","0.0","0.0","-46.7764732824","-23.8650624076"
"10","2017-04-14","0.0","0.0","0.0","0.0","-46.7764732824","-23.8650624076"
"10","2017-04-15","0.0","0.0","0.0","0.0","-46.7764732824","-23.8650624076"
"10","2017-04-16","","","","-1.0","-46.7764732824","-23.8650624076"
"10","2017-04-17","0.0","0.08","0.0","-287.0","-46.7764732824","-23.8650624076"
"10","2017-04-18","0.0","0.0","0.0","0.0","-46.7764732824","-23.8650624076"
"10","2017-04-19","0.0","0.0","0.0","0.0","-46.7764732824","-23.8650624076"
"10","2017-04-20","","","","-1.0","-46.7764732824","-23.8650624076"
"10","2017-04-21","6.17","40.31","20.29","-288.0","-46.7764732824","-23.8650624076"
"10","2017-04-22","1.0","4.62","2.56","-287.0","-46.7764732824","-23.8650624076"
"10","2017-04-23","0.0","0.0","0.0","0.0","-46.7764732824","-23.8650624076"
"10","2017-04-24","0.0","0.0","0.0","0.0","-46.7764732824","-23.8650624076"
"10","2017-04-25","","","","-1.0","-46.7764732824","-23.8650624076"
"10","2017-04-26","7.53","44.36","21.97","-288.0","-46.7764732824","-23.8650624076"
"10","2017-04-27","0.2","1.85","0.77","-287.0","-46.7764732824","-23.8650624076"
"10","2017-04-28","0.0","0.0","0.0","0.0","-46.7764732824","-23.8650624076"
"10","2017-04-29","0.0","0.0","0.0","0.0","-46.7764732824","-23.8650624076"
"10","2017-04-30","0.0","0.0","0.0","0.0","-46.7764732824","-23.8650624076"
"10","2017-05-01","","","","-1.0","-46.7764732824","-23.8650624076"
"10","2017-05-02","0.0","0.0","0.0","-287.0","-46.7764732824","-23.8650624076"
"10","2017-05-03","0.0","0.0","0.0","0.0","-46.7764732824","-23.8650624076"
"10","2017-05-04","","","","-1.0","-46.7764732824","-23.8650624076"
"10","2017-05-05","8.85","63.32","29.24","-288.0","-46.7764732824","-23.8650624076"
"10","2017-05-06","0.76","18.54","6.1","-288.0","-46.7764732824","-23.8650624076"
"10","2017-05-07","0.0","0.6","0.11","-287.0","-46.7764732824","-23.8650624076"
"10","2017-05-08","0.0","0.0","0.0","0.0","-46.7764732824","-23.8650624076"
"10","2017-05-09","0.0","0.0","0.0","0.0","-46.7764732824","-23.8650624076"
"10","2017-05-10","0.0","0.0","0.0","0.0","-46.7764732824","-23.8650624076"
"10","2017-05-11","0.0","0.0","0.0","0.0","-46.7764732824","-23.8650624076"
"10","2017-05-12","0.0","0.0","0.0","0.0","-46.7764732824","-23.8650624076"
"10","2017-05-13","","","","-1.0","-46.7764732824","-23.8650624076"
"10","2017-05-14","0.07","1.63","0.71","-287.0","-46.7764732824","-23.8650624076"
"10","2017-05-15","0.0","0.0","0.0","0.0","-46.7764732824","-23.8650624076"
"10","2017-05-16","0.0","0.0","0.0","0.0","-46.7764732824","-23.8650624076"
"10","2017-05-17","","","","-1.0","-46.7764732824","-23.8650624076"
"10","2017-05-18","0.84","5.52","2.7","-288.0","-46.7764732824","-23.8650624076"
"10","2017-05-19","16.36","88.51","41.77","-288.0","-46.7764732824","-23.8650624076"
"10","2017-05-20","0.0","0.14","0.06","-288.0","-46.7764732824","-23.8650624076"
"10","2017-05-21","11.12","57.87","27.33","-288.0","-46.7764732824","-23.8650624076"
"10","2017-05-22","1.86","11.66","5.11","-287.0","-46.7764732824","-23.8650624076"
"10","2017-05-23","0.0","0.0","0.0","0.0","-46.7764732824","-23.8650624076"
"10","2017-05-24","0.0","0.0","0.0","0.0","-46.7764732824","-23.8650624076"
"10","2017-05-25","0.0","0.0","0.0","0.0","-46.7764732824","-23.8650624076"
"10","2017-05-26","0.0","0.0","0.0","0.0","-46.7764732824","-23.8650624076"
"10","2017-05-27","0.0","0.0","0.0","0.0","-46.7764732824","-23.8650624076"
"10","2017-05-28","0.0","0.0","0.0","0.0","-46.7764732824","-23.8650624076"
"10","2017-05-29","0.0","0.0","0.0","0.0","-46.7764732824","-23.8650624076"
"10","2017-05-30","0.0","0.0","0.0","0.0","-46.7764732824","-23.8650624076"
"10","2017-05-31","0.0","0.0","0.0","0.0","-46.7764732824","-23.8650624076"
"10","2017-06-01","0.0","0.0","0.0","0.0","-46.7764732824","-23.8650624076"
"10","2017-06-02","0.0","0.0","0.0","0.0","-46.7764732824","-23.8650624076"
"10","2017-06-03","0.0","0.0","0.0","0.0","-46.7764732824","-23.8650624076"
"10","2017-06-04","","","","-1.0","-46.7764732824","-23.8650624076"
"10","2017-06-05","24.88","122.55","61.06","-288.0","-46.7764732824","-23.8650624076"
"10","2017-06-06","12.38","85.04","37.91","-288.0","-46.7764732824","-23.8650624076"
"10","2017-06-07","3.35","18.23","9.23","-287.0","-46.7764732824","-23.8650624076"
"10","2017-06-08","","","","-1.0","-46.7764732824","-23.8650624076"
"10","2017-06-09","0.21","2.89","1.2","-288.0","-46.7764732824","-23.8650624076"
"10","2017-06-10","0.0","0.0","0.0","-287.0","-46.7764732824","-23.8650624076"
"10","2017-06-11","","","","-1.0","-46.7764732824","-23.8650624076"
"10","2017-06-12","0.0","0.0","0.0","-288.0","-46.7764732824","-23.8650624076"
"10","2017-06-13","10.29","82.99","35.96","-288.0","-46.7764732824","-23.8650624076"
"10","2017-06-14","0.27","2.28","1.0","-287.0","-46.7764732824","-23.8650624076"
"11","2016-10-31","","","","-1.0","-46.7307186325","-23.8601304964"
"11","2016-11-01","0.0","0.65","0.01","-288.0","-46.7307186325","-23.8601304964"
"11","2016-11-02","0.04","5.11","0.94","-288.0","-46.7307186325","-23.8601304964"
"11","2016-11-03","0.93","51.3","7.85","-288.0","-46.7307186325","-23.8601304964"
"11","2016-11-04","0.0","1.05","0.2","-288.0","-46.7307186325","-23.8601304964"
"11","2016-11-05","0.0","0.0","0.0","-288.0","-46.7307186325","-23.8601304964"
"11","2016-11-06","0.0","1.04","0.02","-288.0","-46.7307186325","-23.8601304964"
"11","2016-11-07","0.0","5.6","0.21","-288.0","-46.7307186325","-23.8601304964"
"11","2016-11-08","0.0","0.23","0.0","-288.0","-46.7307186325","-23.8601304964"
"11","2016-11-09","4.12","131.82","34.75","-288.0","-46.7307186325","-23.8601304964"
"11","2016-11-10","1.5","30.26","8.05","-288.0","-46.7307186325","-23.8601304964"
"11","2016-11-11","0.53","56.77","16.73","-288.0","-46.7307186325","-23.8601304964"
"11","2016-11-12","0.0","0.16","0.04","-288.0","-46.7307186325","-23.8601304964"
"11","2016-11-13","5.08","45.42","16.64","-288.0","-46.7307186325","-23.8601304964"
"11","2016-11-14","4.62","34.74","13.76","-287.0","-46.7307186325","-23.8601304964"
"11","2016-11-15","","","","-1.0","-46.7307186325","-23.8601304964"
"11","2016-11-16","1.07","39.64","11.69","-288.0","-46.7307186325","-23.8601304964"
"11","2016-11-17","0.01","7.37","0.81","-288.0","-46.7307186325","-23.8601304964"
"11","2016-11-18","0.0","4.27","0.34","-287.0","-46.7307186325","-23.8601304964"
"11","2016-11-19","0.0","0.0","0.0","0.0","-46.7307186325","-23.8601304964"
"11","2016-11-20","0.0","0.0","0.0","0.0","-46.7307186325","-23.8601304964"
"11","2016-11-21","0.0","0.0","0.0","0.0","-46.7307186325","-23.8601304964"
"11","2016-11-22","","","","-1.0","-46.7307186325","-23.8601304964"
"11","2016-11-23","0.47","46.56","8.96","-288.0","-46.7307186325","-23.8601304964"
"11","2016-11-24","0.0","0.0","0.0","-287.0","-46.7307186325","-23.8601304964"
"11","2016-11-25","0.0","0.0","0.0","0.0","-46.7307186325","-23.8601304964"
"11","2016-11-26","","","","-1.0","-46.7307186325","-23.8601304964"
"11","2016-11-27","0.0","20.29","1.42","-288.0","-46.7307186325","-23.8601304964"
"11","2016-11-28","0.33","62.94","9.72","-288.0","-46.7307186325","-23.8601304964"
"11","2016-11-29","1.64","31.97","7.86","-288.0","-46.7307186325","-23.8601304964"
"11","2016-11-30","0.0","0.46","0.03","-287.0","-46.7307186325","-23.8601304964"
"11","2016-12-01","0.0","0.0","0.0","0.0","-46.7307186325","-23.8601304964"
"11","2016-12-02","","","","-1.0","-46.7307186325","-23.8601304964"
"11","2016-12-03","1.76","49.39","10.84","-288.0","-46.7307186325","-23.8601304964"
"11","2016-12-04","0.02","22.21","2.82","-288.0","-46.7307186325","-23.8601304964"
"11","2016-12-05","0.0","0.01","0.0","-287.0","-46.7307186325","-23.8601304964"
"11","2016-12-06","","","","-1.0","-46.7307186325","-23.8601304964"
"11","2016-12-07","0.18","59.87","10.32","-288.0","-46.7307186325","-23.8601304964"
"11","2016-12-08","0.0","21.39","2.48","-288.0","-46.7307186325","-23.8601304964"
"11","2016-12-09","0.15","46.77","9.06","-288.0","-46.7307186325","-23.8601304964"
"11","2016-12-10","1.36","29.38","6.82","-288.0","-46.7307186325","-23.8601304964"
"11","2016-12-11","1.66","47.96","14.35","-288.0","-46.7307186325","-23.8601304964"
"11","2016-12-12","1.59","87.81","16.82","-288.0","-46.7307186325","-23.8601304964"
"11","2016-12-13","0.0","0.87","0.02","-288.0","-46.7307186325","-23.8601304964"
"11","2016-12-14","0.0","0.0","0.0","-288.0","-46.7307186325","-23.8601304964"
"11","2016-12-15","0.0","0.0","0.0","-287.0","-46.7307186325","-23.8601304964"
"11","2016-12-16","0.0","0.0","0.0","0.0","-46.7307186325","-23.8601304964"
"11","2016-12-17","","","","-1.0","-46.7307186325","-23.8601304964"
"11","2016-12-18","0.0","0.2","0.0","-288.0","-46.7307186325","-23.8601304964"
"11","2016-12-19","0.9","76.6","18.53","-288.0","-46.7307186325","-23.8601304964"
"11","2016-12-20","0.09","33.1","5.12","-288.0","-46.7307186325","-23.8601304964"
"11","2016-12-21","1.91","100.88","29.55","-288.0","-46.7307186325","-23.8601304964"
"11","2016-12-22","0.0","0.0","0.0","-288.0","-46.7307186325","-23.8601304964"
"11","2016-12-23","0.1","21.0","2.68","-288.0","-46.7307186325","-23.8601304964"
"11","2016-12-24","0.0","11.82","0.94","-288.0","-46.7307186325","-23.8601304964"
"11","2016-12-25","0.0","0.09","0.0","-288.0","-46.7307186325","-23.8601304964"
"11","2016-12-26","0.0","2.13","0.02","-288.0","-46.7307186325","-23.8601304964"
"11","2016-12-27","0.01","21.31","2.56","-288.0","-46.7307186325","-23.8601304964"
"11","2016-12-28","0.0","1.82","0.01","-288.0","-46.7307186325","-23.8601304964"
"11","2016-12-29","0.0","18.47","1.8","-288.0","-46.7307186325","-23.8601304964"
"11","2016-12-30","0.0","0.14","0.0","-288.0","-46.7307186325","-23.8601304964"
"11","2016-12-31","0.0","0.24","0.0","-287.0","-46.7307186325","-23.8601304964"
"11","2017-01-01","","","","-1.0","-46.7307186325","-23.8601304964"
"11","2017-01-02","0.45","89.64","19.74","-288.0","-46.7307186325","-23.8601304964"
"11","2017-01-03","0.0","10.74","0.71","-288.0","-46.7307186325","-23.8601304964"
"11","2017-01-04","0.0","2.13","0.15","-288.0","-46.7307186325","-23.8601304964"
"11","2017-01-05","0.0","1.03","0.05","-288.0","-46.7307186325","-23.8601304964"
"11","2017-01-06","0.51","55.27","7.67","-288.0","-46.7307186325","-23.8601304964"
"11","2017-01-07","0.28","11.32","1.97","-288.0","-46.7307186325","-23.8601304964"
"11","2017-01-08","0.1","56.52","13.2","-288.0","-46.7307186325","-23.8601304964"
"11","2017-01-09","0.02","15.49","2.01","-288.0","-46.7307186325","-23.8601304964"
"11","2017-01-10","0.02","3.73","0.59","-288.0","-46.7307186325","-23.8601304964"
"11","2017-01-11","0.65","99.18","16.31","-288.0","-46.7307186325","-23.8601304964"
"11","2017-01-12","0.55","46.83","7.39","-288.0","-46.7307186325","-23.8601304964"
"11","2017-01-13","0.0","10.77","0.24","-288.0","-46.7307186325","-23.8601304964"
"11","2017-01-14","0.0","0.01","0.0","-288.0","-46.7307186325","-23.8601304964"
"11","2017-01-15","0.0","21.2","1.41","-288.0","-46.7307186325","-23.8601304964"
"11","2017-01-16","2.8","88.53","17.18","-288.0","-46.7307186325","-23.8601304964"
"11","2017-01-17","5.98","92.63","25.65","-288.0","-46.7307186325","-23.8601304964"
"11","2017-01-18","8.92","115.38","37.05","-288.0","-46.7307186325","-23.8601304964"
"11","2017-01-19","5.08","92.59","25.03","-288.0","-46.7307186325","-23.8601304964"
"11","2017-01-20","1.74","46.22","10.74","-288.0","-46.7307186325","-23.8601304964"
"11","2017-01-21","1.62","76.75","14.62","-288.0","-46.7307186325","-23.8601304964"
"11","2017-01-22","0.59","28.04","6.21","-288.0","-46.7307186325","-23.8601304964"
"11","2017-01-23","0.1","27.83","2.41","-288.0","-46.7307186325","-23.8601304964"
"11","2017-01-24","0.09","67.4","11.69","-288.0","-46.7307186325","-23.8601304964"
"11","2017-01-25","0.0","1.25","0.19","-288.0","-46.7307186325","-23.8601304964"
"11","2017-01-26","2.88","49.5","14.72","-288.0","-46.7307186325","-23.8601304964"
"11","2017-01-27","1.76","59.2","11.79","-288.0","-46.7307186325","-23.8601304964"
"11","2017-01-28","0.0","7.98","0.44","-288.0","-46.7307186325","-23.8601304964"
"11","2017-01-29","0.0","0.24","0.0","-288.0","-46.7307186325","-23.8601304964"
"11","2017-01-30","0.0","0.34","0.0","-288.0","-46.7307186325","-23.8601304964"
"11","2017-01-31","0.0","1.77","0.16","-288.0","-46.7307186325","-23.8601304964"
"11","2017-02-01","2.13","47.94","10.47","-288.0","-46.7307186325","-23.8601304964"
"11","2017-02-02","1.86","37.23","10.0","-288.0","-46.7307186325","-23.8601304964"
"11","2017-02-03","0.37","38.59","7.35","-288.0","-46.7307186325","-23.8601304964"
"11","2017-02-04","0.03","15.83","1.67","-288.0","-46.7307186325","-23.8601304964"
"11","2017-02-05","0.0","54.84","7.03","-288.0","-46.7307186325","-23.8601304964"
"11","2017-02-06","2.0","52.37","10.07","-288.0","-46.7307186325","-23.8601304964"
"11","2017-02-07","0.0","25.48","2.21","-288.0","-46.7307186325","-23.8601304964"
"11","2017-02-08","0.0","0.33","0.0","-287.0","-46.7307186325","-23.8601304964"
"11","2017-02-09","0.0","0.0","0.0","0.0","-46.7307186325","-23.8601304964"
"11","2017-02-10","0.0","0.0","0.0","0.0","-46.7307186325","-23.8601304964"
"11","2017-02-11","0.0","0.0","0.0","0.0","-46.7307186325","-23.8601304964"
"11","2017-02-12","0.0","0.0","0.0","0.0","-46.7307186325","-23.8601304964"
"11","2017-02-13","0.0","0.0","0.0","0.0","-46.7307186325","-23.8601304964"
"11","2017-02-14","0.0","0.0","0.0","0.0","-46.7307186325","-23.8601304964"
"11","2017-02-15","0.0","0.0","0.0","0.0","-46.7307186325","-23.8601304964"
"11","2017-02-16","","","","-1.0","-46.7307186325","-23.8601304964"
"11","2017-02-17","0.0","0.13","0.0","-288.0","-46.7307186325","-23.8601304964"
"11","2017-02-18","0.0","0.09","0.0","-287.0","-46.7307186325","-23.8601304964"
"11","2017-02-19","0.0","0.0","0.0","0.0","-46.7307186325","-23.8601304964"
"11","2017-02-20","0.0","0.0","0.0","0.0","-46.7307186325","-23.8601304964"
"11","2017-02-21","","","","-1.0","-46.7307186325","-23.8601304964"
"11","2017-02-22","0.0","6.2","0.31","-288.0","-46.7307186325","-23.8601304964"
"11","2017-02-23","0.0","93.54","5.61","-288.0","-46.7307186325","-23.8601304964"
"11","2017-02-24","4.09","265.76","51.3","-288.0","-46.7307186325","-23.8601304964"
"11","2017-02-25","0.21","9.81","2.4","-288.0","-46.7307186325","-23.8601304964"
"11","2017-02-26","0.0","31.73","2.25","-288.0","-46.7307186325","-23.8601304964"
"11","2017-02-27","0.05","20.9","2.17","-288.0","-46.7307186325","-23.8601304964"
"11","2017-02-28","0.0","0.54","0.0","-288.0","-46.7307186325","-23.8601304964"
"11","2017-03-01","0.0","0.48","0.04","-288.0","-46.7307186325","-23.8601304964"
"11","2017-03-02","0.37","91.91","14.93","-288.0","-46.7307186325","-23.8601304964"
"11","2017-03-03","0.02","12.5","1.71","-288.0","-46.7307186325","-23.8601304964"
"11","2017-03-04","0.0","0.41","0.02","-288.0","-46.7307186325","-23.8601304964"
"11","2017-03-05","0.81","120.41","20.9","-288.0","-46.7307186325","-23.8601304964"
"11","2017-03-06","0.58","85.16","11.93","-288.0","-46.7307186325","-23.8601304964"
"11","2017-03-07","3.82","123.01","27.73","-288.0","-46.7307186325","-23.8601304964"
"11","2017-03-08","2.96","26.25","9.63","-288.0","-46.7307186325","-23.8601304964"
"11","2017-03-09","0.0","0.0","0.0","-288.0","-46.7307186325","-23.8601304964"
"11","2017-03-10","0.0","15.51","1.31","-288.0","-46.7307186325","-23.8601304964"
"11","2017-03-11","0.0","0.04","0.0","-288.0","-46.7307186325","-23.8601304964"
"11","2017-03-12","0.0","0.18","0.0","-288.0","-46.7307186325","-23.8601304964"
"11","2017-03-13","0.0","0.25","0.0","-288.0","-46.7307186325","-23.8601304964"
"11","2017-03-14","0.0","0.07","0.0","-288.0","-46.7307186325","-23.8601304964"
"11","2017-03-15","0.0","6.01","0.76","-288.0","-46.7307186325","-23.8601304964"
"11","2017-03-16","0.0","0.04","0.0","-288.0","-46.7307186325","-23.8601304964"
"11","2017-03-17","0.12","13.45","2.0","-288.0","-46.7307186325","-23.8601304964"
"11","2017-03-18","0.77","11.74","3.85","-288.0","-46.7307186325","-23.8601304964"
"11","2017-03-19","1.13","22.28","7.09","-288.0","-46.7307186325","-23.8601304964"
"11","2017-03-20","0.0","0.3","0.02","-287.0","-46.7307186325","-23.8601304964"
"11","2017-03-21","0.0","0.0","0.0","0.0","-46.7307186325","-23.8601304964"
"11","2017-03-22","0.0","0.0","0.0","0.0","-46.7307186325","-23.8601304964"
"11","2017-03-23","","","","-1.0","-46.7307186325","-23.8601304964"
"11","2017-03-24","0.0","0.0","0.0","-288.0","-46.7307186325","-23.8601304964"
"11","2017-03-25","0.0","4.24","0.33","-287.0","-46.7307186325","-23.8601304964"
"11","2017-03-26","","","","-1.0","-46.7307186325","-23.8601304964"
"11","2017-03-27","0.04","7.15","1.36","-288.0","-46.7307186325","-23.8601304964"
"11","2017-03-28","0.09","10.18","1.53","-288.0","-46.7307186325","-23.8601304964"
"11","2017-03-29","0.0","1.05","0.09","-287.0","-46.7307186325","-23.8601304964"
"11","2017-03-30","0.0","0.0","0.0","0.0","-46.7307186325","-23.8601304964"
"11","2017-03-31","0.0","0.0","0.0","0.0","-46.7307186325","-23.8601304964"
"11","2017-04-01","0.0","0.0","0.0","0.0","-46.7307186325","-23.8601304964"
"11","2017-04-02","0.0","0.0","0.0","0.0","-46.7307186325","-23.8601304964"
"11","2017-04-03","0.0","0.0","0.0","0.0","-46.7307186325","-23.8601304964"
"11","2017-04-04","","","","-1.0","-46.7307186325","-23.8601304964"
"11","2017-04-05","0.0","0.0","0.0","-288.0","-46.7307186325","-23.8601304964"
"11","2017-04-06","4.06","182.09","48.7","-288.0","-46.7307186325","-23.8601304964"
"11","2017-04-07","2.84","44.59","12.99","-288.0","-46.7307186325","-23.8601304964"
"11","2017-04-08","0.0","5.88","0.42","-287.0","-46.7307186325","-23.8601304964"
"11","2017-04-09","","","","-1.0","-46.7307186325","-23.8601304964"
"11","2017-04-10","0.0","0.11","0.0","-288.0","-46.7307186325","-23.8601304964"
"11","2017-04-11","0.0","0.28","0.0","-288.0","-46.7307186325","-23.8601304964"
"11","2017-04-12","0.53","36.42","6.68","-287.0","-46.7307186325","-23.8601304964"
"11","2017-04-13","0.0","0.0","0.0","0.0","-46.7307186325","-23.8601304964"
"11","2017-04-14","0.0","0.0","0.0","0.0","-46.7307186325","-23.8601304964"
"11","2017-04-15","0.0","0.0","0.0","0.0","-46.7307186325","-23.8601304964"
"11","2017-04-16","","","","-1.0","-46.7307186325","-23.8601304964"
"11","2017-04-17","0.0","0.98","0.01","-287.0","-46.7307186325","-23.8601304964"
"11","2017-04-18","0.0","0.0","0.0","0.0","-46.7307186325","-23.8601304964"
"11","2017-04-19","0.0","0.0","0.0","0.0","-46.7307186325","-23.8601304964"
"11","2017-04-20","","","","-1.0","-46.7307186325","-23.8601304964"
"11","2017-04-21","2.87","56.8","16.02","-288.0","-46.7307186325","-23.8601304964"
"11","2017-04-22","0.84","7.7","3.09","-287.0","-46.7307186325","-23.8601304964"
"11","2017-04-23","0.0","0.0","0.0","0.0","-46.7307186325","-23.8601304964"
"11","2017-04-24","0.0","0.0","0.0","0.0","-46.7307186325","-23.8601304964"
"11","2017-04-25","","","","-1.0","-46.7307186325","-23.8601304964"
"11","2017-04-26","4.4","62.83","19.53","-288.0","-46.7307186325","-23.8601304964"
"11","2017-04-27","0.1","4.08","1.07","-287.0","-46.7307186325","-23.8601304964"
"11","2017-04-28","0.0","0.0","0.0","0.0","-46.7307186325","-23.8601304964"
"11","2017-04-29","0.0","0.0","0.0","0.0","-46.7307186325","-23.8601304964"
"11","2017-04-30","0.0","0.0","0.0","0.0","-46.7307186325","-23.8601304964"
"11","2017-05-01","","","","-1.0","-46.7307186325","-23.8601304964"
"11","2017-05-02","0.0","0.01","0.0","-287.0","-46.7307186325","-23.8601304964"
"11","2017-05-03","0.0","0.0","0.0","0.0","-46.7307186325","-23.8601304964"
"11","2017-05-04","","","","-1.0","-46.7307186325","-23.8601304964"
"11","2017-05-05","4.51","89.7","27.26","-288.0","-46.7307186325","-23.8601304964"
"11","2017-05-06","0.72","37.44","7.01","-288.0","-46.7307186325","-23.8601304964"
"11","2017-05-07","0.0","2.5","0.09","-287.0","-46.7307186325","-23.8601304964"
"11","2017-05-08","0.0","0.0","0.0","0.0","-46.7307186325","-23.8601304964"
"11","2017-05-09","0.0","0.0","0.0","0.0","-46.7307186325","-23.8601304964"
"11","2017-05-10","0.0","0.0","0.0","0.0","-46.7307186325","-23.8601304964"
"11","2017-05-11","0.0","0.0","0.0","0.0","-46.7307186325","-23.8601304964"
"11","2017-05-12","0.0","0.0","0.0","0.0","-46.7307186325","-23.8601304964"
"11","2017-05-13","","","","-1.0","-46.7307186325","-23.8601304964"
"11","2017-05-14","0.01","3.61","0.76","-287.0","-46.7307186325","-23.8601304964"
"11","2017-05-15","0.0","0.0","0.0","0.0","-46.7307186325","-23.8601304964"
"11","2017-05-16","0.0","0.0","0.0","0.0","-46.7307186325","-23.8601304964"
"11","2017-05-17","","","","-1.0","-46.7307186325","-23.8601304964"
"11","2017-05-18","0.41","8.65","2.5","-288.0","-46.7307186325","-23.8601304964"
"11","2017-05-19","12.2","133.71","40.95","-288.0","-46.7307186325","-23.8601304964"
"11","2017-05-20","0.0","0.37","0.06","-288.0","-46.7307186325","-23.8601304964"
"11","2017-05-21","6.87","75.04","24.33","-288.0","-46.7307186325","-23.8601304964"
"11","2017-05-22","1.07","27.08","5.58","-287.0","-46.7307186325","-23.8601304964"
"11","2017-05-23","0.0","0.0","0.0","0.0","-46.7307186325","-23.8601304964"
"11","2017-05-24","0.0","0.0","0.0","0.0","-46.7307186325","-23.8601304964"
"11","2017-05-25","0.0","0.0","0.0","0.0","-46.7307186325","-23.8601304964"
"11","2017-05-26","0.0","0.0","0.0","0.0","-46.7307186325","-23.8601304964"
"11","2017-05-27","0.0","0.0","0.0","0.0","-46.7307186325","-23.8601304964"
"11","2017-05-28","0.0","0.0","0.0","0.0","-46.7307186325","-23.8601304964"
"11","2017-05-29","0.0","0.0","0.0","0.0","-46.7307186325","-23.8601304964"
"11","2017-05-30","0.0","0.0","0.0","0.0","-46.7307186325","-23.8601304964"
"11","2017-05-31","0.0","0.0","0.0","0.0","-46.7307186325","-23.8601304964"
"11","2017-06-01","0.0","0.0","0.0","0.0","-46.7307186325","-23.8601304964"
"11","2017-06-02","0.0","0.0","0.0","0.0","-46.7307186325","-23.8601304964"
"11","2017-06-03","0.0","0.0","0.0","0.0","-46.7307186325","-23.8601304964"
"11","2017-06-04","","","","-1.0","-46.7307186325","-23.8601304964"
"11","2017-06-05","15.72","152.65","55.21","-288.0","-46.7307186325","-23.8601304964"
"11","2017-06-06","8.74","144.61","40.77","-288.0","-46.7307186325","-23.8601304964"
"11","2017-06-07","2.34","25.26","8.86","-287.0","-46.7307186325","-23.8601304964"
"11","2017-06-08","","","","-1.0","-46.7307186325","-23.8601304964"
"11","2017-06-09","0.13","8.07","1.63","-288.0","-46.7307186325","-23.8601304964"
"11","2017-06-10","0.0","0.0","0.0","-287.0","-46.7307186325","-23.8601304964"
"11","2017-06-11","","","","-1.0","-46.7307186325","-23.8601304964"
"11","2017-06-12","0.0","0.05","0.0","-288.0","-46.7307186325","-23.8601304964"
"11","2017-06-13","4.99","126.67","32.83","-288.0","-46.7307186325","-23.8601304964"
"11","2017-06-14","0.33","6.25","1.75","-287.0","-46.7307186325","-23.8601304964"
"12","2016-10-31","","","","-1.0","-46.6581291061","-23.8617769143"
"12","2016-11-01","0.0","0.21","0.0","-288.0","-46.6581291061","-23.8617769143"
"12","2016-11-02","0.0","19.69","1.24","-288.0","-46.6581291061","-23.8617769143"
"12","2016-11-03","0.68","35.88","5.97","-288.0","-46.6581291061","-23.8617769143"
"12","2016-11-04","0.02","6.58","0.44","-288.0","-46.6581291061","-23.8617769143"
"12","2016-11-05","0.0","0.0","0.0","-288.0","-46.6581291061","-23.8617769143"
"12","2016-11-06","0.0","7.8","0.08","-288.0","-46.6581291061","-23.8617769143"
"12","2016-11-07","0.0","1.83","0.02","-288.0","-46.6581291061","-23.8617769143"
"12","2016-11-08","0.0","9.14","0.1","-288.0","-46.6581291061","-23.8617769143"
"12","2016-11-09","4.29","157.89","40.16","-288.0","-46.6581291061","-23.8617769143"
"12","2016-11-10","1.42","30.87","5.81","-288.0","-46.6581291061","-23.8617769143"
"12","2016-11-11","1.69","71.97","19.46","-288.0","-46.6581291061","-23.8617769143"
"12","2016-11-12","0.0","8.96","0.16","-288.0","-46.6581291061","-23.8617769143"
"12","2016-11-13","5.2","44.22","17.78","-288.0","-46.6581291061","-23.8617769143"
"12","2016-11-14","4.21","40.94","13.7","-287.0","-46.6581291061","-23.8617769143"
"12","2016-11-15","","","","-1.0","-46.6581291061","-23.8617769143"
"12","2016-11-16","1.24","59.65","14.39","-288.0","-46.6581291061","-23.8617769143"
"12","2016-11-17","0.02","7.59","0.6","-288.0","-46.6581291061","-23.8617769143"
"12","2016-11-18","0.0","3.79","0.28","-287.0","-46.6581291061","-23.8617769143"
"12","2016-11-19","0.0","0.0","0.0","0.0","-46.6581291061","-23.8617769143"
"12","2016-11-20","0.0","0.0","0.0","0.0","-46.6581291061","-23.8617769143"
"12","2016-11-21","0.0","0.0","0.0","0.0","-46.6581291061","-23.8617769143"
"12","2016-11-22","","","","-1.0","-46.6581291061","-23.8617769143"
"12","2016-11-23","0.36","43.39","7.14","-288.0","-46.6581291061","-23.8617769143"
"12","2016-11-24","0.0","0.01","0.0","-287.0","-46.6581291061","-23.8617769143"
"12","2016-11-25","0.0","0.0","0.0","0.0","-46.6581291061","-23.8617769143"
"12","2016-11-26","","","","-1.0","-46.6581291061","-23.8617769143"
"12","2016-11-27","0.0","2.15","0.02","-288.0","-46.6581291061","-23.8617769143"
"12","2016-11-28","0.11","69.93","6.63","-288.0","-46.6581291061","-23.8617769143"
"12","2016-11-29","2.26","33.48","10.36","-288.0","-46.6581291061","-23.8617769143"
"12","2016-11-30","0.0","0.28","0.02","-287.0","-46.6581291061","-23.8617769143"
"12","2016-12-01","0.0","0.0","0.0","0.0","-46.6581291061","-23.8617769143"
"12","2016-12-02","","","","-1.0","-46.6581291061","-23.8617769143"
"12","2016-12-03","1.74","46.77","9.87","-288.0","-46.6581291061","-23.8617769143"
"12","2016-12-04","0.02","19.15","2.77","-288.0","-46.6581291061","-23.8617769143"
"12","2016-12-05","0.0","0.0","0.0","-287.0","-46.6581291061","-23.8617769143"
"12","2016-12-06","","","","-1.0","-46.6581291061","-23.8617769143"
"12","2016-12-07","0.36","37.73","5.16","-288.0","-46.6581291061","-23.8617769143"
"12","2016-12-08","0.0","3.11","0.12","-288.0","-46.6581291061","-23.8617769143"
"12","2016-12-09","0.03","19.68","2.62","-288.0","-46.6581291061","-23.8617769143"
"12","2016-12-10","1.27","19.71","5.57","-288.0","-46.6581291061","-23.8617769143"
"12","2016-12-11","1.05","38.25","8.25","-288.0","-46.6581291061","-23.8617769143"
"12","2016-12-12","1.48","113.08","21.26","-288.0","-46.6581291061","-23.8617769143"
"12","2016-12-13","0.0","1.01","0.01","-288.0","-46.6581291061","-23.8617769143"
"12","2016-12-14","0.0","26.99","0.36","-288.0","-46.6581291061","-23.8617769143"
"12","2016-12-15","0.0","0.01","0.0","-287.0","-46.6581291061","-23.8617769143"
"12","2016-12-16","0.0","0.0","0.0","0.0","-46.6581291061","-23.8617769143"
"12","2016-12-17","","","","-1.0","-46.6581291061","-23.8617769143"
"12","2016-12-18","0.0","1.0","0.0","-288.0","-46.6581291061","-23.8617769143"
"12","2016-12-19","0.6","73.63","23.08","-288.0","-46.6581291061","-23.8617769143"
"12","2016-12-20","0.21","50.84","5.25","-288.0","-46.6581291061","-23.8617769143"
"12","2016-12-21","4.54","116.73","40.44","-288.0","-46.6581291061","-23.8617769143"
"12","2016-12-22","0.0","0.79","0.01","-288.0","-46.6581291061","-23.8617769143"
"12","2016-12-23","0.21","20.99","2.44","-288.0","-46.6581291061","-23.8617769143"
"12","2016-12-24","0.0","6.12","0.34","-288.0","-46.6581291061","-23.8617769143"
"12","2016-12-25","0.0","1.38","0.01","-288.0","-46.6581291061","-23.8617769143"
"12","2016-12-26","0.0","4.02","0.02","-288.0","-46.6581291061","-23.8617769143"
"12","2016-12-27","0.18","49.04","12.01","-288.0","-46.6581291061","-23.8617769143"
"12","2016-12-28","0.0","9.84","0.14","-288.0","-46.6581291061","-23.8617769143"
"12","2016-12-29","0.0","7.7","0.68","-288.0","-46.6581291061","-23.8617769143"
"12","2016-12-30","0.0","0.84","0.01","-288.0","-46.6581291061","-23.8617769143"
"12","2016-12-31","0.0","0.58","0.0","-287.0","-46.6581291061","-23.8617769143"
"12","2017-01-01","","","","-1.0","-46.6581291061","-23.8617769143"
"12","2017-01-02","0.05","85.95","10.61","-288.0","-46.6581291061","-23.8617769143"
"12","2017-01-03","0.0","4.79","0.17","-288.0","-46.6581291061","-23.8617769143"
"12","2017-01-04","0.0","1.44","0.11","-288.0","-46.6581291061","-23.8617769143"
"12","2017-01-05","0.0","1.04","0.04","-288.0","-46.6581291061","-23.8617769143"
"12","2017-01-06","0.4","49.09","6.17","-288.0","-46.6581291061","-23.8617769143"
"12","2017-01-07","0.02","35.24","2.63","-288.0","-46.6581291061","-23.8617769143"
"12","2017-01-08","0.0","41.0","2.63","-288.0","-46.6581291061","-23.8617769143"
"12","2017-01-09","0.0","19.36","1.74","-288.0","-46.6581291061","-23.8617769143"
"12","2017-01-10","0.0","5.57","0.23","-288.0","-46.6581291061","-23.8617769143"
"12","2017-01-11","0.41","81.18","10.16","-288.0","-46.6581291061","-23.8617769143"
"12","2017-01-12","0.58","77.62","12.52","-288.0","-46.6581291061","-23.8617769143"
"12","2017-01-13","0.0","4.03","0.04","-288.0","-46.6581291061","-23.8617769143"
"12","2017-01-14","0.0","0.0","0.0","-288.0","-46.6581291061","-23.8617769143"
"12","2017-01-15","0.0","31.48","2.65","-288.0","-46.6581291061","-23.8617769143"
"12","2017-01-16","4.83","109.17","34.6","-288.0","-46.6581291061","-23.8617769143"
"12","2017-01-17","6.25","86.93","25.45","-288.0","-46.6581291061","-23.8617769143"
"12","2017-01-18","8.27","118.25","36.69","-288.0","-46.6581291061","-23.8617769143"
"12","2017-01-19","5.11","101.83","25.8","-288.0","-46.6581291061","-23.8617769143"
"12","2017-01-20","2.91","48.96","12.8","-288.0","-46.6581291061","-23.8617769143"
"12","2017-01-21","3.12","98.71","20.96","-288.0","-46.6581291061","-23.8617769143"
"12","2017-01-22","0.72","48.79","6.65","-288.0","-46.6581291061","-23.8617769143"
"12","2017-01-23","0.13","36.26","3.34","-288.0","-46.6581291061","-23.8617769143"
"12","2017-01-24","0.0","63.78","10.38","-288.0","-46.6581291061","-23.8617769143"
"12","2017-01-25","0.0","1.76","0.2","-288.0","-46.6581291061","-23.8617769143"
"12","2017-01-26","4.02","55.96","17.52","-288.0","-46.6581291061","-23.8617769143"
"12","2017-01-27","1.08","46.28","7.84","-288.0","-46.6581291061","-23.8617769143"
"12","2017-01-28","0.0","4.26","0.3","-288.0","-46.6581291061","-23.8617769143"
"12","2017-01-29","0.0","3.13","0.04","-288.0","-46.6581291061","-23.8617769143"
"12","2017-01-30","0.0","3.76","0.05","-288.0","-46.6581291061","-23.8617769143"
"12","2017-01-31","0.0","1.56","0.03","-288.0","-46.6581291061","-23.8617769143"
"12","2017-02-01","3.72","136.97","27.26","-288.0","-46.6581291061","-23.8617769143"
"12","2017-02-02","1.99","29.51","8.66","-288.0","-46.6581291061","-23.8617769143"
"12","2017-02-03","0.4","53.54","7.23","-288.0","-46.6581291061","-23.8617769143"
"12","2017-02-04","0.09","49.06","7.83","-288.0","-46.6581291061","-23.8617769143"
"12","2017-02-05","0.52","74.39","14.19","-288.0","-46.6581291061","-23.8617769143"
"12","2017-02-06","1.36","59.27","11.76","-288.0","-46.6581291061","-23.8617769143"
"12","2017-02-07","0.0","23.56","2.39","-288.0","-46.6581291061","-23.8617769143"
"12","2017-02-08","0.0","0.93","0.0","-287.0","-46.6581291061","-23.8617769143"
"12","2017-02-09","0.0","0.0","0.0","0.0","-46.6581291061","-23.8617769143"
"12","2017-02-10","0.0","0.0","0.0","0.0","-46.6581291061","-23.8617769143"
"12","2017-02-11","0.0","0.0","0.0","0.0","-46.6581291061","-23.8617769143"
"12","2017-02-12","0.0","0.0","0.0","0.0","-46.6581291061","-23.8617769143"
"12","2017-02-13","0.0","0.0","0.0","0.0","-46.6581291061","-23.8617769143"
"12","2017-02-14","0.0","0.0","0.0","0.0","-46.6581291061","-23.8617769143"
"12","2017-02-15","0.0","0.0","0.0","0.0","-46.6581291061","-23.8617769143"
"12","2017-02-16","","","","-1.0","-46.6581291061","-23.8617769143"
"12","2017-02-17","0.0","0.1","0.0","-288.0","-46.6581291061","-23.8617769143"
"12","2017-02-18","0.0","0.21","0.0","-287.0","-46.6581291061","-23.8617769143"
"12","2017-02-19","0.0","0.0","0.0","0.0","-46.6581291061","-23.8617769143"
"12","2017-02-20","0.0","0.0","0.0","0.0","-46.6581291061","-23.8617769143"
"12","2017-02-21","","","","-1.0","-46.6581291061","-23.8617769143"
"12","2017-02-22","0.0","0.47","0.02","-288.0","-46.6581291061","-23.8617769143"
"12","2017-02-23","0.75","106.36","27.5","-288.0","-46.6581291061","-23.8617769143"
"12","2017-02-24","3.07","164.16","33.01","-288.0","-46.6581291061","-23.8617769143"
"12","2017-02-25","0.03","4.65","0.69","-288.0","-46.6581291061","-23.8617769143"
"12","2017-02-26","0.01","59.24","7.8","-288.0","-46.6581291061","-23.8617769143"
"12","2017-02-27","0.0","16.95","1.21","-288.0","-46.6581291061","-23.8617769143"
"12","2017-02-28","0.0","16.03","1.16","-288.0","-46.6581291061","-23.8617769143"
"12","2017-03-01","0.0","0.44","0.01","-288.0","-46.6581291061","-23.8617769143"
"12","2017-03-02","0.38","165.13","24.93","-288.0","-46.6581291061","-23.8617769143"
"12","2017-03-03","0.06","23.32","2.52","-288.0","-46.6581291061","-23.8617769143"
"12","2017-03-04","0.0","4.87","0.42","-288.0","-46.6581291061","-23.8617769143"
"12","2017-03-05","1.43","117.11","28.27","-288.0","-46.6581291061","-23.8617769143"
"12","2017-03-06","1.37","115.45","17.09","-288.0","-46.6581291061","-23.8617769143"
"12","2017-03-07","4.11","143.44","36.93","-288.0","-46.6581291061","-23.8617769143"
"12","2017-03-08","3.55","36.8","10.91","-288.0","-46.6581291061","-23.8617769143"
"12","2017-03-09","0.0","0.0","0.0","-288.0","-46.6581291061","-23.8617769143"
"12","2017-03-10","0.0","7.26","0.07","-288.0","-46.6581291061","-23.8617769143"
"12","2017-03-11","0.0","0.25","0.0","-288.0","-46.6581291061","-23.8617769143"
"12","2017-03-12","0.0","0.1","0.0","-288.0","-46.6581291061","-23.8617769143"
"12","2017-03-13","0.0","0.54","0.01","-288.0","-46.6581291061","-23.8617769143"
"12","2017-03-14","0.0","0.6","0.0","-288.0","-46.6581291061","-23.8617769143"
"12","2017-03-15","0.0","4.01","0.47","-288.0","-46.6581291061","-23.8617769143"
"12","2017-03-16","0.0","0.11","0.0","-288.0","-46.6581291061","-23.8617769143"
"12","2017-03-17","0.13","10.97","1.69","-288.0","-46.6581291061","-23.8617769143"
"12","2017-03-18","0.5","8.89","2.69","-288.0","-46.6581291061","-23.8617769143"
"12","2017-03-19","0.47","33.6","5.66","-288.0","-46.6581291061","-23.8617769143"
"12","2017-03-20","0.0","0.34","0.0","-287.0","-46.6581291061","-23.8617769143"
"12","2017-03-21","0.0","0.0","0.0","0.0","-46.6581291061","-23.8617769143"
"12","2017-03-22","0.0","0.0","0.0","0.0","-46.6581291061","-23.8617769143"
"12","2017-03-23","","","","-1.0","-46.6581291061","-23.8617769143"
"12","2017-03-24","0.0","0.0","0.0","-288.0","-46.6581291061","-23.8617769143"
"12","2017-03-25","0.0","2.39","0.23","-287.0","-46.6581291061","-23.8617769143"
"12","2017-03-26","","","","-1.0","-46.6581291061","-23.8617769143"
"12","2017-03-27","0.04","6.92","1.18","-288.0","-46.6581291061","-23.8617769143"
"12","2017-03-28","0.06","18.62","1.8","-288.0","-46.6581291061","-23.8617769143"
"12","2017-03-29","0.0","1.7","0.16","-287.0","-46.6581291061","-23.8617769143"
"12","2017-03-30","0.0","0.0","0.0","0.0","-46.6581291061","-23.8617769143"
"12","2017-03-31","0.0","0.0","0.0","0.0","-46.6581291061","-23.8617769143"
"12","2017-04-01","0.0","0.0","0.0","0.0","-46.6581291061","-23.8617769143"
"12","2017-04-02","0.0","0.0","0.0","0.0","-46.6581291061","-23.8617769143"
"12","2017-04-03","0.0","0.0","0.0","0.0","-46.6581291061","-23.8617769143"
"12","2017-04-04","","","","-1.0","-46.6581291061","-23.8617769143"
"12","2017-04-05","0.0","0.0","0.0","-288.0","-46.6581291061","-23.8617769143"
"12","2017-04-06","4.47","162.67","45.13","-288.0","-46.6581291061","-23.8617769143"
"12","2017-04-07","2.81","48.63","12.82","-288.0","-46.6581291061","-23.8617769143"
"12","2017-04-08","0.0","9.43","0.61","-287.0","-46.6581291061","-23.8617769143"
"12","2017-04-09","","","","-1.0","-46.6581291061","-23.8617769143"
"12","2017-04-10","0.0","0.37","0.0","-288.0","-46.6581291061","-23.8617769143"
"12","2017-04-11","0.0","0.79","0.02","-288.0","-46.6581291061","-23.8617769143"
"12","2017-04-12","0.87","61.32","10.81","-287.0","-46.6581291061","-23.8617769143"
"12","2017-04-13","0.0","0.0","0.0","0.0","-46.6581291061","-23.8617769143"
"12","2017-04-14","0.0","0.0","0.0","0.0","-46.6581291061","-23.8617769143"
"12","2017-04-15","0.0","0.0","0.0","0.0","-46.6581291061","-23.8617769143"
"12","2017-04-16","","","","-1.0","-46.6581291061","-23.8617769143"
"12","2017-04-17","0.0","2.49","0.11","-287.0","-46.6581291061","-23.8617769143"
"12","2017-04-18","0.0","0.0","0.0","0.0","-46.6581291061","-23.8617769143"
"12","2017-04-19","0.0","0.0","0.0","0.0","-46.6581291061","-23.8617769143"
"12","2017-04-20","","","","-1.0","-46.6581291061","-23.8617769143"
"12","2017-04-21","2.48","43.44","11.05","-288.0","-46.6581291061","-23.8617769143"
"12","2017-04-22","0.86","10.31","3.6","-287.0","-46.6581291061","-23.8617769143"
"12","2017-04-23","0.0","0.0","0.0","0.0","-46.6581291061","-23.8617769143"
"12","2017-04-24","0.0","0.0","0.0","0.0","-46.6581291061","-23.8617769143"
"12","2017-04-25","","","","-1.0","-46.6581291061","-23.8617769143"
"12","2017-04-26","4.41","58.21","19.22","-288.0","-46.6581291061","-23.8617769143"
"12","2017-04-27","0.19","8.07","1.28","-287.0","-46.6581291061","-23.8617769143"
"12","2017-04-28","0.0","0.0","0.0","0.0","-46.6581291061","-23.8617769143"
"12","2017-04-29","0.0","0.0","0.0","0.0","-46.6581291061","-23.8617769143"
"12","2017-04-30","0.0","0.0","0.0","0.0","-46.6581291061","-23.8617769143"
"12","2017-05-01","","","","-1.0","-46.6581291061","-23.8617769143"
"12","2017-05-02","0.0","0.6","0.0","-287.0","-46.6581291061","-23.8617769143"
"12","2017-05-03","0.0","0.0","0.0","0.0","-46.6581291061","-23.8617769143"
"12","2017-05-04","","","","-1.0","-46.6581291061","-23.8617769143"
"12","2017-05-05","2.24","78.21","25.5","-288.0","-46.6581291061","-23.8617769143"
"12","2017-05-06","0.97","51.23","9.38","-288.0","-46.6581291061","-23.8617769143"
"12","2017-05-07","0.0","6.52","0.46","-287.0","-46.6581291061","-23.8617769143"
"12","2017-05-08","0.0","0.0","0.0","0.0","-46.6581291061","-23.8617769143"
"12","2017-05-09","0.0","0.0","0.0","0.0","-46.6581291061","-23.8617769143"
"12","2017-05-10","0.0","0.0","0.0","0.0","-46.6581291061","-23.8617769143"
"12","2017-05-11","0.0","0.0","0.0","0.0","-46.6581291061","-23.8617769143"
"12","2017-05-12","0.0","0.0","0.0","0.0","-46.6581291061","-23.8617769143"
"12","2017-05-13","","","","-1.0","-46.6581291061","-23.8617769143"
"12","2017-05-14","0.06","4.55","1.12","-287.0","-46.6581291061","-23.8617769143"
"12","2017-05-15","0.0","0.0","0.0","0.0","-46.6581291061","-23.8617769143"
"12","2017-05-16","0.0","0.0","0.0","0.0","-46.6581291061","-23.8617769143"
"12","2017-05-17","","","","-1.0","-46.6581291061","-23.8617769143"
"12","2017-05-18","0.38","9.45","2.17","-288.0","-46.6581291061","-23.8617769143"
"12","2017-05-19","11.24","147.53","41.83","-288.0","-46.6581291061","-23.8617769143"
"12","2017-05-20","0.0","0.27","0.02","-288.0","-46.6581291061","-23.8617769143"
"12","2017-05-21","6.1","77.54","24.12","-288.0","-46.6581291061","-23.8617769143"
"12","2017-05-22","1.18","31.88","6.39","-287.0","-46.6581291061","-23.8617769143"
"12","2017-05-23","0.0","0.0","0.0","0.0","-46.6581291061","-23.8617769143"
"12","2017-05-24","0.0","0.0","0.0","0.0","-46.6581291061","-23.8617769143"
"12","2017-05-25","0.0","0.0","0.0","0.0","-46.6581291061","-23.8617769143"
"12","2017-05-26","0.0","0.0","0.0","0.0","-46.6581291061","-23.8617769143"
"12","2017-05-27","0.0","0.0","0.0","0.0","-46.6581291061","-23.8617769143"
"12","2017-05-28","0.0","0.0","0.0","0.0","-46.6581291061","-23.8617769143"
"12","2017-05-29","0.0","0.0","0.0","0.0","-46.6581291061","-23.8617769143"
"12","2017-05-30","0.0","0.0","0.0","0.0","-46.6581291061","-23.8617769143"
"12","2017-05-31","0.0","0.0","0.0","0.0","-46.6581291061","-23.8617769143"
"12","2017-06-01","0.0","0.0","0.0","0.0","-46.6581291061","-23.8617769143"
"12","2017-06-02","0.0","0.0","0.0","0.0","-46.6581291061","-23.8617769143"
"12","2017-06-03","0.0","0.0","0.0","0.0","-46.6581291061","-23.8617769143"
"12","2017-06-04","","","","-1.0","-46.6581291061","-23.8617769143"
"12","2017-06-05","12.72","155.59","50.6","-288.0","-46.6581291061","-23.8617769143"
"12","2017-06-06","8.62","151.31","41.47","-288.0","-46.6581291061","-23.8617769143"
"12","2017-06-07","1.99","22.97","8.01","-287.0","-46.6581291061","-23.8617769143"
"12","2017-06-08","","","","-1.0","-46.6581291061","-23.8617769143"
"12","2017-06-09","0.1","12.36","2.26","-288.0","-46.6581291061","-23.8617769143"
"12","2017-06-10","0.0","0.0","0.0","-287.0","-46.6581291061","-23.8617769143"
"12","2017-06-11","","","","-1.0","-46.6581291061","-23.8617769143"
"12","2017-06-12","0.0","0.0","0.0","-288.0","-46.6581291061","-23.8617769143"
"12","2017-06-13","4.57","109.99","29.64","-288.0","-46.6581291061","-23.8617769143"
"12","2017-06-14","0.47","9.64","2.59","-287.0","-46.6581291061","-23.8617769143"
"14","2016-10-31","","","","-1.0","-46.761205033","-23.7973745272"
"14","2016-11-01","0.0","0.06","0.0","-288.0","-46.761205033","-23.7973745272"
"14","2016-11-02","0.07","10.3","1.29","-288.0","-46.761205033","-23.7973745272"
"14","2016-11-03","1.03","48.84","8.54","-288.0","-46.761205033","-23.7973745272"
"14","2016-11-04","0.03","1.24","0.27","-288.0","-46.761205033","-23.7973745272"
"14","2016-11-05","0.0","0.0","0.0","-288.0","-46.761205033","-23.7973745272"
"14","2016-11-06","0.0","2.53","0.05","-288.0","-46.761205033","-23.7973745272"
"14","2016-11-07","0.02","39.07","2.76","-288.0","-46.761205033","-23.7973745272"
"14","2016-11-08","0.0","0.62","0.01","-288.0","-46.761205033","-23.7973745272"
"14","2016-11-09","4.29","137.18","28.65","-288.0","-46.761205033","-23.7973745272"
"14","2016-11-10","1.89","42.51","10.3","-288.0","-46.761205033","-23.7973745272"
"14","2016-11-11","0.02","25.14","4.04","-288.0","-46.761205033","-23.7973745272"
"14","2016-11-12","0.0","0.09","0.01","-288.0","-46.761205033","-23.7973745272"
"14","2016-11-13","7.11","47.76","20.48","-288.0","-46.761205033","-23.7973745272"
"14","2016-11-14","4.85","26.55","12.27","-287.0","-46.761205033","-23.7973745272"
"14","2016-11-15","","","","-1.0","-46.761205033","-23.7973745272"
"14","2016-11-16","0.72","39.08","9.58","-288.0","-46.761205033","-23.7973745272"
"14","2016-11-17","0.1","19.74","3.05","-288.0","-46.761205033","-23.7973745272"
"14","2016-11-18","0.05","9.17","1.76","-287.0","-46.761205033","-23.7973745272"
"14","2016-11-19","0.0","0.0","0.0","0.0","-46.761205033","-23.7973745272"
"14","2016-11-20","0.0","0.0","0.0","0.0","-46.761205033","-23.7973745272"
"14","2016-11-21","0.0","0.0","0.0","0.0","-46.761205033","-23.7973745272"
"14","2016-11-22","","","","-1.0","-46.761205033","-23.7973745272"
"14","2016-11-23","0.81","54.2","12.8","-288.0","-46.761205033","-23.7973745272"
"14","2016-11-24","0.0","0.18","0.0","-287.0","-46.761205033","-23.7973745272"
"14","2016-11-25","0.0","0.0","0.0","0.0","-46.761205033","-23.7973745272"
"14","2016-11-26","","","","-1.0","-46.761205033","-23.7973745272"
"14","2016-11-27","0.05","31.5","3.03","-288.0","-46.761205033","-23.7973745272"
"14","2016-11-28","0.45","50.9","10.34","-288.0","-46.761205033","-23.7973745272"
"14","2016-11-29","1.17","28.37","6.71","-288.0","-46.761205033","-23.7973745272"
"14","2016-11-30","0.0","0.0","0.0","-287.0","-46.761205033","-23.7973745272"
"14","2016-12-01","0.0","0.0","0.0","0.0","-46.761205033","-23.7973745272"
"14","2016-12-02","","","","-1.0","-46.761205033","-23.7973745272"
"14","2016-12-03","1.28","45.19","9.01","-288.0","-46.761205033","-23.7973745272"
"14","2016-12-04","0.14","19.51","4.73","-288.0","-46.761205033","-23.7973745272"
"14","2016-12-05","0.0","0.53","0.01","-287.0","-46.761205033","-23.7973745272"
"14","2016-12-06","","","","-1.0","-46.761205033","-23.7973745272"
"14","2016-12-07","3.96","65.97","16.7","-288.0","-46.761205033","-23.7973745272"
"14","2016-12-08","0.0","1.17","0.01","-288.0","-46.761205033","-23.7973745272"
"14","2016-12-09","0.01","36.84","5.17","-288.0","-46.761205033","-23.7973745272"
"14","2016-12-10","1.41","14.52","4.94","-288.0","-46.761205033","-23.7973745272"
"14","2016-12-11","1.37","70.51","19.65","-288.0","-46.761205033","-23.7973745272"
"14","2016-12-12","1.14","78.12","15.79","-288.0","-46.761205033","-23.7973745272"
"14","2016-12-13","0.0","1.41","0.09","-288.0","-46.761205033","-23.7973745272"
"14","2016-12-14","0.0","0.53","0.0","-288.0","-46.761205033","-23.7973745272"
"14","2016-12-15","0.0","0.0","0.0","-287.0","-46.761205033","-23.7973745272"
"14","2016-12-16","0.0","0.0","0.0","0.0","-46.761205033","-23.7973745272"
"14","2016-12-17","","","","-1.0","-46.761205033","-23.7973745272"
"14","2016-12-18","0.0","0.36","0.02","-288.0","-46.761205033","-23.7973745272"
"14","2016-12-19","0.74","85.5","9.49","-288.0","-46.761205033","-23.7973745272"
"14","2016-12-20","0.03","31.63","3.37","-288.0","-46.761205033","-23.7973745272"
"14","2016-12-21","2.95","105.81","34.55","-288.0","-46.761205033","-23.7973745272"
"14","2016-12-22","0.0","0.57","0.01","-288.0","-46.761205033","-23.7973745272"
"14","2016-12-23","0.05","19.32","2.6","-288.0","-46.761205033","-23.7973745272"
"14","2016-12-24","0.17","30.92","4.44","-288.0","-46.761205033","-23.7973745272"
"14","2016-12-25","0.0","0.19","0.0","-288.0","-46.761205033","-23.7973745272"
"14","2016-12-26","0.0","0.04","0.0","-288.0","-46.761205033","-23.7973745272"
"14","2016-12-27","0.0","0.52","0.03","-288.0","-46.761205033","-23.7973745272"
"14","2016-12-28","0.0","1.39","0.02","-288.0","-46.761205033","-23.7973745272"
"14","2016-12-29","0.02","45.25","6.47","-288.0","-46.761205033","-23.7973745272"
"14","2016-12-30","0.0","0.11","0.0","-288.0","-46.761205033","-23.7973745272"
"14","2016-12-31","0.0","0.22","0.03","-287.0","-46.761205033","-23.7973745272"
"14","2017-01-01","","","","-1.0","-46.761205033","-23.7973745272"
"14","2017-01-02","0.46","72.83","12.04","-288.0","-46.761205033","-23.7973745272"
"14","2017-01-03","0.07","27.81","3.89","-288.0","-46.761205033","-23.7973745272"
"14","2017-01-04","0.0","0.53","0.01","-288.0","-46.761205033","-23.7973745272"
"14","2017-01-05","0.0","0.58","0.06","-288.0","-46.761205033","-23.7973745272"
"14","2017-01-06","1.07","48.45","13.49","-288.0","-46.761205033","-23.7973745272"
"14","2017-01-07","0.99","56.0","15.32","-288.0","-46.761205033","-23.7973745272"
"14","2017-01-08","0.16","53.47","11.61","-288.0","-46.761205033","-23.7973745272"
"14","2017-01-09","0.11","32.87","4.3","-288.0","-46.761205033","-23.7973745272"
"14","2017-01-10","0.38","9.1","2.38","-288.0","-46.761205033","-23.7973745272"
"14","2017-01-11","0.15","62.01","8.08","-288.0","-46.761205033","-23.7973745272"
"14","2017-01-12","0.91","41.95","8.18","-288.0","-46.761205033","-23.7973745272"
"14","2017-01-13","0.0","1.92","0.05","-288.0","-46.761205033","-23.7973745272"
"14","2017-01-14","0.0","1.26","0.04","-288.0","-46.761205033","-23.7973745272"
"14","2017-01-15","0.0","1.29","0.0","-288.0","-46.761205033","-23.7973745272"
"14","2017-01-16","3.67","90.83","19.51","-288.0","-46.761205033","-23.7973745272"
"14","2017-01-17","6.27","68.8","23.31","-288.0","-46.761205033","-23.7973745272"
"14","2017-01-18","10.33","121.18","41.67","-288.0","-46.761205033","-23.7973745272"
"14","2017-01-19","7.7","166.8","42.88","-288.0","-46.761205033","-23.7973745272"
"14","2017-01-20","3.13","64.32","16.02","-288.0","-46.761205033","-23.7973745272"
"14","2017-01-21","2.74","93.43","17.96","-288.0","-46.761205033","-23.7973745272"
"14","2017-01-22","1.21","37.75","8.82","-288.0","-46.761205033","-23.7973745272"
"14","2017-01-23","0.02","7.85","0.9","-288.0","-46.761205033","-23.7973745272"
"14","2017-01-24","0.0","24.74","1.78","-288.0","-46.761205033","-23.7973745272"
"14","2017-01-25","0.0","0.88","0.07","-288.0","-46.761205033","-23.7973745272"
"14","2017-01-26","3.92","51.97","17.99","-288.0","-46.761205033","-23.7973745272"
"14","2017-01-27","1.99","44.49","12.9","-288.0","-46.761205033","-23.7973745272"
"14","2017-01-28","0.0","2.07","0.1","-288.0","-46.761205033","-23.7973745272"
"14","2017-01-29","0.0","2.64","0.1","-288.0","-46.761205033","-23.7973745272"
"14","2017-01-30","0.0","1.34","0.08","-288.0","-46.761205033","-23.7973745272"
"14","2017-01-31","0.13","4.08","0.89","-288.0","-46.761205033","-23.7973745272"
"14","2017-02-01","3.62","47.34","13.71","-288.0","-46.761205033","-23.7973745272"
"14","2017-02-02","1.78","34.12","9.32","-288.0","-46.761205033","-23.7973745272"
"14","2017-02-03","0.58","14.55","3.61","-288.0","-46.761205033","-23.7973745272"
"14","2017-02-04","0.14","33.19","6.44","-288.0","-46.761205033","-23.7973745272"
"14","2017-02-05","0.0","19.07","1.86","-288.0","-46.761205033","-23.7973745272"
"14","2017-02-06","2.78","45.08","11.12","-288.0","-46.761205033","-23.7973745272"
"14","2017-02-07","0.01","8.73","1.03","-288.0","-46.761205033","-23.7973745272"
"14","2017-02-08","0.0","0.07","0.0","-287.0","-46.761205033","-23.7973745272"
"14","2017-02-09","0.0","0.0","0.0","0.0","-46.761205033","-23.7973745272"
"14","2017-02-10","0.0","0.0","0.0","0.0","-46.761205033","-23.7973745272"
"14","2017-02-11","0.0","0.0","0.0","0.0","-46.761205033","-23.7973745272"
"14","2017-02-12","0.0","0.0","0.0","0.0","-46.761205033","-23.7973745272"
"14","2017-02-13","0.0","0.0","0.0","0.0","-46.761205033","-23.7973745272"
"14","2017-02-14","0.0","0.0","0.0","0.0","-46.761205033","-23.7973745272"
"14","2017-02-15","0.0","0.0","0.0","0.0","-46.761205033","-23.7973745272"
"14","2017-02-16","","","","-1.0","-46.761205033","-23.7973745272"
"14","2017-02-17","0.0","0.11","0.0","-288.0","-46.761205033","-23.7973745272"
"14","2017-02-18","0.0","0.0","0.0","-287.0","-46.761205033","-23.7973745272"
"14","2017-02-19","0.0","0.0","0.0","0.0","-46.761205033","-23.7973745272"
"14","2017-02-20","0.0","0.0","0.0","0.0","-46.761205033","-23.7973745272"
"14","2017-02-21","","","","-1.0","-46.761205033","-23.7973745272"
"14","2017-02-22","0.0","9.32","0.41","-288.0","-46.761205033","-23.7973745272"
"14","2017-02-23","0.15","129.94","19.1","-288.0","-46.761205033","-23.7973745272"
"14","2017-02-24","4.06","210.57","48.84","-288.0","-46.761205033","-23.7973745272"
"14","2017-02-25","0.01","8.44","1.36","-288.0","-46.761205033","-23.7973745272"
"14","2017-02-26","0.0","21.35","1.31","-288.0","-46.761205033","-23.7973745272"
"14","2017-02-27","0.0","17.87","1.23","-288.0","-46.761205033","-23.7973745272"
"14","2017-02-28","0.0","0.48","0.0","-288.0","-46.761205033","-23.7973745272"
"14","2017-03-01","0.0","9.92","1.31","-288.0","-46.761205033","-23.7973745272"
"14","2017-03-02","0.17","59.88","8.73","-288.0","-46.761205033","-23.7973745272"
"14","2017-03-03","0.15","22.68","2.46","-288.0","-46.761205033","-23.7973745272"
"14","2017-03-04","0.0","0.74","0.0","-288.0","-46.761205033","-23.7973745272"
"14","2017-03-05","1.67","89.94","22.34","-288.0","-46.761205033","-23.7973745272"
"14","2017-03-06","1.19","103.59","25.18","-288.0","-46.761205033","-23.7973745272"
"14","2017-03-07","3.61","97.66","26.88","-288.0","-46.761205033","-23.7973745272"
"14","2017-03-08","2.5","22.79","8.48","-288.0","-46.761205033","-23.7973745272"
"14","2017-03-09","0.0","0.0","0.0","-288.0","-46.761205033","-23.7973745272"
"14","2017-03-10","0.04","23.41","3.31","-288.0","-46.761205033","-23.7973745272"
"14","2017-03-11","0.0","0.02","0.0","-288.0","-46.761205033","-23.7973745272"
"14","2017-03-12","0.0","0.09","0.0","-288.0","-46.761205033","-23.7973745272"
"14","2017-03-13","0.0","0.55","0.0","-288.0","-46.761205033","-23.7973745272"
"14","2017-03-14","0.0","2.71","0.08","-288.0","-46.761205033","-23.7973745272"
"14","2017-03-15","0.0","9.83","0.44","-288.0","-46.761205033","-23.7973745272"
"14","2017-03-16","0.0","0.0","0.0","-288.0","-46.761205033","-23.7973745272"
"14","2017-03-17","0.64","54.61","9.49","-288.0","-46.761205033","-23.7973745272"
"14","2017-03-18","0.5","9.02","2.6","-288.0","-46.761205033","-23.7973745272"
"14","2017-03-19","1.33","15.19","4.9","-288.0","-46.761205033","-23.7973745272"
"14","2017-03-20","0.0","0.05","0.0","-287.0","-46.761205033","-23.7973745272"
"14","2017-03-21","0.0","0.0","0.0","0.0","-46.761205033","-23.7973745272"
"14","2017-03-22","0.0","0.0","0.0","0.0","-46.761205033","-23.7973745272"
"14","2017-03-23","","","","-1.0","-46.761205033","-23.7973745272"
"14","2017-03-24","0.0","0.0","0.0","-288.0","-46.761205033","-23.7973745272"
"14","2017-03-25","0.02","4.84","0.71","-287.0","-46.761205033","-23.7973745272"
"14","2017-03-26","","","","-1.0","-46.761205033","-23.7973745272"
"14","2017-03-27","0.01","4.59","0.66","-288.0","-46.761205033","-23.7973745272"
"14","2017-03-28","0.04","5.18","0.89","-288.0","-46.761205033","-23.7973745272"
"14","2017-03-29","0.0","0.29","0.02","-287.0","-46.761205033","-23.7973745272"
"14","2017-03-30","0.0","0.0","0.0","0.0","-46.761205033","-23.7973745272"
"14","2017-03-31","0.0","0.0","0.0","0.0","-46.761205033","-23.7973745272"
"14","2017-04-01","0.0","0.0","0.0","0.0","-46.761205033","-23.7973745272"
"14","2017-04-02","0.0","0.0","0.0","0.0","-46.761205033","-23.7973745272"
"14","2017-04-03","0.0","0.0","0.0","0.0","-46.761205033","-23.7973745272"
"14","2017-04-04","","","","-1.0","-46.761205033","-23.7973745272"
"14","2017-04-05","0.0","0.0","0.0","-288.0","-46.761205033","-23.7973745272"
"14","2017-04-06","5.57","125.79","28.76","-288.0","-46.761205033","-23.7973745272"
"14","2017-04-07","4.29","89.64","25.67","-288.0","-46.761205033","-23.7973745272"
"14","2017-04-08","0.0","9.07","0.85","-287.0","-46.761205033","-23.7973745272"
"14","2017-04-09","","","","-1.0","-46.761205033","-23.7973745272"
"14","2017-04-10","0.0","0.11","0.0","-288.0","-46.761205033","-23.7973745272"
"14","2017-04-11","0.0","0.72","0.18","-288.0","-46.761205033","-23.7973745272"
"14","2017-04-12","0.42","20.31","4.45","-287.0","-46.761205033","-23.7973745272"
"14","2017-04-13","0.0","0.0","0.0","0.0","-46.761205033","-23.7973745272"
"14","2017-04-14","0.0","0.0","0.0","0.0","-46.761205033","-23.7973745272"
"14","2017-04-15","0.0","0.0","0.0","0.0","-46.761205033","-23.7973745272"
"14","2017-04-16","","","","-1.0","-46.761205033","-23.7973745272"
"14","2017-04-17","0.0","0.27","0.01","-287.0","-46.761205033","-23.7973745272"
"14","2017-04-18","0.0","0.0","0.0","0.0","-46.761205033","-23.7973745272"
"14","2017-04-19","0.0","0.0","0.0","0.0","-46.761205033","-23.7973745272"
"14","2017-04-20","","","","-1.0","-46.761205033","-23.7973745272"
"14","2017-04-21","4.27","59.97","20.85","-288.0","-46.761205033","-23.7973745272"
"14","2017-04-22","0.76","6.67","2.8","-287.0","-46.761205033","-23.7973745272"
"14","2017-04-23","0.0","0.0","0.0","0.0","-46.761205033","-23.7973745272"
"14","2017-04-24","0.0","0.0","0.0","0.0","-46.761205033","-23.7973745272"
"14","2017-04-25","","","","-1.0","-46.761205033","-23.7973745272"
"14","2017-04-26","4.69","56.49","19.74","-288.0","-46.761205033","-23.7973745272"
"14","2017-04-27","0.22","3.33","1.01","-287.0","-46.761205033","-23.7973745272"
"14","2017-04-28","0.0","0.0","0.0","0.0","-46.761205033","-23.7973745272"
"14","2017-04-29","0.0","0.0","0.0","0.0","-46.761205033","-23.7973745272"
"14","2017-04-30","0.0","0.0","0.0","0.0","-46.761205033","-23.7973745272"
"14","2017-05-01","","","","-1.0","-46.761205033","-23.7973745272"
"14","2017-05-02","0.0","0.15","0.0","-287.0","-46.761205033","-23.7973745272"
"14","2017-05-03","0.0","0.0","0.0","0.0","-46.761205033","-23.7973745272"
"14","2017-05-04","","","","-1.0","-46.761205033","-23.7973745272"
"14","2017-05-05","3.3","72.55","21.9","-288.0","-46.761205033","-23.7973745272"
"14","2017-05-06","0.65","10.59","2.99","-288.0","-46.761205033","-23.7973745272"
"14","2017-05-07","0.0","0.73","0.09","-287.0","-46.761205033","-23.7973745272"
"14","2017-05-08","0.0","0.0","0.0","0.0","-46.761205033","-23.7973745272"
"14","2017-05-09","0.0","0.0","0.0","0.0","-46.761205033","-23.7973745272"
"14","2017-05-10","0.0","0.0","0.0","0.0","-46.761205033","-23.7973745272"
"14","2017-05-11","0.0","0.0","0.0","0.0","-46.761205033","-23.7973745272"
"14","2017-05-12","0.0","0.0","0.0","0.0","-46.761205033","-23.7973745272"
"14","2017-05-13","","","","-1.0","-46.761205033","-23.7973745272"
"14","2017-05-14","0.0","1.25","0.17","-287.0","-46.761205033","-23.7973745272"
"14","2017-05-15","0.0","0.0","0.0","0.0","-46.761205033","-23.7973745272"
"14","2017-05-16","0.0","0.0","0.0","0.0","-46.761205033","-23.7973745272"
"14","2017-05-17","","","","-1.0","-46.761205033","-23.7973745272"
"14","2017-05-18","0.52","8.97","3.06","-288.0","-46.761205033","-23.7973745272"
"14","2017-05-19","12.53","132.51","41.77","-288.0","-46.761205033","-23.7973745272"
"14","2017-05-20","0.03","0.91","0.23","-288.0","-46.761205033","-23.7973745272"
"14","2017-05-21","8.17","81.44","29.52","-288.0","-46.761205033","-23.7973745272"
"14","2017-05-22","1.16","32.59","6.92","-287.0","-46.761205033","-23.7973745272"
"14","2017-05-23","0.0","0.0","0.0","0.0","-46.761205033","-23.7973745272"
"14","2017-05-24","0.0","0.0","0.0","0.0","-46.761205033","-23.7973745272"
"14","2017-05-25","0.0","0.0","0.0","0.0","-46.761205033","-23.7973745272"
"14","2017-05-26","0.0","0.0","0.0","0.0","-46.761205033","-23.7973745272"
"14","2017-05-27","0.0","0.0","0.0","0.0","-46.761205033","-23.7973745272"
"14","2017-05-28","0.0","0.0","0.0","0.0","-46.761205033","-23.7973745272"
"14","2017-05-29","0.0","0.0","0.0","0.0","-46.761205033","-23.7973745272"
"14","2017-05-30","0.0","0.0","0.0","0.0","-46.761205033","-23.7973745272"
"14","2017-05-31","0.0","0.0","0.0","0.0","-46.761205033","-23.7973745272"
"14","2017-06-01","0.0","0.0","0.0","0.0","-46.761205033","-23.7973745272"
"14","2017-06-02","0.0","0.0","0.0","0.0","-46.761205033","-23.7973745272"
"14","2017-06-03","0.0","0.0","0.0","0.0","-46.761205033","-23.7973745272"
"14","2017-06-04","","","","-1.0","-46.761205033","-23.7973745272"
"14","2017-06-05","16.35","144.79","55.68","-288.0","-46.761205033","-23.7973745272"
"14","2017-06-06","9.82","133.93","41.42","-288.0","-46.761205033","-23.7973745272"
"14","2017-06-07","2.96","26.47","9.93","-287.0","-46.761205033","-23.7973745272"
"14","2017-06-08","","","","-1.0","-46.761205033","-23.7973745272"
"14","2017-06-09","0.06","15.09","2.53","-288.0","-46.761205033","-23.7973745272"
"14","2017-06-10","0.0","0.0","0.0","-287.0","-46.761205033","-23.7973745272"
"14","2017-06-11","","","","-1.0","-46.761205033","-23.7973745272"
"14","2017-06-12","0.0","0.05","0.0","-288.0","-46.761205033","-23.7973745272"
"14","2017-06-13","6.38","122.45","37.31","-288.0","-46.761205033","-23.7973745272"
"14","2017-06-14","0.33","6.58","1.67","-287.0","-46.761205033","-23.7973745272"
"15","2016-10-31","","","","-1.0","-46.6927513265","-23.8010791065"
"15","2016-11-01","0.0","3.85","0.06","-288.0","-46.6927513265","-23.8010791065"
"15","2016-11-02","0.05","38.82","7.18","-288.0","-46.6927513265","-23.8010791065"
"15","2016-11-03","0.64","38.8","6.27","-288.0","-46.6927513265","-23.8010791065"
"15","2016-11-04","0.01","4.03","0.26","-288.0","-46.6927513265","-23.8010791065"
"15","2016-11-05","0.0","0.0","0.0","-288.0","-46.6927513265","-23.8010791065"
"15","2016-11-06","0.0","0.63","0.0","-288.0","-46.6927513265","-23.8010791065"
"15","2016-11-07","0.0","7.37","0.47","-288.0","-46.6927513265","-23.8010791065"
"15","2016-11-08","0.0","6.73","0.07","-288.0","-46.6927513265","-23.8010791065"
"15","2016-11-09","4.09","118.95","32.2","-288.0","-46.6927513265","-23.8010791065"
"15","2016-11-10","2.01","56.8","12.06","-288.0","-46.6927513265","-23.8010791065"
"15","2016-11-11","0.01","23.8","4.09","-288.0","-46.6927513265","-23.8010791065"
"15","2016-11-12","0.0","3.19","0.04","-288.0","-46.6927513265","-23.8010791065"
"15","2016-11-13","6.57","54.44","21.47","-288.0","-46.6927513265","-23.8010791065"
"15","2016-11-14","4.78","30.87","12.28","-287.0","-46.6927513265","-23.8010791065"
"15","2016-11-15","","","","-1.0","-46.6927513265","-23.8010791065"
"15","2016-11-16","0.66","49.44","10.89","-288.0","-46.6927513265","-23.8010791065"
"15","2016-11-17","0.08","16.63","2.6","-288.0","-46.6927513265","-23.8010791065"
"15","2016-11-18","0.02","6.77","0.73","-287.0","-46.6927513265","-23.8010791065"
"15","2016-11-19","0.0","0.0","0.0","0.0","-46.6927513265","-23.8010791065"
"15","2016-11-20","0.0","0.0","0.0","0.0","-46.6927513265","-23.8010791065"
"15","2016-11-21","0.0","0.0","0.0","0.0","-46.6927513265","-23.8010791065"
"15","2016-11-22","","","","-1.0","-46.6927513265","-23.8010791065"
"15","2016-11-23","0.9","78.04","16.18","-288.0","-46.6927513265","-23.8010791065"
"15","2016-11-24","0.0","0.01","0.0","-287.0","-46.6927513265","-23.8010791065"
"15","2016-11-25","0.0","0.0","0.0","0.0","-46.6927513265","-23.8010791065"
"15","2016-11-26","","","","-1.0","-46.6927513265","-23.8010791065"
"15","2016-11-27","0.0","5.88","0.12","-288.0","-46.6927513265","-23.8010791065"
"15","2016-11-28","0.04","41.04","4.85","-288.0","-46.6927513265","-23.8010791065"
"15","2016-11-29","1.63","22.54","6.66","-288.0","-46.6927513265","-23.8010791065"
"15","2016-11-30","0.0","0.02","0.0","-287.0","-46.6927513265","-23.8010791065"
"15","2016-12-01","0.0","0.0","0.0","0.0","-46.6927513265","-23.8010791065"
"15","2016-12-02","","","","-1.0","-46.6927513265","-23.8010791065"
"15","2016-12-03","1.34","48.36","10.39","-288.0","-46.6927513265","-23.8010791065"
"15","2016-12-04","0.08","22.89","3.85","-288.0","-46.6927513265","-23.8010791065"
"15","2016-12-05","0.0","0.01","0.0","-287.0","-46.6927513265","-23.8010791065"
"15","2016-12-06","","","","-1.0","-46.6927513265","-23.8010791065"
"15","2016-12-07","1.48","73.58","22.38","-288.0","-46.6927513265","-23.8010791065"
"15","2016-12-08","0.0","2.03","0.02","-288.0","-46.6927513265","-23.8010791065"
"15","2016-12-09","0.0","28.51","1.42","-288.0","-46.6927513265","-23.8010791065"
"15","2016-12-10","1.18","14.65","4.41","-288.0","-46.6927513265","-23.8010791065"
"15","2016-12-11","1.59","72.28","14.03","-288.0","-46.6927513265","-23.8010791065"
"15","2016-12-12","0.9","127.18","23.15","-288.0","-46.6927513265","-23.8010791065"
"15","2016-12-13","0.0","9.28","0.38","-288.0","-46.6927513265","-23.8010791065"
"15","2016-12-14","0.0","9.61","0.09","-288.0","-46.6927513265","-23.8010791065"
"15","2016-12-15","0.0","0.0","0.0","-287.0","-46.6927513265","-23.8010791065"
"15","2016-12-16","0.0","0.0","0.0","0.0","-46.6927513265","-23.8010791065"
"15","2016-12-17","","","","-1.0","-46.6927513265","-23.8010791065"
"15","2016-12-18","0.0","6.45","0.08","-288.0","-46.6927513265","-23.8010791065"
"15","2016-12-19","1.18","79.57","24.65","-288.0","-46.6927513265","-23.8010791065"
"15","2016-12-20","0.71","53.8","14.02","-288.0","-46.6927513265","-23.8010791065"
"15","2016-12-21","1.78","102.68","23.15","-288.0","-46.6927513265","-23.8010791065"
"15","2016-12-22","0.0","1.31","0.02","-288.0","-46.6927513265","-23.8010791065"
"15","2016-12-23","0.03","61.32","4.76","-288.0","-46.6927513265","-23.8010791065"
"15","2016-12-24","0.08","19.94","1.57","-288.0","-46.6927513265","-23.8010791065"
"15","2016-12-25","0.0","3.06","0.04","-288.0","-46.6927513265","-23.8010791065"
"15","2016-12-26","0.0","0.36","0.0","-288.0","-46.6927513265","-23.8010791065"
"15","2016-12-27","0.0","7.01","0.49","-288.0","-46.6927513265","-23.8010791065"
"15","2016-12-28","0.0","10.06","0.12","-288.0","-46.6927513265","-23.8010791065"
"15","2016-12-29","0.21","53.48","7.51","-288.0","-46.6927513265","-23.8010791065"
"15","2016-12-30","0.0","0.55","0.03","-288.0","-46.6927513265","-23.8010791065"
"15","2016-12-31","0.0","2.77","0.06","-287.0","-46.6927513265","-23.8010791065"
"15","2017-01-01","","","","-1.0","-46.6927513265","-23.8010791065"
"15","2017-01-02","0.79","81.39","13.44","-288.0","-46.6927513265","-23.8010791065"
"15","2017-01-03","0.0","5.6","0.23","-288.0","-46.6927513265","-23.8010791065"
"15","2017-01-04","0.0","3.98","0.42","-288.0","-46.6927513265","-23.8010791065"
"15","2017-01-05","0.0","1.15","0.07","-288.0","-46.6927513265","-23.8010791065"
"15","2017-01-06","0.61","42.72","8.82","-288.0","-46.6927513265","-23.8010791065"
"15","2017-01-07","1.02","50.63","10.58","-288.0","-46.6927513265","-23.8010791065"
"15","2017-01-08","0.42","48.65","6.52","-288.0","-46.6927513265","-23.8010791065"
"15","2017-01-09","0.0","8.86","0.91","-288.0","-46.6927513265","-23.8010791065"
"15","2017-01-10","0.18","11.04","2.12","-288.0","-46.6927513265","-23.8010791065"
"15","2017-01-11","0.08","27.0","2.88","-288.0","-46.6927513265","-23.8010791065"
"15","2017-01-12","0.64","109.74","10.18","-288.0","-46.6927513265","-23.8010791065"
"15","2017-01-13","0.0","2.02","0.02","-288.0","-46.6927513265","-23.8010791065"
"15","2017-01-14","0.0","0.25","0.0","-288.0","-46.6927513265","-23.8010791065"
"15","2017-01-15","0.0","30.21","1.45","-288.0","-46.6927513265","-23.8010791065"
"15","2017-01-16","3.92","111.15","27.58","-288.0","-46.6927513265","-23.8010791065"
"15","2017-01-17","6.15","87.34","25.59","-288.0","-46.6927513265","-23.8010791065"
"15","2017-01-18","8.5","128.58","38.39","-288.0","-46.6927513265","-23.8010791065"
"15","2017-01-19","7.3","164.27","44.34","-288.0","-46.6927513265","-23.8010791065"
"15","2017-01-20","3.34","105.59","19.82","-288.0","-46.6927513265","-23.8010791065"
"15","2017-01-21","2.46","106.86","18.79","-288.0","-46.6927513265","-23.8010791065"
"15","2017-01-22","1.51","38.59","9.55","-288.0","-46.6927513265","-23.8010791065"
"15","2017-01-23","0.11","29.16","2.44","-288.0","-46.6927513265","-23.8010791065"
"15","2017-01-24","0.0","42.15","9.71","-288.0","-46.6927513265","-23.8010791065"
"15","2017-01-25","0.0","0.88","0.06","-288.0","-46.6927513265","-23.8010791065"
"15","2017-01-26","4.99","65.26","19.78","-288.0","-46.6927513265","-23.8010791065"
"15","2017-01-27","1.11","38.73","7.31","-288.0","-46.6927513265","-23.8010791065"
"15","2017-01-28","0.0","2.04","0.11","-288.0","-46.6927513265","-23.8010791065"
"15","2017-01-29","0.0","1.94","0.02","-288.0","-46.6927513265","-23.8010791065"
"15","2017-01-30","0.0","1.29","0.05","-288.0","-46.6927513265","-23.8010791065"
"15","2017-01-31","0.02","3.84","0.45","-288.0","-46.6927513265","-23.8010791065"
"15","2017-02-01","3.3","87.92","20.9","-288.0","-46.6927513265","-23.8010791065"
"15","2017-02-02","1.49","38.23","9.43","-288.0","-46.6927513265","-23.8010791065"
"15","2017-02-03","0.33","14.35","2.74","-288.0","-46.6927513265","-23.8010791065"
"15","2017-02-04","0.06","52.07","8.95","-288.0","-46.6927513265","-23.8010791065"
"15","2017-02-05","0.02","31.08","5.01","-288.0","-46.6927513265","-23.8010791065"
"15","2017-02-06","2.19","46.11","10.13","-288.0","-46.6927513265","-23.8010791065"
"15","2017-02-07","0.0","7.61","0.6","-288.0","-46.6927513265","-23.8010791065"
"15","2017-02-08","0.0","0.95","0.01","-287.0","-46.6927513265","-23.8010791065"
"15","2017-02-09","0.0","0.0","0.0","0.0","-46.6927513265","-23.8010791065"
"15","2017-02-10","0.0","0.0","0.0","0.0","-46.6927513265","-23.8010791065"
"15","2017-02-11","0.0","0.0","0.0","0.0","-46.6927513265","-23.8010791065"
"15","2017-02-12","0.0","0.0","0.0","0.0","-46.6927513265","-23.8010791065"
"15","2017-02-13","0.0","0.0","0.0","0.0","-46.6927513265","-23.8010791065"
"15","2017-02-14","0.0","0.0","0.0","0.0","-46.6927513265","-23.8010791065"
"15","2017-02-15","0.0","0.0","0.0","0.0","-46.6927513265","-23.8010791065"
"15","2017-02-16","","","","-1.0","-46.6927513265","-23.8010791065"
"15","2017-02-17","0.0","0.85","0.01","-288.0","-46.6927513265","-23.8010791065"
"15","2017-02-18","0.0","0.09","0.0","-287.0","-46.6927513265","-23.8010791065"
"15","2017-02-19","0.0","0.0","0.0","0.0","-46.6927513265","-23.8010791065"
"15","2017-02-20","0.0","0.0","0.0","0.0","-46.6927513265","-23.8010791065"
"15","2017-02-21","","","","-1.0","-46.6927513265","-23.8010791065"
"15","2017-02-22","0.0","0.52","0.0","-288.0","-46.6927513265","-23.8010791065"
"15","2017-02-23","0.26","127.91","22.72","-288.0","-46.6927513265","-23.8010791065"
"15","2017-02-24","3.48","157.91","27.69","-288.0","-46.6927513265","-23.8010791065"
"15","2017-02-25","0.0","6.43","0.6","-288.0","-46.6927513265","-23.8010791065"
"15","2017-02-26","0.0","11.2","0.35","-288.0","-46.6927513265","-23.8010791065"
"15","2017-02-27","0.0","21.01","1.51","-288.0","-46.6927513265","-23.8010791065"
"15","2017-02-28","0.0","0.86","0.01","-288.0","-46.6927513265","-23.8010791065"
"15","2017-03-01","0.0","7.82","0.19","-288.0","-46.6927513265","-23.8010791065"
"15","2017-03-02","0.16","152.6","24.68","-288.0","-46.6927513265","-23.8010791065"
"15","2017-03-03","0.03","15.71","1.79","-288.0","-46.6927513265","-23.8010791065"
"15","2017-03-04","0.0","2.6","0.04","-288.0","-46.6927513265","-23.8010791065"
"15","2017-03-05","2.06","98.77","24.44","-288.0","-46.6927513265","-23.8010791065"
"15","2017-03-06","1.15","121.83","25.17","-288.0","-46.6927513265","-23.8010791065"
"15","2017-03-07","4.23","162.49","48.14","-288.0","-46.6927513265","-23.8010791065"
"15","2017-03-08","3.17","29.35","9.4","-288.0","-46.6927513265","-23.8010791065"
"15","2017-03-09","0.0","0.0","0.0","-288.0","-46.6927513265","-23.8010791065"
"15","2017-03-10","0.0","1.71","0.19","-288.0","-46.6927513265","-23.8010791065"
"15","2017-03-11","0.0","0.32","0.0","-288.0","-46.6927513265","-23.8010791065"
"15","2017-03-12","0.0","0.14","0.0","-288.0","-46.6927513265","-23.8010791065"
"15","2017-03-13","0.0","0.59","0.02","-288.0","-46.6927513265","-23.8010791065"
"15","2017-03-14","0.0","1.75","0.01","-288.0","-46.6927513265","-23.8010791065"
"15","2017-03-15","0.0","8.83","0.45","-288.0","-46.6927513265","-23.8010791065"
"15","2017-03-16","0.0","1.63","0.03","-288.0","-46.6927513265","-23.8010791065"
"15","2017-03-17","0.57","38.02","6.09","-288.0","-46.6927513265","-23.8010791065"
"15","2017-03-18","0.45","7.32","2.27","-288.0","-46.6927513265","-23.8010791065"
"15","2017-03-19","0.68","11.78","3.1","-288.0","-46.6927513265","-23.8010791065"
"15","2017-03-20","0.0","0.14","0.0","-287.0","-46.6927513265","-23.8010791065"
"15","2017-03-21","0.0","0.0","0.0","0.0","-46.6927513265","-23.8010791065"
"15","2017-03-22","0.0","0.0","0.0","0.0","-46.6927513265","-23.8010791065"
"15","2017-03-23","","","","-1.0","-46.6927513265","-23.8010791065"
"15","2017-03-24","0.0","0.01","0.0","-288.0","-46.6927513265","-23.8010791065"
"15","2017-03-25","0.0","3.41","0.52","-287.0","-46.6927513265","-23.8010791065"
"15","2017-03-26","","","","-1.0","-46.6927513265","-23.8010791065"
"15","2017-03-27","0.0","6.0","0.61","-288.0","-46.6927513265","-23.8010791065"
"15","2017-03-28","0.01","13.45","0.95","-288.0","-46.6927513265","-23.8010791065"
"15","2017-03-29","0.0","1.26","0.14","-287.0","-46.6927513265","-23.8010791065"
"15","2017-03-30","0.0","0.0","0.0","0.0","-46.6927513265","-23.8010791065"
"15","2017-03-31","0.0","0.0","0.0","0.0","-46.6927513265","-23.8010791065"
"15","2017-04-01","0.0","0.0","0.0","0.0","-46.6927513265","-23.8010791065"
"15","2017-04-02","0.0","0.0","0.0","0.0","-46.6927513265","-23.8010791065"
"15","2017-04-03","0.0","0.0","0.0","0.0","-46.6927513265","-23.8010791065"
"15","2017-04-04","","","","-1.0","-46.6927513265","-23.8010791065"
"15","2017-04-05","0.0","0.0","0.0","-288.0","-46.6927513265","-23.8010791065"
"15","2017-04-06","5.15","137.22","35.85","-288.0","-46.6927513265","-23.8010791065"
"15","2017-04-07","3.73","97.75","25.56","-288.0","-46.6927513265","-23.8010791065"
"15","2017-04-08","0.0","7.9","0.75","-287.0","-46.6927513265","-23.8010791065"
"15","2017-04-09","","","","-1.0","-46.6927513265","-23.8010791065"
"15","2017-04-10","0.0","0.06","0.0","-288.0","-46.6927513265","-23.8010791065"
"15","2017-04-11","0.0","1.08","0.1","-288.0","-46.6927513265","-23.8010791065"
"15","2017-04-12","0.11","19.17","2.89","-287.0","-46.6927513265","-23.8010791065"
"15","2017-04-13","0.0","0.0","0.0","0.0","-46.6927513265","-23.8010791065"
"15","2017-04-14","0.0","0.0","0.0","0.0","-46.6927513265","-23.8010791065"
"15","2017-04-15","0.0","0.0","0.0","0.0","-46.6927513265","-23.8010791065"
"15","2017-04-16","","","","-1.0","-46.6927513265","-23.8010791065"
"15","2017-04-17","0.0","1.0","0.02","-287.0","-46.6927513265","-23.8010791065"
"15","2017-04-18","0.0","0.0","0.0","0.0","-46.6927513265","-23.8010791065"
"15","2017-04-19","0.0","0.0","0.0","0.0","-46.6927513265","-23.8010791065"
"15","2017-04-20","","","","-1.0","-46.6927513265","-23.8010791065"
"15","2017-04-21","2.9","46.65","13.69","-288.0","-46.6927513265","-23.8010791065"
"15","2017-04-22","0.92","9.87","3.24","-287.0","-46.6927513265","-23.8010791065"
"15","2017-04-23","0.0","0.0","0.0","0.0","-46.6927513265","-23.8010791065"
"15","2017-04-24","0.0","0.0","0.0","0.0","-46.6927513265","-23.8010791065"
"15","2017-04-25","","","","-1.0","-46.6927513265","-23.8010791065"
"15","2017-04-26","4.09","60.41","16.97","-288.0","-46.6927513265","-23.8010791065"
"15","2017-04-27","0.16","4.77","1.14","-287.0","-46.6927513265","-23.8010791065"
"15","2017-04-28","0.0","0.0","0.0","0.0","-46.6927513265","-23.8010791065"
"15","2017-04-29","0.0","0.0","0.0","0.0","-46.6927513265","-23.8010791065"
"15","2017-04-30","0.0","0.0","0.0","0.0","-46.6927513265","-23.8010791065"
"15","2017-05-01","","","","-1.0","-46.6927513265","-23.8010791065"
"15","2017-05-02","0.0","2.19","0.03","-287.0","-46.6927513265","-23.8010791065"
"15","2017-05-03","0.0","0.0","0.0","0.0","-46.6927513265","-23.8010791065"
"15","2017-05-04","","","","-1.0","-46.6927513265","-23.8010791065"
"15","2017-05-05","5.08","83.6","27.87","-288.0","-46.6927513265","-23.8010791065"
"15","2017-05-06","0.88","15.84","4.12","-288.0","-46.6927513265","-23.8010791065"
"15","2017-05-07","0.0","2.38","0.22","-287.0","-46.6927513265","-23.8010791065"
"15","2017-05-08","0.0","0.0","0.0","0.0","-46.6927513265","-23.8010791065"
"15","2017-05-09","0.0","0.0","0.0","0.0","-46.6927513265","-23.8010791065"
"15","2017-05-10","0.0","0.0","0.0","0.0","-46.6927513265","-23.8010791065"
"15","2017-05-11","0.0","0.0","0.0","0.0","-46.6927513265","-23.8010791065"
"15","2017-05-12","0.0","0.0","0.0","0.0","-46.6927513265","-23.8010791065"
"15","2017-05-13","","","","-1.0","-46.6927513265","-23.8010791065"
"15","2017-05-14","0.0","1.95","0.26","-287.0","-46.6927513265","-23.8010791065"
"15","2017-05-15","0.0","0.0","0.0","0.0","-46.6927513265","-23.8010791065"
"15","2017-05-16","0.0","0.0","0.0","0.0","-46.6927513265","-23.8010791065"
"15","2017-05-17","","","","-1.0","-46.6927513265","-23.8010791065"
"15","2017-05-18","0.42","17.04","2.78","-288.0","-46.6927513265","-23.8010791065"
"15","2017-05-19","11.13","136.13","41.75","-288.0","-46.6927513265","-23.8010791065"
"15","2017-05-20","0.0","0.65","0.13","-288.0","-46.6927513265","-23.8010791065"
"15","2017-05-21","6.59","99.67","29.92","-288.0","-46.6927513265","-23.8010791065"
"15","2017-05-22","0.99","35.75","7.09","-287.0","-46.6927513265","-23.8010791065"
"15","2017-05-23","0.0","0.0","0.0","0.0","-46.6927513265","-23.8010791065"
"15","2017-05-24","0.0","0.0","0.0","0.0","-46.6927513265","-23.8010791065"
"15","2017-05-25","0.0","0.0","0.0","0.0","-46.6927513265","-23.8010791065"
"15","2017-05-26","0.0","0.0","0.0","0.0","-46.6927513265","-23.8010791065"
"15","2017-05-27","0.0","0.0","0.0","0.0","-46.6927513265","-23.8010791065"
"15","2017-05-28","0.0","0.0","0.0","0.0","-46.6927513265","-23.8010791065"
"15","2017-05-29","0.0","0.0","0.0","0.0","-46.6927513265","-23.8010791065"
"15","2017-05-30","0.0","0.0","0.0","0.0","-46.6927513265","-23.8010791065"
"15","2017-05-31","0.0","0.0","0.0","0.0","-46.6927513265","-23.8010791065"
"15","2017-06-01","0.0","0.0","0.0","0.0","-46.6927513265","-23.8010791065"
"15","2017-06-02","0.0","0.0","0.0","0.0","-46.6927513265","-23.8010791065"
"15","2017-06-03","0.0","0.0","0.0","0.0","-46.6927513265","-23.8010791065"
"15","2017-06-04","","","","-1.0","-46.6927513265","-23.8010791065"
"15","2017-06-05","12.44","148.1","52.3","-288.0","-46.6927513265","-23.8010791065"
"15","2017-06-06","8.55","150.4","40.38","-288.0","-46.6927513265","-23.8010791065"
"15","2017-06-07","2.26","29.7","9.02","-287.0","-46.6927513265","-23.8010791065"
"15","2017-06-08","","","","-1.0","-46.6927513265","-23.8010791065"
"15","2017-06-09","0.2","21.82","2.7","-288.0","-46.6927513265","-23.8010791065"
"15","2017-06-10","0.0","0.63","0.01","-287.0","-46.6927513265","-23.8010791065"
"15","2017-06-11","","","","-1.0","-46.6927513265","-23.8010791065"
"15","2017-06-12","0.0","0.2","0.0","-288.0","-46.6927513265","-23.8010791065"
"15","2017-06-13","4.88","121.62","31.13","-288.0","-46.6927513265","-23.8010791065"
"15","2017-06-14","0.28","9.08","2.15","-287.0","-46.6927513265","-23.8010791065"
"16","2016-10-31","","","","-1.0","-46.638870548","-23.800540141"
"16","2016-11-01","0.0","0.02","0.0","-288.0","-46.638870548","-23.800540141"
"16","2016-11-02","1.3","25.76","6.77","-288.0","-46.638870548","-23.800540141"
"16","2016-11-03","1.38","33.54","9.29","-288.0","-46.638870548","-23.800540141"
"16","2016-11-04","0.05","3.75","0.42","-288.0","-46.638870548","-23.800540141"
"16","2016-11-05","0.0","0.0","0.0","-288.0","-46.638870548","-23.800540141"
"16","2016-11-06","0.0","0.02","0.0","-288.0","-46.638870548","-23.800540141"
"16","2016-11-07","0.0","0.1","0.0","-288.0","-46.638870548","-23.800540141"
"16","2016-11-08","0.0","0.06","0.0","-288.0","-46.638870548","-23.800540141"
"16","2016-11-09","6.64","109.22","35.4","-288.0","-46.638870548","-23.800540141"
"16","2016-11-10","2.29","41.14","10.51","-288.0","-46.638870548","-23.800540141"
"16","2016-11-11","0.82","23.07","6.69","-288.0","-46.638870548","-23.800540141"
"16","2016-11-12","0.0","0.44","0.01","-288.0","-46.638870548","-23.800540141"
"16","2016-11-13","8.2","46.31","22.71","-288.0","-46.638870548","-23.800540141"
"16","2016-11-14","5.65","23.68","11.99","-287.0","-46.638870548","-23.800540141"
"16","2016-11-15","","","","-1.0","-46.638870548","-23.800540141"
"16","2016-11-16","2.09","36.49","9.07","-288.0","-46.638870548","-23.800540141"
"16","2016-11-17","0.19","11.0","2.35","-288.0","-46.638870548","-23.800540141"
"16","2016-11-18","0.04","1.57","0.33","-287.0","-46.638870548","-23.800540141"
"16","2016-11-19","0.0","0.0","0.0","0.0","-46.638870548","-23.800540141"
"16","2016-11-20","0.0","0.0","0.0","0.0","-46.638870548","-23.800540141"
"16","2016-11-21","0.0","0.0","0.0","0.0","-46.638870548","-23.800540141"
"16","2016-11-22","","","","-1.0","-46.638870548","-23.800540141"
"16","2016-11-23","2.6","46.82","18.8","-288.0","-46.638870548","-23.800540141"
"16","2016-11-24","0.0","0.0","0.0","-287.0","-46.638870548","-23.800540141"
"16","2016-11-25","0.0","0.0","0.0","0.0","-46.638870548","-23.800540141"
"16","2016-11-26","","","","-1.0","-46.638870548","-23.800540141"
"16","2016-11-27","0.0","0.17","0.01","-288.0","-46.638870548","-23.800540141"
"16","2016-11-28","0.09","8.03","1.56","-288.0","-46.638870548","-23.800540141"
"16","2016-11-29","2.01","17.09","6.17","-288.0","-46.638870548","-23.800540141"
"16","2016-11-30","0.0","0.03","0.0","-287.0","-46.638870548","-23.800540141"
"16","2016-12-01","0.0","0.0","0.0","0.0","-46.638870548","-23.800540141"
"16","2016-12-02","","","","-1.0","-46.638870548","-23.800540141"
"16","2016-12-03","3.16","37.88","11.74","-288.0","-46.638870548","-23.800540141"
"16","2016-12-04","0.44","14.11","3.81","-288.0","-46.638870548","-23.800540141"
"16","2016-12-05","0.0","0.03","0.0","-287.0","-46.638870548","-23.800540141"
"16","2016-12-06","","","","-1.0","-46.638870548","-23.800540141"
"16","2016-12-07","2.53","54.82","16.64","-288.0","-46.638870548","-23.800540141"
"16","2016-12-08","0.0","0.44","0.05","-288.0","-46.638870548","-23.800540141"
"16","2016-12-09","0.0","1.79","0.22","-288.0","-46.638870548","-23.800540141"
"16","2016-12-10","1.6","12.43","4.58","-288.0","-46.638870548","-23.800540141"
"16","2016-12-11","2.21","40.76","11.0","-288.0","-46.638870548","-23.800540141"
"16","2016-12-12","3.21","88.5","26.79","-288.0","-46.638870548","-23.800540141"
"16","2016-12-13","0.0","0.78","0.05","-288.0","-46.638870548","-23.800540141"
"16","2016-12-14","0.0","14.93","0.25","-288.0","-46.638870548","-23.800540141"
"16","2016-12-15","0.0","0.0","0.0","-287.0","-46.638870548","-23.800540141"
"16","2016-12-16","0.0","0.0","0.0","0.0","-46.638870548","-23.800540141"
"16","2016-12-17","","","","-1.0","-46.638870548","-23.800540141"
"16","2016-12-18","0.0","0.06","0.0","-288.0","-46.638870548","-23.800540141"
"16","2016-12-19","3.51","49.05","17.77","-288.0","-46.638870548","-23.800540141"
"16","2016-12-20","1.23","43.28","14.5","-288.0","-46.638870548","-23.800540141"
"16","2016-12-21","13.25","110.84","50.89","-288.0","-46.638870548","-23.800540141"
"16","2016-12-22","0.0","0.07","0.0","-288.0","-46.638870548","-23.800540141"
"16","2016-12-23","0.63","138.26","21.05","-288.0","-46.638870548","-23.800540141"
"16","2016-12-24","0.03","3.44","0.94","-288.0","-46.638870548","-23.800540141"
"16","2016-12-25","0.0","0.0","0.0","-288.0","-46.638870548","-23.800540141"
"16","2016-12-26","0.0","0.05","0.0","-288.0","-46.638870548","-23.800540141"
"16","2016-12-27","0.0","4.93","0.57","-288.0","-46.638870548","-23.800540141"
"16","2016-12-28","0.0","2.93","0.05","-288.0","-46.638870548","-23.800540141"
"16","2016-12-29","0.05","12.98","3.11","-288.0","-46.638870548","-23.800540141"
"16","2016-12-30","0.0","0.03","0.0","-288.0","-46.638870548","-23.800540141"
"16","2016-12-31","0.0","4.3","0.52","-287.0","-46.638870548","-23.800540141"
"16","2017-01-01","","","","-1.0","-46.638870548","-23.800540141"
"16","2017-01-02","1.54","51.2","16.81","-288.0","-46.638870548","-23.800540141"
"16","2017-01-03","0.04","1.4","0.36","-288.0","-46.638870548","-23.800540141"
"16","2017-01-04","0.0","1.62","0.14","-288.0","-46.638870548","-23.800540141"
"16","2017-01-05","0.0","0.45","0.07","-288.0","-46.638870548","-23.800540141"
"16","2017-01-06","0.88","23.47","5.9","-288.0","-46.638870548","-23.800540141"
"16","2017-01-07","0.82","32.77","6.72","-288.0","-46.638870548","-23.800540141"
"16","2017-01-08","0.37","34.41","6.72","-288.0","-46.638870548","-23.800540141"
"16","2017-01-09","0.0","2.63","0.3","-288.0","-46.638870548","-23.800540141"
"16","2017-01-10","0.17","4.15","1.28","-288.0","-46.638870548","-23.800540141"
"16","2017-01-11","0.39","26.01","5.15","-288.0","-46.638870548","-23.800540141"
"16","2017-01-12","1.41","32.69","8.79","-288.0","-46.638870548","-23.800540141"
"16","2017-01-13","0.0","5.69","0.31","-288.0","-46.638870548","-23.800540141"
"16","2017-01-14","0.0","0.0","0.0","-288.0","-46.638870548","-23.800540141"
"16","2017-01-15","0.0","10.28","1.11","-288.0","-46.638870548","-23.800540141"
"16","2017-01-16","5.05","80.15","36.45","-288.0","-46.638870548","-23.800540141"
"16","2017-01-17","7.06","66.86","26.34","-288.0","-46.638870548","-23.800540141"
"16","2017-01-18","11.01","97.71","36.35","-288.0","-46.638870548","-23.800540141"
"16","2017-01-19","8.94","125.78","41.38","-288.0","-46.638870548","-23.800540141"
"16","2017-01-20","6.56","56.65","20.87","-288.0","-46.638870548","-23.800540141"
"16","2017-01-21","4.37","103.01","26.88","-288.0","-46.638870548","-23.800540141"
"16","2017-01-22","2.3","30.97","11.41","-288.0","-46.638870548","-23.800540141"
"16","2017-01-23","0.3","27.13","8.36","-288.0","-46.638870548","-23.800540141"
"16","2017-01-24","0.82","31.79","8.62","-288.0","-46.638870548","-23.800540141"
"16","2017-01-25","0.0","1.22","0.13","-288.0","-46.638870548","-23.800540141"
"16","2017-01-26","7.14","52.07","22.11","-288.0","-46.638870548","-23.800540141"
"16","2017-01-27","1.7","27.14","7.9","-288.0","-46.638870548","-23.800540141"
"16","2017-01-28","0.0","1.57","0.11","-288.0","-46.638870548","-23.800540141"
"16","2017-01-29","0.0","0.43","0.02","-288.0","-46.638870548","-23.800540141"
"16","2017-01-30","0.0","0.74","0.03","-288.0","-46.638870548","-23.800540141"
"16","2017-01-31","0.02","1.0","0.23","-288.0","-46.638870548","-23.800540141"
"16","2017-02-01","4.29","84.1","23.39","-288.0","-46.638870548","-23.800540141"
"16","2017-02-02","2.37","25.22","9.84","-288.0","-46.638870548","-23.800540141"
"16","2017-02-03","0.51","8.03","2.31","-288.0","-46.638870548","-23.800540141"
"16","2017-02-04","3.39","49.38","17.46","-288.0","-46.638870548","-23.800540141"
"16","2017-02-05","0.09","11.06","1.79","-288.0","-46.638870548","-23.800540141"
"16","2017-02-06","2.51","27.19","9.21","-288.0","-46.638870548","-23.800540141"
"16","2017-02-07","0.13","12.5","2.43","-288.0","-46.638870548","-23.800540141"
"16","2017-02-08","0.0","0.08","0.0","-287.0","-46.638870548","-23.800540141"
"16","2017-02-09","0.0","0.0","0.0","0.0","-46.638870548","-23.800540141"
"16","2017-02-10","0.0","0.0","0.0","0.0","-46.638870548","-23.800540141"
"16","2017-02-11","0.0","0.0","0.0","0.0","-46.638870548","-23.800540141"
"16","2017-02-12","0.0","0.0","0.0","0.0","-46.638870548","-23.800540141"
"16","2017-02-13","0.0","0.0","0.0","0.0","-46.638870548","-23.800540141"
"16","2017-02-14","0.0","0.0","0.0","0.0","-46.638870548","-23.800540141"
"16","2017-02-15","0.0","0.0","0.0","0.0","-46.638870548","-23.800540141"
"16","2017-02-16","","","","-1.0","-46.638870548","-23.800540141"
"16","2017-02-17","0.0","0.08","0.0","-288.0","-46.638870548","-23.800540141"
"16","2017-02-18","0.0","0.0","0.0","-287.0","-46.638870548","-23.800540141"
"16","2017-02-19","0.0","0.0","0.0","0.0","-46.638870548","-23.800540141"
"16","2017-02-20","0.0","0.0","0.0","0.0","-46.638870548","-23.800540141"
"16","2017-02-21","","","","-1.0","-46.638870548","-23.800540141"
"16","2017-02-22","0.0","1.15","0.1","-288.0","-46.638870548","-23.800540141"
"16","2017-02-23","0.33","50.06","9.04","-288.0","-46.638870548","-23.800540141"
"16","2017-02-24","3.62","64.19","15.51","-288.0","-46.638870548","-23.800540141"
"16","2017-02-25","0.0","3.14","0.56","-288.0","-46.638870548","-23.800540141"
"16","2017-02-26","0.28","25.21","7.31","-288.0","-46.638870548","-23.800540141"
"16","2017-02-27","0.0","14.19","1.39","-288.0","-46.638870548","-23.800540141"
"16","2017-02-28","0.0","0.44","0.02","-288.0","-46.638870548","-23.800540141"
"16","2017-03-01","0.0","0.28","0.02","-288.0","-46.638870548","-23.800540141"
"16","2017-03-02","3.75","129.26","38.73","-288.0","-46.638870548","-23.800540141"
"16","2017-03-03","0.15","11.0","1.93","-288.0","-46.638870548","-23.800540141"
"16","2017-03-04","0.0","0.26","0.01","-288.0","-46.638870548","-23.800540141"
"16","2017-03-05","5.93","76.95","26.06","-288.0","-46.638870548","-23.800540141"
"16","2017-03-06","1.97","50.5","14.83","-288.0","-46.638870548","-23.800540141"
"16","2017-03-07","10.28","135.26","58.56","-288.0","-46.638870548","-23.800540141"
"16","2017-03-08","4.22","27.3","10.79","-288.0","-46.638870548","-23.800540141"
"16","2017-03-09","0.0","0.0","0.0","-288.0","-46.638870548","-23.800540141"
"16","2017-03-10","0.0","0.11","0.0","-288.0","-46.638870548","-23.800540141"
"16","2017-03-11","0.0","0.0","0.0","-288.0","-46.638870548","-23.800540141"
"16","2017-03-12","0.0","0.04","0.0","-288.0","-46.638870548","-23.800540141"
"16","2017-03-13","0.0","1.52","0.06","-288.0","-46.638870548","-23.800540141"
"16","2017-03-14","0.0","1.12","0.07","-288.0","-46.638870548","-23.800540141"
"16","2017-03-15","0.0","2.38","0.35","-288.0","-46.638870548","-23.800540141"
"16","2017-03-16","0.0","0.0","0.0","-288.0","-46.638870548","-23.800540141"
"16","2017-03-17","1.42","15.24","5.0","-288.0","-46.638870548","-23.800540141"
"16","2017-03-18","0.5","4.57","1.77","-288.0","-46.638870548","-23.800540141"
"16","2017-03-19","0.55","6.83","2.32","-288.0","-46.638870548","-23.800540141"
"16","2017-03-20","0.0","0.01","0.0","-287.0","-46.638870548","-23.800540141"
"16","2017-03-21","0.0","0.0","0.0","0.0","-46.638870548","-23.800540141"
"16","2017-03-22","0.0","0.0","0.0","0.0","-46.638870548","-23.800540141"
"16","2017-03-23","","","","-1.0","-46.638870548","-23.800540141"
"16","2017-03-24","0.0","0.0","0.0","-288.0","-46.638870548","-23.800540141"
"16","2017-03-25","0.01","2.13","0.49","-287.0","-46.638870548","-23.800540141"
"16","2017-03-26","","","","-1.0","-46.638870548","-23.800540141"
"16","2017-03-27","0.02","2.81","0.57","-288.0","-46.638870548","-23.800540141"
"16","2017-03-28","0.0","8.3","0.76","-288.0","-46.638870548","-23.800540141"
"16","2017-03-29","0.01","1.3","0.27","-287.0","-46.638870548","-23.800540141"
"16","2017-03-30","0.0","0.0","0.0","0.0","-46.638870548","-23.800540141"
"16","2017-03-31","0.0","0.0","0.0","0.0","-46.638870548","-23.800540141"
"16","2017-04-01","0.0","0.0","0.0","0.0","-46.638870548","-23.800540141"
"16","2017-04-02","0.0","0.0","0.0","0.0","-46.638870548","-23.800540141"
"16","2017-04-03","0.0","0.0","0.0","0.0","-46.638870548","-23.800540141"
"16","2017-04-04","","","","-1.0","-46.638870548","-23.800540141"
"16","2017-04-05","0.0","0.0","0.0","-288.0","-46.638870548","-23.800540141"
"16","2017-04-06","6.35","100.24","32.82","-288.0","-46.638870548","-23.800540141"
"16","2017-04-07","7.96","89.54","33.86","-288.0","-46.638870548","-23.800540141"
"16","2017-04-08","0.0","1.11","0.18","-287.0","-46.638870548","-23.800540141"
"16","2017-04-09","","","","-1.0","-46.638870548","-23.800540141"
"16","2017-04-10","0.0","0.0","0.0","-288.0","-46.638870548","-23.800540141"
"16","2017-04-11","0.0","2.43","0.03","-288.0","-46.638870548","-23.800540141"
"16","2017-04-12","0.28","9.34","2.3","-287.0","-46.638870548","-23.800540141"
"16","2017-04-13","0.0","0.0","0.0","0.0","-46.638870548","-23.800540141"
"16","2017-04-14","0.0","0.0","0.0","0.0","-46.638870548","-23.800540141"
"16","2017-04-15","0.0","0.0","0.0","0.0","-46.638870548","-23.800540141"
"16","2017-04-16","","","","-1.0","-46.638870548","-23.800540141"
"16","2017-04-17","0.0","0.91","0.09","-287.0","-46.638870548","-23.800540141"
"16","2017-04-18","0.0","0.0","0.0","0.0","-46.638870548","-23.800540141"
"16","2017-04-19","0.0","0.0","0.0","0.0","-46.638870548","-23.800540141"
"16","2017-04-20","","","","-1.0","-46.638870548","-23.800540141"
"16","2017-04-21","5.18","48.19","16.58","-288.0","-46.638870548","-23.800540141"
"16","2017-04-22","1.13","8.08","3.54","-287.0","-46.638870548","-23.800540141"
"16","2017-04-23","0.0","0.0","0.0","0.0","-46.638870548","-23.800540141"
"16","2017-04-24","0.0","0.0","0.0","0.0","-46.638870548","-23.800540141"
"16","2017-04-25","","","","-1.0","-46.638870548","-23.800540141"
"16","2017-04-26","5.66","39.4","16.38","-288.0","-46.638870548","-23.800540141"
"16","2017-04-27","0.44","3.27","1.35","-287.0","-46.638870548","-23.800540141"
"16","2017-04-28","0.0","0.0","0.0","0.0","-46.638870548","-23.800540141"
"16","2017-04-29","0.0","0.0","0.0","0.0","-46.638870548","-23.800540141"
"16","2017-04-30","0.0","0.0","0.0","0.0","-46.638870548","-23.800540141"
"16","2017-05-01","","","","-1.0","-46.638870548","-23.800540141"
"16","2017-05-02","0.0","0.07","0.0","-287.0","-46.638870548","-23.800540141"
"16","2017-05-03","0.0","0.0","0.0","0.0","-46.638870548","-23.800540141"
"16","2017-05-04","","","","-1.0","-46.638870548","-23.800540141"
"16","2017-05-05","5.59","61.06","24.28","-288.0","-46.638870548","-23.800540141"
"16","2017-05-06","1.24","19.06","5.94","-288.0","-46.638870548","-23.800540141"
"16","2017-05-07","0.0","2.42","0.46","-287.0","-46.638870548","-23.800540141"
"16","2017-05-08","0.0","0.0","0.0","0.0","-46.638870548","-23.800540141"
"16","2017-05-09","0.0","0.0","0.0","0.0","-46.638870548","-23.800540141"
"16","2017-05-10","0.0","0.0","0.0","0.0","-46.638870548","-23.800540141"
"16","2017-05-11","0.0","0.0","0.0","0.0","-46.638870548","-23.800540141"
"16","2017-05-12","0.0","0.0","0.0","0.0","-46.638870548","-23.800540141"
"16","2017-05-13","","","","-1.0","-46.638870548","-23.800540141"
"16","2017-05-14","0.01","2.21","0.39","-287.0","-46.638870548","-23.800540141"
"16","2017-05-15","0.0","0.0","0.0","0.0","-46.638870548","-23.800540141"
"16","2017-05-16","0.0","0.0","0.0","0.0","-46.638870548","-23.800540141"
"16","2017-05-17","","","","-1.0","-46.638870548","-23.800540141"
"16","2017-05-18","0.51","6.79","2.36","-288.0","-46.638870548","-23.800540141"
"16","2017-05-19","13.01","102.63","38.05","-288.0","-46.638870548","-23.800540141"
"16","2017-05-20","0.0","0.3","0.07","-288.0","-46.638870548","-23.800540141"
"16","2017-05-21","8.71","80.05","30.89","-288.0","-46.638870548","-23.800540141"
"16","2017-05-22","1.7","26.07","7.83","-287.0","-46.638870548","-23.800540141"
"16","2017-05-23","0.0","0.0","0.0","0.0","-46.638870548","-23.800540141"
"16","2017-05-24","0.0","0.0","0.0","0.0","-46.638870548","-23.800540141"
"16","2017-05-25","0.0","0.0","0.0","0.0","-46.638870548","-23.800540141"
"16","2017-05-26","0.0","0.0","0.0","0.0","-46.638870548","-23.800540141"
"16","2017-05-27","0.0","0.0","0.0","0.0","-46.638870548","-23.800540141"
"16","2017-05-28","0.0","0.0","0.0","0.0","-46.638870548","-23.800540141"
"16","2017-05-29","0.0","0.0","0.0","0.0","-46.638870548","-23.800540141"
"16","2017-05-30","0.0","0.0","0.0","0.0","-46.638870548","-23.800540141"
"16","2017-05-31","0.0","0.0","0.0","0.0","-46.638870548","-23.800540141"
"16","2017-06-01","0.0","0.0","0.0","0.0","-46.638870548","-23.800540141"
"16","2017-06-02","0.0","0.0","0.0","0.0","-46.638870548","-23.800540141"
"16","2017-06-03","0.0","0.0","0.0","0.0","-46.638870548","-23.800540141"
"16","2017-06-04","","","","-1.0","-46.638870548","-23.800540141"
"16","2017-06-05","14.31","119.17","46.56","-288.0","-46.638870548","-23.800540141"
"16","2017-06-06","9.81","102.38","35.13","-288.0","-46.638870548","-23.800540141"
"16","2017-06-07","2.79","20.61","8.33","-287.0","-46.638870548","-23.800540141"
"16","2017-06-08","","","","-1.0","-46.638870548","-23.800540141"
"16","2017-06-09","0.21","4.71","1.36","-288.0","-46.638870548","-23.800540141"
"16","2017-06-10","0.0","0.0","0.0","-287.0","-46.638870548","-23.800540141"
"16","2017-06-11","","","","-1.0","-46.638870548","-23.800540141"
"16","2017-06-12","0.0","0.07","0.0","-288.0","-46.638870548","-23.800540141"
"16","2017-06-13","5.7","96.0","31.29","-288.0","-46.638870548","-23.800540141"
"16","2017-06-14","0.34","8.17","2.42","-287.0","-46.638870548","-23.800540141"
"17","2016-10-31","","","","-1.0","-46.7801965072","-23.7321750528"
"17","2016-11-01","0.0","0.0","0.0","-288.0","-46.7801965072","-23.7321750528"
"17","2016-11-02","0.25","7.11","1.87","-288.0","-46.7801965072","-23.7321750528"
"17","2016-11-03","2.21","25.88","8.83","-288.0","-46.7801965072","-23.7321750528"
"17","2016-11-04","0.05","0.57","0.19","-288.0","-46.7801965072","-23.7321750528"
"17","2016-11-05","0.0","0.0","0.0","-288.0","-46.7801965072","-23.7321750528"
"17","2016-11-06","0.0","0.03","0.0","-288.0","-46.7801965072","-23.7321750528"
"17","2016-11-07","0.0","10.81","2.17","-288.0","-46.7801965072","-23.7321750528"
"17","2016-11-08","0.0","0.01","0.0","-288.0","-46.7801965072","-23.7321750528"
"17","2016-11-09","10.41","84.18","36.41","-288.0","-46.7801965072","-23.7321750528"
"17","2016-11-10","3.63","27.04","11.74","-288.0","-46.7801965072","-23.7321750528"
"17","2016-11-11","0.08","10.07","1.79","-288.0","-46.7801965072","-23.7321750528"
"17","2016-11-12","0.0","0.08","0.01","-288.0","-46.7801965072","-23.7321750528"
"17","2016-11-13","10.75","42.85","23.3","-288.0","-46.7801965072","-23.7321750528"
"17","2016-11-14","6.27","21.3","11.76","-287.0","-46.7801965072","-23.7321750528"
"17","2016-11-15","","","","-1.0","-46.7801965072","-23.7321750528"
"17","2016-11-16","2.13","22.75","9.3","-288.0","-46.7801965072","-23.7321750528"
"17","2016-11-17","0.86","23.64","6.64","-288.0","-46.7801965072","-23.7321750528"
"17","2016-11-18","0.2","7.13","1.46","-287.0","-46.7801965072","-23.7321750528"
"17","2016-11-19","0.0","0.0","0.0","0.0","-46.7801965072","-23.7321750528"
"17","2016-11-20","0.0","0.0","0.0","0.0","-46.7801965072","-23.7321750528"
"17","2016-11-21","0.0","0.0","0.0","0.0","-46.7801965072","-23.7321750528"
"17","2016-11-22","","","","-1.0","-46.7801965072","-23.7321750528"
"17","2016-11-23","0.16","18.59","3.17","-288.0","-46.7801965072","-23.7321750528"
"17","2016-11-24","0.0","0.0","0.0","-287.0","-46.7801965072","-23.7321750528"
"17","2016-11-25","0.0","0.0","0.0","0.0","-46.7801965072","-23.7321750528"
"17","2016-11-26","","","","-1.0","-46.7801965072","-23.7321750528"
"17","2016-11-27","0.69","9.99","2.8","-288.0","-46.7801965072","-23.7321750528"
"17","2016-11-28","0.29","23.82","6.19","-288.0","-46.7801965072","-23.7321750528"
"17","2016-11-29","1.95","18.83","6.67","-288.0","-46.7801965072","-23.7321750528"
"17","2016-11-30","0.0","0.0","0.0","-287.0","-46.7801965072","-23.7321750528"
"17","2016-12-01","0.0","0.0","0.0","0.0","-46.7801965072","-23.7321750528"
"17","2016-12-02","","","","-1.0","-46.7801965072","-23.7321750528"
"17","2016-12-03","1.36","22.4","7.49","-288.0","-46.7801965072","-23.7321750528"
"17","2016-12-04","1.68","23.16","8.14","-288.0","-46.7801965072","-23.7321750528"
"17","2016-12-05","0.0","0.02","0.0","-287.0","-46.7801965072","-23.7321750528"
"17","2016-12-06","","","","-1.0","-46.7801965072","-23.7321750528"
"17","2016-12-07","1.88","20.1","7.1","-288.0","-46.7801965072","-23.7321750528"
"17","2016-12-08","0.0","0.0","0.0","-288.0","-46.7801965072","-23.7321750528"
"17","2016-12-09","0.0","1.63","0.3","-288.0","-46.7801965072","-23.7321750528"
"17","2016-12-10","2.06","9.99","4.73","-288.0","-46.7801965072","-23.7321750528"
"17","2016-12-11","2.02","42.04","13.3","-288.0","-46.7801965072","-23.7321750528"
"17","2016-12-12","3.65","54.07","17.54","-288.0","-46.7801965072","-23.7321750528"
"17","2016-12-13","0.06","1.84","0.46","-288.0","-46.7801965072","-23.7321750528"
"17","2016-12-14","0.0","0.05","0.0","-288.0","-46.7801965072","-23.7321750528"
"17","2016-12-15","0.0","0.0","0.0","-287.0","-46.7801965072","-23.7321750528"
"17","2016-12-16","0.0","0.0","0.0","0.0","-46.7801965072","-23.7321750528"
"17","2016-12-17","","","","-1.0","-46.7801965072","-23.7321750528"
"17","2016-12-18","0.01","1.88","0.38","-288.0","-46.7801965072","-23.7321750528"
"17","2016-12-19","0.93","31.34","7.89","-288.0","-46.7801965072","-23.7321750528"
"17","2016-12-20","0.12","10.24","1.83","-288.0","-46.7801965072","-23.7321750528"
"17","2016-12-21","1.15","69.31","15.99","-288.0","-46.7801965072","-23.7321750528"
"17","2016-12-22","0.0","0.0","0.0","-288.0","-46.7801965072","-23.7321750528"
"17","2016-12-23","0.71","18.51","4.93","-288.0","-46.7801965072","-23.7321750528"
"17","2016-12-24","0.94","17.67","5.94","-288.0","-46.7801965072","-23.7321750528"
"17","2016-12-25","0.0","0.01","0.0","-288.0","-46.7801965072","-23.7321750528"
"17","2016-12-26","0.0","0.0","0.0","-288.0","-46.7801965072","-23.7321750528"
"17","2016-12-27","0.0","1.32","0.24","-288.0","-46.7801965072","-23.7321750528"
"17","2016-12-28","0.11","7.04","1.67","-288.0","-46.7801965072","-23.7321750528"
"17","2016-12-29","0.79","21.74","5.95","-288.0","-46.7801965072","-23.7321750528"
"17","2016-12-30","0.0","0.01","0.0","-288.0","-46.7801965072","-23.7321750528"
"17","2016-12-31","0.0","0.11","0.02","-287.0","-46.7801965072","-23.7321750528"
"17","2017-01-01","","","","-1.0","-46.7801965072","-23.7321750528"
"17","2017-01-02","1.69","52.12","18.09","-288.0","-46.7801965072","-23.7321750528"
"17","2017-01-03","0.49","21.97","3.87","-288.0","-46.7801965072","-23.7321750528"
"17","2017-01-04","0.0","0.03","0.0","-288.0","-46.7801965072","-23.7321750528"
"17","2017-01-05","0.0","0.05","0.0","-288.0","-46.7801965072","-23.7321750528"
"17","2017-01-06","2.95","30.93","11.03","-288.0","-46.7801965072","-23.7321750528"
"17","2017-01-07","7.08","75.6","28.94","-288.0","-46.7801965072","-23.7321750528"
"17","2017-01-08","0.26","4.21","1.34","-288.0","-46.7801965072","-23.7321750528"
"17","2017-01-09","3.2","51.01","23.89","-288.0","-46.7801965072","-23.7321750528"
"17","2017-01-10","1.48","12.19","4.94","-288.0","-46.7801965072","-23.7321750528"
"17","2017-01-11","0.71","18.31","4.95","-288.0","-46.7801965072","-23.7321750528"
"17","2017-01-12","0.88","17.58","4.95","-288.0","-46.7801965072","-23.7321750528"
"17","2017-01-13","0.0","0.08","0.0","-288.0","-46.7801965072","-23.7321750528"
"17","2017-01-14","0.0","0.69","0.13","-288.0","-46.7801965072","-23.7321750528"
"17","2017-01-15","0.13","12.82","3.72","-288.0","-46.7801965072","-23.7321750528"
"17","2017-01-16","7.68","110.77","38.62","-288.0","-46.7801965072","-23.7321750528"
"17","2017-01-17","9.32","63.53","27.43","-288.0","-46.7801965072","-23.7321750528"
"17","2017-01-18","15.56","103.5","46.68","-288.0","-46.7801965072","-23.7321750528"
"17","2017-01-19","13.62","112.17","46.6","-288.0","-46.7801965072","-23.7321750528"
"17","2017-01-20","7.65","57.89","24.32","-288.0","-46.7801965072","-23.7321750528"
"17","2017-01-21","4.81","44.84","16.76","-288.0","-46.7801965072","-23.7321750528"
"17","2017-01-22","4.26","26.79","12.25","-288.0","-46.7801965072","-23.7321750528"
"17","2017-01-23","0.04","1.38","0.42","-288.0","-46.7801965072","-23.7321750528"
"17","2017-01-24","0.02","7.05","1.24","-288.0","-46.7801965072","-23.7321750528"
"17","2017-01-25","0.0","0.44","0.05","-288.0","-46.7801965072","-23.7321750528"
"17","2017-01-26","6.23","44.24","19.53","-288.0","-46.7801965072","-23.7321750528"
"17","2017-01-27","3.79","30.28","13.28","-288.0","-46.7801965072","-23.7321750528"
"17","2017-01-28","0.0","0.24","0.02","-288.0","-46.7801965072","-23.7321750528"
"17","2017-01-29","0.0","0.07","0.0","-288.0","-46.7801965072","-23.7321750528"
"17","2017-01-30","0.07","1.45","0.51","-288.0","-46.7801965072","-23.7321750528"
"17","2017-01-31","0.69","18.93","7.26","-288.0","-46.7801965072","-23.7321750528"
"17","2017-02-01","5.8","35.92","15.43","-288.0","-46.7801965072","-23.7321750528"
"17","2017-02-02","3.34","24.46","10.23","-288.0","-46.7801965072","-23.7321750528"
"17","2017-02-03","1.36","14.12","5.05","-288.0","-46.7801965072","-23.7321750528"
"17","2017-02-04","1.25","17.17","5.61","-288.0","-46.7801965072","-23.7321750528"
"17","2017-02-05","0.0","0.77","0.11","-288.0","-46.7801965072","-23.7321750528"
"17","2017-02-06","2.8","23.02","8.26","-288.0","-46.7801965072","-23.7321750528"
"17","2017-02-07","0.16","4.58","1.33","-288.0","-46.7801965072","-23.7321750528"
"17","2017-02-08","0.0","0.01","0.0","-287.0","-46.7801965072","-23.7321750528"
"17","2017-02-09","0.0","0.0","0.0","0.0","-46.7801965072","-23.7321750528"
"17","2017-02-10","0.0","0.0","0.0","0.0","-46.7801965072","-23.7321750528"
"17","2017-02-11","0.0","0.0","0.0","0.0","-46.7801965072","-23.7321750528"
"17","2017-02-12","0.0","0.0","0.0","0.0","-46.7801965072","-23.7321750528"
"17","2017-02-13","0.0","0.0","0.0","0.0","-46.7801965072","-23.7321750528"
"17","2017-02-14","0.0","0.0","0.0","0.0","-46.7801965072","-23.7321750528"
"17","2017-02-15","0.0","0.0","0.0","0.0","-46.7801965072","-23.7321750528"
"17","2017-02-16","","","","-1.0","-46.7801965072","-23.7321750528"
"17","2017-02-17","0.0","0.04","0.0","-288.0","-46.7801965072","-23.7321750528"
"17","2017-02-18","0.0","0.0","0.0","-287.0","-46.7801965072","-23.7321750528"
"17","2017-02-19","0.0","0.0","0.0","0.0","-46.7801965072","-23.7321750528"
"17","2017-02-20","0.0","0.0","0.0","0.0","-46.7801965072","-23.7321750528"
"17","2017-02-21","","","","-1.0","-46.7801965072","-23.7321750528"
"17","2017-02-22","0.0","0.61","0.11","-288.0","-46.7801965072","-23.7321750528"
"17","2017-02-23","0.51","36.76","6.29","-288.0","-46.7801965072","-23.7321750528"
"17","2017-02-24","6.57","122.77","41.94","-288.0","-46.7801965072","-23.7321750528"
"17","2017-02-25","0.21","12.29","3.13","-288.0","-46.7801965072","-23.7321750528"
"17","2017-02-26","0.0","1.53","0.1","-288.0","-46.7801965072","-23.7321750528"
"17","2017-02-27","0.43","20.75","5.71","-288.0","-46.7801965072","-23.7321750528"
"17","2017-02-28","0.0","0.2","0.01","-288.0","-46.7801965072","-23.7321750528"
"17","2017-03-01","0.0","59.05","8.51","-288.0","-46.7801965072","-23.7321750528"
"17","2017-03-02","0.39","23.94","4.33","-288.0","-46.7801965072","-23.7321750528"
"17","2017-03-03","0.36","7.13","2.31","-288.0","-46.7801965072","-23.7321750528"
"17","2017-03-04","0.04","1.55","0.44","-288.0","-46.7801965072","-23.7321750528"
"17","2017-03-05","4.52","80.9","23.97","-288.0","-46.7801965072","-23.7321750528"
"17","2017-03-06","2.14","57.65","17.33","-288.0","-46.7801965072","-23.7321750528"
"17","2017-03-07","4.2","44.01","17.18","-288.0","-46.7801965072","-23.7321750528"
"17","2017-03-08","3.34","15.13","7.45","-288.0","-46.7801965072","-23.7321750528"
"17","2017-03-09","0.0","0.0","0.0","-288.0","-46.7801965072","-23.7321750528"
"17","2017-03-10","0.87","25.27","8.48","-288.0","-46.7801965072","-23.7321750528"
"17","2017-03-11","0.0","0.09","0.0","-288.0","-46.7801965072","-23.7321750528"
"17","2017-03-12","0.0","0.0","0.0","-288.0","-46.7801965072","-23.7321750528"
"17","2017-03-13","0.0","0.02","0.0","-288.0","-46.7801965072","-23.7321750528"
"17","2017-03-14","0.0","0.0","0.0","-288.0","-46.7801965072","-23.7321750528"
"17","2017-03-15","0.0","4.48","0.75","-288.0","-46.7801965072","-23.7321750528"
"17","2017-03-16","0.0","0.0","0.0","-288.0","-46.7801965072","-23.7321750528"
"17","2017-03-17","3.13","64.31","13.73","-288.0","-46.7801965072","-23.7321750528"
"17","2017-03-18","0.38","3.76","1.52","-288.0","-46.7801965072","-23.7321750528"
"17","2017-03-19","1.21","6.01","2.91","-288.0","-46.7801965072","-23.7321750528"
"17","2017-03-20","0.0","0.0","0.0","-287.0","-46.7801965072","-23.7321750528"
"17","2017-03-21","0.0","0.0","0.0","0.0","-46.7801965072","-23.7321750528"
"17","2017-03-22","0.0","0.0","0.0","0.0","-46.7801965072","-23.7321750528"
"17","2017-03-23","","","","-1.0","-46.7801965072","-23.7321750528"
"17","2017-03-24","0.0","0.0","0.0","-288.0","-46.7801965072","-23.7321750528"
"17","2017-03-25","0.0","2.03","0.4","-287.0","-46.7801965072","-23.7321750528"
"17","2017-03-26","","","","-1.0","-46.7801965072","-23.7321750528"
"17","2017-03-27","0.07","2.11","0.61","-288.0","-46.7801965072","-23.7321750528"
"17","2017-03-28","0.05","2.82","0.83","-288.0","-46.7801965072","-23.7321750528"
"17","2017-03-29","0.01","1.82","0.09","-287.0","-46.7801965072","-23.7321750528"
"17","2017-03-30","0.0","0.0","0.0","0.0","-46.7801965072","-23.7321750528"
"17","2017-03-31","0.0","0.0","0.0","0.0","-46.7801965072","-23.7321750528"
"17","2017-04-01","0.0","0.0","0.0","0.0","-46.7801965072","-23.7321750528"
"17","2017-04-02","0.0","0.0","0.0","0.0","-46.7801965072","-23.7321750528"
"17","2017-04-03","0.0","0.0","0.0","0.0","-46.7801965072","-23.7321750528"
"17","2017-04-04","","","","-1.0","-46.7801965072","-23.7321750528"
"17","2017-04-05","0.0","0.0","0.0","-288.0","-46.7801965072","-23.7321750528"
"17","2017-04-06","8.26","53.71","23.17","-288.0","-46.7801965072","-23.7321750528"
"17","2017-04-07","10.57","84.43","38.26","-288.0","-46.7801965072","-23.7321750528"
"17","2017-04-08","0.0","7.63","1.1","-287.0","-46.7801965072","-23.7321750528"
"17","2017-04-09","","","","-1.0","-46.7801965072","-23.7321750528"
"17","2017-04-10","0.0","0.0","0.0","-288.0","-46.7801965072","-23.7321750528"
"17","2017-04-11","0.0","0.04","0.0","-288.0","-46.7801965072","-23.7321750528"
"17","2017-04-12","0.49","5.32","2.24","-287.0","-46.7801965072","-23.7321750528"
"17","2017-04-13","0.0","0.0","0.0","0.0","-46.7801965072","-23.7321750528"
"17","2017-04-14","0.0","0.0","0.0","0.0","-46.7801965072","-23.7321750528"
"17","2017-04-15","0.0","0.0","0.0","0.0","-46.7801965072","-23.7321750528"
"17","2017-04-16","","","","-1.0","-46.7801965072","-23.7321750528"
"17","2017-04-17","0.01","0.69","0.12","-287.0","-46.7801965072","-23.7321750528"
"17","2017-04-18","0.0","0.0","0.0","0.0","-46.7801965072","-23.7321750528"
"17","2017-04-19","0.0","0.0","0.0","0.0","-46.7801965072","-23.7321750528"
"17","2017-04-20","","","","-1.0","-46.7801965072","-23.7321750528"
"17","2017-04-21","7.44","44.55","19.36","-288.0","-46.7801965072","-23.7321750528"
"17","2017-04-22","1.44","5.89","3.05","-287.0","-46.7801965072","-23.7321750528"
"17","2017-04-23","0.0","0.0","0.0","0.0","-46.7801965072","-23.7321750528"
"17","2017-04-24","0.0","0.0","0.0","0.0","-46.7801965072","-23.7321750528"
"17","2017-04-25","","","","-1.0","-46.7801965072","-23.7321750528"
"17","2017-04-26","7.71","48.97","19.49","-288.0","-46.7801965072","-23.7321750528"
"17","2017-04-27","0.6","2.67","1.32","-287.0","-46.7801965072","-23.7321750528"
"17","2017-04-28","0.0","0.0","0.0","0.0","-46.7801965072","-23.7321750528"
"17","2017-04-29","0.0","0.0","0.0","0.0","-46.7801965072","-23.7321750528"
"17","2017-04-30","0.0","0.0","0.0","0.0","-46.7801965072","-23.7321750528"
"17","2017-05-01","","","","-1.0","-46.7801965072","-23.7321750528"
"17","2017-05-02","0.0","0.32","0.01","-287.0","-46.7801965072","-23.7321750528"
"17","2017-05-03","0.0","0.0","0.0","0.0","-46.7801965072","-23.7321750528"
"17","2017-05-04","","","","-1.0","-46.7801965072","-23.7321750528"
"17","2017-05-05","8.03","54.09","25.95","-288.0","-46.7801965072","-23.7321750528"
"17","2017-05-06","1.05","5.85","2.67","-288.0","-46.7801965072","-23.7321750528"
"17","2017-05-07","0.0","0.26","0.06","-287.0","-46.7801965072","-23.7321750528"
"17","2017-05-08","0.0","0.0","0.0","0.0","-46.7801965072","-23.7321750528"
"17","2017-05-09","0.0","0.0","0.0","0.0","-46.7801965072","-23.7321750528"
"17","2017-05-10","0.0","0.0","0.0","0.0","-46.7801965072","-23.7321750528"
"17","2017-05-11","0.0","0.0","0.0","0.0","-46.7801965072","-23.7321750528"
"17","2017-05-12","0.0","0.0","0.0","0.0","-46.7801965072","-23.7321750528"
"17","2017-05-13","","","","-1.0","-46.7801965072","-23.7321750528"
"17","2017-05-14","0.0","0.24","0.03","-287.0","-46.7801965072","-23.7321750528"
"17","2017-05-15","0.0","0.0","0.0","0.0","-46.7801965072","-23.7321750528"
"17","2017-05-16","0.0","0.0","0.0","0.0","-46.7801965072","-23.7321750528"
"17","2017-05-17","","","","-1.0","-46.7801965072","-23.7321750528"
"17","2017-05-18","1.42","10.15","4.98","-288.0","-46.7801965072","-23.7321750528"
"17","2017-05-19","16.35","87.11","38.77","-288.0","-46.7801965072","-23.7321750528"
"17","2017-05-20","0.08","0.92","0.33","-288.0","-46.7801965072","-23.7321750528"
"17","2017-05-21","12.26","64.16","29.99","-288.0","-46.7801965072","-23.7321750528"
"17","2017-05-22","2.24","16.65","6.56","-287.0","-46.7801965072","-23.7321750528"
"17","2017-05-23","0.0","0.0","0.0","0.0","-46.7801965072","-23.7321750528"
"17","2017-05-24","0.0","0.0","0.0","0.0","-46.7801965072","-23.7321750528"
"17","2017-05-25","0.0","0.0","0.0","0.0","-46.7801965072","-23.7321750528"
"17","2017-05-26","0.0","0.0","0.0","0.0","-46.7801965072","-23.7321750528"
"17","2017-05-27","0.0","0.0","0.0","0.0","-46.7801965072","-23.7321750528"
"17","2017-05-28","0.0","0.0","0.0","0.0","-46.7801965072","-23.7321750528"
"17","2017-05-29","0.0","0.0","0.0","0.0","-46.7801965072","-23.7321750528"
"17","2017-05-30","0.0","0.0","0.0","0.0","-46.7801965072","-23.7321750528"
"17","2017-05-31","0.0","0.0","0.0","0.0","-46.7801965072","-23.7321750528"
"17","2017-06-01","0.0","0.0","0.0","0.0","-46.7801965072","-23.7321750528"
"17","2017-06-02","0.0","0.0","0.0","0.0","-46.7801965072","-23.7321750528"
"17","2017-06-03","0.0","0.0","0.0","0.0","-46.7801965072","-23.7321750528"
"17","2017-06-04","","","","-1.0","-46.7801965072","-23.7321750528"
"17","2017-06-05","19.11","99.27","47.45","-288.0","-46.7801965072","-23.7321750528"
"17","2017-06-06","14.65","97.01","41.04","-288.0","-46.7801965072","-23.7321750528"
"17","2017-06-07","4.9","38.93","15.38","-287.0","-46.7801965072","-23.7321750528"
"17","2017-06-08","","","","-1.0","-46.7801965072","-23.7321750528"
"17","2017-06-09","0.31","5.76","1.14","-288.0","-46.7801965072","-23.7321750528"
"17","2017-06-10","0.0","0.0","0.0","-287.0","-46.7801965072","-23.7321750528"
"17","2017-06-11","","","","-1.0","-46.7801965072","-23.7321750528"
"17","2017-06-12","0.0","0.0","0.0","-288.0","-46.7801965072","-23.7321750528"
"17","2017-06-13","8.8","85.96","32.37","-288.0","-46.7801965072","-23.7321750528"
"17","2017-06-14","0.28","3.2","1.09","-287.0","-46.7801965072","-23.7321750528"
"18","2016-10-31","","","","-1.0","-46.7292443581","-23.7412551589"
"18","2016-11-01","0.0","2.99","0.02","-288.0","-46.7292443581","-23.7412551589"
"18","2016-11-02","0.05","32.62","2.62","-288.0","-46.7292443581","-23.7412551589"
"18","2016-11-03","0.68","46.94","7.37","-288.0","-46.7292443581","-23.7412551589"
"18","2016-11-04","0.01","11.73","0.3","-288.0","-46.7292443581","-23.7412551589"
"18","2016-11-05","0.0","0.0","0.0","-288.0","-46.7292443581","-23.7412551589"
"18","2016-11-06","0.0","1.41","0.01","-288.0","-46.7292443581","-23.7412551589"
"18","2016-11-07","0.0","13.09","1.04","-288.0","-46.7292443581","-23.7412551589"
"18","2016-11-08","0.0","0.53","0.0","-288.0","-46.7292443581","-23.7412551589"
"18","2016-11-09","4.25","112.13","29.85","-288.0","-46.7292443581","-23.7412551589"
"18","2016-11-10","1.74","62.97","11.84","-288.0","-46.7292443581","-23.7412551589"
"18","2016-11-11","0.01","37.44","3.55","-288.0","-46.7292443581","-23.7412551589"
"18","2016-11-12","0.0","5.68","0.07","-288.0","-46.7292443581","-23.7412551589"
"18","2016-11-13","7.55","57.78","24.13","-288.0","-46.7292443581","-23.7412551589"
"18","2016-11-14","4.83","29.81","11.78","-287.0","-46.7292443581","-23.7412551589"
"18","2016-11-15","","","","-1.0","-46.7292443581","-23.7412551589"
"18","2016-11-16","1.0","39.35","8.51","-288.0","-46.7292443581","-23.7412551589"
"18","2016-11-17","0.4","38.93","5.18","-288.0","-46.7292443581","-23.7412551589"
"18","2016-11-18","0.05","22.82","2.26","-287.0","-46.7292443581","-23.7412551589"
"18","2016-11-19","0.0","0.0","0.0","0.0","-46.7292443581","-23.7412551589"
"18","2016-11-20","0.0","0.0","0.0","0.0","-46.7292443581","-23.7412551589"
"18","2016-11-21","0.0","0.0","0.0","0.0","-46.7292443581","-23.7412551589"
"18","2016-11-22","","","","-1.0","-46.7292443581","-23.7412551589"
"18","2016-11-23","0.03","37.01","6.89","-288.0","-46.7292443581","-23.7412551589"
"18","2016-11-24","0.0","0.02","0.0","-287.0","-46.7292443581","-23.7412551589"
"18","2016-11-25","0.0","0.0","0.0","0.0","-46.7292443581","-23.7412551589"
"18","2016-11-26","","","","-1.0","-46.7292443581","-23.7412551589"
"18","2016-11-27","0.05","9.83","0.91","-288.0","-46.7292443581","-23.7412551589"
"18","2016-11-28","0.08","36.99","4.66","-288.0","-46.7292443581","-23.7412551589"
"18","2016-11-29","1.13","26.19","5.42","-288.0","-46.7292443581","-23.7412551589"
"18","2016-11-30","0.0","0.0","0.0","-287.0","-46.7292443581","-23.7412551589"
"18","2016-12-01","0.0","0.0","0.0","0.0","-46.7292443581","-23.7412551589"
"18","2016-12-02","","","","-1.0","-46.7292443581","-23.7412551589"
"18","2016-12-03","0.97","51.5","9.95","-288.0","-46.7292443581","-23.7412551589"
"18","2016-12-04","0.55","34.59","6.42","-288.0","-46.7292443581","-23.7412551589"
"18","2016-12-05","0.0","0.18","0.0","-287.0","-46.7292443581","-23.7412551589"
"18","2016-12-06","","","","-1.0","-46.7292443581","-23.7412551589"
"18","2016-12-07","1.21","42.66","7.66","-288.0","-46.7292443581","-23.7412551589"
"18","2016-12-08","0.0","8.72","0.15","-288.0","-46.7292443581","-23.7412551589"
"18","2016-12-09","0.0","9.01","0.74","-288.0","-46.7292443581","-23.7412551589"
"18","2016-12-10","0.95","14.67","4.16","-288.0","-46.7292443581","-23.7412551589"
"18","2016-12-11","0.62","68.67","11.94","-288.0","-46.7292443581","-23.7412551589"
"18","2016-12-12","1.29","102.82","17.38","-288.0","-46.7292443581","-23.7412551589"
"18","2016-12-13","0.0","4.73","0.22","-288.0","-46.7292443581","-23.7412551589"
"18","2016-12-14","0.0","5.57","0.06","-288.0","-46.7292443581","-23.7412551589"
"18","2016-12-15","0.0","0.03","0.0","-287.0","-46.7292443581","-23.7412551589"
"18","2016-12-16","0.0","0.0","0.0","0.0","-46.7292443581","-23.7412551589"
"18","2016-12-17","","","","-1.0","-46.7292443581","-23.7412551589"
"18","2016-12-18","0.0","6.07","0.29","-288.0","-46.7292443581","-23.7412551589"
"18","2016-12-19","0.18","64.84","6.51","-288.0","-46.7292443581","-23.7412551589"
"18","2016-12-20","0.11","51.92","12.24","-288.0","-46.7292443581","-23.7412551589"
"18","2016-12-21","2.28","120.33","33.91","-288.0","-46.7292443581","-23.7412551589"
"18","2016-12-22","0.0","0.91","0.01","-288.0","-46.7292443581","-23.7412551589"
"18","2016-12-23","0.18","44.86","6.69","-288.0","-46.7292443581","-23.7412551589"
"18","2016-12-24","0.37","31.55","4.48","-288.0","-46.7292443581","-23.7412551589"
"18","2016-12-25","0.0","0.31","0.0","-288.0","-46.7292443581","-23.7412551589"
"18","2016-12-26","0.0","0.7","0.01","-288.0","-46.7292443581","-23.7412551589"
"18","2016-12-27","0.0","0.77","0.02","-288.0","-46.7292443581","-23.7412551589"
"18","2016-12-28","0.0","9.55","0.83","-288.0","-46.7292443581","-23.7412551589"
"18","2016-12-29","0.04","76.31","8.23","-288.0","-46.7292443581","-23.7412551589"
"18","2016-12-30","0.0","9.6","0.26","-288.0","-46.7292443581","-23.7412551589"
"18","2016-12-31","0.0","0.72","0.04","-287.0","-46.7292443581","-23.7412551589"
"18","2017-01-01","","","","-1.0","-46.7292443581","-23.7412551589"
"18","2017-01-02","1.16","107.02","20.9","-288.0","-46.7292443581","-23.7412551589"
"18","2017-01-03","0.12","16.94","1.69","-288.0","-46.7292443581","-23.7412551589"
"18","2017-01-04","0.0","6.22","0.34","-288.0","-46.7292443581","-23.7412551589"
"18","2017-01-05","0.0","1.21","0.02","-288.0","-46.7292443581","-23.7412551589"
"18","2017-01-06","0.47","50.71","9.32","-288.0","-46.7292443581","-23.7412551589"
"18","2017-01-07","3.01","94.64","27.87","-288.0","-46.7292443581","-23.7412551589"
"18","2017-01-08","0.25","33.23","4.39","-288.0","-46.7292443581","-23.7412551589"
"18","2017-01-09","0.03","110.71","15.29","-288.0","-46.7292443581","-23.7412551589"
"18","2017-01-10","0.83","17.71","4.56","-288.0","-46.7292443581","-23.7412551589"
"18","2017-01-11","0.12","58.96","7.25","-288.0","-46.7292443581","-23.7412551589"
"18","2017-01-12","0.53","52.4","9.1","-288.0","-46.7292443581","-23.7412551589"
"18","2017-01-13","0.0","4.24","0.05","-288.0","-46.7292443581","-23.7412551589"
"18","2017-01-14","0.0","0.07","0.0","-288.0","-46.7292443581","-23.7412551589"
"18","2017-01-15","0.0","9.07","0.36","-288.0","-46.7292443581","-23.7412551589"
"18","2017-01-16","3.52","147.03","30.69","-288.0","-46.7292443581","-23.7412551589"
"18","2017-01-17","6.36","90.61","26.22","-288.0","-46.7292443581","-23.7412551589"
"18","2017-01-18","8.17","152.94","42.42","-288.0","-46.7292443581","-23.7412551589"
"18","2017-01-19","7.24","188.49","44.33","-288.0","-46.7292443581","-23.7412551589"
"18","2017-01-20","4.72","101.79","26.82","-288.0","-46.7292443581","-23.7412551589"
"18","2017-01-21","3.42","89.97","18.02","-288.0","-46.7292443581","-23.7412551589"
"18","2017-01-22","2.34","50.33","14.78","-288.0","-46.7292443581","-23.7412551589"
"18","2017-01-23","0.05","10.55","0.7","-288.0","-46.7292443581","-23.7412551589"
"18","2017-01-24","0.0","25.01","3.33","-288.0","-46.7292443581","-23.7412551589"
"18","2017-01-25","0.0","3.98","0.12","-288.0","-46.7292443581","-23.7412551589"
"18","2017-01-26","4.97","71.09","21.26","-288.0","-46.7292443581","-23.7412551589"
"18","2017-01-27","0.96","45.96","9.28","-288.0","-46.7292443581","-23.7412551589"
"18","2017-01-28","0.0","1.74","0.02","-288.0","-46.7292443581","-23.7412551589"
"18","2017-01-29","0.0","0.57","0.01","-288.0","-46.7292443581","-23.7412551589"
"18","2017-01-30","0.0","4.08","0.16","-288.0","-46.7292443581","-23.7412551589"
"18","2017-01-31","0.25","11.26","1.75","-288.0","-46.7292443581","-23.7412551589"
"18","2017-02-01","3.1","68.97","15.29","-288.0","-46.7292443581","-23.7412551589"
"18","2017-02-02","1.69","37.84","8.33","-288.0","-46.7292443581","-23.7412551589"
"18","2017-02-03","0.61","29.56","5.64","-288.0","-46.7292443581","-23.7412551589"
"18","2017-02-04","0.18","46.82","7.11","-288.0","-46.7292443581","-23.7412551589"
"18","2017-02-05","0.0","4.09","0.36","-288.0","-46.7292443581","-23.7412551589"
"18","2017-02-06","2.05","39.93","9.06","-288.0","-46.7292443581","-23.7412551589"
"18","2017-02-07","0.01","15.31","0.96","-288.0","-46.7292443581","-23.7412551589"
"18","2017-02-08","0.0","0.25","0.01","-287.0","-46.7292443581","-23.7412551589"
"18","2017-02-09","0.0","0.0","0.0","0.0","-46.7292443581","-23.7412551589"
"18","2017-02-10","0.0","0.0","0.0","0.0","-46.7292443581","-23.7412551589"
"18","2017-02-11","0.0","0.0","0.0","0.0","-46.7292443581","-23.7412551589"
"18","2017-02-12","0.0","0.0","0.0","0.0","-46.7292443581","-23.7412551589"
"18","2017-02-13","0.0","0.0","0.0","0.0","-46.7292443581","-23.7412551589"
"18","2017-02-14","0.0","0.0","0.0","0.0","-46.7292443581","-23.7412551589"
"18","2017-02-15","0.0","0.0","0.0","0.0","-46.7292443581","-23.7412551589"
"18","2017-02-16","","","","-1.0","-46.7292443581","-23.7412551589"
"18","2017-02-17","0.0","0.24","0.0","-288.0","-46.7292443581","-23.7412551589"
"18","2017-02-18","0.0","0.0","0.0","-287.0","-46.7292443581","-23.7412551589"
"18","2017-02-19","0.0","0.0","0.0","0.0","-46.7292443581","-23.7412551589"
"18","2017-02-20","0.0","0.0","0.0","0.0","-46.7292443581","-23.7412551589"
"18","2017-02-21","","","","-1.0","-46.7292443581","-23.7412551589"
"18","2017-02-22","0.0","7.81","0.47","-288.0","-46.7292443581","-23.7412551589"
"18","2017-02-23","0.08","110.62","17.91","-288.0","-46.7292443581","-23.7412551589"
"18","2017-02-24","4.84","180.87","44.75","-288.0","-46.7292443581","-23.7412551589"
"18","2017-02-25","0.0","10.25","1.16","-288.0","-46.7292443581","-23.7412551589"
"18","2017-02-26","0.0","1.87","0.01","-288.0","-46.7292443581","-23.7412551589"
"18","2017-02-27","0.1","35.39","5.76","-288.0","-46.7292443581","-23.7412551589"
"18","2017-02-28","0.0","1.23","0.01","-288.0","-46.7292443581","-23.7412551589"
"18","2017-03-01","0.0","45.09","10.41","-288.0","-46.7292443581","-23.7412551589"
"18","2017-03-02","0.07","74.05","8.79","-288.0","-46.7292443581","-23.7412551589"
"18","2017-03-03","0.0","27.34","1.78","-288.0","-46.7292443581","-23.7412551589"
"18","2017-03-04","0.0","3.67","0.18","-288.0","-46.7292443581","-23.7412551589"
"18","2017-03-05","1.63","94.64","19.86","-288.0","-46.7292443581","-23.7412551589"
"18","2017-03-06","0.73","108.0","23.91","-288.0","-46.7292443581","-23.7412551589"
"18","2017-03-07","2.58","121.03","25.88","-288.0","-46.7292443581","-23.7412551589"
"18","2017-03-08","2.16","28.68","8.34","-288.0","-46.7292443581","-23.7412551589"
"18","2017-03-09","0.0","0.0","0.0","-288.0","-46.7292443581","-23.7412551589"
"18","2017-03-10","0.04","8.79","0.81","-288.0","-46.7292443581","-23.7412551589"
"18","2017-03-11","0.0","0.69","0.0","-288.0","-46.7292443581","-23.7412551589"
"18","2017-03-12","0.0","1.14","0.04","-288.0","-46.7292443581","-23.7412551589"
"18","2017-03-13","0.0","1.25","0.02","-288.0","-46.7292443581","-23.7412551589"
"18","2017-03-14","0.0","4.76","0.08","-288.0","-46.7292443581","-23.7412551589"
"18","2017-03-15","0.0","11.12","0.59","-288.0","-46.7292443581","-23.7412551589"
"18","2017-03-16","0.0","0.03","0.0","-288.0","-46.7292443581","-23.7412551589"
"18","2017-03-17","1.76","224.03","37.31","-288.0","-46.7292443581","-23.7412551589"
"18","2017-03-18","0.17","6.01","1.59","-288.0","-46.7292443581","-23.7412551589"
"18","2017-03-19","0.43","9.0","2.22","-288.0","-46.7292443581","-23.7412551589"
"18","2017-03-20","0.0","0.09","0.0","-287.0","-46.7292443581","-23.7412551589"
"18","2017-03-21","0.0","0.0","0.0","0.0","-46.7292443581","-23.7412551589"
"18","2017-03-22","0.0","0.0","0.0","0.0","-46.7292443581","-23.7412551589"
"18","2017-03-23","","","","-1.0","-46.7292443581","-23.7412551589"
"18","2017-03-24","0.0","0.03","0.0","-288.0","-46.7292443581","-23.7412551589"
"18","2017-03-25","0.0","4.22","0.52","-287.0","-46.7292443581","-23.7412551589"
"18","2017-03-26","","","","-1.0","-46.7292443581","-23.7412551589"
"18","2017-03-27","0.0","5.27","0.6","-288.0","-46.7292443581","-23.7412551589"
"18","2017-03-28","0.0","9.23","0.54","-288.0","-46.7292443581","-23.7412551589"
"18","2017-03-29","0.0","26.47","0.45","-287.0","-46.7292443581","-23.7412551589"
"18","2017-03-30","0.0","0.0","0.0","0.0","-46.7292443581","-23.7412551589"
"18","2017-03-31","0.0","0.0","0.0","0.0","-46.7292443581","-23.7412551589"
"18","2017-04-01","0.0","0.0","0.0","0.0","-46.7292443581","-23.7412551589"
"18","2017-04-02","0.0","0.0","0.0","0.0","-46.7292443581","-23.7412551589"
"18","2017-04-03","0.0","0.0","0.0","0.0","-46.7292443581","-23.7412551589"
"18","2017-04-04","","","","-1.0","-46.7292443581","-23.7412551589"
"18","2017-04-05","0.0","0.0","0.0","-288.0","-46.7292443581","-23.7412551589"
"18","2017-04-06","6.12","92.87","23.21","-288.0","-46.7292443581","-23.7412551589"
"18","2017-04-07","6.78","126.19","36.95","-288.0","-46.7292443581","-23.7412551589"
"18","2017-04-08","0.0","8.68","0.63","-287.0","-46.7292443581","-23.7412551589"
"18","2017-04-09","","","","-1.0","-46.7292443581","-23.7412551589"
"18","2017-04-10","0.0","2.59","0.03","-288.0","-46.7292443581","-23.7412551589"
"18","2017-04-11","0.0","1.71","0.04","-288.0","-46.7292443581","-23.7412551589"
"18","2017-04-12","0.2","13.31","2.08","-287.0","-46.7292443581","-23.7412551589"
"18","2017-04-13","0.0","0.0","0.0","0.0","-46.7292443581","-23.7412551589"
"18","2017-04-14","0.0","0.0","0.0","0.0","-46.7292443581","-23.7412551589"
"18","2017-04-15","0.0","0.0","0.0","0.0","-46.7292443581","-23.7412551589"
"18","2017-04-16","","","","-1.0","-46.7292443581","-23.7412551589"
"18","2017-04-17","0.0","3.87","0.12","-287.0","-46.7292443581","-23.7412551589"
"18","2017-04-18","0.0","0.0","0.0","0.0","-46.7292443581","-23.7412551589"
"18","2017-04-19","0.0","0.0","0.0","0.0","-46.7292443581","-23.7412551589"
"18","2017-04-20","","","","-1.0","-46.7292443581","-23.7412551589"
"18","2017-04-21","4.28","57.2","18.45","-288.0","-46.7292443581","-23.7412551589"
"18","2017-04-22","0.9","9.31","3.16","-287.0","-46.7292443581","-23.7412551589"
"18","2017-04-23","0.0","0.0","0.0","0.0","-46.7292443581","-23.7412551589"
"18","2017-04-24","0.0","0.0","0.0","0.0","-46.7292443581","-23.7412551589"
"18","2017-04-25","","","","-1.0","-46.7292443581","-23.7412551589"
"18","2017-04-26","4.12","73.16","19.87","-288.0","-46.7292443581","-23.7412551589"
"18","2017-04-27","0.24","7.65","1.36","-287.0","-46.7292443581","-23.7412551589"
"18","2017-04-28","0.0","0.0","0.0","0.0","-46.7292443581","-23.7412551589"
"18","2017-04-29","0.0","0.0","0.0","0.0","-46.7292443581","-23.7412551589"
"18","2017-04-30","0.0","0.0","0.0","0.0","-46.7292443581","-23.7412551589"
"18","2017-05-01","","","","-1.0","-46.7292443581","-23.7412551589"
"18","2017-05-02","0.0","0.41","0.0","-287.0","-46.7292443581","-23.7412551589"
"18","2017-05-03","0.0","0.0","0.0","0.0","-46.7292443581","-23.7412551589"
"18","2017-05-04","","","","-1.0","-46.7292443581","-23.7412551589"
"18","2017-05-05","4.23","71.94","20.81","-288.0","-46.7292443581","-23.7412551589"
"18","2017-05-06","0.66","10.96","3.07","-288.0","-46.7292443581","-23.7412551589"
"18","2017-05-07","0.0","1.03","0.08","-287.0","-46.7292443581","-23.7412551589"
"18","2017-05-08","0.0","0.0","0.0","0.0","-46.7292443581","-23.7412551589"
"18","2017-05-09","0.0","0.0","0.0","0.0","-46.7292443581","-23.7412551589"
"18","2017-05-10","0.0","0.0","0.0","0.0","-46.7292443581","-23.7412551589"
"18","2017-05-11","0.0","0.0","0.0","0.0","-46.7292443581","-23.7412551589"
"18","2017-05-12","0.0","0.0","0.0","0.0","-46.7292443581","-23.7412551589"
"18","2017-05-13","","","","-1.0","-46.7292443581","-23.7412551589"
"18","2017-05-14","0.0","1.62","0.1","-287.0","-46.7292443581","-23.7412551589"
"18","2017-05-15","0.0","0.0","0.0","0.0","-46.7292443581","-23.7412551589"
"18","2017-05-16","0.0","0.0","0.0","0.0","-46.7292443581","-23.7412551589"
"18","2017-05-17","","","","-1.0","-46.7292443581","-23.7412551589"
"18","2017-05-18","0.72","16.51","4.05","-288.0","-46.7292443581","-23.7412551589"
"18","2017-05-19","11.22","139.43","38.89","-288.0","-46.7292443581","-23.7412551589"
"18","2017-05-20","0.02","0.89","0.2","-288.0","-46.7292443581","-23.7412551589"
"18","2017-05-21","7.46","95.15","29.26","-288.0","-46.7292443581","-23.7412551589"
"18","2017-05-22","1.2","28.77","6.39","-287.0","-46.7292443581","-23.7412551589"
"18","2017-05-23","0.0","0.0","0.0","0.0","-46.7292443581","-23.7412551589"
"18","2017-05-24","0.0","0.0","0.0","0.0","-46.7292443581","-23.7412551589"
"18","2017-05-25","0.0","0.0","0.0","0.0","-46.7292443581","-23.7412551589"
"18","2017-05-26","0.0","0.0","0.0","0.0","-46.7292443581","-23.7412551589"
"18","2017-05-27","0.0","0.0","0.0","0.0","-46.7292443581","-23.7412551589"
"18","2017-05-28","0.0","0.0","0.0","0.0","-46.7292443581","-23.7412551589"
"18","2017-05-29","0.0","0.0","0.0","0.0","-46.7292443581","-23.7412551589"
"18","2017-05-30","0.0","0.0","0.0","0.0","-46.7292443581","-23.7412551589"
"18","2017-05-31","0.0","0.0","0.0","0.0","-46.7292443581","-23.7412551589"
"18","2017-06-01","0.0","0.0","0.0","0.0","-46.7292443581","-23.7412551589"
"18","2017-06-02","0.0","0.0","0.0","0.0","-46.7292443581","-23.7412551589"
"18","2017-06-03","0.0","0.0","0.0","0.0","-46.7292443581","-23.7412551589"
"18","2017-06-04","","","","-1.0","-46.7292443581","-23.7412551589"
"18","2017-06-05","12.66","145.48","49.18","-288.0","-46.7292443581","-23.7412551589"
"18","2017-06-06","9.12","166.27","40.3","-288.0","-46.7292443581","-23.7412551589"
"18","2017-06-07","3.0","60.11","14.15","-287.0","-46.7292443581","-23.7412551589"
"18","2017-06-08","","","","-1.0","-46.7292443581","-23.7412551589"
"18","2017-06-09","0.03","20.44","1.46","-288.0","-46.7292443581","-23.7412551589"
"18","2017-06-10","0.0","0.0","0.0","-287.0","-46.7292443581","-23.7412551589"
"18","2017-06-11","","","","-1.0","-46.7292443581","-23.7412551589"
"18","2017-06-12","0.0","6.23","0.08","-288.0","-46.7292443581","-23.7412551589"
"18","2017-06-13","5.55","123.79","32.07","-288.0","-46.7292443581","-23.7412551589"
"18","2017-06-14","0.2","8.19","1.57","-287.0","-46.7292443581","-23.7412551589"
"19","2016-10-31","","","","-1.0","-46.6636164404","-23.7418447158"
"19","2016-11-01","0.0","0.01","0.0","-288.0","-46.6636164404","-23.7418447158"
"19","2016-11-02","0.16","31.4","4.98","-288.0","-46.6636164404","-23.7418447158"
"19","2016-11-03","0.83","82.55","12.81","-288.0","-46.6636164404","-23.7418447158"
"19","2016-11-04","0.0","2.16","0.38","-288.0","-46.6636164404","-23.7418447158"
"19","2016-11-05","0.0","0.0","0.0","-288.0","-46.6636164404","-23.7418447158"
"19","2016-11-06","0.0","0.59","0.0","-288.0","-46.6636164404","-23.7418447158"
"19","2016-11-07","0.0","0.29","0.0","-288.0","-46.6636164404","-23.7418447158"
"19","2016-11-08","0.0","0.1","0.0","-288.0","-46.6636164404","-23.7418447158"
"19","2016-11-09","5.15","108.63","32.15","-288.0","-46.6636164404","-23.7418447158"
"19","2016-11-10","1.94","55.95","13.51","-288.0","-46.6636164404","-23.7418447158"
"19","2016-11-11","0.14","31.38","6.1","-288.0","-46.6636164404","-23.7418447158"
"19","2016-11-12","0.0","0.15","0.01","-288.0","-46.6636164404","-23.7418447158"
"19","2016-11-13","8.36","58.58","26.13","-288.0","-46.6636164404","-23.7418447158"
"19","2016-11-14","5.01","24.73","11.88","-287.0","-46.6636164404","-23.7418447158"
"19","2016-11-15","","","","-1.0","-46.6636164404","-23.7418447158"
"19","2016-11-16","0.96","38.72","8.63","-288.0","-46.6636164404","-23.7418447158"
"19","2016-11-17","0.41","25.62","4.7","-288.0","-46.6636164404","-23.7418447158"
"19","2016-11-18","0.03","16.55","2.19","-287.0","-46.6636164404","-23.7418447158"
"19","2016-11-19","0.0","0.0","0.0","0.0","-46.6636164404","-23.7418447158"
"19","2016-11-20","0.0","0.0","0.0","0.0","-46.6636164404","-23.7418447158"
"19","2016-11-21","0.0","0.0","0.0","0.0","-46.6636164404","-23.7418447158"
"19","2016-11-22","","","","-1.0","-46.6636164404","-23.7418447158"
"19","2016-11-23","0.2","26.95","5.81","-288.0","-46.6636164404","-23.7418447158"
"19","2016-11-24","0.0","0.0","0.0","-287.0","-46.6636164404","-23.7418447158"
"19","2016-11-25","0.0","0.0","0.0","0.0","-46.6636164404","-23.7418447158"
"19","2016-11-26","","","","-1.0","-46.6636164404","-23.7418447158"
"19","2016-11-27","0.01","1.51","0.19","-288.0","-46.6636164404","-23.7418447158"
"19","2016-11-28","0.03","27.69","3.59","-288.0","-46.6636164404","-23.7418447158"
"19","2016-11-29","1.27","17.91","5.09","-288.0","-46.6636164404","-23.7418447158"
"19","2016-11-30","0.0","0.01","0.0","-287.0","-46.6636164404","-23.7418447158"
"19","2016-12-01","0.0","0.0","0.0","0.0","-46.6636164404","-23.7418447158"
"19","2016-12-02","","","","-1.0","-46.6636164404","-23.7418447158"
"19","2016-12-03","1.82","43.63","12.15","-288.0","-46.6636164404","-23.7418447158"
"19","2016-12-04","0.57","31.27","7.31","-288.0","-46.6636164404","-23.7418447158"
"19","2016-12-05","0.0","0.62","0.05","-287.0","-46.6636164404","-23.7418447158"
"19","2016-12-06","","","","-1.0","-46.6636164404","-23.7418447158"
"19","2016-12-07","1.6","59.25","13.53","-288.0","-46.6636164404","-23.7418447158"
"19","2016-12-08","0.0","0.37","0.02","-288.0","-46.6636164404","-23.7418447158"
"19","2016-12-09","0.0","2.83","0.5","-288.0","-46.6636164404","-23.7418447158"
"19","2016-12-10","1.12","14.3","4.44","-288.0","-46.6636164404","-23.7418447158"
"19","2016-12-11","1.33","60.6","14.58","-288.0","-46.6636164404","-23.7418447158"
"19","2016-12-12","0.93","61.62","11.88","-288.0","-46.6636164404","-23.7418447158"
"19","2016-12-13","0.0","0.78","0.01","-288.0","-46.6636164404","-23.7418447158"
"19","2016-12-14","0.0","0.45","0.0","-288.0","-46.6636164404","-23.7418447158"
"19","2016-12-15","0.0","0.0","0.0","-287.0","-46.6636164404","-23.7418447158"
"19","2016-12-16","0.0","0.0","0.0","0.0","-46.6636164404","-23.7418447158"
"19","2016-12-17","","","","-1.0","-46.6636164404","-23.7418447158"
"19","2016-12-18","0.0","0.38","0.0","-288.0","-46.6636164404","-23.7418447158"
"19","2016-12-19","2.8","106.46","21.98","-288.0","-46.6636164404","-23.7418447158"
"19","2016-12-20","4.33","55.3","25.63","-288.0","-46.6636164404","-23.7418447158"
"19","2016-12-21","9.49","114.82","40.51","-288.0","-46.6636164404","-23.7418447158"
"19","2016-12-22","0.0","0.29","0.0","-288.0","-46.6636164404","-23.7418447158"
"19","2016-12-23","0.86","128.4","15.6","-288.0","-46.6636164404","-23.7418447158"
"19","2016-12-24","0.34","19.37","3.52","-288.0","-46.6636164404","-23.7418447158"
"19","2016-12-25","0.0","0.06","0.0","-288.0","-46.6636164404","-23.7418447158"
"19","2016-12-26","0.0","0.05","0.0","-288.0","-46.6636164404","-23.7418447158"
"19","2016-12-27","0.0","1.13","0.08","-288.0","-46.6636164404","-23.7418447158"
"19","2016-12-28","0.0","0.98","0.04","-288.0","-46.6636164404","-23.7418447158"
"19","2016-12-29","0.26","76.9","16.35","-288.0","-46.6636164404","-23.7418447158"
"19","2016-12-30","0.0","0.34","0.0","-288.0","-46.6636164404","-23.7418447158"
"19","2016-12-31","0.0","8.18","0.44","-287.0","-46.6636164404","-23.7418447158"
"19","2017-01-01","","","","-1.0","-46.6636164404","-23.7418447158"
"19","2017-01-02","5.18","83.69","28.54","-288.0","-46.6636164404","-23.7418447158"
"19","2017-01-03","0.0","3.04","0.4","-288.0","-46.6636164404","-23.7418447158"
"19","2017-01-04","0.0","7.27","1.05","-288.0","-46.6636164404","-23.7418447158"
"19","2017-01-05","0.0","0.15","0.01","-288.0","-46.6636164404","-23.7418447158"
"19","2017-01-06","0.09","24.77","3.39","-288.0","-46.6636164404","-23.7418447158"
"19","2017-01-07","2.29","91.39","14.79","-288.0","-46.6636164404","-23.7418447158"
"19","2017-01-08","0.6","20.38","3.45","-288.0","-46.6636164404","-23.7418447158"
"19","2017-01-09","0.03","21.51","1.0","-288.0","-46.6636164404","-23.7418447158"
"19","2017-01-10","0.46","13.05","3.12","-288.0","-46.6636164404","-23.7418447158"
"19","2017-01-11","0.19","24.08","3.27","-288.0","-46.6636164404","-23.7418447158"
"19","2017-01-12","0.83","30.52","7.34","-288.0","-46.6636164404","-23.7418447158"
"19","2017-01-13","0.0","0.81","0.0","-288.0","-46.6636164404","-23.7418447158"
"19","2017-01-14","0.0","0.02","0.0","-288.0","-46.6636164404","-23.7418447158"
"19","2017-01-15","0.0","8.53","0.24","-288.0","-46.6636164404","-23.7418447158"
"19","2017-01-16","2.7","72.42","17.25","-288.0","-46.6636164404","-23.7418447158"
"19","2017-01-17","7.02","84.7","29.57","-288.0","-46.6636164404","-23.7418447158"
"19","2017-01-18","7.41","118.02","36.78","-288.0","-46.6636164404","-23.7418447158"
"19","2017-01-19","6.6","141.87","35.12","-288.0","-46.6636164404","-23.7418447158"
"19","2017-01-20","5.93","100.56","25.9","-288.0","-46.6636164404","-23.7418447158"
"19","2017-01-21","3.44","130.83","25.84","-288.0","-46.6636164404","-23.7418447158"
"19","2017-01-22","3.04","46.88","15.91","-288.0","-46.6636164404","-23.7418447158"
"19","2017-01-23","0.05","32.05","4.46","-288.0","-46.6636164404","-23.7418447158"
"19","2017-01-24","0.02","34.6","7.87","-288.0","-46.6636164404","-23.7418447158"
"19","2017-01-25","0.0","0.79","0.1","-288.0","-46.6636164404","-23.7418447158"
"19","2017-01-26","5.64","55.45","21.01","-288.0","-46.6636164404","-23.7418447158"
"19","2017-01-27","1.33","38.83","8.25","-288.0","-46.6636164404","-23.7418447158"
"19","2017-01-28","0.0","0.09","0.0","-288.0","-46.6636164404","-23.7418447158"
"19","2017-01-29","0.0","2.65","0.12","-288.0","-46.6636164404","-23.7418447158"
"19","2017-01-30","0.0","0.22","0.0","-288.0","-46.6636164404","-23.7418447158"
"19","2017-01-31","0.11","4.38","0.97","-288.0","-46.6636164404","-23.7418447158"
"19","2017-02-01","3.47","87.08","21.8","-288.0","-46.6636164404","-23.7418447158"
"19","2017-02-02","1.51","26.15","7.0","-288.0","-46.6636164404","-23.7418447158"
"19","2017-02-03","0.45","20.71","4.47","-288.0","-46.6636164404","-23.7418447158"
"19","2017-02-04","1.56","56.88","15.71","-288.0","-46.6636164404","-23.7418447158"
"19","2017-02-05","0.0","1.4","0.09","-288.0","-46.6636164404","-23.7418447158"
"19","2017-02-06","1.84","43.35","7.99","-288.0","-46.6636164404","-23.7418447158"
"19","2017-02-07","0.01","7.38","1.16","-288.0","-46.6636164404","-23.7418447158"
"19","2017-02-08","0.0","0.08","0.0","-287.0","-46.6636164404","-23.7418447158"
"19","2017-02-09","0.0","0.0","0.0","0.0","-46.6636164404","-23.7418447158"
"19","2017-02-10","0.0","0.0","0.0","0.0","-46.6636164404","-23.7418447158"
"19","2017-02-11","0.0","0.0","0.0","0.0","-46.6636164404","-23.7418447158"
"19","2017-02-12","0.0","0.0","0.0","0.0","-46.6636164404","-23.7418447158"
"19","2017-02-13","0.0","0.0","0.0","0.0","-46.6636164404","-23.7418447158"
"19","2017-02-14","0.0","0.0","0.0","0.0","-46.6636164404","-23.7418447158"
"19","2017-02-15","0.0","0.0","0.0","0.0","-46.6636164404","-23.7418447158"
"19","2017-02-16","","","","-1.0","-46.6636164404","-23.7418447158"
"19","2017-02-17","0.0","0.1","0.0","-288.0","-46.6636164404","-23.7418447158"
"19","2017-02-18","0.0","0.0","0.0","-287.0","-46.6636164404","-23.7418447158"
"19","2017-02-19","0.0","0.0","0.0","0.0","-46.6636164404","-23.7418447158"
"19","2017-02-20","0.0","0.0","0.0","0.0","-46.6636164404","-23.7418447158"
"19","2017-02-21","","","","-1.0","-46.6636164404","-23.7418447158"
"19","2017-02-22","0.0","21.41","2.25","-288.0","-46.6636164404","-23.7418447158"
"19","2017-02-23","0.29","42.34","8.77","-288.0","-46.6636164404","-23.7418447158"
"19","2017-02-24","3.08","137.87","23.28","-288.0","-46.6636164404","-23.7418447158"
"19","2017-02-25","0.0","4.99","0.58","-288.0","-46.6636164404","-23.7418447158"
"19","2017-02-26","0.0","17.81","1.14","-288.0","-46.6636164404","-23.7418447158"
"19","2017-02-27","0.07","18.56","3.66","-288.0","-46.6636164404","-23.7418447158"
"19","2017-02-28","0.0","0.24","0.0","-288.0","-46.6636164404","-23.7418447158"
"19","2017-03-01","0.0","7.63","0.84","-288.0","-46.6636164404","-23.7418447158"
"19","2017-03-02","3.7","123.04","26.45","-288.0","-46.6636164404","-23.7418447158"
"19","2017-03-03","0.02","12.05","2.06","-288.0","-46.6636164404","-23.7418447158"
"19","2017-03-04","0.0","2.26","0.1","-288.0","-46.6636164404","-23.7418447158"
"19","2017-03-05","1.49","71.52","18.53","-288.0","-46.6636164404","-23.7418447158"
"19","2017-03-06","0.97","72.54","12.0","-288.0","-46.6636164404","-23.7418447158"
"19","2017-03-07","7.62","143.51","54.4","-288.0","-46.6636164404","-23.7418447158"
"19","2017-03-08","3.23","23.3","9.37","-288.0","-46.6636164404","-23.7418447158"
"19","2017-03-09","0.0","0.0","0.0","-288.0","-46.6636164404","-23.7418447158"
"19","2017-03-10","0.0","1.47","0.1","-288.0","-46.6636164404","-23.7418447158"
"19","2017-03-11","0.0","0.03","0.0","-288.0","-46.6636164404","-23.7418447158"
"19","2017-03-12","0.0","0.22","0.02","-288.0","-46.6636164404","-23.7418447158"
"19","2017-03-13","0.0","2.96","0.13","-288.0","-46.6636164404","-23.7418447158"
"19","2017-03-14","0.0","2.6","0.13","-288.0","-46.6636164404","-23.7418447158"
"19","2017-03-15","0.0","4.31","0.46","-288.0","-46.6636164404","-23.7418447158"
"19","2017-03-16","0.0","0.01","0.0","-288.0","-46.6636164404","-23.7418447158"
"19","2017-03-17","1.76","116.78","20.04","-288.0","-46.6636164404","-23.7418447158"
"19","2017-03-18","0.19","4.9","1.31","-288.0","-46.6636164404","-23.7418447158"
"19","2017-03-19","0.39","5.75","1.89","-288.0","-46.6636164404","-23.7418447158"
"19","2017-03-20","0.0","0.0","0.0","-287.0","-46.6636164404","-23.7418447158"
"19","2017-03-21","0.0","0.0","0.0","0.0","-46.6636164404","-23.7418447158"
"19","2017-03-22","0.0","0.0","0.0","0.0","-46.6636164404","-23.7418447158"
"19","2017-03-23","","","","-1.0","-46.6636164404","-23.7418447158"
"19","2017-03-24","0.0","0.01","0.0","-288.0","-46.6636164404","-23.7418447158"
"19","2017-03-25","0.0","3.62","0.64","-287.0","-46.6636164404","-23.7418447158"
"19","2017-03-26","","","","-1.0","-46.6636164404","-23.7418447158"
"19","2017-03-27","0.02","3.88","0.57","-288.0","-46.6636164404","-23.7418447158"
"19","2017-03-28","0.0","2.74","0.33","-288.0","-46.6636164404","-23.7418447158"
"19","2017-03-29","0.01","3.32","0.69","-287.0","-46.6636164404","-23.7418447158"
"19","2017-03-30","0.0","0.0","0.0","0.0","-46.6636164404","-23.7418447158"
"19","2017-03-31","0.0","0.0","0.0","0.0","-46.6636164404","-23.7418447158"
"19","2017-04-01","0.0","0.0","0.0","0.0","-46.6636164404","-23.7418447158"
"19","2017-04-02","0.0","0.0","0.0","0.0","-46.6636164404","-23.7418447158"
"19","2017-04-03","0.0","0.0","0.0","0.0","-46.6636164404","-23.7418447158"
"19","2017-04-04","","","","-1.0","-46.6636164404","-23.7418447158"
"19","2017-04-05","0.0","0.0","0.0","-288.0","-46.6636164404","-23.7418447158"
"19","2017-04-06","6.02","84.16","23.89","-288.0","-46.6636164404","-23.7418447158"
"19","2017-04-07","5.94","118.6","35.14","-288.0","-46.6636164404","-23.7418447158"
"19","2017-04-08","0.0","1.26","0.12","-287.0","-46.6636164404","-23.7418447158"
"19","2017-04-09","","","","-1.0","-46.6636164404","-23.7418447158"
"19","2017-04-10","0.0","0.0","0.0","-288.0","-46.6636164404","-23.7418447158"
"19","2017-04-11","0.0","0.31","0.0","-288.0","-46.6636164404","-23.7418447158"
"19","2017-04-12","0.02","7.21","1.28","-287.0","-46.6636164404","-23.7418447158"
"19","2017-04-13","0.0","0.0","0.0","0.0","-46.6636164404","-23.7418447158"
"19","2017-04-14","0.0","0.0","0.0","0.0","-46.6636164404","-23.7418447158"
"19","2017-04-15","0.0","0.0","0.0","0.0","-46.6636164404","-23.7418447158"
"19","2017-04-16","","","","-1.0","-46.6636164404","-23.7418447158"
"19","2017-04-17","0.0","0.89","0.07","-287.0","-46.6636164404","-23.7418447158"
"19","2017-04-18","0.0","0.0","0.0","0.0","-46.6636164404","-23.7418447158"
"19","2017-04-19","0.0","0.0","0.0","0.0","-46.6636164404","-23.7418447158"
"19","2017-04-20","","","","-1.0","-46.6636164404","-23.7418447158"
"19","2017-04-21","4.56","70.42","24.53","-288.0","-46.6636164404","-23.7418447158"
"19","2017-04-22","0.67","9.78","3.34","-287.0","-46.6636164404","-23.7418447158"
"19","2017-04-23","0.0","0.0","0.0","0.0","-46.6636164404","-23.7418447158"
"19","2017-04-24","0.0","0.0","0.0","0.0","-46.6636164404","-23.7418447158"
"19","2017-04-25","","","","-1.0","-46.6636164404","-23.7418447158"
"19","2017-04-26","4.37","50.72","16.89","-288.0","-46.6636164404","-23.7418447158"
"19","2017-04-27","0.59","4.18","1.67","-287.0","-46.6636164404","-23.7418447158"
"19","2017-04-28","0.0","0.0","0.0","0.0","-46.6636164404","-23.7418447158"
"19","2017-04-29","0.0","0.0","0.0","0.0","-46.6636164404","-23.7418447158"
"19","2017-04-30","0.0","0.0","0.0","0.0","-46.6636164404","-23.7418447158"
"19","2017-05-01","","","","-1.0","-46.6636164404","-23.7418447158"
"19","2017-05-02","0.0","0.03","0.0","-287.0","-46.6636164404","-23.7418447158"
"19","2017-05-03","0.0","0.0","0.0","0.0","-46.6636164404","-23.7418447158"
"19","2017-05-04","","","","-1.0","-46.6636164404","-23.7418447158"
"19","2017-05-05","3.64","65.32","18.6","-288.0","-46.6636164404","-23.7418447158"
"19","2017-05-06","0.59","13.52","3.01","-288.0","-46.6636164404","-23.7418447158"
"19","2017-05-07","0.0","1.02","0.12","-287.0","-46.6636164404","-23.7418447158"
"19","2017-05-08","0.0","0.0","0.0","0.0","-46.6636164404","-23.7418447158"
"19","2017-05-09","0.0","0.0","0.0","0.0","-46.6636164404","-23.7418447158"
"19","2017-05-10","0.0","0.0","0.0","0.0","-46.6636164404","-23.7418447158"
"19","2017-05-11","0.0","0.0","0.0","0.0","-46.6636164404","-23.7418447158"
"19","2017-05-12","0.0","0.0","0.0","0.0","-46.6636164404","-23.7418447158"
"19","2017-05-13","","","","-1.0","-46.6636164404","-23.7418447158"
"19","2017-05-14","0.0","1.1","0.17","-287.0","-46.6636164404","-23.7418447158"
"19","2017-05-15","0.0","0.0","0.0","0.0","-46.6636164404","-23.7418447158"
"19","2017-05-16","0.0","0.0","0.0","0.0","-46.6636164404","-23.7418447158"
"19","2017-05-17","","","","-1.0","-46.6636164404","-23.7418447158"
"19","2017-05-18","0.7","11.65","3.53","-288.0","-46.6636164404","-23.7418447158"
"19","2017-05-19","11.87","118.6","38.79","-288.0","-46.6636164404","-23.7418447158"
"19","2017-05-20","0.0","0.98","0.19","-288.0","-46.6636164404","-23.7418447158"
"19","2017-05-21","8.21","83.79","26.93","-288.0","-46.6636164404","-23.7418447158"
"19","2017-05-22","1.59","31.27","7.73","-287.0","-46.6636164404","-23.7418447158"
"19","2017-05-23","0.0","0.0","0.0","0.0","-46.6636164404","-23.7418447158"
"19","2017-05-24","0.0","0.0","0.0","0.0","-46.6636164404","-23.7418447158"
"19","2017-05-25","0.0","0.0","0.0","0.0","-46.6636164404","-23.7418447158"
"19","2017-05-26","0.0","0.0","0.0","0.0","-46.6636164404","-23.7418447158"
"19","2017-05-27","0.0","0.0","0.0","0.0","-46.6636164404","-23.7418447158"
"19","2017-05-28","0.0","0.0","0.0","0.0","-46.6636164404","-23.7418447158"
"19","2017-05-29","0.0","0.0","0.0","0.0","-46.6636164404","-23.7418447158"
"19","2017-05-30","0.0","0.0","0.0","0.0","-46.6636164404","-23.7418447158"
"19","2017-05-31","0.0","0.0","0.0","0.0","-46.6636164404","-23.7418447158"
"19","2017-06-01","0.0","0.0","0.0","0.0","-46.6636164404","-23.7418447158"
"19","2017-06-02","0.0","0.0","0.0","0.0","-46.6636164404","-23.7418447158"
"19","2017-06-03","0.0","0.0","0.0","0.0","-46.6636164404","-23.7418447158"
"19","2017-06-04","","","","-1.0","-46.6636164404","-23.7418447158"
"19","2017-06-05","11.68","126.25","44.38","-288.0","-46.6636164404","-23.7418447158"
"19","2017-06-06","9.3","128.55","38.79","-288.0","-46.6636164404","-23.7418447158"
"19","2017-06-07","2.61","53.46","13.26","-287.0","-46.6636164404","-23.7418447158"
"19","2017-06-08","","","","-1.0","-46.6636164404","-23.7418447158"
"19","2017-06-09","0.02","8.65","1.5","-288.0","-46.6636164404","-23.7418447158"
"19","2017-06-10","0.0","0.0","0.0","-287.0","-46.6636164404","-23.7418447158"
"19","2017-06-11","","","","-1.0","-46.6636164404","-23.7418447158"
"19","2017-06-12","0.0","0.02","0.0","-288.0","-46.6636164404","-23.7418447158"
"19","2017-06-13","5.12","134.94","36.52","-288.0","-46.6636164404","-23.7418447158"
"19","2017-06-14","0.21","5.47","1.39","-287.0","-46.6636164404","-23.7418447158"
"20","2016-10-31","","","","-1.0","-46.7638600274","-23.6813668205"
"20","2016-11-01","0.0","9.42","0.16","-288.0","-46.7638600274","-23.6813668205"
"20","2016-11-02","0.43","34.45","7.34","-288.0","-46.7638600274","-23.6813668205"
"20","2016-11-03","0.83","73.1","8.56","-288.0","-46.7638600274","-23.6813668205"
"20","2016-11-04","0.01","6.4","0.25","-288.0","-46.7638600274","-23.6813668205"
"20","2016-11-05","0.0","0.0","0.0","-288.0","-46.7638600274","-23.6813668205"
"20","2016-11-06","0.0","1.73","0.01","-288.0","-46.7638600274","-23.6813668205"
"20","2016-11-07","0.0","0.71","0.0","-288.0","-46.7638600274","-23.6813668205"
"20","2016-11-08","0.0","0.12","0.0","-288.0","-46.7638600274","-23.6813668205"
"20","2016-11-09","5.51","99.8","32.09","-288.0","-46.7638600274","-23.6813668205"
"20","2016-11-10","2.19","62.39","16.29","-288.0","-46.7638600274","-23.6813668205"
"20","2016-11-11","0.16","34.08","5.58","-288.0","-46.7638600274","-23.6813668205"
"20","2016-11-12","0.0","1.52","0.04","-288.0","-46.7638600274","-23.6813668205"
"20","2016-11-13","9.51","61.73","27.51","-288.0","-46.7638600274","-23.6813668205"
"20","2016-11-14","5.24","37.2","13.51","-287.0","-46.7638600274","-23.6813668205"
"20","2016-11-15","","","","-1.0","-46.7638600274","-23.6813668205"
"20","2016-11-16","0.59","40.95","5.49","-288.0","-46.7638600274","-23.6813668205"
"20","2016-11-17","0.64","59.19","11.5","-288.0","-46.7638600274","-23.6813668205"
"20","2016-11-18","0.01","14.33","1.08","-287.0","-46.7638600274","-23.6813668205"
"20","2016-11-19","0.0","0.0","0.0","0.0","-46.7638600274","-23.6813668205"
"20","2016-11-20","0.0","0.0","0.0","0.0","-46.7638600274","-23.6813668205"
"20","2016-11-21","0.0","0.0","0.0","0.0","-46.7638600274","-23.6813668205"
"20","2016-11-22","","","","-1.0","-46.7638600274","-23.6813668205"
"20","2016-11-23","0.0","9.88","1.03","-288.0","-46.7638600274","-23.6813668205"
"20","2016-11-24","0.0","0.19","0.0","-287.0","-46.7638600274","-23.6813668205"
"20","2016-11-25","0.0","0.0","0.0","0.0","-46.7638600274","-23.6813668205"
"20","2016-11-26","","","","-1.0","-46.7638600274","-23.6813668205"
"20","2016-11-27","0.31","31.68","3.15","-288.0","-46.7638600274","-23.6813668205"
"20","2016-11-28","0.04","24.59","3.46","-288.0","-46.7638600274","-23.6813668205"
"20","2016-11-29","1.9","31.77","7.79","-288.0","-46.7638600274","-23.6813668205"
"20","2016-11-30","0.0","0.0","0.0","-287.0","-46.7638600274","-23.6813668205"
"20","2016-12-01","0.0","0.0","0.0","0.0","-46.7638600274","-23.6813668205"
"20","2016-12-02","","","","-1.0","-46.7638600274","-23.6813668205"
"20","2016-12-03","0.9","45.19","11.76","-288.0","-46.7638600274","-23.6813668205"
"20","2016-12-04","1.02","50.16","8.77","-288.0","-46.7638600274","-23.6813668205"
"20","2016-12-05","0.0","3.0","0.43","-287.0","-46.7638600274","-23.6813668205"
"20","2016-12-06","","","","-1.0","-46.7638600274","-23.6813668205"
"20","2016-12-07","0.95","57.75","10.84","-288.0","-46.7638600274","-23.6813668205"
"20","2016-12-08","0.0","6.26","0.1","-288.0","-46.7638600274","-23.6813668205"
"20","2016-12-09","0.0","3.18","0.31","-288.0","-46.7638600274","-23.6813668205"
"20","2016-12-10","1.09","21.79","5.14","-288.0","-46.7638600274","-23.6813668205"
"20","2016-12-11","0.75","51.91","10.49","-288.0","-46.7638600274","-23.6813668205"
"20","2016-12-12","2.46","78.67","16.61","-288.0","-46.7638600274","-23.6813668205"
"20","2016-12-13","0.0","4.16","0.17","-288.0","-46.7638600274","-23.6813668205"
"20","2016-12-14","0.0","3.56","0.06","-288.0","-46.7638600274","-23.6813668205"
"20","2016-12-15","0.0","0.28","0.0","-287.0","-46.7638600274","-23.6813668205"
"20","2016-12-16","0.0","0.0","0.0","0.0","-46.7638600274","-23.6813668205"
"20","2016-12-17","","","","-1.0","-46.7638600274","-23.6813668205"
"20","2016-12-18","0.0","20.04","1.37","-288.0","-46.7638600274","-23.6813668205"
"20","2016-12-19","0.06","37.92","3.16","-288.0","-46.7638600274","-23.6813668205"
"20","2016-12-20","0.12","7.87","1.57","-288.0","-46.7638600274","-23.6813668205"
"20","2016-12-21","0.07","147.4","17.22","-288.0","-46.7638600274","-23.6813668205"
"20","2016-12-22","0.0","2.96","0.05","-288.0","-46.7638600274","-23.6813668205"
"20","2016-12-23","0.7","57.86","14.87","-288.0","-46.7638600274","-23.6813668205"
"20","2016-12-24","0.35","26.44","4.33","-288.0","-46.7638600274","-23.6813668205"
"20","2016-12-25","0.0","1.21","0.01","-288.0","-46.7638600274","-23.6813668205"
"20","2016-12-26","0.0","0.51","0.0","-288.0","-46.7638600274","-23.6813668205"
"20","2016-12-27","0.0","19.46","2.22","-288.0","-46.7638600274","-23.6813668205"
"20","2016-12-28","0.05","47.02","5.75","-288.0","-46.7638600274","-23.6813668205"
"20","2016-12-29","0.01","26.69","1.8","-288.0","-46.7638600274","-23.6813668205"
"20","2016-12-30","0.0","1.59","0.03","-288.0","-46.7638600274","-23.6813668205"
"20","2016-12-31","0.0","0.7","0.08","-287.0","-46.7638600274","-23.6813668205"
"20","2017-01-01","","","","-1.0","-46.7638600274","-23.6813668205"
"20","2017-01-02","1.0","152.52","33.95","-288.0","-46.7638600274","-23.6813668205"
"20","2017-01-03","0.26","24.98","3.88","-288.0","-46.7638600274","-23.6813668205"
"20","2017-01-04","0.0","1.37","0.02","-288.0","-46.7638600274","-23.6813668205"
"20","2017-01-05","0.0","2.56","0.03","-288.0","-46.7638600274","-23.6813668205"
"20","2017-01-06","0.14","27.22","4.5","-288.0","-46.7638600274","-23.6813668205"
"20","2017-01-07","1.83","69.88","15.79","-288.0","-46.7638600274","-23.6813668205"
"20","2017-01-08","0.07","6.27","0.87","-288.0","-46.7638600274","-23.6813668205"
"20","2017-01-09","4.42","130.59","56.06","-288.0","-46.7638600274","-23.6813668205"
"20","2017-01-10","1.9","28.94","8.16","-288.0","-46.7638600274","-23.6813668205"
"20","2017-01-11","0.03","32.07","3.32","-288.0","-46.7638600274","-23.6813668205"
"20","2017-01-12","0.55","61.39","12.04","-288.0","-46.7638600274","-23.6813668205"
"20","2017-01-13","0.0","2.17","0.04","-288.0","-46.7638600274","-23.6813668205"
"20","2017-01-14","0.0","0.49","0.0","-288.0","-46.7638600274","-23.6813668205"
"20","2017-01-15","0.0","13.37","0.9","-288.0","-46.7638600274","-23.6813668205"
"20","2017-01-16","4.84","148.29","32.08","-288.0","-46.7638600274","-23.6813668205"
"20","2017-01-17","5.97","97.28","26.7","-288.0","-46.7638600274","-23.6813668205"
"20","2017-01-18","7.98","192.37","53.99","-288.0","-46.7638600274","-23.6813668205"
"20","2017-01-19","5.8","138.38","39.09","-288.0","-46.7638600274","-23.6813668205"
"20","2017-01-20","5.81","106.34","28.68","-288.0","-46.7638600274","-23.6813668205"
"20","2017-01-21","4.33","91.69","21.13","-288.0","-46.7638600274","-23.6813668205"
"20","2017-01-22","3.92","60.12","18.45","-288.0","-46.7638600274","-23.6813668205"
"20","2017-01-23","0.03","11.37","0.72","-288.0","-46.7638600274","-23.6813668205"
"20","2017-01-24","0.09","31.88","6.3","-288.0","-46.7638600274","-23.6813668205"
"20","2017-01-25","0.0","2.29","0.19","-288.0","-46.7638600274","-23.6813668205"
"20","2017-01-26","4.9","70.69","21.05","-288.0","-46.7638600274","-23.6813668205"
"20","2017-01-27","1.29","45.16","10.3","-288.0","-46.7638600274","-23.6813668205"
"20","2017-01-28","0.0","0.36","0.0","-288.0","-46.7638600274","-23.6813668205"
"20","2017-01-29","0.0","1.68","0.05","-288.0","-46.7638600274","-23.6813668205"
"20","2017-01-30","0.0","7.64","0.49","-288.0","-46.7638600274","-23.6813668205"
"20","2017-01-31","0.84","46.08","11.97","-288.0","-46.7638600274","-23.6813668205"
"20","2017-02-01","3.78","105.88","17.42","-288.0","-46.7638600274","-23.6813668205"
"20","2017-02-02","2.07","22.96","7.97","-288.0","-46.7638600274","-23.6813668205"
"20","2017-02-03","0.74","28.09","5.86","-288.0","-46.7638600274","-23.6813668205"
"20","2017-02-04","0.16","55.79","9.64","-288.0","-46.7638600274","-23.6813668205"
"20","2017-02-05","0.0","0.42","0.0","-288.0","-46.7638600274","-23.6813668205"
"20","2017-02-06","1.98","85.38","16.21","-288.0","-46.7638600274","-23.6813668205"
"20","2017-02-07","0.01","7.51","0.92","-288.0","-46.7638600274","-23.6813668205"
"20","2017-02-08","0.0","0.0","0.0","-287.0","-46.7638600274","-23.6813668205"
"20","2017-02-09","0.0","0.0","0.0","0.0","-46.7638600274","-23.6813668205"
"20","2017-02-10","0.0","0.0","0.0","0.0","-46.7638600274","-23.6813668205"
"20","2017-02-11","0.0","0.0","0.0","0.0","-46.7638600274","-23.6813668205"
"20","2017-02-12","0.0","0.0","0.0","0.0","-46.7638600274","-23.6813668205"
"20","2017-02-13","0.0","0.0","0.0","0.0","-46.7638600274","-23.6813668205"
"20","2017-02-14","0.0","0.0","0.0","0.0","-46.7638600274","-23.6813668205"
"20","2017-02-15","0.0","0.0","0.0","0.0","-46.7638600274","-23.6813668205"
"20","2017-02-16","","","","-1.0","-46.7638600274","-23.6813668205"
"20","2017-02-17","0.0","1.05","0.01","-288.0","-46.7638600274","-23.6813668205"
"20","2017-02-18","0.0","0.0","0.0","-287.0","-46.7638600274","-23.6813668205"
"20","2017-02-19","0.0","0.0","0.0","0.0","-46.7638600274","-23.6813668205"
"20","2017-02-20","0.0","0.0","0.0","0.0","-46.7638600274","-23.6813668205"
"20","2017-02-21","","","","-1.0","-46.7638600274","-23.6813668205"
"20","2017-02-22","0.0","43.17","3.12","-288.0","-46.7638600274","-23.6813668205"
"20","2017-02-23","0.0","18.69","1.35","-288.0","-46.7638600274","-23.6813668205"
"20","2017-02-24","2.65","199.29","44.76","-288.0","-46.7638600274","-23.6813668205"
"20","2017-02-25","0.02","23.76","3.71","-288.0","-46.7638600274","-23.6813668205"
"20","2017-02-26","0.0","1.71","0.04","-288.0","-46.7638600274","-23.6813668205"
"20","2017-02-27","0.02","26.04","2.65","-288.0","-46.7638600274","-23.6813668205"
"20","2017-02-28","0.0","1.03","0.02","-288.0","-46.7638600274","-23.6813668205"
"20","2017-03-01","0.0","31.05","2.83","-288.0","-46.7638600274","-23.6813668205"
"20","2017-03-02","0.23","63.99","9.08","-288.0","-46.7638600274","-23.6813668205"
"20","2017-03-03","0.08","46.89","4.65","-288.0","-46.7638600274","-23.6813668205"
"20","2017-03-04","0.08","36.26","3.37","-288.0","-46.7638600274","-23.6813668205"
"20","2017-03-05","3.72","99.14","25.51","-288.0","-46.7638600274","-23.6813668205"
"20","2017-03-06","0.87","54.54","8.11","-288.0","-46.7638600274","-23.6813668205"
"20","2017-03-07","1.86","70.09","15.64","-288.0","-46.7638600274","-23.6813668205"
"20","2017-03-08","1.6","22.3","6.02","-288.0","-46.7638600274","-23.6813668205"
"20","2017-03-09","0.0","0.0","0.0","-288.0","-46.7638600274","-23.6813668205"
"20","2017-03-10","0.01","26.79","1.92","-288.0","-46.7638600274","-23.6813668205"
"20","2017-03-11","0.0","4.4","0.09","-288.0","-46.7638600274","-23.6813668205"
"20","2017-03-12","0.0","0.45","0.01","-288.0","-46.7638600274","-23.6813668205"
"20","2017-03-13","0.0","3.38","0.05","-288.0","-46.7638600274","-23.6813668205"
"20","2017-03-14","0.0","2.29","0.04","-288.0","-46.7638600274","-23.6813668205"
"20","2017-03-15","0.0","30.57","1.76","-288.0","-46.7638600274","-23.6813668205"
"20","2017-03-16","0.0","0.02","0.0","-288.0","-46.7638600274","-23.6813668205"
"20","2017-03-17","2.69","229.88","47.33","-288.0","-46.7638600274","-23.6813668205"
"20","2017-03-18","0.17","3.99","1.07","-288.0","-46.7638600274","-23.6813668205"
"20","2017-03-19","0.54","8.14","2.12","-288.0","-46.7638600274","-23.6813668205"
"20","2017-03-20","0.0","0.07","0.0","-287.0","-46.7638600274","-23.6813668205"
"20","2017-03-21","0.0","0.0","0.0","0.0","-46.7638600274","-23.6813668205"
"20","2017-03-22","0.0","0.0","0.0","0.0","-46.7638600274","-23.6813668205"
"20","2017-03-23","","","","-1.0","-46.7638600274","-23.6813668205"
"20","2017-03-24","0.0","0.01","0.0","-288.0","-46.7638600274","-23.6813668205"
"20","2017-03-25","0.02","5.82","0.74","-287.0","-46.7638600274","-23.6813668205"
"20","2017-03-26","","","","-1.0","-46.7638600274","-23.6813668205"
"20","2017-03-27","0.01","11.61","0.73","-288.0","-46.7638600274","-23.6813668205"
"20","2017-03-28","0.04","10.08","1.01","-288.0","-46.7638600274","-23.6813668205"
"20","2017-03-29","0.0","1.19","0.18","-287.0","-46.7638600274","-23.6813668205"
"20","2017-03-30","0.0","0.0","0.0","0.0","-46.7638600274","-23.6813668205"
"20","2017-03-31","0.0","0.0","0.0","0.0","-46.7638600274","-23.6813668205"
"20","2017-04-01","0.0","0.0","0.0","0.0","-46.7638600274","-23.6813668205"
"20","2017-04-02","0.0","0.0","0.0","0.0","-46.7638600274","-23.6813668205"
"20","2017-04-03","0.0","0.0","0.0","0.0","-46.7638600274","-23.6813668205"
"20","2017-04-04","","","","-1.0","-46.7638600274","-23.6813668205"
"20","2017-04-05","0.0","0.0","0.0","-288.0","-46.7638600274","-23.6813668205"
"20","2017-04-06","5.0","94.27","25.17","-288.0","-46.7638600274","-23.6813668205"
"20","2017-04-07","5.39","121.46","32.68","-288.0","-46.7638600274","-23.6813668205"
"20","2017-04-08","0.0","5.8","0.57","-287.0","-46.7638600274","-23.6813668205"
"20","2017-04-09","","","","-1.0","-46.7638600274","-23.6813668205"
"20","2017-04-10","0.0","1.18","0.02","-288.0","-46.7638600274","-23.6813668205"
"20","2017-04-11","0.0","3.56","0.09","-288.0","-46.7638600274","-23.6813668205"
"20","2017-04-12","0.0","7.59","0.72","-287.0","-46.7638600274","-23.6813668205"
"20","2017-04-13","0.0","0.0","0.0","0.0","-46.7638600274","-23.6813668205"
"20","2017-04-14","0.0","0.0","0.0","0.0","-46.7638600274","-23.6813668205"
"20","2017-04-15","0.0","0.0","0.0","0.0","-46.7638600274","-23.6813668205"
"20","2017-04-16","","","","-1.0","-46.7638600274","-23.6813668205"
"20","2017-04-17","0.07","8.52","0.43","-287.0","-46.7638600274","-23.6813668205"
"20","2017-04-18","0.0","0.0","0.0","0.0","-46.7638600274","-23.6813668205"
"20","2017-04-19","0.0","0.0","0.0","0.0","-46.7638600274","-23.6813668205"
"20","2017-04-20","","","","-1.0","-46.7638600274","-23.6813668205"
"20","2017-04-21","4.22","64.45","20.5","-288.0","-46.7638600274","-23.6813668205"
"20","2017-04-22","1.13","8.27","3.29","-287.0","-46.7638600274","-23.6813668205"
"20","2017-04-23","0.0","0.0","0.0","0.0","-46.7638600274","-23.6813668205"
"20","2017-04-24","0.0","0.0","0.0","0.0","-46.7638600274","-23.6813668205"
"20","2017-04-25","","","","-1.0","-46.7638600274","-23.6813668205"
"20","2017-04-26","4.83","62.63","20.17","-288.0","-46.7638600274","-23.6813668205"
"20","2017-04-27","0.6","6.14","1.8","-287.0","-46.7638600274","-23.6813668205"
"20","2017-04-28","0.0","0.0","0.0","0.0","-46.7638600274","-23.6813668205"
"20","2017-04-29","0.0","0.0","0.0","0.0","-46.7638600274","-23.6813668205"
"20","2017-04-30","0.0","0.0","0.0","0.0","-46.7638600274","-23.6813668205"
"20","2017-05-01","","","","-1.0","-46.7638600274","-23.6813668205"
"20","2017-05-02","0.0","0.23","0.0","-287.0","-46.7638600274","-23.6813668205"
"20","2017-05-03","0.0","0.0","0.0","0.0","-46.7638600274","-23.6813668205"
"20","2017-05-04","","","","-1.0","-46.7638600274","-23.6813668205"
"20","2017-05-05","4.99","63.94","21.65","-288.0","-46.7638600274","-23.6813668205"
"20","2017-05-06","0.65","8.01","2.42","-288.0","-46.7638600274","-23.6813668205"
"20","2017-05-07","0.0","0.45","0.0","-287.0","-46.7638600274","-23.6813668205"
"20","2017-05-08","0.0","0.0","0.0","0.0","-46.7638600274","-23.6813668205"
"20","2017-05-09","0.0","0.0","0.0","0.0","-46.7638600274","-23.6813668205"
"20","2017-05-10","0.0","0.0","0.0","0.0","-46.7638600274","-23.6813668205"
"20","2017-05-11","0.0","0.0","0.0","0.0","-46.7638600274","-23.6813668205"
"20","2017-05-12","0.0","0.0","0.0","0.0","-46.7638600274","-23.6813668205"
"20","2017-05-13","","","","-1.0","-46.7638600274","-23.6813668205"
"20","2017-05-14","0.0","7.23","0.17","-287.0","-46.7638600274","-23.6813668205"
"20","2017-05-15","0.0","0.0","0.0","0.0","-46.7638600274","-23.6813668205"
"20","2017-05-16","0.0","0.0","0.0","0.0","-46.7638600274","-23.6813668205"
"20","2017-05-17","","","","-1.0","-46.7638600274","-23.6813668205"
"20","2017-05-18","1.16","17.6","5.46","-288.0","-46.7638600274","-23.6813668205"
"20","2017-05-19","10.69","117.18","35.75","-288.0","-46.7638600274","-23.6813668205"
"20","2017-05-20","0.07","2.49","0.59","-288.0","-46.7638600274","-23.6813668205"
"20","2017-05-21","8.27","93.82","28.18","-288.0","-46.7638600274","-23.6813668205"
"20","2017-05-22","1.68","33.06","7.82","-287.0","-46.7638600274","-23.6813668205"
"20","2017-05-23","0.0","0.0","0.0","0.0","-46.7638600274","-23.6813668205"
"20","2017-05-24","0.0","0.0","0.0","0.0","-46.7638600274","-23.6813668205"
"20","2017-05-25","0.0","0.0","0.0","0.0","-46.7638600274","-23.6813668205"
"20","2017-05-26","0.0","0.0","0.0","0.0","-46.7638600274","-23.6813668205"
"20","2017-05-27","0.0","0.0","0.0","0.0","-46.7638600274","-23.6813668205"
"20","2017-05-28","0.0","0.0","0.0","0.0","-46.7638600274","-23.6813668205"
"20","2017-05-29","0.0","0.0","0.0","0.0","-46.7638600274","-23.6813668205"
"20","2017-05-30","0.0","0.0","0.0","0.0","-46.7638600274","-23.6813668205"
"20","2017-05-31","0.0","0.0","0.0","0.0","-46.7638600274","-23.6813668205"
"20","2017-06-01","0.0","0.0","0.0","0.0","-46.7638600274","-23.6813668205"
"20","2017-06-02","0.0","0.0","0.0","0.0","-46.7638600274","-23.6813668205"
"20","2017-06-03","0.0","0.0","0.0","0.0","-46.7638600274","-23.6813668205"
"20","2017-06-04","","","","-1.0","-46.7638600274","-23.6813668205"
"20","2017-06-05","13.02","133.85","46.78","-288.0","-46.7638600274","-23.6813668205"
"20","2017-06-06","9.95","141.88","38.3","-288.0","-46.7638600274","-23.6813668205"
"20","2017-06-07","3.26","80.59","19.06","-287.0","-46.7638600274","-23.6813668205"
"20","2017-06-08","","","","-1.0","-46.7638600274","-23.6813668205"
"20","2017-06-09","0.05","6.69","1.23","-288.0","-46.7638600274","-23.6813668205"
"20","2017-06-10","0.0","0.0","0.0","-287.0","-46.7638600274","-23.6813668205"
"20","2017-06-11","","","","-1.0","-46.7638600274","-23.6813668205"
"20","2017-06-12","0.0","3.03","0.05","-288.0","-46.7638600274","-23.6813668205"
"20","2017-06-13","6.62","123.4","35.48","-288.0","-46.7638600274","-23.6813668205"
"20","2017-06-14","0.24","6.77","1.33","-287.0","-46.7638600274","-23.6813668205"
"21","2016-10-31","","","","-1.0","-46.6912161784","-23.6822555958"
"21","2016-11-01","0.0","0.08","0.0","-288.0","-46.6912161784","-23.6822555958"
"21","2016-11-02","0.26","22.66","4.78","-288.0","-46.6912161784","-23.6822555958"
"21","2016-11-03","0.9","91.01","14.11","-288.0","-46.6912161784","-23.6822555958"
"21","2016-11-04","0.02","3.01","0.5","-288.0","-46.6912161784","-23.6822555958"
"21","2016-11-05","0.0","0.0","0.0","-288.0","-46.6912161784","-23.6822555958"
"21","2016-11-06","0.0","0.25","0.0","-288.0","-46.6912161784","-23.6822555958"
"21","2016-11-07","0.0","0.29","0.0","-288.0","-46.6912161784","-23.6822555958"
"21","2016-11-08","0.0","0.29","0.0","-288.0","-46.6912161784","-23.6822555958"
"21","2016-11-09","6.39","114.58","35.42","-288.0","-46.6912161784","-23.6822555958"
"21","2016-11-10","2.16","52.68","11.65","-288.0","-46.6912161784","-23.6822555958"
"21","2016-11-11","0.22","36.15","5.71","-288.0","-46.6912161784","-23.6822555958"
"21","2016-11-12","0.0","0.28","0.02","-288.0","-46.6912161784","-23.6822555958"
"21","2016-11-13","9.24","65.98","28.94","-288.0","-46.6912161784","-23.6822555958"
"21","2016-11-14","4.59","31.01","13.02","-287.0","-46.6912161784","-23.6822555958"
"21","2016-11-15","","","","-1.0","-46.6912161784","-23.6822555958"
"21","2016-11-16","0.51","24.2","4.1","-288.0","-46.6912161784","-23.6822555958"
"21","2016-11-17","0.76","54.05","11.62","-288.0","-46.6912161784","-23.6822555958"
"21","2016-11-18","0.02","16.89","1.69","-287.0","-46.6912161784","-23.6822555958"
"21","2016-11-19","0.0","0.0","0.0","0.0","-46.6912161784","-23.6822555958"
"21","2016-11-20","0.0","0.0","0.0","0.0","-46.6912161784","-23.6822555958"
"21","2016-11-21","0.0","0.0","0.0","0.0","-46.6912161784","-23.6822555958"
"21","2016-11-22","","","","-1.0","-46.6912161784","-23.6822555958"
"21","2016-11-23","0.01","11.48","1.2","-288.0","-46.6912161784","-23.6822555958"
"21","2016-11-24","0.0","0.0","0.0","-287.0","-46.6912161784","-23.6822555958"
"21","2016-11-25","0.0","0.0","0.0","0.0","-46.6912161784","-23.6822555958"
"21","2016-11-26","","","","-1.0","-46.6912161784","-23.6822555958"
"21","2016-11-27","0.08","37.92","4.89","-288.0","-46.6912161784","-23.6822555958"
"21","2016-11-28","0.02","36.02","3.83","-288.0","-46.6912161784","-23.6822555958"
"21","2016-11-29","1.75","33.05","6.59","-288.0","-46.6912161784","-23.6822555958"
"21","2016-11-30","0.0","0.01","0.0","-287.0","-46.6912161784","-23.6822555958"
"21","2016-12-01","0.0","0.0","0.0","0.0","-46.6912161784","-23.6822555958"
"21","2016-12-02","","","","-1.0","-46.6912161784","-23.6822555958"
"21","2016-12-03","1.59","41.59","10.25","-288.0","-46.6912161784","-23.6822555958"
"21","2016-12-04","1.01","29.57","7.81","-288.0","-46.6912161784","-23.6822555958"
"21","2016-12-05","0.01","2.46","0.48","-287.0","-46.6912161784","-23.6822555958"
"21","2016-12-06","","","","-1.0","-46.6912161784","-23.6822555958"
"21","2016-12-07","0.85","51.52","8.21","-288.0","-46.6912161784","-23.6822555958"
"21","2016-12-08","0.0","2.54","0.08","-288.0","-46.6912161784","-23.6822555958"
"21","2016-12-09","0.13","2.33","0.6","-288.0","-46.6912161784","-23.6822555958"
"21","2016-12-10","1.17","44.05","7.6","-288.0","-46.6912161784","-23.6822555958"
"21","2016-12-11","0.7","62.25","14.6","-288.0","-46.6912161784","-23.6822555958"
"21","2016-12-12","2.19","56.11","13.23","-288.0","-46.6912161784","-23.6822555958"
"21","2016-12-13","0.0","1.63","0.04","-288.0","-46.6912161784","-23.6822555958"
"21","2016-12-14","0.0","0.31","0.0","-288.0","-46.6912161784","-23.6822555958"
"21","2016-12-15","0.0","0.0","0.0","-287.0","-46.6912161784","-23.6822555958"
"21","2016-12-16","0.0","0.0","0.0","0.0","-46.6912161784","-23.6822555958"
"21","2016-12-17","","","","-1.0","-46.6912161784","-23.6822555958"
"21","2016-12-18","0.0","0.73","0.0","-288.0","-46.6912161784","-23.6822555958"
"21","2016-12-19","0.25","60.94","15.12","-288.0","-46.6912161784","-23.6822555958"
"21","2016-12-20","0.17","34.49","3.93","-288.0","-46.6912161784","-23.6822555958"
"21","2016-12-21","5.24","118.12","39.81","-288.0","-46.6912161784","-23.6822555958"
"21","2016-12-22","0.0","0.09","0.0","-288.0","-46.6912161784","-23.6822555958"
"21","2016-12-23","0.77","43.86","7.49","-288.0","-46.6912161784","-23.6822555958"
"21","2016-12-24","0.8","21.13","4.16","-288.0","-46.6912161784","-23.6822555958"
"21","2016-12-25","0.0","0.12","0.0","-288.0","-46.6912161784","-23.6822555958"
"21","2016-12-26","0.0","0.11","0.0","-288.0","-46.6912161784","-23.6822555958"
"21","2016-12-27","0.0","4.68","0.15","-288.0","-46.6912161784","-23.6822555958"
"21","2016-12-28","0.0","3.72","0.21","-288.0","-46.6912161784","-23.6822555958"
"21","2016-12-29","0.31","98.81","17.71","-288.0","-46.6912161784","-23.6822555958"
"21","2016-12-30","0.0","0.67","0.01","-288.0","-46.6912161784","-23.6822555958"
"21","2016-12-31","0.0","11.46","0.49","-287.0","-46.6912161784","-23.6822555958"
"21","2017-01-01","","","","-1.0","-46.6912161784","-23.6822555958"
"21","2017-01-02","8.4","129.86","54.36","-288.0","-46.6912161784","-23.6822555958"
"21","2017-01-03","0.1","8.7","1.27","-288.0","-46.6912161784","-23.6822555958"
"21","2017-01-04","0.0","4.32","0.3","-288.0","-46.6912161784","-23.6822555958"
"21","2017-01-05","0.0","0.27","0.03","-288.0","-46.6912161784","-23.6822555958"
"21","2017-01-06","0.0","9.71","1.38","-288.0","-46.6912161784","-23.6822555958"
"21","2017-01-07","2.26","95.76","22.8","-288.0","-46.6912161784","-23.6822555958"
"21","2017-01-08","0.26","7.57","1.35","-288.0","-46.6912161784","-23.6822555958"
"21","2017-01-09","0.16","96.18","23.96","-288.0","-46.6912161784","-23.6822555958"
"21","2017-01-10","1.76","30.83","8.51","-288.0","-46.6912161784","-23.6822555958"
"21","2017-01-11","0.36","28.9","3.99","-288.0","-46.6912161784","-23.6822555958"
"21","2017-01-12","0.1","25.13","4.4","-288.0","-46.6912161784","-23.6822555958"
"21","2017-01-13","0.0","0.08","0.0","-288.0","-46.6912161784","-23.6822555958"
"21","2017-01-14","0.0","0.11","0.0","-288.0","-46.6912161784","-23.6822555958"
"21","2017-01-15","0.0","13.13","1.14","-288.0","-46.6912161784","-23.6822555958"
"21","2017-01-16","3.13","133.55","26.14","-288.0","-46.6912161784","-23.6822555958"
"21","2017-01-17","7.42","113.0","34.42","-288.0","-46.6912161784","-23.6822555958"
"21","2017-01-18","6.08","136.84","37.01","-288.0","-46.6912161784","-23.6822555958"
"21","2017-01-19","5.37","100.5","28.96","-288.0","-46.6912161784","-23.6822555958"
"21","2017-01-20","5.85","75.39","23.78","-288.0","-46.6912161784","-23.6822555958"
"21","2017-01-21","4.29","155.47","31.38","-288.0","-46.6912161784","-23.6822555958"
"21","2017-01-22","3.78","51.79","17.7","-288.0","-46.6912161784","-23.6822555958"
"21","2017-01-23","0.04","28.62","4.53","-288.0","-46.6912161784","-23.6822555958"
"21","2017-01-24","0.02","22.47","2.4","-288.0","-46.6912161784","-23.6822555958"
"21","2017-01-25","0.0","1.84","0.28","-288.0","-46.6912161784","-23.6822555958"
"21","2017-01-26","5.11","55.21","18.61","-288.0","-46.6912161784","-23.6822555958"
"21","2017-01-27","1.19","50.81","10.01","-288.0","-46.6912161784","-23.6822555958"
"21","2017-01-28","0.0","0.56","0.03","-288.0","-46.6912161784","-23.6822555958"
"21","2017-01-29","0.0","1.83","0.07","-288.0","-46.6912161784","-23.6822555958"
"21","2017-01-30","0.0","2.86","0.14","-288.0","-46.6912161784","-23.6822555958"
"21","2017-01-31","0.45","36.68","6.13","-288.0","-46.6912161784","-23.6822555958"
"21","2017-02-01","3.6","75.64","16.8","-288.0","-46.6912161784","-23.6822555958"
"21","2017-02-02","1.45","22.57","6.36","-288.0","-46.6912161784","-23.6822555958"
"21","2017-02-03","0.68","31.24","4.74","-288.0","-46.6912161784","-23.6822555958"
"21","2017-02-04","1.42","59.18","17.3","-288.0","-46.6912161784","-23.6822555958"
"21","2017-02-05","0.0","0.48","0.02","-288.0","-46.6912161784","-23.6822555958"
"21","2017-02-06","2.28","59.5","11.6","-288.0","-46.6912161784","-23.6822555958"
"21","2017-02-07","0.0","6.14","0.63","-288.0","-46.6912161784","-23.6822555958"
"21","2017-02-08","0.0","0.0","0.0","-287.0","-46.6912161784","-23.6822555958"
"21","2017-02-09","0.0","0.0","0.0","0.0","-46.6912161784","-23.6822555958"
"21","2017-02-10","0.0","0.0","0.0","0.0","-46.6912161784","-23.6822555958"
"21","2017-02-11","0.0","0.0","0.0","0.0","-46.6912161784","-23.6822555958"
"21","2017-02-12","0.0","0.0","0.0","0.0","-46.6912161784","-23.6822555958"
"21","2017-02-13","0.0","0.0","0.0","0.0","-46.6912161784","-23.6822555958"
"21","2017-02-14","0.0","0.0","0.0","0.0","-46.6912161784","-23.6822555958"
"21","2017-02-15","0.0","0.0","0.0","0.0","-46.6912161784","-23.6822555958"
"21","2017-02-16","","","","-1.0","-46.6912161784","-23.6822555958"
"21","2017-02-17","0.0","0.19","0.0","-288.0","-46.6912161784","-23.6822555958"
"21","2017-02-18","0.0","0.0","0.0","-287.0","-46.6912161784","-23.6822555958"
"21","2017-02-19","0.0","0.0","0.0","0.0","-46.6912161784","-23.6822555958"
"21","2017-02-20","0.0","0.0","0.0","0.0","-46.6912161784","-23.6822555958"
"21","2017-02-21","","","","-1.0","-46.6912161784","-23.6822555958"
"21","2017-02-22","0.27","58.64","8.98","-288.0","-46.6912161784","-23.6822555958"
"21","2017-02-23","0.01","16.09","1.16","-288.0","-46.6912161784","-23.6822555958"
"21","2017-02-24","2.98","208.09","45.58","-288.0","-46.6912161784","-23.6822555958"
"21","2017-02-25","0.0","8.86","1.12","-288.0","-46.6912161784","-23.6822555958"
"21","2017-02-26","0.0","1.07","0.02","-288.0","-46.6912161784","-23.6822555958"
"21","2017-02-27","0.0","33.66","3.19","-288.0","-46.6912161784","-23.6822555958"
"21","2017-02-28","0.0","0.37","0.0","-288.0","-46.6912161784","-23.6822555958"
"21","2017-03-01","0.0","19.8","1.07","-288.0","-46.6912161784","-23.6822555958"
"21","2017-03-02","0.06","59.5","6.91","-288.0","-46.6912161784","-23.6822555958"
"21","2017-03-03","0.38","39.37","4.93","-288.0","-46.6912161784","-23.6822555958"
"21","2017-03-04","0.0","17.71","2.01","-288.0","-46.6912161784","-23.6822555958"
"21","2017-03-05","2.39","57.17","12.73","-288.0","-46.6912161784","-23.6822555958"
"21","2017-03-06","0.86","65.7","9.57","-288.0","-46.6912161784","-23.6822555958"
"21","2017-03-07","2.07","104.5","31.76","-288.0","-46.6912161784","-23.6822555958"
"21","2017-03-08","2.58","19.28","7.71","-288.0","-46.6912161784","-23.6822555958"
"21","2017-03-09","0.0","0.0","0.0","-288.0","-46.6912161784","-23.6822555958"
"21","2017-03-10","0.0","17.45","2.47","-288.0","-46.6912161784","-23.6822555958"
"21","2017-03-11","0.0","0.14","0.0","-288.0","-46.6912161784","-23.6822555958"
"21","2017-03-12","0.0","0.23","0.0","-288.0","-46.6912161784","-23.6822555958"
"21","2017-03-13","0.0","0.77","0.04","-288.0","-46.6912161784","-23.6822555958"
"21","2017-03-14","0.0","3.19","0.12","-288.0","-46.6912161784","-23.6822555958"
"21","2017-03-15","0.0","7.65","0.45","-288.0","-46.6912161784","-23.6822555958"
"21","2017-03-16","0.0","0.03","0.0","-288.0","-46.6912161784","-23.6822555958"
"21","2017-03-17","1.57","190.68","33.06","-288.0","-46.6912161784","-23.6822555958"
"21","2017-03-18","0.12","3.93","0.95","-288.0","-46.6912161784","-23.6822555958"
"21","2017-03-19","0.41","5.77","1.7","-288.0","-46.6912161784","-23.6822555958"
"21","2017-03-20","0.0","0.02","0.0","-287.0","-46.6912161784","-23.6822555958"
"21","2017-03-21","0.0","0.0","0.0","0.0","-46.6912161784","-23.6822555958"
"21","2017-03-22","0.0","0.0","0.0","0.0","-46.6912161784","-23.6822555958"
"21","2017-03-23","","","","-1.0","-46.6912161784","-23.6822555958"
"21","2017-03-24","0.0","0.03","0.0","-288.0","-46.6912161784","-23.6822555958"
"21","2017-03-25","0.0","2.93","0.42","-287.0","-46.6912161784","-23.6822555958"
"21","2017-03-26","","","","-1.0","-46.6912161784","-23.6822555958"
"21","2017-03-27","0.0","3.8","0.47","-288.0","-46.6912161784","-23.6822555958"
"21","2017-03-28","0.04","4.6","0.79","-288.0","-46.6912161784","-23.6822555958"
"21","2017-03-29","0.07","2.57","0.51","-287.0","-46.6912161784","-23.6822555958"
"21","2017-03-30","0.0","0.0","0.0","0.0","-46.6912161784","-23.6822555958"
"21","2017-03-31","0.0","0.0","0.0","0.0","-46.6912161784","-23.6822555958"
"21","2017-04-01","0.0","0.0","0.0","0.0","-46.6912161784","-23.6822555958"
"21","2017-04-02","0.0","0.0","0.0","0.0","-46.6912161784","-23.6822555958"
"21","2017-04-03","0.0","0.0","0.0","0.0","-46.6912161784","-23.6822555958"
"21","2017-04-04","","","","-1.0","-46.6912161784","-23.6822555958"
"21","2017-04-05","0.0","0.0","0.0","-288.0","-46.6912161784","-23.6822555958"
"21","2017-04-06","5.12","96.36","27.26","-288.0","-46.6912161784","-23.6822555958"
"21","2017-04-07","6.15","119.4","38.22","-288.0","-46.6912161784","-23.6822555958"
"21","2017-04-08","0.0","2.71","0.22","-287.0","-46.6912161784","-23.6822555958"
"21","2017-04-09","","","","-1.0","-46.6912161784","-23.6822555958"
"21","2017-04-10","0.0","0.34","0.0","-288.0","-46.6912161784","-23.6822555958"
"21","2017-04-11","0.0","2.35","0.03","-288.0","-46.6912161784","-23.6822555958"
"21","2017-04-12","0.14","7.39","1.19","-287.0","-46.6912161784","-23.6822555958"
"21","2017-04-13","0.0","0.0","0.0","0.0","-46.6912161784","-23.6822555958"
"21","2017-04-14","0.0","0.0","0.0","0.0","-46.6912161784","-23.6822555958"
"21","2017-04-15","0.0","0.0","0.0","0.0","-46.6912161784","-23.6822555958"
"21","2017-04-16","","","","-1.0","-46.6912161784","-23.6822555958"
"21","2017-04-17","0.03","0.88","0.23","-287.0","-46.6912161784","-23.6822555958"
"21","2017-04-18","0.0","0.0","0.0","0.0","-46.6912161784","-23.6822555958"
"21","2017-04-19","0.0","0.0","0.0","0.0","-46.6912161784","-23.6822555958"
"21","2017-04-20","","","","-1.0","-46.6912161784","-23.6822555958"
"21","2017-04-21","6.37","90.91","31.96","-288.0","-46.6912161784","-23.6822555958"
"21","2017-04-22","0.56","9.76","2.91","-287.0","-46.6912161784","-23.6822555958"
"21","2017-04-23","0.0","0.0","0.0","0.0","-46.6912161784","-23.6822555958"
"21","2017-04-24","0.0","0.0","0.0","0.0","-46.6912161784","-23.6822555958"
"21","2017-04-25","","","","-1.0","-46.6912161784","-23.6822555958"
"21","2017-04-26","4.56","53.81","18.49","-288.0","-46.6912161784","-23.6822555958"
"21","2017-04-27","0.67","5.53","2.18","-287.0","-46.6912161784","-23.6822555958"
"21","2017-04-28","0.0","0.0","0.0","0.0","-46.6912161784","-23.6822555958"
"21","2017-04-29","0.0","0.0","0.0","0.0","-46.6912161784","-23.6822555958"
"21","2017-04-30","0.0","0.0","0.0","0.0","-46.6912161784","-23.6822555958"
"21","2017-05-01","","","","-1.0","-46.6912161784","-23.6822555958"
"21","2017-05-02","0.0","0.03","0.0","-287.0","-46.6912161784","-23.6822555958"
"21","2017-05-03","0.0","0.0","0.0","0.0","-46.6912161784","-23.6822555958"
"21","2017-05-04","","","","-1.0","-46.6912161784","-23.6822555958"
"21","2017-05-05","3.02","53.66","15.62","-288.0","-46.6912161784","-23.6822555958"
"21","2017-05-06","0.37","6.86","1.71","-288.0","-46.6912161784","-23.6822555958"
"21","2017-05-07","0.0","0.48","0.01","-287.0","-46.6912161784","-23.6822555958"
"21","2017-05-08","0.0","0.0","0.0","0.0","-46.6912161784","-23.6822555958"
"21","2017-05-09","0.0","0.0","0.0","0.0","-46.6912161784","-23.6822555958"
"21","2017-05-10","0.0","0.0","0.0","0.0","-46.6912161784","-23.6822555958"
"21","2017-05-11","0.0","0.0","0.0","0.0","-46.6912161784","-23.6822555958"
"21","2017-05-12","0.0","0.0","0.0","0.0","-46.6912161784","-23.6822555958"
"21","2017-05-13","","","","-1.0","-46.6912161784","-23.6822555958"
"21","2017-05-14","0.0","0.75","0.09","-287.0","-46.6912161784","-23.6822555958"
"21","2017-05-15","0.0","0.0","0.0","0.0","-46.6912161784","-23.6822555958"
"21","2017-05-16","0.0","0.0","0.0","0.0","-46.6912161784","-23.6822555958"
"21","2017-05-17","","","","-1.0","-46.6912161784","-23.6822555958"
"21","2017-05-18","0.81","15.5","5.15","-288.0","-46.6912161784","-23.6822555958"
"21","2017-05-19","9.86","116.31","36.11","-288.0","-46.6912161784","-23.6822555958"
"21","2017-05-20","0.04","2.14","0.4","-288.0","-46.6912161784","-23.6822555958"
"21","2017-05-21","8.32","86.53","25.19","-288.0","-46.6912161784","-23.6822555958"
"21","2017-05-22","1.59","29.68","8.01","-287.0","-46.6912161784","-23.6822555958"
"21","2017-05-23","0.0","0.0","0.0","0.0","-46.6912161784","-23.6822555958"
"21","2017-05-24","0.0","0.0","0.0","0.0","-46.6912161784","-23.6822555958"
"21","2017-05-25","0.0","0.0","0.0","0.0","-46.6912161784","-23.6822555958"
"21","2017-05-26","0.0","0.0","0.0","0.0","-46.6912161784","-23.6822555958"
"21","2017-05-27","0.0","0.0","0.0","0.0","-46.6912161784","-23.6822555958"
"21","2017-05-28","0.0","0.0","0.0","0.0","-46.6912161784","-23.6822555958"
"21","2017-05-29","0.0","0.0","0.0","0.0","-46.6912161784","-23.6822555958"
"21","2017-05-30","0.0","0.0","0.0","0.0","-46.6912161784","-23.6822555958"
"21","2017-05-31","0.0","0.0","0.0","0.0","-46.6912161784","-23.6822555958"
"21","2017-06-01","0.0","0.0","0.0","0.0","-46.6912161784","-23.6822555958"
"21","2017-06-02","0.0","0.0","0.0","0.0","-46.6912161784","-23.6822555958"
"21","2017-06-03","0.0","0.0","0.0","0.0","-46.6912161784","-23.6822555958"
"21","2017-06-04","","","","-1.0","-46.6912161784","-23.6822555958"
"21","2017-06-05","11.5","138.01","46.8","-288.0","-46.6912161784","-23.6822555958"
"21","2017-06-06","8.58","142.75","39.81","-288.0","-46.6912161784","-23.6822555958"
"21","2017-06-07","3.4","76.19","19.29","-287.0","-46.6912161784","-23.6822555958"
"21","2017-06-08","","","","-1.0","-46.6912161784","-23.6822555958"
"21","2017-06-09","0.01","6.03","1.05","-288.0","-46.6912161784","-23.6822555958"
"21","2017-06-10","0.0","0.0","0.0","-287.0","-46.6912161784","-23.6822555958"
"21","2017-06-11","","","","-1.0","-46.6912161784","-23.6822555958"
"21","2017-06-12","0.0","0.12","0.0","-288.0","-46.6912161784","-23.6822555958"
"21","2017-06-13","6.28","145.76","37.34","-288.0","-46.6912161784","-23.6822555958"
"21","2017-06-14","0.32","5.92","1.62","-287.0","-46.6912161784","-23.6822555958"
"22","2016-10-31","","","","-1.0","-46.6352688429","-23.6789176307"
"22","2016-11-01","0.0","0.0","0.0","-288.0","-46.6352688429","-23.6789176307"
"22","2016-11-02","0.19","18.6","2.94","-288.0","-46.6352688429","-23.6789176307"
"22","2016-11-03","1.8","97.33","23.28","-288.0","-46.6352688429","-23.6789176307"
"22","2016-11-04","0.04","2.76","0.8","-288.0","-46.6352688429","-23.6789176307"
"22","2016-11-05","0.0","0.0","0.0","-288.0","-46.6352688429","-23.6789176307"
"22","2016-11-06","0.0","2.53","0.16","-288.0","-46.6352688429","-23.6789176307"
"22","2016-11-07","0.0","0.29","0.0","-288.0","-46.6352688429","-23.6789176307"
"22","2016-11-08","0.0","0.23","0.0","-288.0","-46.6352688429","-23.6789176307"
"22","2016-11-09","4.64","84.47","24.32","-288.0","-46.6352688429","-23.6789176307"
"22","2016-11-10","2.43","48.36","14.8","-288.0","-46.6352688429","-23.6789176307"
"22","2016-11-11","0.18","24.42","3.12","-288.0","-46.6352688429","-23.6789176307"
"22","2016-11-12","0.0","0.22","0.06","-288.0","-46.6352688429","-23.6789176307"
"22","2016-11-13","10.35","64.91","30.54","-288.0","-46.6352688429","-23.6789176307"
"22","2016-11-14","5.63","28.49","13.85","-287.0","-46.6352688429","-23.6789176307"
"22","2016-11-15","","","","-1.0","-46.6352688429","-23.6789176307"
"22","2016-11-16","0.44","15.54","3.16","-288.0","-46.6352688429","-23.6789176307"
"22","2016-11-17","0.99","36.37","10.27","-288.0","-46.6352688429","-23.6789176307"
"22","2016-11-18","0.02","12.11","1.84","-287.0","-46.6352688429","-23.6789176307"
"22","2016-11-19","0.0","0.0","0.0","0.0","-46.6352688429","-23.6789176307"
"22","2016-11-20","0.0","0.0","0.0","0.0","-46.6352688429","-23.6789176307"
"22","2016-11-21","0.0","0.0","0.0","0.0","-46.6352688429","-23.6789176307"
"22","2016-11-22","","","","-1.0","-46.6352688429","-23.6789176307"
"22","2016-11-23","0.15","20.45","4.39","-288.0","-46.6352688429","-23.6789176307"
"22","2016-11-24","0.0","0.0","0.0","-287.0","-46.6352688429","-23.6789176307"
"22","2016-11-25","0.0","0.0","0.0","0.0","-46.6352688429","-23.6789176307"
"22","2016-11-26","","","","-1.0","-46.6352688429","-23.6789176307"
"22","2016-11-27","0.06","7.02","1.01","-288.0","-46.6352688429","-23.6789176307"
"22","2016-11-28","0.09","23.88","4.16","-288.0","-46.6352688429","-23.6789176307"
"22","2016-11-29","1.61","90.22","18.48","-288.0","-46.6352688429","-23.6789176307"
"22","2016-11-30","0.0","0.0","0.0","-287.0","-46.6352688429","-23.6789176307"
"22","2016-12-01","0.0","0.0","0.0","0.0","-46.6352688429","-23.6789176307"
"22","2016-12-02","","","","-1.0","-46.6352688429","-23.6789176307"
"22","2016-12-03","2.02","34.39","9.19","-288.0","-46.6352688429","-23.6789176307"
"22","2016-12-04","1.28","21.07","6.22","-288.0","-46.6352688429","-23.6789176307"
"22","2016-12-05","0.05","2.12","0.56","-287.0","-46.6352688429","-23.6789176307"
"22","2016-12-06","","","","-1.0","-46.6352688429","-23.6789176307"
"22","2016-12-07","1.16","35.06","8.92","-288.0","-46.6352688429","-23.6789176307"
"22","2016-12-08","0.0","10.0","1.74","-288.0","-46.6352688429","-23.6789176307"
"22","2016-12-09","0.14","1.79","0.57","-288.0","-46.6352688429","-23.6789176307"
"22","2016-12-10","1.7","55.91","12.87","-288.0","-46.6352688429","-23.6789176307"
"22","2016-12-11","1.29","56.14","15.18","-288.0","-46.6352688429","-23.6789176307"
"22","2016-12-12","1.74","28.68","8.93","-288.0","-46.6352688429","-23.6789176307"
"22","2016-12-13","0.0","2.79","0.07","-288.0","-46.6352688429","-23.6789176307"
"22","2016-12-14","0.0","0.15","0.0","-288.0","-46.6352688429","-23.6789176307"
"22","2016-12-15","0.0","0.0","0.0","-287.0","-46.6352688429","-23.6789176307"
"22","2016-12-16","0.0","0.0","0.0","0.0","-46.6352688429","-23.6789176307"
"22","2016-12-17","","","","-1.0","-46.6352688429","-23.6789176307"
"22","2016-12-18","0.0","0.38","0.0","-288.0","-46.6352688429","-23.6789176307"
"22","2016-12-19","0.21","64.63","8.41","-288.0","-46.6352688429","-23.6789176307"
"22","2016-12-20","0.74","65.29","17.23","-288.0","-46.6352688429","-23.6789176307"
"22","2016-12-21","2.49","76.79","22.3","-288.0","-46.6352688429","-23.6789176307"
"22","2016-12-22","0.0","0.02","0.0","-288.0","-46.6352688429","-23.6789176307"
"22","2016-12-23","0.9","37.18","7.12","-288.0","-46.6352688429","-23.6789176307"
"22","2016-12-24","0.89","14.63","4.21","-288.0","-46.6352688429","-23.6789176307"
"22","2016-12-25","0.0","0.04","0.0","-288.0","-46.6352688429","-23.6789176307"
"22","2016-12-26","0.0","15.54","2.53","-288.0","-46.6352688429","-23.6789176307"
"22","2016-12-27","0.0","1.2","0.05","-288.0","-46.6352688429","-23.6789176307"
"22","2016-12-28","0.0","0.65","0.0","-288.0","-46.6352688429","-23.6789176307"
"22","2016-12-29","0.5","60.43","13.71","-288.0","-46.6352688429","-23.6789176307"
"22","2016-12-30","0.0","0.35","0.0","-288.0","-46.6352688429","-23.6789176307"
"22","2016-12-31","0.05","17.28","3.04","-287.0","-46.6352688429","-23.6789176307"
"22","2017-01-01","","","","-1.0","-46.6352688429","-23.6789176307"
"22","2017-01-02","6.22","109.63","46.09","-288.0","-46.6352688429","-23.6789176307"
"22","2017-01-03","0.02","20.31","2.8","-288.0","-46.6352688429","-23.6789176307"
"22","2017-01-04","0.0","3.0","0.31","-288.0","-46.6352688429","-23.6789176307"
"22","2017-01-05","0.0","0.33","0.02","-288.0","-46.6352688429","-23.6789176307"
"22","2017-01-06","0.2","6.97","1.8","-288.0","-46.6352688429","-23.6789176307"
"22","2017-01-07","1.73","62.55","11.95","-288.0","-46.6352688429","-23.6789176307"
"22","2017-01-08","0.2","4.04","1.06","-288.0","-46.6352688429","-23.6789176307"
"22","2017-01-09","0.0","8.3","1.09","-288.0","-46.6352688429","-23.6789176307"
"22","2017-01-10","0.75","20.19","6.0","-288.0","-46.6352688429","-23.6789176307"
"22","2017-01-11","0.88","37.77","7.41","-288.0","-46.6352688429","-23.6789176307"
"22","2017-01-12","0.07","11.76","2.12","-288.0","-46.6352688429","-23.6789176307"
"22","2017-01-13","0.0","0.5","0.07","-288.0","-46.6352688429","-23.6789176307"
"22","2017-01-14","0.0","0.23","0.0","-288.0","-46.6352688429","-23.6789176307"
"22","2017-01-15","0.05","36.92","8.46","-288.0","-46.6352688429","-23.6789176307"
"22","2017-01-16","2.5","61.26","14.12","-288.0","-46.6352688429","-23.6789176307"
"22","2017-01-17","9.61","105.23","38.55","-288.0","-46.6352688429","-23.6789176307"
"22","2017-01-18","7.58","116.61","36.48","-288.0","-46.6352688429","-23.6789176307"
"22","2017-01-19","4.43","99.85","27.95","-288.0","-46.6352688429","-23.6789176307"
"22","2017-01-20","7.39","81.3","25.32","-288.0","-46.6352688429","-23.6789176307"
"22","2017-01-21","6.36","115.08","30.47","-288.0","-46.6352688429","-23.6789176307"
"22","2017-01-22","4.25","44.73","16.72","-288.0","-46.6352688429","-23.6789176307"
"22","2017-01-23","0.1","24.61","3.46","-288.0","-46.6352688429","-23.6789176307"
"22","2017-01-24","0.01","7.2","0.97","-288.0","-46.6352688429","-23.6789176307"
"22","2017-01-25","0.05","1.82","0.5","-288.0","-46.6352688429","-23.6789176307"
"22","2017-01-26","5.29","52.98","18.47","-288.0","-46.6352688429","-23.6789176307"
"22","2017-01-27","1.5","43.27","12.54","-288.0","-46.6352688429","-23.6789176307"
"22","2017-01-28","0.0","0.15","0.01","-288.0","-46.6352688429","-23.6789176307"
"22","2017-01-29","0.0","1.62","0.13","-288.0","-46.6352688429","-23.6789176307"
"22","2017-01-30","0.0","1.2","0.22","-288.0","-46.6352688429","-23.6789176307"
"22","2017-01-31","0.28","4.67","1.47","-288.0","-46.6352688429","-23.6789176307"
"22","2017-02-01","4.53","98.99","29.16","-288.0","-46.6352688429","-23.6789176307"
"22","2017-02-02","1.91","24.37","7.95","-288.0","-46.6352688429","-23.6789176307"
"22","2017-02-03","0.78","26.99","6.42","-288.0","-46.6352688429","-23.6789176307"
"22","2017-02-04","0.48","31.8","7.86","-288.0","-46.6352688429","-23.6789176307"
"22","2017-02-05","0.0","0.04","0.0","-288.0","-46.6352688429","-23.6789176307"
"22","2017-02-06","3.89","61.38","17.54","-288.0","-46.6352688429","-23.6789176307"
"22","2017-02-07","0.0","2.3","0.3","-288.0","-46.6352688429","-23.6789176307"
"22","2017-02-08","0.0","0.0","0.0","-287.0","-46.6352688429","-23.6789176307"
"22","2017-02-09","0.0","0.0","0.0","0.0","-46.6352688429","-23.6789176307"
"22","2017-02-10","0.0","0.0","0.0","0.0","-46.6352688429","-23.6789176307"
"22","2017-02-11","0.0","0.0","0.0","0.0","-46.6352688429","-23.6789176307"
"22","2017-02-12","0.0","0.0","0.0","0.0","-46.6352688429","-23.6789176307"
"22","2017-02-13","0.0","0.0","0.0","0.0","-46.6352688429","-23.6789176307"
"22","2017-02-14","0.0","0.0","0.0","0.0","-46.6352688429","-23.6789176307"
"22","2017-02-15","0.0","0.0","0.0","0.0","-46.6352688429","-23.6789176307"
"22","2017-02-16","","","","-1.0","-46.6352688429","-23.6789176307"
"22","2017-02-17","0.0","0.09","0.0","-288.0","-46.6352688429","-23.6789176307"
"22","2017-02-18","0.0","0.0","0.0","-287.0","-46.6352688429","-23.6789176307"
"22","2017-02-19","0.0","0.0","0.0","0.0","-46.6352688429","-23.6789176307"
"22","2017-02-20","0.0","0.0","0.0","0.0","-46.6352688429","-23.6789176307"
"22","2017-02-21","","","","-1.0","-46.6352688429","-23.6789176307"
"22","2017-02-22","0.46","59.06","11.66","-288.0","-46.6352688429","-23.6789176307"
"22","2017-02-23","0.07","27.11","2.2","-288.0","-46.6352688429","-23.6789176307"
"22","2017-02-24","8.62","160.2","52.91","-288.0","-46.6352688429","-23.6789176307"
"22","2017-02-25","0.13","9.47","2.12","-288.0","-46.6352688429","-23.6789176307"
"22","2017-02-26","0.0","1.28","0.03","-288.0","-46.6352688429","-23.6789176307"
"22","2017-02-27","0.0","10.18","1.13","-288.0","-46.6352688429","-23.6789176307"
"22","2017-02-28","0.0","0.5","0.01","-288.0","-46.6352688429","-23.6789176307"
"22","2017-03-01","0.0","0.25","0.01","-288.0","-46.6352688429","-23.6789176307"
"22","2017-03-02","0.11","112.84","14.55","-288.0","-46.6352688429","-23.6789176307"
"22","2017-03-03","0.98","19.06","5.26","-288.0","-46.6352688429","-23.6789176307"
"22","2017-03-04","0.01","9.87","0.95","-288.0","-46.6352688429","-23.6789176307"
"22","2017-03-05","1.97","52.45","9.73","-288.0","-46.6352688429","-23.6789176307"
"22","2017-03-06","1.11","71.83","14.93","-288.0","-46.6352688429","-23.6789176307"
"22","2017-03-07","6.19","103.21","43.89","-288.0","-46.6352688429","-23.6789176307"
"22","2017-03-08","3.39","22.79","9.21","-288.0","-46.6352688429","-23.6789176307"
"22","2017-03-09","0.0","0.0","0.0","-288.0","-46.6352688429","-23.6789176307"
"22","2017-03-10","0.0","9.68","1.1","-288.0","-46.6352688429","-23.6789176307"
"22","2017-03-11","0.0","3.54","0.18","-288.0","-46.6352688429","-23.6789176307"
"22","2017-03-12","0.0","0.31","0.0","-288.0","-46.6352688429","-23.6789176307"
"22","2017-03-13","0.0","10.0","0.56","-288.0","-46.6352688429","-23.6789176307"
"22","2017-03-14","0.0","7.05","0.77","-288.0","-46.6352688429","-23.6789176307"
"22","2017-03-15","0.0","4.82","0.53","-288.0","-46.6352688429","-23.6789176307"
"22","2017-03-16","0.0","0.03","0.0","-288.0","-46.6352688429","-23.6789176307"
"22","2017-03-17","1.18","55.27","11.13","-288.0","-46.6352688429","-23.6789176307"
"22","2017-03-18","0.14","4.63","1.15","-288.0","-46.6352688429","-23.6789176307"
"22","2017-03-19","0.48","4.41","1.69","-288.0","-46.6352688429","-23.6789176307"
"22","2017-03-20","0.0","0.01","0.0","-287.0","-46.6352688429","-23.6789176307"
"22","2017-03-21","0.0","0.0","0.0","0.0","-46.6352688429","-23.6789176307"
"22","2017-03-22","0.0","0.0","0.0","0.0","-46.6352688429","-23.6789176307"
"22","2017-03-23","","","","-1.0","-46.6352688429","-23.6789176307"
"22","2017-03-24","0.0","0.02","0.0","-288.0","-46.6352688429","-23.6789176307"
"22","2017-03-25","0.0","1.7","0.3","-287.0","-46.6352688429","-23.6789176307"
"22","2017-03-26","","","","-1.0","-46.6352688429","-23.6789176307"
"22","2017-03-27","0.0","2.37","0.4","-288.0","-46.6352688429","-23.6789176307"
"22","2017-03-28","0.08","4.27","1.02","-288.0","-46.6352688429","-23.6789176307"
"22","2017-03-29","0.04","2.17","0.61","-287.0","-46.6352688429","-23.6789176307"
"22","2017-03-30","0.0","0.0","0.0","0.0","-46.6352688429","-23.6789176307"
"22","2017-03-31","0.0","0.0","0.0","0.0","-46.6352688429","-23.6789176307"
"22","2017-04-01","0.0","0.0","0.0","0.0","-46.6352688429","-23.6789176307"
"22","2017-04-02","0.0","0.0","0.0","0.0","-46.6352688429","-23.6789176307"
"22","2017-04-03","0.0","0.0","0.0","0.0","-46.6352688429","-23.6789176307"
"22","2017-04-04","","","","-1.0","-46.6352688429","-23.6789176307"
"22","2017-04-05","0.0","0.0","0.0","-288.0","-46.6352688429","-23.6789176307"
"22","2017-04-06","6.07","97.12","29.73","-288.0","-46.6352688429","-23.6789176307"
"22","2017-04-07","6.03","103.36","39.35","-288.0","-46.6352688429","-23.6789176307"
"22","2017-04-08","0.0","0.07","0.0","-287.0","-46.6352688429","-23.6789176307"
"22","2017-04-09","","","","-1.0","-46.6352688429","-23.6789176307"
"22","2017-04-10","0.0","0.33","0.0","-288.0","-46.6352688429","-23.6789176307"
"22","2017-04-11","0.0","0.21","0.0","-288.0","-46.6352688429","-23.6789176307"
"22","2017-04-12","0.11","3.58","1.06","-287.0","-46.6352688429","-23.6789176307"
"22","2017-04-13","0.0","0.0","0.0","0.0","-46.6352688429","-23.6789176307"
"22","2017-04-14","0.0","0.0","0.0","0.0","-46.6352688429","-23.6789176307"
"22","2017-04-15","0.0","0.0","0.0","0.0","-46.6352688429","-23.6789176307"
"22","2017-04-16","","","","-1.0","-46.6352688429","-23.6789176307"
"22","2017-04-17","0.01","0.59","0.16","-287.0","-46.6352688429","-23.6789176307"
"22","2017-04-18","0.0","0.0","0.0","0.0","-46.6352688429","-23.6789176307"
"22","2017-04-19","0.0","0.0","0.0","0.0","-46.6352688429","-23.6789176307"
"22","2017-04-20","","","","-1.0","-46.6352688429","-23.6789176307"
"22","2017-04-21","8.17","82.95","36.49","-288.0","-46.6352688429","-23.6789176307"
"22","2017-04-22","1.14","8.37","3.39","-287.0","-46.6352688429","-23.6789176307"
"22","2017-04-23","0.0","0.0","0.0","0.0","-46.6352688429","-23.6789176307"
"22","2017-04-24","0.0","0.0","0.0","0.0","-46.6352688429","-23.6789176307"
"22","2017-04-25","","","","-1.0","-46.6352688429","-23.6789176307"
"22","2017-04-26","5.67","48.27","18.5","-288.0","-46.6352688429","-23.6789176307"
"22","2017-04-27","0.99","5.28","2.66","-287.0","-46.6352688429","-23.6789176307"
"22","2017-04-28","0.0","0.0","0.0","0.0","-46.6352688429","-23.6789176307"
"22","2017-04-29","0.0","0.0","0.0","0.0","-46.6352688429","-23.6789176307"
"22","2017-04-30","0.0","0.0","0.0","0.0","-46.6352688429","-23.6789176307"
"22","2017-05-01","","","","-1.0","-46.6352688429","-23.6789176307"
"22","2017-05-02","0.0","0.02","0.0","-287.0","-46.6352688429","-23.6789176307"
"22","2017-05-03","0.0","0.0","0.0","0.0","-46.6352688429","-23.6789176307"
"22","2017-05-04","","","","-1.0","-46.6352688429","-23.6789176307"
"22","2017-05-05","2.56","43.69","14.53","-288.0","-46.6352688429","-23.6789176307"
"22","2017-05-06","0.46","8.79","2.35","-288.0","-46.6352688429","-23.6789176307"
"22","2017-05-07","0.0","0.55","0.05","-287.0","-46.6352688429","-23.6789176307"
"22","2017-05-08","0.0","0.0","0.0","0.0","-46.6352688429","-23.6789176307"
"22","2017-05-09","0.0","0.0","0.0","0.0","-46.6352688429","-23.6789176307"
"22","2017-05-10","0.0","0.0","0.0","0.0","-46.6352688429","-23.6789176307"
"22","2017-05-11","0.0","0.0","0.0","0.0","-46.6352688429","-23.6789176307"
"22","2017-05-12","0.0","0.0","0.0","0.0","-46.6352688429","-23.6789176307"
"22","2017-05-13","","","","-1.0","-46.6352688429","-23.6789176307"
"22","2017-05-14","0.0","0.94","0.11","-287.0","-46.6352688429","-23.6789176307"
"22","2017-05-15","0.0","0.0","0.0","0.0","-46.6352688429","-23.6789176307"
"22","2017-05-16","0.0","0.0","0.0","0.0","-46.6352688429","-23.6789176307"
"22","2017-05-17","","","","-1.0","-46.6352688429","-23.6789176307"
"22","2017-05-18","1.01","13.93","4.95","-288.0","-46.6352688429","-23.6789176307"
"22","2017-05-19","11.4","94.21","34.68","-288.0","-46.6352688429","-23.6789176307"
"22","2017-05-20","0.02","1.47","0.36","-288.0","-46.6352688429","-23.6789176307"
"22","2017-05-21","9.08","62.58","24.45","-288.0","-46.6352688429","-23.6789176307"
"22","2017-05-22","2.09","36.07","9.35","-287.0","-46.6352688429","-23.6789176307"
"22","2017-05-23","0.0","0.0","0.0","0.0","-46.6352688429","-23.6789176307"
"22","2017-05-24","0.0","0.0","0.0","0.0","-46.6352688429","-23.6789176307"
"22","2017-05-25","0.0","0.0","0.0","0.0","-46.6352688429","-23.6789176307"
"22","2017-05-26","0.0","0.0","0.0","0.0","-46.6352688429","-23.6789176307"
"22","2017-05-27","0.0","0.0","0.0","0.0","-46.6352688429","-23.6789176307"
"22","2017-05-28","0.0","0.0","0.0","0.0","-46.6352688429","-23.6789176307"
"22","2017-05-29","0.0","0.0","0.0","0.0","-46.6352688429","-23.6789176307"
"22","2017-05-30","0.0","0.0","0.0","0.0","-46.6352688429","-23.6789176307"
"22","2017-05-31","0.0","0.0","0.0","0.0","-46.6352688429","-23.6789176307"
"22","2017-06-01","0.0","0.0","0.0","0.0","-46.6352688429","-23.6789176307"
"22","2017-06-02","0.0","0.0","0.0","0.0","-46.6352688429","-23.6789176307"
"22","2017-06-03","0.0","0.0","0.0","0.0","-46.6352688429","-23.6789176307"
"22","2017-06-04","","","","-1.0","-46.6352688429","-23.6789176307"
"22","2017-06-05","11.22","110.45","41.12","-288.0","-46.6352688429","-23.6789176307"
"22","2017-06-06","9.21","104.35","34.7","-288.0","-46.6352688429","-23.6789176307"
"22","2017-06-07","3.58","69.78","20.48","-287.0","-46.6352688429","-23.6789176307"
"22","2017-06-08","","","","-1.0","-46.6352688429","-23.6789176307"
"22","2017-06-09","0.02","6.56","1.39","-288.0","-46.6352688429","-23.6789176307"
"22","2017-06-10","0.0","0.0","0.0","-287.0","-46.6352688429","-23.6789176307"
"22","2017-06-11","","","","-1.0","-46.6352688429","-23.6789176307"
"22","2017-06-12","0.0","0.08","0.0","-288.0","-46.6352688429","-23.6789176307"
"22","2017-06-13","5.33","151.98","39.25","-288.0","-46.6352688429","-23.6789176307"
"22","2017-06-14","0.23","6.51","1.74","-287.0","-46.6352688429","-23.6789176307"
"23","2016-10-31","","","","-1.0","-46.7868689025","-23.6148555484"
"23","2016-11-01","0.0","0.34","0.02","-288.0","-46.7868689025","-23.6148555484"
"23","2016-11-02","1.01","30.91","7.57","-288.0","-46.7868689025","-23.6148555484"
"23","2016-11-03","1.35","29.97","7.33","-288.0","-46.7868689025","-23.6148555484"
"23","2016-11-04","0.05","1.6","0.26","-288.0","-46.7868689025","-23.6148555484"
"23","2016-11-05","0.0","0.0","0.0","-288.0","-46.7868689025","-23.6148555484"
"23","2016-11-06","0.0","0.34","0.02","-288.0","-46.7868689025","-23.6148555484"
"23","2016-11-07","0.0","0.24","0.0","-288.0","-46.7868689025","-23.6148555484"
"23","2016-11-08","0.0","0.26","0.01","-288.0","-46.7868689025","-23.6148555484"
"23","2016-11-09","4.51","61.39","21.96","-288.0","-46.7868689025","-23.6148555484"
"23","2016-11-10","2.53","48.51","13.25","-288.0","-46.7868689025","-23.6148555484"
"23","2016-11-11","0.03","20.55","4.48","-288.0","-46.7868689025","-23.6148555484"
"23","2016-11-12","0.04","0.87","0.17","-288.0","-46.7868689025","-23.6148555484"
"23","2016-11-13","14.21","61.73","31.76","-288.0","-46.7868689025","-23.6148555484"
"23","2016-11-14","8.04","40.33","17.61","-287.0","-46.7868689025","-23.6148555484"
"23","2016-11-15","","","","-1.0","-46.7868689025","-23.6148555484"
"23","2016-11-16","1.04","23.62","7.53","-288.0","-46.7868689025","-23.6148555484"
"23","2016-11-17","1.14","23.32","7.66","-288.0","-46.7868689025","-23.6148555484"
"23","2016-11-18","0.0","7.63","0.89","-287.0","-46.7868689025","-23.6148555484"
"23","2016-11-19","0.0","0.0","0.0","0.0","-46.7868689025","-23.6148555484"
"23","2016-11-20","0.0","0.0","0.0","0.0","-46.7868689025","-23.6148555484"
"23","2016-11-21","0.0","0.0","0.0","0.0","-46.7868689025","-23.6148555484"
"23","2016-11-22","","","","-1.0","-46.7868689025","-23.6148555484"
"23","2016-11-23","0.01","2.1","0.45","-288.0","-46.7868689025","-23.6148555484"
"23","2016-11-24","0.0","0.0","0.0","-287.0","-46.7868689025","-23.6148555484"
"23","2016-11-25","0.0","0.0","0.0","0.0","-46.7868689025","-23.6148555484"
"23","2016-11-26","","","","-1.0","-46.7868689025","-23.6148555484"
"23","2016-11-27","1.1","18.29","4.61","-288.0","-46.7868689025","-23.6148555484"
"23","2016-11-28","0.11","17.81","4.13","-288.0","-46.7868689025","-23.6148555484"
"23","2016-11-29","3.41","24.97","9.54","-288.0","-46.7868689025","-23.6148555484"
"23","2016-11-30","0.0","0.0","0.0","-287.0","-46.7868689025","-23.6148555484"
"23","2016-12-01","0.0","0.0","0.0","0.0","-46.7868689025","-23.6148555484"
"23","2016-12-02","","","","-1.0","-46.7868689025","-23.6148555484"
"23","2016-12-03","2.41","28.77","12.29","-288.0","-46.7868689025","-23.6148555484"
"23","2016-12-04","0.96","16.75","5.83","-288.0","-46.7868689025","-23.6148555484"
"23","2016-12-05","0.18","1.49","0.66","-287.0","-46.7868689025","-23.6148555484"
"23","2016-12-06","","","","-1.0","-46.7868689025","-23.6148555484"
"23","2016-12-07","0.64","15.41","4.2","-288.0","-46.7868689025","-23.6148555484"
"23","2016-12-08","0.0","2.09","0.13","-288.0","-46.7868689025","-23.6148555484"
"23","2016-12-09","0.05","2.8","0.69","-288.0","-46.7868689025","-23.6148555484"
"23","2016-12-10","1.64","33.46","9.78","-288.0","-46.7868689025","-23.6148555484"
"23","2016-12-11","1.82","56.57","18.03","-288.0","-46.7868689025","-23.6148555484"
"23","2016-12-12","6.88","58.74","23.57","-288.0","-46.7868689025","-23.6148555484"
"23","2016-12-13","0.0","0.97","0.04","-288.0","-46.7868689025","-23.6148555484"
"23","2016-12-14","0.0","3.24","0.15","-288.0","-46.7868689025","-23.6148555484"
"23","2016-12-15","0.0","0.0","0.0","-287.0","-46.7868689025","-23.6148555484"
"23","2016-12-16","0.0","0.0","0.0","0.0","-46.7868689025","-23.6148555484"
"23","2016-12-17","","","","-1.0","-46.7868689025","-23.6148555484"
"23","2016-12-18","0.35","137.96","19.47","-288.0","-46.7868689025","-23.6148555484"
"23","2016-12-19","0.45","25.93","5.2","-288.0","-46.7868689025","-23.6148555484"
"23","2016-12-20","0.41","7.92","2.38","-288.0","-46.7868689025","-23.6148555484"
"23","2016-12-21","0.05","9.32","1.4","-288.0","-46.7868689025","-23.6148555484"
"23","2016-12-22","0.0","0.02","0.0","-288.0","-46.7868689025","-23.6148555484"
"23","2016-12-23","1.56","41.77","14.0","-288.0","-46.7868689025","-23.6148555484"
"23","2016-12-24","1.03","10.94","3.3","-288.0","-46.7868689025","-23.6148555484"
"23","2016-12-25","0.0","0.86","0.04","-288.0","-46.7868689025","-23.6148555484"
"23","2016-12-26","0.0","0.48","0.01","-288.0","-46.7868689025","-23.6148555484"
"23","2016-12-27","0.0","16.48","3.97","-288.0","-46.7868689025","-23.6148555484"
"23","2016-12-28","0.44","46.37","12.81","-288.0","-46.7868689025","-23.6148555484"
"23","2016-12-29","0.01","2.02","0.41","-288.0","-46.7868689025","-23.6148555484"
"23","2016-12-30","0.0","0.17","0.0","-288.0","-46.7868689025","-23.6148555484"
"23","2016-12-31","0.0","0.6","0.14","-287.0","-46.7868689025","-23.6148555484"
"23","2017-01-01","","","","-1.0","-46.7868689025","-23.6148555484"
"23","2017-01-02","2.74","77.15","20.97","-288.0","-46.7868689025","-23.6148555484"
"23","2017-01-03","1.21","15.96","5.36","-288.0","-46.7868689025","-23.6148555484"
"23","2017-01-04","0.0","0.82","0.04","-288.0","-46.7868689025","-23.6148555484"
"23","2017-01-05","0.0","0.47","0.05","-288.0","-46.7868689025","-23.6148555484"
"23","2017-01-06","1.26","24.02","8.14","-288.0","-46.7868689025","-23.6148555484"
"23","2017-01-07","1.14","8.23","3.35","-288.0","-46.7868689025","-23.6148555484"
"23","2017-01-08","0.04","3.63","0.55","-288.0","-46.7868689025","-23.6148555484"
"23","2017-01-09","7.69","81.54","40.47","-288.0","-46.7868689025","-23.6148555484"
"23","2017-01-10","3.54","29.17","11.96","-288.0","-46.7868689025","-23.6148555484"
"23","2017-01-11","0.15","4.92","1.47","-288.0","-46.7868689025","-23.6148555484"
"23","2017-01-12","1.03","42.67","12.37","-288.0","-46.7868689025","-23.6148555484"
"23","2017-01-13","0.0","0.85","0.12","-288.0","-46.7868689025","-23.6148555484"
"23","2017-01-14","0.0","2.27","0.26","-288.0","-46.7868689025","-23.6148555484"
"23","2017-01-15","0.0","31.19","3.59","-288.0","-46.7868689025","-23.6148555484"
"23","2017-01-16","8.29","76.31","29.36","-288.0","-46.7868689025","-23.6148555484"
"23","2017-01-17","8.01","61.09","25.61","-288.0","-46.7868689025","-23.6148555484"
"23","2017-01-18","10.0","139.32","48.06","-288.0","-46.7868689025","-23.6148555484"
"23","2017-01-19","9.97","95.05","42.56","-288.0","-46.7868689025","-23.6148555484"
"23","2017-01-20","9.81","96.91","36.21","-288.0","-46.7868689025","-23.6148555484"
"23","2017-01-21","9.58","118.65","40.63","-288.0","-46.7868689025","-23.6148555484"
"23","2017-01-22","6.22","44.08","18.52","-288.0","-46.7868689025","-23.6148555484"
"23","2017-01-23","0.13","3.36","0.7","-288.0","-46.7868689025","-23.6148555484"
"23","2017-01-24","0.42","15.82","3.82","-288.0","-46.7868689025","-23.6148555484"
"23","2017-01-25","0.0","1.51","0.24","-288.0","-46.7868689025","-23.6148555484"
"23","2017-01-26","6.99","53.89","22.35","-288.0","-46.7868689025","-23.6148555484"
"23","2017-01-27","1.75","23.05","8.23","-288.0","-46.7868689025","-23.6148555484"
"23","2017-01-28","0.0","0.02","0.0","-288.0","-46.7868689025","-23.6148555484"
"23","2017-01-29","0.02","3.68","0.53","-288.0","-46.7868689025","-23.6148555484"
"23","2017-01-30","0.03","6.12","1.06","-288.0","-46.7868689025","-23.6148555484"
"23","2017-01-31","2.5","40.89","13.42","-288.0","-46.7868689025","-23.6148555484"
"23","2017-02-01","4.7","64.85","20.64","-288.0","-46.7868689025","-23.6148555484"
"23","2017-02-02","2.22","21.02","8.05","-288.0","-46.7868689025","-23.6148555484"
"23","2017-02-03","1.68","18.69","5.92","-288.0","-46.7868689025","-23.6148555484"
"23","2017-02-04","0.27","35.22","7.88","-288.0","-46.7868689025","-23.6148555484"
"23","2017-02-05","0.0","0.24","0.04","-288.0","-46.7868689025","-23.6148555484"
"23","2017-02-06","6.52","73.85","25.88","-288.0","-46.7868689025","-23.6148555484"
"23","2017-02-07","0.0","10.41","1.48","-288.0","-46.7868689025","-23.6148555484"
"23","2017-02-08","0.0","0.0","0.0","-287.0","-46.7868689025","-23.6148555484"
"23","2017-02-09","0.0","0.0","0.0","0.0","-46.7868689025","-23.6148555484"
"23","2017-02-10","0.0","0.0","0.0","0.0","-46.7868689025","-23.6148555484"
"23","2017-02-11","0.0","0.0","0.0","0.0","-46.7868689025","-23.6148555484"
"23","2017-02-12","0.0","0.0","0.0","0.0","-46.7868689025","-23.6148555484"
"23","2017-02-13","0.0","0.0","0.0","0.0","-46.7868689025","-23.6148555484"
"23","2017-02-14","0.0","0.0","0.0","0.0","-46.7868689025","-23.6148555484"
"23","2017-02-15","0.0","0.0","0.0","0.0","-46.7868689025","-23.6148555484"
"23","2017-02-16","","","","-1.0","-46.7868689025","-23.6148555484"
"23","2017-02-17","0.0","0.29","0.0","-288.0","-46.7868689025","-23.6148555484"
"23","2017-02-18","0.0","0.0","0.0","-287.0","-46.7868689025","-23.6148555484"
"23","2017-02-19","0.0","0.0","0.0","0.0","-46.7868689025","-23.6148555484"
"23","2017-02-20","0.0","0.0","0.0","0.0","-46.7868689025","-23.6148555484"
"23","2017-02-21","","","","-1.0","-46.7868689025","-23.6148555484"
"23","2017-02-22","0.67","65.55","14.54","-288.0","-46.7868689025","-23.6148555484"
"23","2017-02-23","0.0","0.42","0.0","-288.0","-46.7868689025","-23.6148555484"
"23","2017-02-24","4.86","85.0","23.31","-288.0","-46.7868689025","-23.6148555484"
"23","2017-02-25","0.48","11.92","3.42","-288.0","-46.7868689025","-23.6148555484"
"23","2017-02-26","0.0","9.31","1.0","-288.0","-46.7868689025","-23.6148555484"
"23","2017-02-27","0.0","4.68","0.69","-288.0","-46.7868689025","-23.6148555484"
"23","2017-02-28","0.0","0.64","0.03","-288.0","-46.7868689025","-23.6148555484"
"23","2017-03-01","0.0","2.2","0.09","-288.0","-46.7868689025","-23.6148555484"
"23","2017-03-02","0.48","49.7","10.85","-288.0","-46.7868689025","-23.6148555484"
"23","2017-03-03","1.31","26.71","7.52","-288.0","-46.7868689025","-23.6148555484"
"23","2017-03-04","0.75","32.95","7.46","-288.0","-46.7868689025","-23.6148555484"
"23","2017-03-05","5.54","83.09","27.91","-288.0","-46.7868689025","-23.6148555484"
"23","2017-03-06","2.06","41.6","11.35","-288.0","-46.7868689025","-23.6148555484"
"23","2017-03-07","1.71","45.87","13.59","-288.0","-46.7868689025","-23.6148555484"
"23","2017-03-08","1.14","9.01","3.52","-288.0","-46.7868689025","-23.6148555484"
"23","2017-03-09","0.0","0.0","0.0","-288.0","-46.7868689025","-23.6148555484"
"23","2017-03-10","0.06","7.7","1.55","-288.0","-46.7868689025","-23.6148555484"
"23","2017-03-11","0.0","0.42","0.02","-288.0","-46.7868689025","-23.6148555484"
"23","2017-03-12","0.0","0.21","0.0","-288.0","-46.7868689025","-23.6148555484"
"23","2017-03-13","0.0","0.6","0.02","-288.0","-46.7868689025","-23.6148555484"
"23","2017-03-14","0.0","3.33","0.19","-288.0","-46.7868689025","-23.6148555484"
"23","2017-03-15","0.11","23.62","3.82","-288.0","-46.7868689025","-23.6148555484"
"23","2017-03-16","0.0","0.04","0.0","-288.0","-46.7868689025","-23.6148555484"
"23","2017-03-17","2.4","76.21","19.66","-288.0","-46.7868689025","-23.6148555484"
"23","2017-03-18","0.14","3.15","1.06","-288.0","-46.7868689025","-23.6148555484"
"23","2017-03-19","0.99","3.82","2.0","-288.0","-46.7868689025","-23.6148555484"
"23","2017-03-20","0.0","0.01","0.0","-287.0","-46.7868689025","-23.6148555484"
"23","2017-03-21","0.0","0.0","0.0","0.0","-46.7868689025","-23.6148555484"
"23","2017-03-22","0.0","0.0","0.0","0.0","-46.7868689025","-23.6148555484"
"23","2017-03-23","","","","-1.0","-46.7868689025","-23.6148555484"
"23","2017-03-24","0.0","0.11","0.0","-288.0","-46.7868689025","-23.6148555484"
"23","2017-03-25","0.17","23.51","5.85","-287.0","-46.7868689025","-23.6148555484"
"23","2017-03-26","","","","-1.0","-46.7868689025","-23.6148555484"
"23","2017-03-27","0.13","11.85","2.05","-288.0","-46.7868689025","-23.6148555484"
"23","2017-03-28","0.11","7.61","1.6","-288.0","-46.7868689025","-23.6148555484"
"23","2017-03-29","0.03","0.33","0.11","-287.0","-46.7868689025","-23.6148555484"
"23","2017-03-30","0.0","0.0","0.0","0.0","-46.7868689025","-23.6148555484"
"23","2017-03-31","0.0","0.0","0.0","0.0","-46.7868689025","-23.6148555484"
"23","2017-04-01","0.0","0.0","0.0","0.0","-46.7868689025","-23.6148555484"
"23","2017-04-02","0.0","0.0","0.0","0.0","-46.7868689025","-23.6148555484"
"23","2017-04-03","0.0","0.0","0.0","0.0","-46.7868689025","-23.6148555484"
"23","2017-04-04","","","","-1.0","-46.7868689025","-23.6148555484"
"23","2017-04-05","0.0","0.0","0.0","-288.0","-46.7868689025","-23.6148555484"
"23","2017-04-06","7.12","72.07","26.13","-288.0","-46.7868689025","-23.6148555484"
"23","2017-04-07","8.89","95.8","37.49","-288.0","-46.7868689025","-23.6148555484"
"23","2017-04-08","0.0","0.29","0.04","-287.0","-46.7868689025","-23.6148555484"
"23","2017-04-09","","","","-1.0","-46.7868689025","-23.6148555484"
"23","2017-04-10","0.0","0.04","0.0","-288.0","-46.7868689025","-23.6148555484"
"23","2017-04-11","0.0","0.32","0.05","-288.0","-46.7868689025","-23.6148555484"
"23","2017-04-12","0.0","0.61","0.1","-287.0","-46.7868689025","-23.6148555484"
"23","2017-04-13","0.0","0.0","0.0","0.0","-46.7868689025","-23.6148555484"
"23","2017-04-14","0.0","0.0","0.0","0.0","-46.7868689025","-23.6148555484"
"23","2017-04-15","0.0","0.0","0.0","0.0","-46.7868689025","-23.6148555484"
"23","2017-04-16","","","","-1.0","-46.7868689025","-23.6148555484"
"23","2017-04-17","0.17","1.98","0.63","-287.0","-46.7868689025","-23.6148555484"
"23","2017-04-18","0.0","0.0","0.0","0.0","-46.7868689025","-23.6148555484"
"23","2017-04-19","0.0","0.0","0.0","0.0","-46.7868689025","-23.6148555484"
"23","2017-04-20","","","","-1.0","-46.7868689025","-23.6148555484"
"23","2017-04-21","5.6","49.91","22.25","-288.0","-46.7868689025","-23.6148555484"
"23","2017-04-22","1.5","7.67","3.79","-287.0","-46.7868689025","-23.6148555484"
"23","2017-04-23","0.0","0.0","0.0","0.0","-46.7868689025","-23.6148555484"
"23","2017-04-24","0.0","0.0","0.0","0.0","-46.7868689025","-23.6148555484"
"23","2017-04-25","","","","-1.0","-46.7868689025","-23.6148555484"
"23","2017-04-26","7.53","46.06","20.74","-288.0","-46.7868689025","-23.6148555484"
"23","2017-04-27","1.04","4.77","2.29","-287.0","-46.7868689025","-23.6148555484"
"23","2017-04-28","0.0","0.0","0.0","0.0","-46.7868689025","-23.6148555484"
"23","2017-04-29","0.0","0.0","0.0","0.0","-46.7868689025","-23.6148555484"
"23","2017-04-30","0.0","0.0","0.0","0.0","-46.7868689025","-23.6148555484"
"23","2017-05-01","","","","-1.0","-46.7868689025","-23.6148555484"
"23","2017-05-02","0.0","0.04","0.0","-287.0","-46.7868689025","-23.6148555484"
"23","2017-05-03","0.0","0.0","0.0","0.0","-46.7868689025","-23.6148555484"
"23","2017-05-04","","","","-1.0","-46.7868689025","-23.6148555484"
"23","2017-05-05","9.13","54.66","26.6","-288.0","-46.7868689025","-23.6148555484"
"23","2017-05-06","0.5","4.64","1.48","-288.0","-46.7868689025","-23.6148555484"
"23","2017-05-07","0.0","0.07","0.0","-287.0","-46.7868689025","-23.6148555484"
"23","2017-05-08","0.0","0.0","0.0","0.0","-46.7868689025","-23.6148555484"
"23","2017-05-09","0.0","0.0","0.0","0.0","-46.7868689025","-23.6148555484"
"23","2017-05-10","0.0","0.0","0.0","0.0","-46.7868689025","-23.6148555484"
"23","2017-05-11","0.0","0.0","0.0","0.0","-46.7868689025","-23.6148555484"
"23","2017-05-12","0.0","0.0","0.0","0.0","-46.7868689025","-23.6148555484"
"23","2017-05-13","","","","-1.0","-46.7868689025","-23.6148555484"
"23","2017-05-14","0.01","0.98","0.18","-287.0","-46.7868689025","-23.6148555484"
"23","2017-05-15","0.0","0.0","0.0","0.0","-46.7868689025","-23.6148555484"
"23","2017-05-16","0.0","0.0","0.0","0.0","-46.7868689025","-23.6148555484"
"23","2017-05-17","","","","-1.0","-46.7868689025","-23.6148555484"
"23","2017-05-18","2.16","14.17","6.12","-288.0","-46.7868689025","-23.6148555484"
"23","2017-05-19","16.74","101.14","43.79","-288.0","-46.7868689025","-23.6148555484"
"23","2017-05-20","0.39","2.67","1.14","-288.0","-46.7868689025","-23.6148555484"
"23","2017-05-21","11.74","67.67","28.02","-288.0","-46.7868689025","-23.6148555484"
"23","2017-05-22","2.63","28.67","10.47","-287.0","-46.7868689025","-23.6148555484"
"23","2017-05-23","0.0","0.0","0.0","0.0","-46.7868689025","-23.6148555484"
"23","2017-05-24","0.0","0.0","0.0","0.0","-46.7868689025","-23.6148555484"
"23","2017-05-25","0.0","0.0","0.0","0.0","-46.7868689025","-23.6148555484"
"23","2017-05-26","0.0","0.0","0.0","0.0","-46.7868689025","-23.6148555484"
"23","2017-05-27","0.0","0.0","0.0","0.0","-46.7868689025","-23.6148555484"
"23","2017-05-28","0.0","0.0","0.0","0.0","-46.7868689025","-23.6148555484"
"23","2017-05-29","0.0","0.0","0.0","0.0","-46.7868689025","-23.6148555484"
"23","2017-05-30","0.0","0.0","0.0","0.0","-46.7868689025","-23.6148555484"
"23","2017-05-31","0.0","0.0","0.0","0.0","-46.7868689025","-23.6148555484"
"23","2017-06-01","0.0","0.0","0.0","0.0","-46.7868689025","-23.6148555484"
"23","2017-06-02","0.0","0.0","0.0","0.0","-46.7868689025","-23.6148555484"
"23","2017-06-03","0.0","0.0","0.0","0.0","-46.7868689025","-23.6148555484"
"23","2017-06-04","","","","-1.0","-46.7868689025","-23.6148555484"
"23","2017-06-05","15.52","91.72","41.63","-288.0","-46.7868689025","-23.6148555484"
"23","2017-06-06","14.54","131.7","51.38","-288.0","-46.7868689025","-23.6148555484"
"23","2017-06-07","7.9","55.02","25.55","-287.0","-46.7868689025","-23.6148555484"
"23","2017-06-08","","","","-1.0","-46.7868689025","-23.6148555484"
"23","2017-06-09","0.05","7.09","1.12","-288.0","-46.7868689025","-23.6148555484"
"23","2017-06-10","0.0","0.0","0.0","-287.0","-46.7868689025","-23.6148555484"
"23","2017-06-11","","","","-1.0","-46.7868689025","-23.6148555484"
"23","2017-06-12","0.0","0.57","0.02","-288.0","-46.7868689025","-23.6148555484"
"23","2017-06-13","10.33","90.66","34.85","-288.0","-46.7868689025","-23.6148555484"
"23","2017-06-14","0.38","3.97","1.44","-287.0","-46.7868689025","-23.6148555484"
"24","2016-10-31","","","","-1.0","-46.726178949","-23.6231971518"
"24","2016-11-01","0.0","0.01","0.0","-288.0","-46.726178949","-23.6231971518"
"24","2016-11-02","0.36","24.83","4.3","-288.0","-46.726178949","-23.6231971518"
"24","2016-11-03","0.67","90.28","12.42","-288.0","-46.726178949","-23.6231971518"
"24","2016-11-04","0.01","2.55","0.62","-288.0","-46.726178949","-23.6231971518"
"24","2016-11-05","0.0","0.0","0.0","-288.0","-46.726178949","-23.6231971518"
"24","2016-11-06","0.0","3.67","0.12","-288.0","-46.726178949","-23.6231971518"
"24","2016-11-07","0.0","0.16","0.0","-288.0","-46.726178949","-23.6231971518"
"24","2016-11-08","0.0","0.36","0.0","-288.0","-46.726178949","-23.6231971518"
"24","2016-11-09","4.03","78.35","21.78","-288.0","-46.726178949","-23.6231971518"
"24","2016-11-10","2.01","68.01","17.87","-288.0","-46.726178949","-23.6231971518"
"24","2016-11-11","0.04","71.76","6.46","-288.0","-46.726178949","-23.6231971518"
"24","2016-11-12","0.02","1.59","0.21","-288.0","-46.726178949","-23.6231971518"
"24","2016-11-13","10.59","72.84","32.42","-288.0","-46.726178949","-23.6231971518"
"24","2016-11-14","5.68","46.12","16.41","-287.0","-46.726178949","-23.6231971518"
"24","2016-11-15","","","","-1.0","-46.726178949","-23.6231971518"
"24","2016-11-16","0.5","24.03","5.12","-288.0","-46.726178949","-23.6231971518"
"24","2016-11-17","0.63","37.75","9.08","-288.0","-46.726178949","-23.6231971518"
"24","2016-11-18","0.0","3.38","0.38","-287.0","-46.726178949","-23.6231971518"
"24","2016-11-19","0.0","0.0","0.0","0.0","-46.726178949","-23.6231971518"
"24","2016-11-20","0.0","0.0","0.0","0.0","-46.726178949","-23.6231971518"
"24","2016-11-21","0.0","0.0","0.0","0.0","-46.726178949","-23.6231971518"
"24","2016-11-22","","","","-1.0","-46.726178949","-23.6231971518"
"24","2016-11-23","0.0","3.27","0.37","-288.0","-46.726178949","-23.6231971518"
"24","2016-11-24","0.0","0.0","0.0","-287.0","-46.726178949","-23.6231971518"
"24","2016-11-25","0.0","0.0","0.0","0.0","-46.726178949","-23.6231971518"
"24","2016-11-26","","","","-1.0","-46.726178949","-23.6231971518"
"24","2016-11-27","0.34","37.98","6.61","-288.0","-46.726178949","-23.6231971518"
"24","2016-11-28","0.01","54.76","7.57","-288.0","-46.726178949","-23.6231971518"
"24","2016-11-29","2.28","29.83","7.87","-288.0","-46.726178949","-23.6231971518"
"24","2016-11-30","0.0","0.01","0.0","-287.0","-46.726178949","-23.6231971518"
"24","2016-12-01","0.0","0.0","0.0","0.0","-46.726178949","-23.6231971518"
"24","2016-12-02","","","","-1.0","-46.726178949","-23.6231971518"
"24","2016-12-03","1.55","41.97","10.91","-288.0","-46.726178949","-23.6231971518"
"24","2016-12-04","0.59","23.54","4.87","-288.0","-46.726178949","-23.6231971518"
"24","2016-12-05","0.12","2.23","0.66","-287.0","-46.726178949","-23.6231971518"
"24","2016-12-06","","","","-1.0","-46.726178949","-23.6231971518"
"24","2016-12-07","0.6","29.44","5.18","-288.0","-46.726178949","-23.6231971518"
"24","2016-12-08","0.0","0.8","0.0","-288.0","-46.726178949","-23.6231971518"
"24","2016-12-09","0.13","3.62","0.82","-288.0","-46.726178949","-23.6231971518"
"24","2016-12-10","1.26","51.57","12.9","-288.0","-46.726178949","-23.6231971518"
"24","2016-12-11","1.31","60.06","14.68","-288.0","-46.726178949","-23.6231971518"
"24","2016-12-12","3.33","71.55","17.77","-288.0","-46.726178949","-23.6231971518"
"24","2016-12-13","0.0","4.79","0.17","-288.0","-46.726178949","-23.6231971518"
"24","2016-12-14","0.0","0.44","0.0","-288.0","-46.726178949","-23.6231971518"
"24","2016-12-15","0.0","0.02","0.0","-287.0","-46.726178949","-23.6231971518"
"24","2016-12-16","0.0","0.0","0.0","0.0","-46.726178949","-23.6231971518"
"24","2016-12-17","","","","-1.0","-46.726178949","-23.6231971518"
"24","2016-12-18","0.0","21.58","1.0","-288.0","-46.726178949","-23.6231971518"
"24","2016-12-19","0.13","65.95","8.69","-288.0","-46.726178949","-23.6231971518"
"24","2016-12-20","0.3","8.25","1.83","-288.0","-46.726178949","-23.6231971518"
"24","2016-12-21","0.46","207.6","27.47","-288.0","-46.726178949","-23.6231971518"
"24","2016-12-22","0.0","0.17","0.0","-288.0","-46.726178949","-23.6231971518"
"24","2016-12-23","0.74","37.35","7.88","-288.0","-46.726178949","-23.6231971518"
"24","2016-12-24","0.57","12.46","2.99","-288.0","-46.726178949","-23.6231971518"
"24","2016-12-25","0.0","0.1","0.0","-288.0","-46.726178949","-23.6231971518"
"24","2016-12-26","0.0","0.09","0.0","-288.0","-46.726178949","-23.6231971518"
"24","2016-12-27","0.0","23.82","2.14","-288.0","-46.726178949","-23.6231971518"
"24","2016-12-28","0.0","20.21","1.6","-288.0","-46.726178949","-23.6231971518"
"24","2016-12-29","0.09","37.76","5.55","-288.0","-46.726178949","-23.6231971518"
"24","2016-12-30","0.0","0.35","0.0","-288.0","-46.726178949","-23.6231971518"
"24","2016-12-31","0.0","7.36","0.31","-287.0","-46.726178949","-23.6231971518"
"24","2017-01-01","","","","-1.0","-46.726178949","-23.6231971518"
"24","2017-01-02","1.38","90.93","22.41","-288.0","-46.726178949","-23.6231971518"
"24","2017-01-03","0.47","12.69","3.01","-288.0","-46.726178949","-23.6231971518"
"24","2017-01-04","0.0","0.51","0.0","-288.0","-46.726178949","-23.6231971518"
"24","2017-01-05","0.0","0.41","0.02","-288.0","-46.726178949","-23.6231971518"
"24","2017-01-06","0.1","13.39","3.2","-288.0","-46.726178949","-23.6231971518"
"24","2017-01-07","0.94","69.71","10.3","-288.0","-46.726178949","-23.6231971518"
"24","2017-01-08","0.03","11.36","1.45","-288.0","-46.726178949","-23.6231971518"
"24","2017-01-09","11.05","97.0","39.37","-288.0","-46.726178949","-23.6231971518"
"24","2017-01-10","2.72","31.44","9.98","-288.0","-46.726178949","-23.6231971518"
"24","2017-01-11","0.29","10.56","2.25","-288.0","-46.726178949","-23.6231971518"
"24","2017-01-12","0.11","36.97","4.03","-288.0","-46.726178949","-23.6231971518"
"24","2017-01-13","0.0","0.17","0.0","-288.0","-46.726178949","-23.6231971518"
"24","2017-01-14","0.0","0.14","0.0","-288.0","-46.726178949","-23.6231971518"
"24","2017-01-15","0.0","5.68","0.18","-288.0","-46.726178949","-23.6231971518"
"24","2017-01-16","5.77","132.73","34.12","-288.0","-46.726178949","-23.6231971518"
"24","2017-01-17","6.97","83.13","27.22","-288.0","-46.726178949","-23.6231971518"
"24","2017-01-18","5.26","142.13","32.64","-288.0","-46.726178949","-23.6231971518"
"24","2017-01-19","5.02","82.66","27.14","-288.0","-46.726178949","-23.6231971518"
"24","2017-01-20","6.43","131.93","29.5","-288.0","-46.726178949","-23.6231971518"
"24","2017-01-21","6.65","181.79","42.69","-288.0","-46.726178949","-23.6231971518"
"24","2017-01-22","3.96","49.04","16.97","-288.0","-46.726178949","-23.6231971518"
"24","2017-01-23","0.06","26.78","3.76","-288.0","-46.726178949","-23.6231971518"
"24","2017-01-24","0.07","15.69","2.34","-288.0","-46.726178949","-23.6231971518"
"24","2017-01-25","0.01","3.32","0.46","-288.0","-46.726178949","-23.6231971518"
"24","2017-01-26","4.76","64.56","21.36","-288.0","-46.726178949","-23.6231971518"
"24","2017-01-27","1.05","41.89","8.95","-288.0","-46.726178949","-23.6231971518"
"24","2017-01-28","0.0","2.28","0.1","-288.0","-46.726178949","-23.6231971518"
"24","2017-01-29","0.0","5.09","0.44","-288.0","-46.726178949","-23.6231971518"
"24","2017-01-30","0.0","6.54","0.61","-288.0","-46.726178949","-23.6231971518"
"24","2017-01-31","1.55","46.33","9.85","-288.0","-46.726178949","-23.6231971518"
"24","2017-02-01","3.61","77.3","18.98","-288.0","-46.726178949","-23.6231971518"
"24","2017-02-02","2.11","27.62","8.14","-288.0","-46.726178949","-23.6231971518"
"24","2017-02-03","1.37","34.73","6.91","-288.0","-46.726178949","-23.6231971518"
"24","2017-02-04","0.37","84.88","17.72","-288.0","-46.726178949","-23.6231971518"
"24","2017-02-05","0.0","0.29","0.0","-288.0","-46.726178949","-23.6231971518"
"24","2017-02-06","3.83","96.21","25.41","-288.0","-46.726178949","-23.6231971518"
"24","2017-02-07","0.0","3.48","0.32","-288.0","-46.726178949","-23.6231971518"
"24","2017-02-08","0.0","0.0","0.0","-287.0","-46.726178949","-23.6231971518"
"24","2017-02-09","0.0","0.0","0.0","0.0","-46.726178949","-23.6231971518"
"24","2017-02-10","0.0","0.0","0.0","0.0","-46.726178949","-23.6231971518"
"24","2017-02-11","0.0","0.0","0.0","0.0","-46.726178949","-23.6231971518"
"24","2017-02-12","0.0","0.0","0.0","0.0","-46.726178949","-23.6231971518"
"24","2017-02-13","0.0","0.0","0.0","0.0","-46.726178949","-23.6231971518"
"24","2017-02-14","0.0","0.0","0.0","0.0","-46.726178949","-23.6231971518"
"24","2017-02-15","0.0","0.0","0.0","0.0","-46.726178949","-23.6231971518"
"24","2017-02-16","","","","-1.0","-46.726178949","-23.6231971518"
"24","2017-02-17","0.0","1.01","0.01","-288.0","-46.726178949","-23.6231971518"
"24","2017-02-18","0.0","0.0","0.0","-287.0","-46.726178949","-23.6231971518"
"24","2017-02-19","0.0","0.0","0.0","0.0","-46.726178949","-23.6231971518"
"24","2017-02-20","0.0","0.0","0.0","0.0","-46.726178949","-23.6231971518"
"24","2017-02-21","","","","-1.0","-46.726178949","-23.6231971518"
"24","2017-02-22","0.63","86.07","13.29","-288.0","-46.726178949","-23.6231971518"
"24","2017-02-23","0.0","1.02","0.06","-288.0","-46.726178949","-23.6231971518"
"24","2017-02-24","2.85","129.75","33.37","-288.0","-46.726178949","-23.6231971518"
"24","2017-02-25","0.04","12.87","2.1","-288.0","-46.726178949","-23.6231971518"
"24","2017-02-26","0.0","3.96","0.13","-288.0","-46.726178949","-23.6231971518"
"24","2017-02-27","0.0","14.31","0.86","-288.0","-46.726178949","-23.6231971518"
"24","2017-02-28","0.0","0.3","0.0","-288.0","-46.726178949","-23.6231971518"
"24","2017-03-01","0.0","3.86","0.23","-288.0","-46.726178949","-23.6231971518"
"24","2017-03-02","0.0","36.67","2.83","-288.0","-46.726178949","-23.6231971518"
"24","2017-03-03","1.05","41.22","8.72","-288.0","-46.726178949","-23.6231971518"
"24","2017-03-04","0.15","33.1","4.41","-288.0","-46.726178949","-23.6231971518"
"24","2017-03-05","4.03","113.62","29.24","-288.0","-46.726178949","-23.6231971518"
"24","2017-03-06","1.38","53.34","13.35","-288.0","-46.726178949","-23.6231971518"
"24","2017-03-07","1.13","60.72","14.87","-288.0","-46.726178949","-23.6231971518"
"24","2017-03-08","1.14","20.24","6.04","-288.0","-46.726178949","-23.6231971518"
"24","2017-03-09","0.0","0.0","0.0","-288.0","-46.726178949","-23.6231971518"
"24","2017-03-10","0.0","26.4","5.47","-288.0","-46.726178949","-23.6231971518"
"24","2017-03-11","0.0","0.4","0.0","-288.0","-46.726178949","-23.6231971518"
"24","2017-03-12","0.0","0.49","0.0","-288.0","-46.726178949","-23.6231971518"
"24","2017-03-13","0.0","0.47","0.01","-288.0","-46.726178949","-23.6231971518"
"24","2017-03-14","0.0","5.69","0.49","-288.0","-46.726178949","-23.6231971518"
"24","2017-03-15","0.0","42.4","3.46","-288.0","-46.726178949","-23.6231971518"
"24","2017-03-16","0.0","0.1","0.0","-288.0","-46.726178949","-23.6231971518"
"24","2017-03-17","0.83","90.2","16.22","-288.0","-46.726178949","-23.6231971518"
"24","2017-03-18","0.08","3.75","0.91","-288.0","-46.726178949","-23.6231971518"
"24","2017-03-19","0.55","4.44","1.66","-288.0","-46.726178949","-23.6231971518"
"24","2017-03-20","0.0","0.01","0.0","-287.0","-46.726178949","-23.6231971518"
"24","2017-03-21","0.0","0.0","0.0","0.0","-46.726178949","-23.6231971518"
"24","2017-03-22","0.0","0.0","0.0","0.0","-46.726178949","-23.6231971518"
"24","2017-03-23","","","","-1.0","-46.726178949","-23.6231971518"
"24","2017-03-24","0.0","0.0","0.0","-288.0","-46.726178949","-23.6231971518"
"24","2017-03-25","0.03","11.37","1.32","-287.0","-46.726178949","-23.6231971518"
"24","2017-03-26","","","","-1.0","-46.726178949","-23.6231971518"
"24","2017-03-27","0.01","8.72","1.78","-288.0","-46.726178949","-23.6231971518"
"24","2017-03-28","0.01","8.99","1.21","-288.0","-46.726178949","-23.6231971518"
"24","2017-03-29","0.03","0.68","0.18","-287.0","-46.726178949","-23.6231971518"
"24","2017-03-30","0.0","0.0","0.0","0.0","-46.726178949","-23.6231971518"
"24","2017-03-31","0.0","0.0","0.0","0.0","-46.726178949","-23.6231971518"
"24","2017-04-01","0.0","0.0","0.0","0.0","-46.726178949","-23.6231971518"
"24","2017-04-02","0.0","0.0","0.0","0.0","-46.726178949","-23.6231971518"
"24","2017-04-03","0.0","0.0","0.0","0.0","-46.726178949","-23.6231971518"
"24","2017-04-04","","","","-1.0","-46.726178949","-23.6231971518"
"24","2017-04-05","0.0","0.0","0.0","-288.0","-46.726178949","-23.6231971518"
"24","2017-04-06","4.18","113.94","27.71","-288.0","-46.726178949","-23.6231971518"
"24","2017-04-07","5.98","134.33","45.62","-288.0","-46.726178949","-23.6231971518"
"24","2017-04-08","0.0","0.62","0.02","-287.0","-46.726178949","-23.6231971518"
"24","2017-04-09","","","","-1.0","-46.726178949","-23.6231971518"
"24","2017-04-10","0.0","2.42","0.1","-288.0","-46.726178949","-23.6231971518"
"24","2017-04-11","0.0","6.3","0.38","-288.0","-46.726178949","-23.6231971518"
"24","2017-04-12","0.0","1.77","0.09","-287.0","-46.726178949","-23.6231971518"
"24","2017-04-13","0.0","0.0","0.0","0.0","-46.726178949","-23.6231971518"
"24","2017-04-14","0.0","0.0","0.0","0.0","-46.726178949","-23.6231971518"
"24","2017-04-15","0.0","0.0","0.0","0.0","-46.726178949","-23.6231971518"
"24","2017-04-16","","","","-1.0","-46.726178949","-23.6231971518"
"24","2017-04-17","0.07","1.83","0.48","-287.0","-46.726178949","-23.6231971518"
"24","2017-04-18","0.0","0.0","0.0","0.0","-46.726178949","-23.6231971518"
"24","2017-04-19","0.0","0.0","0.0","0.0","-46.726178949","-23.6231971518"
"24","2017-04-20","","","","-1.0","-46.726178949","-23.6231971518"
"24","2017-04-21","5.65","93.25","34.6","-288.0","-46.726178949","-23.6231971518"
"24","2017-04-22","0.75","8.38","2.76","-287.0","-46.726178949","-23.6231971518"
"24","2017-04-23","0.0","0.0","0.0","0.0","-46.726178949","-23.6231971518"
"24","2017-04-24","0.0","0.0","0.0","0.0","-46.726178949","-23.6231971518"
"24","2017-04-25","","","","-1.0","-46.726178949","-23.6231971518"
"24","2017-04-26","5.34","60.71","20.32","-288.0","-46.726178949","-23.6231971518"
"24","2017-04-27","0.82","6.19","2.54","-287.0","-46.726178949","-23.6231971518"
"24","2017-04-28","0.0","0.0","0.0","0.0","-46.726178949","-23.6231971518"
"24","2017-04-29","0.0","0.0","0.0","0.0","-46.726178949","-23.6231971518"
"24","2017-04-30","0.0","0.0","0.0","0.0","-46.726178949","-23.6231971518"
"24","2017-05-01","","","","-1.0","-46.726178949","-23.6231971518"
"24","2017-05-02","0.0","0.0","0.0","-287.0","-46.726178949","-23.6231971518"
"24","2017-05-03","0.0","0.0","0.0","0.0","-46.726178949","-23.6231971518"
"24","2017-05-04","","","","-1.0","-46.726178949","-23.6231971518"
"24","2017-05-05","3.75","70.24","22.01","-288.0","-46.726178949","-23.6231971518"
"24","2017-05-06","0.36","5.43","1.38","-288.0","-46.726178949","-23.6231971518"
"24","2017-05-07","0.0","0.25","0.0","-287.0","-46.726178949","-23.6231971518"
"24","2017-05-08","0.0","0.0","0.0","0.0","-46.726178949","-23.6231971518"
"24","2017-05-09","0.0","0.0","0.0","0.0","-46.726178949","-23.6231971518"
"24","2017-05-10","0.0","0.0","0.0","0.0","-46.726178949","-23.6231971518"
"24","2017-05-11","0.0","0.0","0.0","0.0","-46.726178949","-23.6231971518"
"24","2017-05-12","0.0","0.0","0.0","0.0","-46.726178949","-23.6231971518"
"24","2017-05-13","","","","-1.0","-46.726178949","-23.6231971518"
"24","2017-05-14","0.01","0.87","0.1","-287.0","-46.726178949","-23.6231971518"
"24","2017-05-15","0.0","0.0","0.0","0.0","-46.726178949","-23.6231971518"
"24","2017-05-16","0.0","0.0","0.0","0.0","-46.726178949","-23.6231971518"
"24","2017-05-17","","","","-1.0","-46.726178949","-23.6231971518"
"24","2017-05-18","1.25","15.82","5.22","-288.0","-46.726178949","-23.6231971518"
"24","2017-05-19","10.19","129.63","39.72","-288.0","-46.726178949","-23.6231971518"
"24","2017-05-20","0.2","2.93","1.01","-288.0","-46.726178949","-23.6231971518"
"24","2017-05-21","9.3","82.53","27.23","-288.0","-46.726178949","-23.6231971518"
"24","2017-05-22","1.75","46.61","11.13","-287.0","-46.726178949","-23.6231971518"
"24","2017-05-23","0.0","0.0","0.0","0.0","-46.726178949","-23.6231971518"
"24","2017-05-24","0.0","0.0","0.0","0.0","-46.726178949","-23.6231971518"
"24","2017-05-25","0.0","0.0","0.0","0.0","-46.726178949","-23.6231971518"
"24","2017-05-26","0.0","0.0","0.0","0.0","-46.726178949","-23.6231971518"
"24","2017-05-27","0.0","0.0","0.0","0.0","-46.726178949","-23.6231971518"
"24","2017-05-28","0.0","0.0","0.0","0.0","-46.726178949","-23.6231971518"
"24","2017-05-29","0.0","0.0","0.0","0.0","-46.726178949","-23.6231971518"
"24","2017-05-30","0.0","0.0","0.0","0.0","-46.726178949","-23.6231971518"
"24","2017-05-31","0.0","0.0","0.0","0.0","-46.726178949","-23.6231971518"
"24","2017-06-01","0.0","0.0","0.0","0.0","-46.726178949","-23.6231971518"
"24","2017-06-02","0.0","0.0","0.0","0.0","-46.726178949","-23.6231971518"
"24","2017-06-03","0.0","0.0","0.0","0.0","-46.726178949","-23.6231971518"
"24","2017-06-04","","","","-1.0","-46.726178949","-23.6231971518"
"24","2017-06-05","10.78","128.33","42.06","-288.0","-46.726178949","-23.6231971518"
"24","2017-06-06","11.2","172.84","50.73","-288.0","-46.726178949","-23.6231971518"
"24","2017-06-07","5.17","81.95","27.2","-287.0","-46.726178949","-23.6231971518"
"24","2017-06-08","","","","-1.0","-46.726178949","-23.6231971518"
"24","2017-06-09","0.04","8.53","1.1","-288.0","-46.726178949","-23.6231971518"
"24","2017-06-10","0.0","0.0","0.0","-287.0","-46.726178949","-23.6231971518"
"24","2017-06-11","","","","-1.0","-46.726178949","-23.6231971518"
"24","2017-06-12","0.0","0.28","0.0","-288.0","-46.726178949","-23.6231971518"
"24","2017-06-13","6.19","110.05","31.36","-288.0","-46.726178949","-23.6231971518"
"24","2017-06-14","0.2","5.18","1.36","-287.0","-46.726178949","-23.6231971518"
"25","2016-10-31","","","","-1.0","-46.6532233247","-23.6232443188"
"25","2016-11-01","0.0","1.61","0.02","-288.0","-46.6532233247","-23.6232443188"
"25","2016-11-02","0.1","22.53","2.43","-288.0","-46.6532233247","-23.6232443188"
"25","2016-11-03","1.1","122.26","23.07","-288.0","-46.6532233247","-23.6232443188"
"25","2016-11-04","0.03","3.85","0.78","-288.0","-46.6532233247","-23.6232443188"
"25","2016-11-05","0.0","0.0","0.0","-288.0","-46.6532233247","-23.6232443188"
"25","2016-11-06","0.0","30.21","3.52","-288.0","-46.6532233247","-23.6232443188"
"25","2016-11-07","0.0","3.58","0.03","-288.0","-46.6532233247","-23.6232443188"
"25","2016-11-08","0.0","0.59","0.0","-288.0","-46.6532233247","-23.6232443188"
"25","2016-11-09","3.2","73.38","16.57","-288.0","-46.6532233247","-23.6232443188"
"25","2016-11-10","1.97","51.16","12.35","-288.0","-46.6532233247","-23.6232443188"
"25","2016-11-11","0.01","34.73","3.68","-288.0","-46.6532233247","-23.6232443188"
"25","2016-11-12","0.0","5.45","0.15","-288.0","-46.6532233247","-23.6232443188"
"25","2016-11-13","8.74","76.44","32.09","-288.0","-46.6532233247","-23.6232443188"
"25","2016-11-14","5.34","43.38","16.23","-287.0","-46.6532233247","-23.6232443188"
"25","2016-11-15","","","","-1.0","-46.6532233247","-23.6232443188"
"25","2016-11-16","0.28","20.68","4.14","-288.0","-46.6532233247","-23.6232443188"
"25","2016-11-17","0.4","45.3","9.55","-288.0","-46.6532233247","-23.6232443188"
"25","2016-11-18","0.0","2.69","0.2","-287.0","-46.6532233247","-23.6232443188"
"25","2016-11-19","0.0","0.0","0.0","0.0","-46.6532233247","-23.6232443188"
"25","2016-11-20","0.0","0.0","0.0","0.0","-46.6532233247","-23.6232443188"
"25","2016-11-21","0.0","0.0","0.0","0.0","-46.6532233247","-23.6232443188"
"25","2016-11-22","","","","-1.0","-46.6532233247","-23.6232443188"
"25","2016-11-23","0.0","18.71","1.58","-288.0","-46.6532233247","-23.6232443188"
"25","2016-11-24","0.0","0.01","0.0","-287.0","-46.6532233247","-23.6232443188"
"25","2016-11-25","0.0","0.0","0.0","0.0","-46.6532233247","-23.6232443188"
"25","2016-11-26","","","","-1.0","-46.6532233247","-23.6232443188"
"25","2016-11-27","0.08","15.44","1.45","-288.0","-46.6532233247","-23.6232443188"
"25","2016-11-28","0.09","61.52","11.37","-288.0","-46.6532233247","-23.6232443188"
"25","2016-11-29","1.53","87.29","13.82","-288.0","-46.6532233247","-23.6232443188"
"25","2016-11-30","0.0","0.0","0.0","-287.0","-46.6532233247","-23.6232443188"
"25","2016-12-01","0.0","0.0","0.0","0.0","-46.6532233247","-23.6232443188"
"25","2016-12-02","","","","-1.0","-46.6532233247","-23.6232443188"
"25","2016-12-03","2.11","43.38","13.51","-288.0","-46.6532233247","-23.6232443188"
"25","2016-12-04","0.6","21.85","5.0","-288.0","-46.6532233247","-23.6232443188"
"25","2016-12-05","0.06","2.33","0.55","-287.0","-46.6532233247","-23.6232443188"
"25","2016-12-06","","","","-1.0","-46.6532233247","-23.6232443188"
"25","2016-12-07","0.53","44.37","6.25","-288.0","-46.6532233247","-23.6232443188"
"25","2016-12-08","0.0","8.03","0.65","-288.0","-46.6532233247","-23.6232443188"
"25","2016-12-09","0.17","5.01","0.75","-288.0","-46.6532233247","-23.6232443188"
"25","2016-12-10","1.47","82.44","17.78","-288.0","-46.6532233247","-23.6232443188"
"25","2016-12-11","1.51","50.59","12.41","-288.0","-46.6532233247","-23.6232443188"
"25","2016-12-12","2.15","40.81","11.28","-288.0","-46.6532233247","-23.6232443188"
"25","2016-12-13","0.0","16.73","1.63","-288.0","-46.6532233247","-23.6232443188"
"25","2016-12-14","0.0","0.35","0.0","-288.0","-46.6532233247","-23.6232443188"
"25","2016-12-15","0.0","0.0","0.0","-287.0","-46.6532233247","-23.6232443188"
"25","2016-12-16","0.0","0.0","0.0","0.0","-46.6532233247","-23.6232443188"
"25","2016-12-17","","","","-1.0","-46.6532233247","-23.6232443188"
"25","2016-12-18","0.0","0.67","0.0","-288.0","-46.6532233247","-23.6232443188"
"25","2016-12-19","0.08","38.12","4.81","-288.0","-46.6532233247","-23.6232443188"
"25","2016-12-20","0.22","57.21","6.61","-288.0","-46.6532233247","-23.6232443188"
"25","2016-12-21","3.22","122.8","36.98","-288.0","-46.6532233247","-23.6232443188"
"25","2016-12-22","0.0","0.16","0.0","-288.0","-46.6532233247","-23.6232443188"
"25","2016-12-23","0.48","22.39","3.73","-288.0","-46.6532233247","-23.6232443188"
"25","2016-12-24","0.21","15.24","2.77","-288.0","-46.6532233247","-23.6232443188"
"25","2016-12-25","0.0","0.22","0.0","-288.0","-46.6532233247","-23.6232443188"
"25","2016-12-26","0.0","11.63","0.63","-288.0","-46.6532233247","-23.6232443188"
"25","2016-12-27","0.0","1.12","0.04","-288.0","-46.6532233247","-23.6232443188"
"25","2016-12-28","0.0","4.47","0.44","-288.0","-46.6532233247","-23.6232443188"
"25","2016-12-29","0.86","68.08","14.95","-288.0","-46.6532233247","-23.6232443188"
"25","2016-12-30","0.0","0.4","0.0","-288.0","-46.6532233247","-23.6232443188"
"25","2016-12-31","0.01","20.83","2.46","-287.0","-46.6532233247","-23.6232443188"
"25","2017-01-01","","","","-1.0","-46.6532233247","-23.6232443188"
"25","2017-01-02","1.21","108.52","21.11","-288.0","-46.6532233247","-23.6232443188"
"25","2017-01-03","0.2","31.95","5.37","-288.0","-46.6532233247","-23.6232443188"
"25","2017-01-04","0.0","3.41","0.13","-288.0","-46.6532233247","-23.6232443188"
"25","2017-01-05","0.0","0.84","0.01","-288.0","-46.6532233247","-23.6232443188"
"25","2017-01-06","0.2","10.68","2.48","-288.0","-46.6532233247","-23.6232443188"
"25","2017-01-07","0.58","49.56","7.79","-288.0","-46.6532233247","-23.6232443188"
"25","2017-01-08","0.0","6.63","0.42","-288.0","-46.6532233247","-23.6232443188"
"25","2017-01-09","0.21","57.08","9.32","-288.0","-46.6532233247","-23.6232443188"
"25","2017-01-10","1.35","28.4","7.47","-288.0","-46.6532233247","-23.6232443188"
"25","2017-01-11","0.58","65.07","7.4","-288.0","-46.6532233247","-23.6232443188"
"25","2017-01-12","0.01","7.66","0.81","-288.0","-46.6532233247","-23.6232443188"
"25","2017-01-13","0.0","1.3","0.03","-288.0","-46.6532233247","-23.6232443188"
"25","2017-01-14","0.0","0.14","0.0","-288.0","-46.6532233247","-23.6232443188"
"25","2017-01-15","0.17","39.16","6.56","-288.0","-46.6532233247","-23.6232443188"
"25","2017-01-16","2.3","151.14","31.17","-288.0","-46.6532233247","-23.6232443188"
"25","2017-01-17","7.11","125.21","41.49","-288.0","-46.6532233247","-23.6232443188"
"25","2017-01-18","5.39","156.01","38.77","-288.0","-46.6532233247","-23.6232443188"
"25","2017-01-19","3.2","79.38","20.12","-288.0","-46.6532233247","-23.6232443188"
"25","2017-01-20","6.18","123.8","28.91","-288.0","-46.6532233247","-23.6232443188"
"25","2017-01-21","4.79","159.85","36.45","-288.0","-46.6532233247","-23.6232443188"
"25","2017-01-22","3.15","51.85","16.09","-288.0","-46.6532233247","-23.6232443188"
"25","2017-01-23","0.05","40.6","2.93","-288.0","-46.6532233247","-23.6232443188"
"25","2017-01-24","0.0","27.38","1.57","-288.0","-46.6532233247","-23.6232443188"
"25","2017-01-25","0.08","5.17","0.97","-288.0","-46.6532233247","-23.6232443188"
"25","2017-01-26","4.55","54.37","18.76","-288.0","-46.6532233247","-23.6232443188"
"25","2017-01-27","1.31","68.09","15.03","-288.0","-46.6532233247","-23.6232443188"
"25","2017-01-28","0.0","3.11","0.22","-288.0","-46.6532233247","-23.6232443188"
"25","2017-01-29","0.0","5.29","0.29","-288.0","-46.6532233247","-23.6232443188"
"25","2017-01-30","0.06","5.16","1.02","-288.0","-46.6532233247","-23.6232443188"
"25","2017-01-31","0.48","17.32","3.21","-288.0","-46.6532233247","-23.6232443188"
"25","2017-02-01","3.05","162.98","34.55","-288.0","-46.6532233247","-23.6232443188"
"25","2017-02-02","2.14","38.59","9.72","-288.0","-46.6532233247","-23.6232443188"
"25","2017-02-03","0.82","41.05","7.48","-288.0","-46.6532233247","-23.6232443188"
"25","2017-02-04","0.28","62.44","11.57","-288.0","-46.6532233247","-23.6232443188"
"25","2017-02-05","0.0","0.1","0.0","-288.0","-46.6532233247","-23.6232443188"
"25","2017-02-06","3.43","76.8","22.31","-288.0","-46.6532233247","-23.6232443188"
"25","2017-02-07","0.0","3.07","0.17","-288.0","-46.6532233247","-23.6232443188"
"25","2017-02-08","0.0","0.0","0.0","-287.0","-46.6532233247","-23.6232443188"
"25","2017-02-09","0.0","0.0","0.0","0.0","-46.6532233247","-23.6232443188"
"25","2017-02-10","0.0","0.0","0.0","0.0","-46.6532233247","-23.6232443188"
"25","2017-02-11","0.0","0.0","0.0","0.0","-46.6532233247","-23.6232443188"
"25","2017-02-12","0.0","0.0","0.0","0.0","-46.6532233247","-23.6232443188"
"25","2017-02-13","0.0","0.0","0.0","0.0","-46.6532233247","-23.6232443188"
"25","2017-02-14","0.0","0.0","0.0","0.0","-46.6532233247","-23.6232443188"
"25","2017-02-15","0.0","0.0","0.0","0.0","-46.6532233247","-23.6232443188"
"25","2017-02-16","","","","-1.0","-46.6532233247","-23.6232443188"
"25","2017-02-17","0.0","0.2","0.0","-288.0","-46.6532233247","-23.6232443188"
"25","2017-02-18","0.0","0.0","0.0","-287.0","-46.6532233247","-23.6232443188"
"25","2017-02-19","0.0","0.0","0.0","0.0","-46.6532233247","-23.6232443188"
"25","2017-02-20","0.0","0.0","0.0","0.0","-46.6532233247","-23.6232443188"
"25","2017-02-21","","","","-1.0","-46.6532233247","-23.6232443188"
"25","2017-02-22","0.84","87.22","18.48","-288.0","-46.6532233247","-23.6232443188"
"25","2017-02-23","0.0","9.93","0.71","-288.0","-46.6532233247","-23.6232443188"
"25","2017-02-24","12.82","147.26","47.54","-288.0","-46.6532233247","-23.6232443188"
"25","2017-02-25","0.0","15.06","2.38","-288.0","-46.6532233247","-23.6232443188"
"25","2017-02-26","0.0","2.48","0.05","-288.0","-46.6532233247","-23.6232443188"
"25","2017-02-27","0.02","24.78","3.84","-288.0","-46.6532233247","-23.6232443188"
"25","2017-02-28","0.0","0.55","0.0","-288.0","-46.6532233247","-23.6232443188"
"25","2017-03-01","0.0","5.28","0.05","-288.0","-46.6532233247","-23.6232443188"
"25","2017-03-02","0.0","80.86","6.76","-288.0","-46.6532233247","-23.6232443188"
"25","2017-03-03","0.77","50.22","9.77","-288.0","-46.6532233247","-23.6232443188"
"25","2017-03-04","0.02","30.24","2.85","-288.0","-46.6532233247","-23.6232443188"
"25","2017-03-05","1.38","83.8","17.38","-288.0","-46.6532233247","-23.6232443188"
"25","2017-03-06","1.35","119.45","18.72","-288.0","-46.6532233247","-23.6232443188"
"25","2017-03-07","1.0","79.91","14.41","-288.0","-46.6532233247","-23.6232443188"
"25","2017-03-08","1.98","24.9","7.56","-288.0","-46.6532233247","-23.6232443188"
"25","2017-03-09","0.0","0.0","0.0","-288.0","-46.6532233247","-23.6232443188"
"25","2017-03-10","0.0","19.12","1.9","-288.0","-46.6532233247","-23.6232443188"
"25","2017-03-11","0.0","5.21","0.1","-288.0","-46.6532233247","-23.6232443188"
"25","2017-03-12","0.0","0.29","0.0","-288.0","-46.6532233247","-23.6232443188"
"25","2017-03-13","0.0","1.14","0.07","-288.0","-46.6532233247","-23.6232443188"
"25","2017-03-14","0.02","23.46","2.2","-288.0","-46.6532233247","-23.6232443188"
"25","2017-03-15","0.02","12.03","1.5","-288.0","-46.6532233247","-23.6232443188"
"25","2017-03-16","0.0","0.17","0.0","-288.0","-46.6532233247","-23.6232443188"
"25","2017-03-17","0.58","95.83","15.96","-288.0","-46.6532233247","-23.6232443188"
"25","2017-03-18","0.07","4.2","0.95","-288.0","-46.6532233247","-23.6232443188"
"25","2017-03-19","0.43","5.12","1.68","-288.0","-46.6532233247","-23.6232443188"
"25","2017-03-20","0.0","0.0","0.0","-287.0","-46.6532233247","-23.6232443188"
"25","2017-03-21","0.0","0.0","0.0","0.0","-46.6532233247","-23.6232443188"
"25","2017-03-22","0.0","0.0","0.0","0.0","-46.6532233247","-23.6232443188"
"25","2017-03-23","","","","-1.0","-46.6532233247","-23.6232443188"
"25","2017-03-24","0.0","0.01","0.0","-288.0","-46.6532233247","-23.6232443188"
"25","2017-03-25","0.03","3.99","0.74","-287.0","-46.6532233247","-23.6232443188"
"25","2017-03-26","","","","-1.0","-46.6532233247","-23.6232443188"
"25","2017-03-27","0.0","9.0","1.45","-288.0","-46.6532233247","-23.6232443188"
"25","2017-03-28","0.04","5.03","0.98","-288.0","-46.6532233247","-23.6232443188"
"25","2017-03-29","0.0","0.61","0.12","-287.0","-46.6532233247","-23.6232443188"
"25","2017-03-30","0.0","0.0","0.0","0.0","-46.6532233247","-23.6232443188"
"25","2017-03-31","0.0","0.0","0.0","0.0","-46.6532233247","-23.6232443188"
"25","2017-04-01","0.0","0.0","0.0","0.0","-46.6532233247","-23.6232443188"
"25","2017-04-02","0.0","0.0","0.0","0.0","-46.6532233247","-23.6232443188"
"25","2017-04-03","0.0","0.0","0.0","0.0","-46.6532233247","-23.6232443188"
"25","2017-04-04","","","","-1.0","-46.6532233247","-23.6232443188"
"25","2017-04-05","0.0","0.0","0.0","-288.0","-46.6532233247","-23.6232443188"
"25","2017-04-06","3.0","123.13","29.6","-288.0","-46.6532233247","-23.6232443188"
"25","2017-04-07","5.35","158.55","42.64","-288.0","-46.6532233247","-23.6232443188"
"25","2017-04-08","0.0","0.0","0.0","-287.0","-46.6532233247","-23.6232443188"
"25","2017-04-09","","","","-1.0","-46.6532233247","-23.6232443188"
"25","2017-04-10","0.0","5.47","0.28","-288.0","-46.6532233247","-23.6232443188"
"25","2017-04-11","0.0","1.8","0.06","-288.0","-46.6532233247","-23.6232443188"
"25","2017-04-12","0.0","6.18","0.65","-287.0","-46.6532233247","-23.6232443188"
"25","2017-04-13","0.0","0.0","0.0","0.0","-46.6532233247","-23.6232443188"
"25","2017-04-14","0.0","0.0","0.0","0.0","-46.6532233247","-23.6232443188"
"25","2017-04-15","0.0","0.0","0.0","0.0","-46.6532233247","-23.6232443188"
"25","2017-04-16","","","","-1.0","-46.6532233247","-23.6232443188"
"25","2017-04-17","0.03","1.52","0.35","-287.0","-46.6532233247","-23.6232443188"
"25","2017-04-18","0.0","0.0","0.0","0.0","-46.6532233247","-23.6232443188"
"25","2017-04-19","0.0","0.0","0.0","0.0","-46.6532233247","-23.6232443188"
"25","2017-04-20","","","","-1.0","-46.6532233247","-23.6232443188"
"25","2017-04-21","3.44","92.54","29.67","-288.0","-46.6532233247","-23.6232443188"
"25","2017-04-22","0.76","10.16","3.16","-287.0","-46.6532233247","-23.6232443188"
"25","2017-04-23","0.0","0.0","0.0","0.0","-46.6532233247","-23.6232443188"
"25","2017-04-24","0.0","0.0","0.0","0.0","-46.6532233247","-23.6232443188"
"25","2017-04-25","","","","-1.0","-46.6532233247","-23.6232443188"
"25","2017-04-26","4.37","59.54","18.63","-288.0","-46.6532233247","-23.6232443188"
"25","2017-04-27","0.82","8.25","2.81","-287.0","-46.6532233247","-23.6232443188"
"25","2017-04-28","0.0","0.0","0.0","0.0","-46.6532233247","-23.6232443188"
"25","2017-04-29","0.0","0.0","0.0","0.0","-46.6532233247","-23.6232443188"
"25","2017-04-30","0.0","0.0","0.0","0.0","-46.6532233247","-23.6232443188"
"25","2017-05-01","","","","-1.0","-46.6532233247","-23.6232443188"
"25","2017-05-02","0.0","0.2","0.0","-287.0","-46.6532233247","-23.6232443188"
"25","2017-05-03","0.0","0.0","0.0","0.0","-46.6532233247","-23.6232443188"
"25","2017-05-04","","","","-1.0","-46.6532233247","-23.6232443188"
"25","2017-05-05","2.72","69.82","21.48","-288.0","-46.6532233247","-23.6232443188"
"25","2017-05-06","0.48","16.96","2.73","-288.0","-46.6532233247","-23.6232443188"
"25","2017-05-07","0.0","0.58","0.0","-287.0","-46.6532233247","-23.6232443188"
"25","2017-05-08","0.0","0.0","0.0","0.0","-46.6532233247","-23.6232443188"
"25","2017-05-09","0.0","0.0","0.0","0.0","-46.6532233247","-23.6232443188"
"25","2017-05-10","0.0","0.0","0.0","0.0","-46.6532233247","-23.6232443188"
"25","2017-05-11","0.0","0.0","0.0","0.0","-46.6532233247","-23.6232443188"
"25","2017-05-12","0.0","0.0","0.0","0.0","-46.6532233247","-23.6232443188"
"25","2017-05-13","","","","-1.0","-46.6532233247","-23.6232443188"
"25","2017-05-14","0.01","1.47","0.11","-287.0","-46.6532233247","-23.6232443188"
"25","2017-05-15","0.0","0.0","0.0","0.0","-46.6532233247","-23.6232443188"
"25","2017-05-16","0.0","0.0","0.0","0.0","-46.6532233247","-23.6232443188"
"25","2017-05-17","","","","-1.0","-46.6532233247","-23.6232443188"
"25","2017-05-18","0.88","14.33","4.62","-288.0","-46.6532233247","-23.6232443188"
"25","2017-05-19","8.54","118.05","36.31","-288.0","-46.6532233247","-23.6232443188"
"25","2017-05-20","0.09","2.62","0.71","-288.0","-46.6532233247","-23.6232443188"
"25","2017-05-21","8.87","81.04","27.73","-288.0","-46.6532233247","-23.6232443188"
"25","2017-05-22","1.78","60.26","13.67","-287.0","-46.6532233247","-23.6232443188"
"25","2017-05-23","0.0","0.0","0.0","0.0","-46.6532233247","-23.6232443188"
"25","2017-05-24","0.0","0.0","0.0","0.0","-46.6532233247","-23.6232443188"
"25","2017-05-25","0.0","0.0","0.0","0.0","-46.6532233247","-23.6232443188"
"25","2017-05-26","0.0","0.0","0.0","0.0","-46.6532233247","-23.6232443188"
"25","2017-05-27","0.0","0.0","0.0","0.0","-46.6532233247","-23.6232443188"
"25","2017-05-28","0.0","0.0","0.0","0.0","-46.6532233247","-23.6232443188"
"25","2017-05-29","0.0","0.0","0.0","0.0","-46.6532233247","-23.6232443188"
"25","2017-05-30","0.0","0.0","0.0","0.0","-46.6532233247","-23.6232443188"
"25","2017-05-31","0.0","0.0","0.0","0.0","-46.6532233247","-23.6232443188"
"25","2017-06-01","0.0","0.0","0.0","0.0","-46.6532233247","-23.6232443188"
"25","2017-06-02","0.0","0.0","0.0","0.0","-46.6532233247","-23.6232443188"
"25","2017-06-03","0.0","0.0","0.0","0.0","-46.6532233247","-23.6232443188"
"25","2017-06-04","","","","-1.0","-46.6532233247","-23.6232443188"
"25","2017-06-05","9.17","123.06","37.43","-288.0","-46.6532233247","-23.6232443188"
"25","2017-06-06","8.92","148.26","42.55","-288.0","-46.6532233247","-23.6232443188"
"25","2017-06-07","3.78","76.97","22.71","-287.0","-46.6532233247","-23.6232443188"
"25","2017-06-08","","","","-1.0","-46.6532233247","-23.6232443188"
"25","2017-06-09","0.05","14.42","1.68","-288.0","-46.6532233247","-23.6232443188"
"25","2017-06-10","0.0","0.0","0.0","-287.0","-46.6532233247","-23.6232443188"
"25","2017-06-11","","","","-1.0","-46.6532233247","-23.6232443188"
"25","2017-06-12","0.0","0.19","0.0","-288.0","-46.6532233247","-23.6232443188"
"25","2017-06-13","4.49","154.45","33.32","-288.0","-46.6532233247","-23.6232443188"
"25","2017-06-14","0.19","12.35","2.08","-287.0","-46.6532233247","-23.6232443188"
"26","2016-10-31","","","","-1.0","-46.590851184","-23.6162548517"
"26","2016-11-01","0.0","0.05","0.0","-288.0","-46.590851184","-23.6162548517"
"26","2016-11-02","0.09","8.99","1.17","-288.0","-46.590851184","-23.6162548517"
"26","2016-11-03","2.68","107.78","28.45","-288.0","-46.590851184","-23.6162548517"
"26","2016-11-04","0.03","2.93","0.72","-288.0","-46.590851184","-23.6162548517"
"26","2016-11-05","0.0","0.02","0.0","-288.0","-46.590851184","-23.6162548517"
"26","2016-11-06","0.01","28.8","4.7","-288.0","-46.590851184","-23.6162548517"
"26","2016-11-07","0.0","0.29","0.0","-288.0","-46.590851184","-23.6162548517"
"26","2016-11-08","0.0","0.67","0.04","-288.0","-46.590851184","-23.6162548517"
"26","2016-11-09","3.31","44.42","11.89","-288.0","-46.590851184","-23.6162548517"
"26","2016-11-10","1.98","45.68","12.17","-288.0","-46.590851184","-23.6162548517"
"26","2016-11-11","0.08","24.24","3.98","-288.0","-46.590851184","-23.6162548517"
"26","2016-11-12","0.01","20.44","3.18","-288.0","-46.590851184","-23.6162548517"
"26","2016-11-13","11.9","71.29","34.33","-288.0","-46.590851184","-23.6162548517"
"26","2016-11-14","5.99","36.03","15.98","-287.0","-46.590851184","-23.6162548517"
"26","2016-11-15","","","","-1.0","-46.590851184","-23.6162548517"
"26","2016-11-16","0.32","19.1","4.46","-288.0","-46.590851184","-23.6162548517"
"26","2016-11-17","0.39","37.81","8.67","-288.0","-46.590851184","-23.6162548517"
"26","2016-11-18","0.0","2.65","0.12","-287.0","-46.590851184","-23.6162548517"
"26","2016-11-19","0.0","0.0","0.0","0.0","-46.590851184","-23.6162548517"
"26","2016-11-20","0.0","0.0","0.0","0.0","-46.590851184","-23.6162548517"
"26","2016-11-21","0.0","0.0","0.0","0.0","-46.590851184","-23.6162548517"
"26","2016-11-22","","","","-1.0","-46.590851184","-23.6162548517"
"26","2016-11-23","0.01","21.65","2.41","-288.0","-46.590851184","-23.6162548517"
"26","2016-11-24","0.0","0.24","0.0","-287.0","-46.590851184","-23.6162548517"
"26","2016-11-25","0.0","0.0","0.0","0.0","-46.590851184","-23.6162548517"
"26","2016-11-26","","","","-1.0","-46.590851184","-23.6162548517"
"26","2016-11-27","0.07","31.99","3.52","-288.0","-46.590851184","-23.6162548517"
"26","2016-11-28","0.02","53.04","12.61","-288.0","-46.590851184","-23.6162548517"
"26","2016-11-29","2.06","81.37","18.34","-288.0","-46.590851184","-23.6162548517"
"26","2016-11-30","0.0","0.01","0.0","-287.0","-46.590851184","-23.6162548517"
"26","2016-12-01","0.0","0.0","0.0","0.0","-46.590851184","-23.6162548517"
"26","2016-12-02","","","","-1.0","-46.590851184","-23.6162548517"
"26","2016-12-03","2.82","35.73","12.04","-288.0","-46.590851184","-23.6162548517"
"26","2016-12-04","0.82","22.39","6.16","-288.0","-46.590851184","-23.6162548517"
"26","2016-12-05","0.06","3.71","0.68","-287.0","-46.590851184","-23.6162548517"
"26","2016-12-06","","","","-1.0","-46.590851184","-23.6162548517"
"26","2016-12-07","0.87","29.78","6.48","-288.0","-46.590851184","-23.6162548517"
"26","2016-12-08","0.0","3.04","0.22","-288.0","-46.590851184","-23.6162548517"
"26","2016-12-09","0.15","6.73","0.91","-288.0","-46.590851184","-23.6162548517"
"26","2016-12-10","2.42","81.26","24.45","-288.0","-46.590851184","-23.6162548517"
"26","2016-12-11","1.66","44.21","13.42","-288.0","-46.590851184","-23.6162548517"
"26","2016-12-12","2.08","43.84","11.86","-288.0","-46.590851184","-23.6162548517"
"26","2016-12-13","0.0","10.36","1.38","-288.0","-46.590851184","-23.6162548517"
"26","2016-12-14","0.0","0.49","0.0","-288.0","-46.590851184","-23.6162548517"
"26","2016-12-15","0.0","0.0","0.0","-287.0","-46.590851184","-23.6162548517"
"26","2016-12-16","0.0","0.0","0.0","0.0","-46.590851184","-23.6162548517"
"26","2016-12-17","","","","-1.0","-46.590851184","-23.6162548517"
"26","2016-12-18","0.0","0.36","0.0","-288.0","-46.590851184","-23.6162548517"
"26","2016-12-19","0.01","64.94","6.0","-288.0","-46.590851184","-23.6162548517"
"26","2016-12-20","1.32","86.17","20.85","-288.0","-46.590851184","-23.6162548517"
"26","2016-12-21","3.71","85.3","26.45","-288.0","-46.590851184","-23.6162548517"
"26","2016-12-22","0.0","0.23","0.0","-288.0","-46.590851184","-23.6162548517"
"26","2016-12-23","0.9","57.17","9.06","-288.0","-46.590851184","-23.6162548517"
"26","2016-12-24","0.13","8.91","1.69","-288.0","-46.590851184","-23.6162548517"
"26","2016-12-25","0.0","0.01","0.0","-288.0","-46.590851184","-23.6162548517"
"26","2016-12-26","0.0","11.89","0.52","-288.0","-46.590851184","-23.6162548517"
"26","2016-12-27","0.0","3.76","0.18","-288.0","-46.590851184","-23.6162548517"
"26","2016-12-28","0.0","0.52","0.0","-288.0","-46.590851184","-23.6162548517"
"26","2016-12-29","2.94","52.94","21.48","-288.0","-46.590851184","-23.6162548517"
"26","2016-12-30","0.0","0.44","0.0","-288.0","-46.590851184","-23.6162548517"
"26","2016-12-31","0.0","14.41","0.53","-287.0","-46.590851184","-23.6162548517"
"26","2017-01-01","","","","-1.0","-46.590851184","-23.6162548517"
"26","2017-01-02","2.42","78.68","16.61","-288.0","-46.590851184","-23.6162548517"
"26","2017-01-03","0.83","35.15","8.26","-288.0","-46.590851184","-23.6162548517"
"26","2017-01-04","0.03","3.1","0.37","-288.0","-46.590851184","-23.6162548517"
"26","2017-01-05","0.0","0.4","0.0","-288.0","-46.590851184","-23.6162548517"
"26","2017-01-06","1.69","20.33","6.01","-288.0","-46.590851184","-23.6162548517"
"26","2017-01-07","0.45","33.43","5.83","-288.0","-46.590851184","-23.6162548517"
"26","2017-01-08","0.02","53.09","9.94","-288.0","-46.590851184","-23.6162548517"
"26","2017-01-09","0.05","10.15","1.47","-288.0","-46.590851184","-23.6162548517"
"26","2017-01-10","0.88","19.44","5.19","-288.0","-46.590851184","-23.6162548517"
"26","2017-01-11","1.6","83.94","24.08","-288.0","-46.590851184","-23.6162548517"
"26","2017-01-12","0.0","4.62","0.29","-288.0","-46.590851184","-23.6162548517"
"26","2017-01-13","0.0","0.11","0.0","-288.0","-46.590851184","-23.6162548517"
"26","2017-01-14","0.0","0.11","0.0","-288.0","-46.590851184","-23.6162548517"
"26","2017-01-15","0.51","44.43","9.81","-288.0","-46.590851184","-23.6162548517"
"26","2017-01-16","1.87","87.53","21.79","-288.0","-46.590851184","-23.6162548517"
"26","2017-01-17","10.82","125.39","45.89","-288.0","-46.590851184","-23.6162548517"
"26","2017-01-18","7.99","146.24","44.16","-288.0","-46.590851184","-23.6162548517"
"26","2017-01-19","3.75","70.01","17.58","-288.0","-46.590851184","-23.6162548517"
"26","2017-01-20","8.02","144.72","44.74","-288.0","-46.590851184","-23.6162548517"
"26","2017-01-21","7.73","136.94","43.79","-288.0","-46.590851184","-23.6162548517"
"26","2017-01-22","3.47","46.43","15.58","-288.0","-46.590851184","-23.6162548517"
"26","2017-01-23","0.14","56.01","9.64","-288.0","-46.590851184","-23.6162548517"
"26","2017-01-24","0.01","37.36","9.98","-288.0","-46.590851184","-23.6162548517"
"26","2017-01-25","0.06","6.42","1.31","-288.0","-46.590851184","-23.6162548517"
"26","2017-01-26","6.07","56.97","20.42","-288.0","-46.590851184","-23.6162548517"
"26","2017-01-27","0.92","56.53","12.26","-288.0","-46.590851184","-23.6162548517"
"26","2017-01-28","0.0","0.13","0.0","-288.0","-46.590851184","-23.6162548517"
"26","2017-01-29","0.0","1.15","0.11","-288.0","-46.590851184","-23.6162548517"
"26","2017-01-30","0.16","7.04","1.61","-288.0","-46.590851184","-23.6162548517"
"26","2017-01-31","0.35","5.21","1.7","-288.0","-46.590851184","-23.6162548517"
"26","2017-02-01","4.36","141.35","36.06","-288.0","-46.590851184","-23.6162548517"
"26","2017-02-02","1.61","35.69","9.33","-288.0","-46.590851184","-23.6162548517"
"26","2017-02-03","0.97","22.83","5.74","-288.0","-46.590851184","-23.6162548517"
"26","2017-02-04","0.39","43.31","7.92","-288.0","-46.590851184","-23.6162548517"
"26","2017-02-05","0.0","0.16","0.0","-288.0","-46.590851184","-23.6162548517"
"26","2017-02-06","4.24","78.82","25.56","-288.0","-46.590851184","-23.6162548517"
"26","2017-02-07","0.0","5.32","0.65","-288.0","-46.590851184","-23.6162548517"
"26","2017-02-08","0.0","0.0","0.0","-287.0","-46.590851184","-23.6162548517"
"26","2017-02-09","0.0","0.0","0.0","0.0","-46.590851184","-23.6162548517"
"26","2017-02-10","0.0","0.0","0.0","0.0","-46.590851184","-23.6162548517"
"26","2017-02-11","0.0","0.0","0.0","0.0","-46.590851184","-23.6162548517"
"26","2017-02-12","0.0","0.0","0.0","0.0","-46.590851184","-23.6162548517"
"26","2017-02-13","0.0","0.0","0.0","0.0","-46.590851184","-23.6162548517"
"26","2017-02-14","0.0","0.0","0.0","0.0","-46.590851184","-23.6162548517"
"26","2017-02-15","0.0","0.0","0.0","0.0","-46.590851184","-23.6162548517"
"26","2017-02-16","","","","-1.0","-46.590851184","-23.6162548517"
"26","2017-02-17","0.0","0.18","0.0","-288.0","-46.590851184","-23.6162548517"
"26","2017-02-18","0.0","0.0","0.0","-287.0","-46.590851184","-23.6162548517"
"26","2017-02-19","0.0","0.0","0.0","0.0","-46.590851184","-23.6162548517"
"26","2017-02-20","0.0","0.0","0.0","0.0","-46.590851184","-23.6162548517"
"26","2017-02-21","","","","-1.0","-46.590851184","-23.6162548517"
"26","2017-02-22","0.47","64.14","12.51","-288.0","-46.590851184","-23.6162548517"
"26","2017-02-23","0.07","4.78","0.76","-288.0","-46.590851184","-23.6162548517"
"26","2017-02-24","11.61","155.82","53.29","-288.0","-46.590851184","-23.6162548517"
"26","2017-02-25","0.29","34.48","6.58","-288.0","-46.590851184","-23.6162548517"
"26","2017-02-26","0.0","9.38","0.43","-288.0","-46.590851184","-23.6162548517"
"26","2017-02-27","0.03","14.81","2.36","-288.0","-46.590851184","-23.6162548517"
"26","2017-02-28","0.0","0.56","0.0","-288.0","-46.590851184","-23.6162548517"
"26","2017-03-01","0.0","0.46","0.0","-288.0","-46.590851184","-23.6162548517"
"26","2017-03-02","0.16","72.28","10.27","-288.0","-46.590851184","-23.6162548517"
"26","2017-03-03","0.45","47.15","8.98","-288.0","-46.590851184","-23.6162548517"
"26","2017-03-04","0.0","23.2","2.87","-288.0","-46.590851184","-23.6162548517"
"26","2017-03-05","1.62","72.76","15.27","-288.0","-46.590851184","-23.6162548517"
"26","2017-03-06","2.1","110.14","28.28","-288.0","-46.590851184","-23.6162548517"
"26","2017-03-07","6.71","100.79","39.64","-288.0","-46.590851184","-23.6162548517"
"26","2017-03-08","2.69","26.24","9.34","-288.0","-46.590851184","-23.6162548517"
"26","2017-03-09","0.0","0.0","0.0","-288.0","-46.590851184","-23.6162548517"
"26","2017-03-10","0.0","3.89","0.07","-288.0","-46.590851184","-23.6162548517"
"26","2017-03-11","0.0","0.96","0.05","-288.0","-46.590851184","-23.6162548517"
"26","2017-03-12","0.0","0.58","0.01","-288.0","-46.590851184","-23.6162548517"
"26","2017-03-13","0.0","0.63","0.06","-288.0","-46.590851184","-23.6162548517"
"26","2017-03-14","0.23","55.99","8.29","-288.0","-46.590851184","-23.6162548517"
"26","2017-03-15","0.03","4.09","0.65","-288.0","-46.590851184","-23.6162548517"
"26","2017-03-16","0.0","0.18","0.0","-288.0","-46.590851184","-23.6162548517"
"26","2017-03-17","0.44","83.23","12.5","-288.0","-46.590851184","-23.6162548517"
"26","2017-03-18","0.08","3.17","0.81","-288.0","-46.590851184","-23.6162548517"
"26","2017-03-19","0.42","4.06","1.56","-288.0","-46.590851184","-23.6162548517"
"26","2017-03-20","0.0","0.0","0.0","-287.0","-46.590851184","-23.6162548517"
"26","2017-03-21","0.0","0.0","0.0","0.0","-46.590851184","-23.6162548517"
"26","2017-03-22","0.0","0.0","0.0","0.0","-46.590851184","-23.6162548517"
"26","2017-03-23","","","","-1.0","-46.590851184","-23.6162548517"
"26","2017-03-24","0.0","0.0","0.0","-288.0","-46.590851184","-23.6162548517"
"26","2017-03-25","0.01","2.12","0.44","-287.0","-46.590851184","-23.6162548517"
"26","2017-03-26","","","","-1.0","-46.590851184","-23.6162548517"
"26","2017-03-27","0.02","7.53","1.38","-288.0","-46.590851184","-23.6162548517"
"26","2017-03-28","0.06","4.98","1.07","-288.0","-46.590851184","-23.6162548517"
"26","2017-03-29","0.0","0.26","0.02","-287.0","-46.590851184","-23.6162548517"
"26","2017-03-30","0.0","0.0","0.0","0.0","-46.590851184","-23.6162548517"
"26","2017-03-31","0.0","0.0","0.0","0.0","-46.590851184","-23.6162548517"
"26","2017-04-01","0.0","0.0","0.0","0.0","-46.590851184","-23.6162548517"
"26","2017-04-02","0.0","0.0","0.0","0.0","-46.590851184","-23.6162548517"
"26","2017-04-03","0.0","0.0","0.0","0.0","-46.590851184","-23.6162548517"
"26","2017-04-04","","","","-1.0","-46.590851184","-23.6162548517"
"26","2017-04-05","0.0","0.0","0.0","-288.0","-46.590851184","-23.6162548517"
"26","2017-04-06","3.37","108.02","29.69","-288.0","-46.590851184","-23.6162548517"
"26","2017-04-07","9.42","168.72","51.48","-288.0","-46.590851184","-23.6162548517"
"26","2017-04-08","0.0","0.0","0.0","-287.0","-46.590851184","-23.6162548517"
"26","2017-04-09","","","","-1.0","-46.590851184","-23.6162548517"
"26","2017-04-10","0.0","0.31","0.0","-288.0","-46.590851184","-23.6162548517"
"26","2017-04-11","0.0","0.52","0.0","-288.0","-46.590851184","-23.6162548517"
"26","2017-04-12","0.07","5.64","1.03","-287.0","-46.590851184","-23.6162548517"
"26","2017-04-13","0.0","0.0","0.0","0.0","-46.590851184","-23.6162548517"
"26","2017-04-14","0.0","0.0","0.0","0.0","-46.590851184","-23.6162548517"
"26","2017-04-15","0.0","0.0","0.0","0.0","-46.590851184","-23.6162548517"
"26","2017-04-16","","","","-1.0","-46.590851184","-23.6162548517"
"26","2017-04-17","0.03","1.18","0.27","-287.0","-46.590851184","-23.6162548517"
"26","2017-04-18","0.0","0.0","0.0","0.0","-46.590851184","-23.6162548517"
"26","2017-04-19","0.0","0.0","0.0","0.0","-46.590851184","-23.6162548517"
"26","2017-04-20","","","","-1.0","-46.590851184","-23.6162548517"
"26","2017-04-21","1.86","56.35","17.07","-288.0","-46.590851184","-23.6162548517"
"26","2017-04-22","1.03","9.89","3.35","-287.0","-46.590851184","-23.6162548517"
"26","2017-04-23","0.0","0.0","0.0","0.0","-46.590851184","-23.6162548517"
"26","2017-04-24","0.0","0.0","0.0","0.0","-46.590851184","-23.6162548517"
"26","2017-04-25","","","","-1.0","-46.590851184","-23.6162548517"
"26","2017-04-26","4.12","52.22","16.9","-288.0","-46.590851184","-23.6162548517"
"26","2017-04-27","0.91","15.89","3.18","-287.0","-46.590851184","-23.6162548517"
"26","2017-04-28","0.0","0.0","0.0","0.0","-46.590851184","-23.6162548517"
"26","2017-04-29","0.0","0.0","0.0","0.0","-46.590851184","-23.6162548517"
"26","2017-04-30","0.0","0.0","0.0","0.0","-46.590851184","-23.6162548517"
"26","2017-05-01","","","","-1.0","-46.590851184","-23.6162548517"
"26","2017-05-02","0.0","0.07","0.0","-287.0","-46.590851184","-23.6162548517"
"26","2017-05-03","0.0","0.0","0.0","0.0","-46.590851184","-23.6162548517"
"26","2017-05-04","","","","-1.0","-46.590851184","-23.6162548517"
"26","2017-05-05","2.39","35.64","10.11","-288.0","-46.590851184","-23.6162548517"
"26","2017-05-06","1.12","24.22","5.0","-288.0","-46.590851184","-23.6162548517"
"26","2017-05-07","0.0","0.83","0.09","-287.0","-46.590851184","-23.6162548517"
"26","2017-05-08","0.0","0.0","0.0","0.0","-46.590851184","-23.6162548517"
"26","2017-05-09","0.0","0.0","0.0","0.0","-46.590851184","-23.6162548517"
"26","2017-05-10","0.0","0.0","0.0","0.0","-46.590851184","-23.6162548517"
"26","2017-05-11","0.0","0.0","0.0","0.0","-46.590851184","-23.6162548517"
"26","2017-05-12","0.0","0.0","0.0","0.0","-46.590851184","-23.6162548517"
"26","2017-05-13","","","","-1.0","-46.590851184","-23.6162548517"
"26","2017-05-14","0.01","1.53","0.15","-287.0","-46.590851184","-23.6162548517"
"26","2017-05-15","0.0","0.0","0.0","0.0","-46.590851184","-23.6162548517"
"26","2017-05-16","0.0","0.0","0.0","0.0","-46.590851184","-23.6162548517"
"26","2017-05-17","","","","-1.0","-46.590851184","-23.6162548517"
"26","2017-05-18","0.99","11.78","4.37","-288.0","-46.590851184","-23.6162548517"
"26","2017-05-19","10.61","101.72","36.08","-288.0","-46.590851184","-23.6162548517"
"26","2017-05-20","0.05","2.04","0.61","-288.0","-46.590851184","-23.6162548517"
"26","2017-05-21","10.3","77.52","29.76","-288.0","-46.590851184","-23.6162548517"
"26","2017-05-22","2.63","63.66","16.41","-287.0","-46.590851184","-23.6162548517"
"26","2017-05-23","0.0","0.0","0.0","0.0","-46.590851184","-23.6162548517"
"26","2017-05-24","0.0","0.0","0.0","0.0","-46.590851184","-23.6162548517"
"26","2017-05-25","0.0","0.0","0.0","0.0","-46.590851184","-23.6162548517"
"26","2017-05-26","0.0","0.0","0.0","0.0","-46.590851184","-23.6162548517"
"26","2017-05-27","0.0","0.0","0.0","0.0","-46.590851184","-23.6162548517"
"26","2017-05-28","0.0","0.0","0.0","0.0","-46.590851184","-23.6162548517"
"26","2017-05-29","0.0","0.0","0.0","0.0","-46.590851184","-23.6162548517"
"26","2017-05-30","0.0","0.0","0.0","0.0","-46.590851184","-23.6162548517"
"26","2017-05-31","0.0","0.0","0.0","0.0","-46.590851184","-23.6162548517"
"26","2017-06-01","0.0","0.0","0.0","0.0","-46.590851184","-23.6162548517"
"26","2017-06-02","0.0","0.0","0.0","0.0","-46.590851184","-23.6162548517"
"26","2017-06-03","0.0","0.0","0.0","0.0","-46.590851184","-23.6162548517"
"26","2017-06-04","","","","-1.0","-46.590851184","-23.6162548517"
"26","2017-06-05","10.7","91.24","36.36","-288.0","-46.590851184","-23.6162548517"
"26","2017-06-06","11.21","128.23","41.64","-288.0","-46.590851184","-23.6162548517"
"26","2017-06-07","4.36","56.56","19.29","-287.0","-46.590851184","-23.6162548517"
"26","2017-06-08","","","","-1.0","-46.590851184","-23.6162548517"
"26","2017-06-09","0.06","9.24","1.25","-288.0","-46.590851184","-23.6162548517"
"26","2017-06-10","0.0","0.0","0.0","-287.0","-46.590851184","-23.6162548517"
"26","2017-06-11","","","","-1.0","-46.590851184","-23.6162548517"
"26","2017-06-12","0.0","0.28","0.01","-288.0","-46.590851184","-23.6162548517"
"26","2017-06-13","5.25","121.34","28.19","-288.0","-46.590851184","-23.6162548517"
"26","2017-06-14","0.31","9.58","2.33","-287.0","-46.590851184","-23.6162548517"
"27","2016-10-31","","","","-1.0","-46.4988321166","-23.6090619124"
"27","2016-11-01","0.0","0.07","0.0","-288.0","-46.4988321166","-23.6090619124"
"27","2016-11-02","0.0","17.06","1.83","-288.0","-46.4988321166","-23.6090619124"
"27","2016-11-03","1.91","47.59","12.58","-288.0","-46.4988321166","-23.6090619124"
"27","2016-11-04","0.26","2.62","0.92","-288.0","-46.4988321166","-23.6090619124"
"27","2016-11-05","0.0","0.0","0.0","-288.0","-46.4988321166","-23.6090619124"
"27","2016-11-06","0.0","10.45","1.47","-288.0","-46.4988321166","-23.6090619124"
"27","2016-11-07","0.0","0.24","0.01","-288.0","-46.4988321166","-23.6090619124"
"27","2016-11-08","0.0","1.15","0.09","-288.0","-46.4988321166","-23.6090619124"
"27","2016-11-09","2.95","39.0","11.18","-288.0","-46.4988321166","-23.6090619124"
"27","2016-11-10","2.11","41.52","11.57","-288.0","-46.4988321166","-23.6090619124"
"27","2016-11-11","0.0","3.15","0.24","-288.0","-46.4988321166","-23.6090619124"
"27","2016-11-12","0.71","20.51","5.6","-288.0","-46.4988321166","-23.6090619124"
"27","2016-11-13","12.59","67.73","33.58","-288.0","-46.4988321166","-23.6090619124"
"27","2016-11-14","6.77","43.95","17.38","-287.0","-46.4988321166","-23.6090619124"
"27","2016-11-15","","","","-1.0","-46.4988321166","-23.6090619124"
"27","2016-11-16","0.58","36.96","10.04","-288.0","-46.4988321166","-23.6090619124"
"27","2016-11-17","0.3","28.77","5.85","-288.0","-46.4988321166","-23.6090619124"
"27","2016-11-18","0.01","4.43","0.4","-287.0","-46.4988321166","-23.6090619124"
"27","2016-11-19","0.0","0.0","0.0","0.0","-46.4988321166","-23.6090619124"
"27","2016-11-20","0.0","0.0","0.0","0.0","-46.4988321166","-23.6090619124"
"27","2016-11-21","0.0","0.0","0.0","0.0","-46.4988321166","-23.6090619124"
"27","2016-11-22","","","","-1.0","-46.4988321166","-23.6090619124"
"27","2016-11-23","0.39","17.74","5.14","-288.0","-46.4988321166","-23.6090619124"
"27","2016-11-24","0.0","0.01","0.0","-287.0","-46.4988321166","-23.6090619124"
"27","2016-11-25","0.0","0.0","0.0","0.0","-46.4988321166","-23.6090619124"
"27","2016-11-26","","","","-1.0","-46.4988321166","-23.6090619124"
"27","2016-11-27","0.3","63.6","20.94","-288.0","-46.4988321166","-23.6090619124"
"27","2016-11-28","0.56","26.92","5.8","-288.0","-46.4988321166","-23.6090619124"
"27","2016-11-29","3.37","76.48","24.22","-288.0","-46.4988321166","-23.6090619124"
"27","2016-11-30","0.0","0.0","0.0","-287.0","-46.4988321166","-23.6090619124"
"27","2016-12-01","0.0","0.0","0.0","0.0","-46.4988321166","-23.6090619124"
"27","2016-12-02","","","","-1.0","-46.4988321166","-23.6090619124"
"27","2016-12-03","3.19","24.74","9.94","-288.0","-46.4988321166","-23.6090619124"
"27","2016-12-04","2.09","23.58","7.61","-288.0","-46.4988321166","-23.6090619124"
"27","2016-12-05","0.13","3.64","1.05","-287.0","-46.4988321166","-23.6090619124"
"27","2016-12-06","","","","-1.0","-46.4988321166","-23.6090619124"
"27","2016-12-07","1.26","25.96","6.75","-288.0","-46.4988321166","-23.6090619124"
"27","2016-12-08","0.0","0.23","0.0","-288.0","-46.4988321166","-23.6090619124"
"27","2016-12-09","0.18","7.34","1.51","-288.0","-46.4988321166","-23.6090619124"
"27","2016-12-10","2.29","72.7","22.13","-288.0","-46.4988321166","-23.6090619124"
"27","2016-12-11","1.48","31.57","9.75","-288.0","-46.4988321166","-23.6090619124"
"27","2016-12-12","3.77","49.31","16.51","-288.0","-46.4988321166","-23.6090619124"
"27","2016-12-13","0.0","4.67","0.44","-288.0","-46.4988321166","-23.6090619124"
"27","2016-12-14","0.0","0.2","0.0","-288.0","-46.4988321166","-23.6090619124"
"27","2016-12-15","0.0","0.0","0.0","-287.0","-46.4988321166","-23.6090619124"
"27","2016-12-16","0.0","0.0","0.0","0.0","-46.4988321166","-23.6090619124"
"27","2016-12-17","","","","-1.0","-46.4988321166","-23.6090619124"
"27","2016-12-18","0.01","1.62","0.3","-288.0","-46.4988321166","-23.6090619124"
"27","2016-12-19","0.27","47.85","4.61","-288.0","-46.4988321166","-23.6090619124"
"27","2016-12-20","0.54","134.77","17.42","-288.0","-46.4988321166","-23.6090619124"
"27","2016-12-21","7.07","63.74","28.42","-288.0","-46.4988321166","-23.6090619124"
"27","2016-12-22","0.0","0.32","0.03","-288.0","-46.4988321166","-23.6090619124"
"27","2016-12-23","1.93","68.24","15.16","-288.0","-46.4988321166","-23.6090619124"
"27","2016-12-24","0.11","4.46","1.14","-288.0","-46.4988321166","-23.6090619124"
"27","2016-12-25","0.0","0.1","0.0","-288.0","-46.4988321166","-23.6090619124"
"27","2016-12-26","0.0","0.15","0.0","-288.0","-46.4988321166","-23.6090619124"
"27","2016-12-27","0.0","21.48","2.92","-288.0","-46.4988321166","-23.6090619124"
"27","2016-12-28","0.0","0.43","0.0","-288.0","-46.4988321166","-23.6090619124"
"27","2016-12-29","0.06","20.22","2.96","-288.0","-46.4988321166","-23.6090619124"
"27","2016-12-30","0.0","0.53","0.0","-288.0","-46.4988321166","-23.6090619124"
"27","2016-12-31","0.0","1.61","0.22","-287.0","-46.4988321166","-23.6090619124"
"27","2017-01-01","","","","-1.0","-46.4988321166","-23.6090619124"
"27","2017-01-02","2.24","29.61","8.58","-288.0","-46.4988321166","-23.6090619124"
"27","2017-01-03","0.07","14.88","1.24","-288.0","-46.4988321166","-23.6090619124"
"27","2017-01-04","0.0","1.37","0.45","-288.0","-46.4988321166","-23.6090619124"
"27","2017-01-05","0.0","0.36","0.0","-288.0","-46.4988321166","-23.6090619124"
"27","2017-01-06","1.91","12.97","4.9","-288.0","-46.4988321166","-23.6090619124"
"27","2017-01-07","0.73","28.23","6.5","-288.0","-46.4988321166","-23.6090619124"
"27","2017-01-08","0.06","59.39","10.93","-288.0","-46.4988321166","-23.6090619124"
"27","2017-01-09","0.0","15.91","3.14","-288.0","-46.4988321166","-23.6090619124"
"27","2017-01-10","0.39","8.88","2.72","-288.0","-46.4988321166","-23.6090619124"
"27","2017-01-11","1.76","68.09","15.67","-288.0","-46.4988321166","-23.6090619124"
"27","2017-01-12","0.01","2.74","0.43","-288.0","-46.4988321166","-23.6090619124"
"27","2017-01-13","0.0","0.24","0.02","-288.0","-46.4988321166","-23.6090619124"
"27","2017-01-14","0.0","0.06","0.0","-288.0","-46.4988321166","-23.6090619124"
"27","2017-01-15","0.05","40.99","4.62","-288.0","-46.4988321166","-23.6090619124"
"27","2017-01-16","2.06","59.02","12.63","-288.0","-46.4988321166","-23.6090619124"
"27","2017-01-17","16.27","130.53","58.31","-288.0","-46.4988321166","-23.6090619124"
"27","2017-01-18","11.06","129.45","46.23","-288.0","-46.4988321166","-23.6090619124"
"27","2017-01-19","3.73","46.28","14.46","-288.0","-46.4988321166","-23.6090619124"
"27","2017-01-20","8.09","65.54","25.02","-288.0","-46.4988321166","-23.6090619124"
"27","2017-01-21","7.74","121.18","35.75","-288.0","-46.4988321166","-23.6090619124"
"27","2017-01-22","4.47","49.05","17.34","-288.0","-46.4988321166","-23.6090619124"
"27","2017-01-23","0.28","25.74","4.95","-288.0","-46.4988321166","-23.6090619124"
"27","2017-01-24","0.28","41.71","8.67","-288.0","-46.4988321166","-23.6090619124"
"27","2017-01-25","0.21","5.44","1.31","-288.0","-46.4988321166","-23.6090619124"
"27","2017-01-26","5.11","38.59","14.32","-288.0","-46.4988321166","-23.6090619124"
"27","2017-01-27","0.79","45.98","12.17","-288.0","-46.4988321166","-23.6090619124"
"27","2017-01-28","0.0","0.04","0.0","-288.0","-46.4988321166","-23.6090619124"
"27","2017-01-29","0.0","0.32","0.0","-288.0","-46.4988321166","-23.6090619124"
"27","2017-01-30","0.62","7.57","2.36","-288.0","-46.4988321166","-23.6090619124"
"27","2017-01-31","0.05","2.51","0.58","-288.0","-46.4988321166","-23.6090619124"
"27","2017-02-01","2.5","104.21","31.33","-288.0","-46.4988321166","-23.6090619124"
"27","2017-02-02","1.34","21.7","6.45","-288.0","-46.4988321166","-23.6090619124"
"27","2017-02-03","0.4","9.33","2.83","-288.0","-46.4988321166","-23.6090619124"
"27","2017-02-04","0.23","9.21","2.0","-288.0","-46.4988321166","-23.6090619124"
"27","2017-02-05","0.0","0.1","0.0","-288.0","-46.4988321166","-23.6090619124"
"27","2017-02-06","6.33","92.93","31.25","-288.0","-46.4988321166","-23.6090619124"
"27","2017-02-07","0.0","2.29","0.26","-288.0","-46.4988321166","-23.6090619124"
"27","2017-02-08","0.0","0.0","0.0","-287.0","-46.4988321166","-23.6090619124"
"27","2017-02-09","0.0","0.0","0.0","0.0","-46.4988321166","-23.6090619124"
"27","2017-02-10","0.0","0.0","0.0","0.0","-46.4988321166","-23.6090619124"
"27","2017-02-11","0.0","0.0","0.0","0.0","-46.4988321166","-23.6090619124"
"27","2017-02-12","0.0","0.0","0.0","0.0","-46.4988321166","-23.6090619124"
"27","2017-02-13","0.0","0.0","0.0","0.0","-46.4988321166","-23.6090619124"
"27","2017-02-14","0.0","0.0","0.0","0.0","-46.4988321166","-23.6090619124"
"27","2017-02-15","0.0","0.0","0.0","0.0","-46.4988321166","-23.6090619124"
"27","2017-02-16","","","","-1.0","-46.4988321166","-23.6090619124"
"27","2017-02-17","0.0","0.24","0.0","-288.0","-46.4988321166","-23.6090619124"
"27","2017-02-18","0.0","0.0","0.0","-287.0","-46.4988321166","-23.6090619124"
"27","2017-02-19","0.0","0.0","0.0","0.0","-46.4988321166","-23.6090619124"
"27","2017-02-20","0.0","0.0","0.0","0.0","-46.4988321166","-23.6090619124"
"27","2017-02-21","","","","-1.0","-46.4988321166","-23.6090619124"
"27","2017-02-22","0.24","60.99","13.15","-288.0","-46.4988321166","-23.6090619124"
"27","2017-02-23","0.15","47.06","9.27","-288.0","-46.4988321166","-23.6090619124"
"27","2017-02-24","10.32","110.86","39.8","-288.0","-46.4988321166","-23.6090619124"
"27","2017-02-25","0.5","16.22","3.2","-288.0","-46.4988321166","-23.6090619124"
"27","2017-02-26","0.04","16.96","1.98","-288.0","-46.4988321166","-23.6090619124"
"27","2017-02-27","0.0","1.81","0.16","-288.0","-46.4988321166","-23.6090619124"
"27","2017-02-28","0.0","0.71","0.0","-288.0","-46.4988321166","-23.6090619124"
"27","2017-03-01","0.0","0.37","0.0","-288.0","-46.4988321166","-23.6090619124"
"27","2017-03-02","1.66","76.51","18.02","-288.0","-46.4988321166","-23.6090619124"
"27","2017-03-03","0.54","27.34","6.71","-288.0","-46.4988321166","-23.6090619124"
"27","2017-03-04","0.0","33.47","2.61","-288.0","-46.4988321166","-23.6090619124"
"27","2017-03-05","1.68","75.01","16.92","-288.0","-46.4988321166","-23.6090619124"
"27","2017-03-06","4.21","74.7","20.51","-288.0","-46.4988321166","-23.6090619124"
"27","2017-03-07","3.79","64.92","23.39","-288.0","-46.4988321166","-23.6090619124"
"27","2017-03-08","4.5","29.97","11.78","-288.0","-46.4988321166","-23.6090619124"
"27","2017-03-09","0.0","0.0","0.0","-288.0","-46.4988321166","-23.6090619124"
"27","2017-03-10","0.0","8.26","0.62","-288.0","-46.4988321166","-23.6090619124"
"27","2017-03-11","0.0","14.22","0.96","-288.0","-46.4988321166","-23.6090619124"
"27","2017-03-12","0.0","0.61","0.0","-288.0","-46.4988321166","-23.6090619124"
"27","2017-03-13","0.0","13.97","1.66","-288.0","-46.4988321166","-23.6090619124"
"27","2017-03-14","1.14","67.44","14.63","-288.0","-46.4988321166","-23.6090619124"
"27","2017-03-15","0.07","7.42","1.98","-288.0","-46.4988321166","-23.6090619124"
"27","2017-03-16","0.0","0.4","0.02","-288.0","-46.4988321166","-23.6090619124"
"27","2017-03-17","0.39","33.23","6.63","-288.0","-46.4988321166","-23.6090619124"
"27","2017-03-18","0.0","5.91","0.67","-288.0","-46.4988321166","-23.6090619124"
"27","2017-03-19","0.21","3.1","0.96","-288.0","-46.4988321166","-23.6090619124"
"27","2017-03-20","0.0","0.0","0.0","-287.0","-46.4988321166","-23.6090619124"
"27","2017-03-21","0.0","0.0","0.0","0.0","-46.4988321166","-23.6090619124"
"27","2017-03-22","0.0","0.0","0.0","0.0","-46.4988321166","-23.6090619124"
"27","2017-03-23","","","","-1.0","-46.4988321166","-23.6090619124"
"27","2017-03-24","0.0","0.0","0.0","-288.0","-46.4988321166","-23.6090619124"
"27","2017-03-25","0.01","1.06","0.25","-287.0","-46.4988321166","-23.6090619124"
"27","2017-03-26","","","","-1.0","-46.4988321166","-23.6090619124"
"27","2017-03-27","0.06","3.99","0.94","-288.0","-46.4988321166","-23.6090619124"
"27","2017-03-28","0.14","3.88","1.03","-288.0","-46.4988321166","-23.6090619124"
"27","2017-03-29","0.0","0.17","0.02","-287.0","-46.4988321166","-23.6090619124"
"27","2017-03-30","0.0","0.0","0.0","0.0","-46.4988321166","-23.6090619124"
"27","2017-03-31","0.0","0.0","0.0","0.0","-46.4988321166","-23.6090619124"
"27","2017-04-01","0.0","0.0","0.0","0.0","-46.4988321166","-23.6090619124"
"27","2017-04-02","0.0","0.0","0.0","0.0","-46.4988321166","-23.6090619124"
"27","2017-04-03","0.0","0.0","0.0","0.0","-46.4988321166","-23.6090619124"
"27","2017-04-04","","","","-1.0","-46.4988321166","-23.6090619124"
"27","2017-04-05","0.0","0.0","0.0","-288.0","-46.4988321166","-23.6090619124"
"27","2017-04-06","4.26","67.36","23.44","-288.0","-46.4988321166","-23.6090619124"
"27","2017-04-07","19.89","174.21","74.75","-288.0","-46.4988321166","-23.6090619124"
"27","2017-04-08","0.0","0.0","0.0","-287.0","-46.4988321166","-23.6090619124"
"27","2017-04-09","","","","-1.0","-46.4988321166","-23.6090619124"
"27","2017-04-10","0.0","0.01","0.0","-288.0","-46.4988321166","-23.6090619124"
"27","2017-04-11","0.0","0.23","0.0","-288.0","-46.4988321166","-23.6090619124"
"27","2017-04-12","0.12","17.76","2.53","-287.0","-46.4988321166","-23.6090619124"
"27","2017-04-13","0.0","0.0","0.0","0.0","-46.4988321166","-23.6090619124"
"27","2017-04-14","0.0","0.0","0.0","0.0","-46.4988321166","-23.6090619124"
"27","2017-04-15","0.0","0.0","0.0","0.0","-46.4988321166","-23.6090619124"
"27","2017-04-16","","","","-1.0","-46.4988321166","-23.6090619124"
"27","2017-04-17","0.01","0.82","0.2","-287.0","-46.4988321166","-23.6090619124"
"27","2017-04-18","0.0","0.0","0.0","0.0","-46.4988321166","-23.6090619124"
"27","2017-04-19","0.0","0.0","0.0","0.0","-46.4988321166","-23.6090619124"
"27","2017-04-20","","","","-1.0","-46.4988321166","-23.6090619124"
"27","2017-04-21","2.85","28.52","13.03","-288.0","-46.4988321166","-23.6090619124"
"27","2017-04-22","0.72","7.38","2.87","-287.0","-46.4988321166","-23.6090619124"
"27","2017-04-23","0.0","0.0","0.0","0.0","-46.4988321166","-23.6090619124"
"27","2017-04-24","0.0","0.0","0.0","0.0","-46.4988321166","-23.6090619124"
"27","2017-04-25","","","","-1.0","-46.4988321166","-23.6090619124"
"27","2017-04-26","4.78","39.65","14.92","-288.0","-46.4988321166","-23.6090619124"
"27","2017-04-27","1.01","5.43","2.54","-287.0","-46.4988321166","-23.6090619124"
"27","2017-04-28","0.0","0.0","0.0","0.0","-46.4988321166","-23.6090619124"
"27","2017-04-29","0.0","0.0","0.0","0.0","-46.4988321166","-23.6090619124"
"27","2017-04-30","0.0","0.0","0.0","0.0","-46.4988321166","-23.6090619124"
"27","2017-05-01","","","","-1.0","-46.4988321166","-23.6090619124"
"27","2017-05-02","0.0","0.01","0.0","-287.0","-46.4988321166","-23.6090619124"
"27","2017-05-03","0.0","0.0","0.0","0.0","-46.4988321166","-23.6090619124"
"27","2017-05-04","","","","-1.0","-46.4988321166","-23.6090619124"
"27","2017-05-05","2.63","41.41","13.61","-288.0","-46.4988321166","-23.6090619124"
"27","2017-05-06","1.77","25.9","7.82","-288.0","-46.4988321166","-23.6090619124"
"27","2017-05-07","0.0","0.38","0.02","-287.0","-46.4988321166","-23.6090619124"
"27","2017-05-08","0.0","0.0","0.0","0.0","-46.4988321166","-23.6090619124"
"27","2017-05-09","0.0","0.0","0.0","0.0","-46.4988321166","-23.6090619124"
"27","2017-05-10","0.0","0.0","0.0","0.0","-46.4988321166","-23.6090619124"
"27","2017-05-11","0.0","0.0","0.0","0.0","-46.4988321166","-23.6090619124"
"27","2017-05-12","0.0","0.0","0.0","0.0","-46.4988321166","-23.6090619124"
"27","2017-05-13","","","","-1.0","-46.4988321166","-23.6090619124"
"27","2017-05-14","0.02","1.4","0.18","-287.0","-46.4988321166","-23.6090619124"
"27","2017-05-15","0.0","0.0","0.0","0.0","-46.4988321166","-23.6090619124"
"27","2017-05-16","0.0","0.0","0.0","0.0","-46.4988321166","-23.6090619124"
"27","2017-05-17","","","","-1.0","-46.4988321166","-23.6090619124"
"27","2017-05-18","0.96","9.19","3.62","-288.0","-46.4988321166","-23.6090619124"
"27","2017-05-19","11.06","95.85","34.42","-288.0","-46.4988321166","-23.6090619124"
"27","2017-05-20","0.07","1.66","0.48","-288.0","-46.4988321166","-23.6090619124"
"27","2017-05-21","10.33","60.83","26.1","-288.0","-46.4988321166","-23.6090619124"
"27","2017-05-22","4.18","45.96","16.05","-287.0","-46.4988321166","-23.6090619124"
"27","2017-05-23","0.0","0.0","0.0","0.0","-46.4988321166","-23.6090619124"
"27","2017-05-24","0.0","0.0","0.0","0.0","-46.4988321166","-23.6090619124"
"27","2017-05-25","0.0","0.0","0.0","0.0","-46.4988321166","-23.6090619124"
"27","2017-05-26","0.0","0.0","0.0","0.0","-46.4988321166","-23.6090619124"
"27","2017-05-27","0.0","0.0","0.0","0.0","-46.4988321166","-23.6090619124"
"27","2017-05-28","0.0","0.0","0.0","0.0","-46.4988321166","-23.6090619124"
"27","2017-05-29","0.0","0.0","0.0","0.0","-46.4988321166","-23.6090619124"
"27","2017-05-30","0.0","0.0","0.0","0.0","-46.4988321166","-23.6090619124"
"27","2017-05-31","0.0","0.0","0.0","0.0","-46.4988321166","-23.6090619124"
"27","2017-06-01","0.0","0.0","0.0","0.0","-46.4988321166","-23.6090619124"
"27","2017-06-02","0.0","0.0","0.0","0.0","-46.4988321166","-23.6090619124"
"27","2017-06-03","0.0","0.0","0.0","0.0","-46.4988321166","-23.6090619124"
"27","2017-06-04","","","","-1.0","-46.4988321166","-23.6090619124"
"27","2017-06-05","10.08","82.01","31.72","-288.0","-46.4988321166","-23.6090619124"
"27","2017-06-06","10.93","104.23","36.57","-288.0","-46.4988321166","-23.6090619124"
"27","2017-06-07","6.0","56.98","23.95","-287.0","-46.4988321166","-23.6090619124"
"27","2017-06-08","","","","-1.0","-46.4988321166","-23.6090619124"
"27","2017-06-09","0.04","2.01","0.42","-288.0","-46.4988321166","-23.6090619124"
"27","2017-06-10","0.0","0.0","0.0","-287.0","-46.4988321166","-23.6090619124"
"27","2017-06-11","","","","-1.0","-46.4988321166","-23.6090619124"
"27","2017-06-12","0.0","0.13","0.0","-288.0","-46.4988321166","-23.6090619124"
"27","2017-06-13","5.55","89.06","25.18","-288.0","-46.4988321166","-23.6090619124"
"27","2017-06-14","0.42","10.9","2.34","-287.0","-46.4988321166","-23.6090619124"
"28","2016-10-31","","","","-1.0","-46.4337792001","-23.6165022677"
"28","2016-11-01","0.0","0.22","0.0","-288.0","-46.4337792001","-23.6165022677"
"28","2016-11-02","0.35","42.03","11.8","-288.0","-46.4337792001","-23.6165022677"
"28","2016-11-03","0.72","61.14","9.71","-288.0","-46.4337792001","-23.6165022677"
"28","2016-11-04","0.38","4.94","1.66","-288.0","-46.4337792001","-23.6165022677"
"28","2016-11-05","0.0","0.0","0.0","-288.0","-46.4337792001","-23.6165022677"
"28","2016-11-06","0.0","3.53","0.5","-288.0","-46.4337792001","-23.6165022677"
"28","2016-11-07","0.0","2.98","0.2","-288.0","-46.4337792001","-23.6165022677"
"28","2016-11-08","0.0","0.3","0.0","-288.0","-46.4337792001","-23.6165022677"
"28","2016-11-09","2.62","73.75","22.47","-288.0","-46.4337792001","-23.6165022677"
"28","2016-11-10","1.32","49.04","15.08","-288.0","-46.4337792001","-23.6165022677"
"28","2016-11-11","0.0","2.43","0.07","-288.0","-46.4337792001","-23.6165022677"
"28","2016-11-12","0.66","34.11","8.62","-288.0","-46.4337792001","-23.6165022677"
"28","2016-11-13","10.58","73.93","33.68","-288.0","-46.4337792001","-23.6165022677"
"28","2016-11-14","5.68","39.53","16.39","-287.0","-46.4337792001","-23.6165022677"
"28","2016-11-15","","","","-1.0","-46.4337792001","-23.6165022677"
"28","2016-11-16","2.03","79.42","20.76","-288.0","-46.4337792001","-23.6165022677"
"28","2016-11-17","0.38","32.3","6.74","-288.0","-46.4337792001","-23.6165022677"
"28","2016-11-18","0.01","9.02","0.84","-287.0","-46.4337792001","-23.6165022677"
"28","2016-11-19","0.0","0.0","0.0","0.0","-46.4337792001","-23.6165022677"
"28","2016-11-20","0.0","0.0","0.0","0.0","-46.4337792001","-23.6165022677"
"28","2016-11-21","0.0","0.0","0.0","0.0","-46.4337792001","-23.6165022677"
"28","2016-11-22","","","","-1.0","-46.4337792001","-23.6165022677"
"28","2016-11-23","0.41","27.36","5.7","-288.0","-46.4337792001","-23.6165022677"
"28","2016-11-24","0.0","0.0","0.0","-287.0","-46.4337792001","-23.6165022677"
"28","2016-11-25","0.0","0.0","0.0","0.0","-46.4337792001","-23.6165022677"
"28","2016-11-26","","","","-1.0","-46.4337792001","-23.6165022677"
"28","2016-11-27","0.39","66.2","17.89","-288.0","-46.4337792001","-23.6165022677"
"28","2016-11-28","0.16","49.91","7.03","-288.0","-46.4337792001","-23.6165022677"
"28","2016-11-29","2.18","100.2","24.31","-288.0","-46.4337792001","-23.6165022677"
"28","2016-11-30","0.0","0.0","0.0","-287.0","-46.4337792001","-23.6165022677"
"28","2016-12-01","0.0","0.0","0.0","0.0","-46.4337792001","-23.6165022677"
"28","2016-12-02","","","","-1.0","-46.4337792001","-23.6165022677"
"28","2016-12-03","2.97","37.49","11.86","-288.0","-46.4337792001","-23.6165022677"
"28","2016-12-04","0.99","26.1","7.09","-288.0","-46.4337792001","-23.6165022677"
"28","2016-12-05","0.14","5.91","1.25","-287.0","-46.4337792001","-23.6165022677"
"28","2016-12-06","","","","-1.0","-46.4337792001","-23.6165022677"
"28","2016-12-07","0.89","27.49","4.99","-288.0","-46.4337792001","-23.6165022677"
"28","2016-12-08","0.0","0.62","0.0","-288.0","-46.4337792001","-23.6165022677"
"28","2016-12-09","0.2","4.59","1.23","-288.0","-46.4337792001","-23.6165022677"
"28","2016-12-10","1.91","97.56","22.86","-288.0","-46.4337792001","-23.6165022677"
"28","2016-12-11","0.84","40.58","9.46","-288.0","-46.4337792001","-23.6165022677"
"28","2016-12-12","2.59","70.66","18.13","-288.0","-46.4337792001","-23.6165022677"
"28","2016-12-13","0.0","1.16","0.07","-288.0","-46.4337792001","-23.6165022677"
"28","2016-12-14","0.0","0.11","0.0","-288.0","-46.4337792001","-23.6165022677"
"28","2016-12-15","0.0","0.0","0.0","-287.0","-46.4337792001","-23.6165022677"
"28","2016-12-16","0.0","0.0","0.0","0.0","-46.4337792001","-23.6165022677"
"28","2016-12-17","","","","-1.0","-46.4337792001","-23.6165022677"
"28","2016-12-18","0.01","1.92","0.32","-288.0","-46.4337792001","-23.6165022677"
"28","2016-12-19","0.12","72.54","9.29","-288.0","-46.4337792001","-23.6165022677"
"28","2016-12-20","0.08","44.02","5.19","-288.0","-46.4337792001","-23.6165022677"
"28","2016-12-21","1.41","97.84","31.59","-288.0","-46.4337792001","-23.6165022677"
"28","2016-12-22","0.0","0.88","0.16","-288.0","-46.4337792001","-23.6165022677"
"28","2016-12-23","1.93","91.03","21.52","-288.0","-46.4337792001","-23.6165022677"
"28","2016-12-24","0.04","5.09","1.08","-288.0","-46.4337792001","-23.6165022677"
"28","2016-12-25","0.0","0.0","0.0","-288.0","-46.4337792001","-23.6165022677"
"28","2016-12-26","0.0","0.24","0.0","-288.0","-46.4337792001","-23.6165022677"
"28","2016-12-27","0.0","18.79","0.95","-288.0","-46.4337792001","-23.6165022677"
"28","2016-12-28","0.0","0.41","0.0","-288.0","-46.4337792001","-23.6165022677"
"28","2016-12-29","0.0","20.81","1.76","-288.0","-46.4337792001","-23.6165022677"
"28","2016-12-30","0.0","0.49","0.0","-288.0","-46.4337792001","-23.6165022677"
"28","2016-12-31","0.05","5.26","0.74","-287.0","-46.4337792001","-23.6165022677"
"28","2017-01-01","","","","-1.0","-46.4337792001","-23.6165022677"
"28","2017-01-02","0.41","27.49","4.49","-288.0","-46.4337792001","-23.6165022677"
"28","2017-01-03","0.01","6.15","0.77","-288.0","-46.4337792001","-23.6165022677"
"28","2017-01-04","0.0","1.39","0.24","-288.0","-46.4337792001","-23.6165022677"
"28","2017-01-05","0.01","0.96","0.1","-288.0","-46.4337792001","-23.6165022677"
"28","2017-01-06","1.4","16.14","4.83","-288.0","-46.4337792001","-23.6165022677"
"28","2017-01-07","0.83","51.27","7.77","-288.0","-46.4337792001","-23.6165022677"
"28","2017-01-08","0.04","70.61","13.73","-288.0","-46.4337792001","-23.6165022677"
"28","2017-01-09","0.0","8.57","0.67","-288.0","-46.4337792001","-23.6165022677"
"28","2017-01-10","0.02","7.43","1.32","-288.0","-46.4337792001","-23.6165022677"
"28","2017-01-11","0.92","71.83","9.68","-288.0","-46.4337792001","-23.6165022677"
"28","2017-01-12","0.01","7.22","0.87","-288.0","-46.4337792001","-23.6165022677"
"28","2017-01-13","0.0","1.15","0.13","-288.0","-46.4337792001","-23.6165022677"
"28","2017-01-14","0.0","0.13","0.0","-288.0","-46.4337792001","-23.6165022677"
"28","2017-01-15","0.02","73.9","9.69","-288.0","-46.4337792001","-23.6165022677"
"28","2017-01-16","1.31","72.63","14.27","-288.0","-46.4337792001","-23.6165022677"
"28","2017-01-17","5.65","115.03","31.67","-288.0","-46.4337792001","-23.6165022677"
"28","2017-01-18","6.68","150.05","46.76","-288.0","-46.4337792001","-23.6165022677"
"28","2017-01-19","2.08","48.29","11.83","-288.0","-46.4337792001","-23.6165022677"
"28","2017-01-20","5.36","61.52","21.37","-288.0","-46.4337792001","-23.6165022677"
"28","2017-01-21","6.7","155.27","38.67","-288.0","-46.4337792001","-23.6165022677"
"28","2017-01-22","3.15","64.06","17.89","-288.0","-46.4337792001","-23.6165022677"
"28","2017-01-23","0.17","50.67","6.08","-288.0","-46.4337792001","-23.6165022677"
"28","2017-01-24","0.17","38.42","5.56","-288.0","-46.4337792001","-23.6165022677"
"28","2017-01-25","0.21","11.63","2.52","-288.0","-46.4337792001","-23.6165022677"
"28","2017-01-26","4.14","58.09","17.54","-288.0","-46.4337792001","-23.6165022677"
"28","2017-01-27","0.57","42.69","6.85","-288.0","-46.4337792001","-23.6165022677"
"28","2017-01-28","0.0","0.04","0.0","-288.0","-46.4337792001","-23.6165022677"
"28","2017-01-29","0.0","0.38","0.0","-288.0","-46.4337792001","-23.6165022677"
"28","2017-01-30","0.25","4.04","1.31","-288.0","-46.4337792001","-23.6165022677"
"28","2017-01-31","0.16","20.83","3.4","-288.0","-46.4337792001","-23.6165022677"
"28","2017-02-01","3.07","85.01","25.34","-288.0","-46.4337792001","-23.6165022677"
"28","2017-02-02","0.47","21.04","4.01","-288.0","-46.4337792001","-23.6165022677"
"28","2017-02-03","0.35","9.28","2.39","-288.0","-46.4337792001","-23.6165022677"
"28","2017-02-04","0.0","25.67","1.57","-288.0","-46.4337792001","-23.6165022677"
"28","2017-02-05","0.0","0.16","0.0","-288.0","-46.4337792001","-23.6165022677"
"28","2017-02-06","9.83","133.21","52.4","-288.0","-46.4337792001","-23.6165022677"
"28","2017-02-07","0.07","1.7","0.43","-288.0","-46.4337792001","-23.6165022677"
"28","2017-02-08","0.0","0.0","0.0","-287.0","-46.4337792001","-23.6165022677"
"28","2017-02-09","0.0","0.0","0.0","0.0","-46.4337792001","-23.6165022677"
"28","2017-02-10","0.0","0.0","0.0","0.0","-46.4337792001","-23.6165022677"
"28","2017-02-11","0.0","0.0","0.0","0.0","-46.4337792001","-23.6165022677"
"28","2017-02-12","0.0","0.0","0.0","0.0","-46.4337792001","-23.6165022677"
"28","2017-02-13","0.0","0.0","0.0","0.0","-46.4337792001","-23.6165022677"
"28","2017-02-14","0.0","0.0","0.0","0.0","-46.4337792001","-23.6165022677"
"28","2017-02-15","0.0","0.0","0.0","0.0","-46.4337792001","-23.6165022677"
"28","2017-02-16","","","","-1.0","-46.4337792001","-23.6165022677"
"28","2017-02-17","0.0","0.04","0.0","-288.0","-46.4337792001","-23.6165022677"
"28","2017-02-18","0.0","0.01","0.0","-287.0","-46.4337792001","-23.6165022677"
"28","2017-02-19","0.0","0.0","0.0","0.0","-46.4337792001","-23.6165022677"
"28","2017-02-20","0.0","0.0","0.0","0.0","-46.4337792001","-23.6165022677"
"28","2017-02-21","","","","-1.0","-46.4337792001","-23.6165022677"
"28","2017-02-22","0.0","50.86","5.69","-288.0","-46.4337792001","-23.6165022677"
"28","2017-02-23","0.07","42.67","4.31","-288.0","-46.4337792001","-23.6165022677"
"28","2017-02-24","5.11","99.24","27.74","-288.0","-46.4337792001","-23.6165022677"
"28","2017-02-25","1.02","31.14","7.34","-288.0","-46.4337792001","-23.6165022677"
"28","2017-02-26","0.0","18.98","0.92","-288.0","-46.4337792001","-23.6165022677"
"28","2017-02-27","0.0","0.45","0.0","-288.0","-46.4337792001","-23.6165022677"
"28","2017-02-28","0.0","1.9","0.04","-288.0","-46.4337792001","-23.6165022677"
"28","2017-03-01","0.0","0.49","0.0","-288.0","-46.4337792001","-23.6165022677"
"28","2017-03-02","2.66","82.87","20.88","-288.0","-46.4337792001","-23.6165022677"
"28","2017-03-03","0.22","37.78","6.14","-288.0","-46.4337792001","-23.6165022677"
"28","2017-03-04","0.0","69.83","4.48","-288.0","-46.4337792001","-23.6165022677"
"28","2017-03-05","1.42","96.6","19.59","-288.0","-46.4337792001","-23.6165022677"
"28","2017-03-06","3.09","95.67","24.12","-288.0","-46.4337792001","-23.6165022677"
"28","2017-03-07","1.89","63.25","21.28","-288.0","-46.4337792001","-23.6165022677"
"28","2017-03-08","4.11","45.24","13.09","-288.0","-46.4337792001","-23.6165022677"
"28","2017-03-09","0.0","0.0","0.0","-288.0","-46.4337792001","-23.6165022677"
"28","2017-03-10","0.0","2.78","0.07","-288.0","-46.4337792001","-23.6165022677"
"28","2017-03-11","0.0","0.12","0.0","-288.0","-46.4337792001","-23.6165022677"
"28","2017-03-12","0.0","1.12","0.0","-288.0","-46.4337792001","-23.6165022677"
"28","2017-03-13","0.0","21.59","1.59","-288.0","-46.4337792001","-23.6165022677"
"28","2017-03-14","0.71","94.42","19.52","-288.0","-46.4337792001","-23.6165022677"
"28","2017-03-15","0.16","14.28","2.79","-288.0","-46.4337792001","-23.6165022677"
"28","2017-03-16","0.0","3.58","0.25","-288.0","-46.4337792001","-23.6165022677"
"28","2017-03-17","0.13","60.65","6.28","-288.0","-46.4337792001","-23.6165022677"
"28","2017-03-18","0.04","11.37","2.09","-288.0","-46.4337792001","-23.6165022677"
"28","2017-03-19","0.11","4.47","1.06","-288.0","-46.4337792001","-23.6165022677"
"28","2017-03-20","0.0","0.0","0.0","-287.0","-46.4337792001","-23.6165022677"
"28","2017-03-21","0.0","0.0","0.0","0.0","-46.4337792001","-23.6165022677"
"28","2017-03-22","0.0","0.0","0.0","0.0","-46.4337792001","-23.6165022677"
"28","2017-03-23","","","","-1.0","-46.4337792001","-23.6165022677"
"28","2017-03-24","0.0","0.05","0.0","-288.0","-46.4337792001","-23.6165022677"
"28","2017-03-25","0.0","1.15","0.14","-287.0","-46.4337792001","-23.6165022677"
"28","2017-03-26","","","","-1.0","-46.4337792001","-23.6165022677"
"28","2017-03-27","0.0","3.49","0.61","-288.0","-46.4337792001","-23.6165022677"
"28","2017-03-28","0.04","7.01","1.3","-288.0","-46.4337792001","-23.6165022677"
"28","2017-03-29","0.0","0.19","0.04","-287.0","-46.4337792001","-23.6165022677"
"28","2017-03-30","0.0","0.0","0.0","0.0","-46.4337792001","-23.6165022677"
"28","2017-03-31","0.0","0.0","0.0","0.0","-46.4337792001","-23.6165022677"
"28","2017-04-01","0.0","0.0","0.0","0.0","-46.4337792001","-23.6165022677"
"28","2017-04-02","0.0","0.0","0.0","0.0","-46.4337792001","-23.6165022677"
"28","2017-04-03","0.0","0.0","0.0","0.0","-46.4337792001","-23.6165022677"
"28","2017-04-04","","","","-1.0","-46.4337792001","-23.6165022677"
"28","2017-04-05","0.0","0.0","0.0","-288.0","-46.4337792001","-23.6165022677"
"28","2017-04-06","2.44","81.1","23.4","-288.0","-46.4337792001","-23.6165022677"
"28","2017-04-07","17.1","191.69","79.08","-288.0","-46.4337792001","-23.6165022677"
"28","2017-04-08","0.0","0.0","0.0","-287.0","-46.4337792001","-23.6165022677"
"28","2017-04-09","","","","-1.0","-46.4337792001","-23.6165022677"
"28","2017-04-10","0.0","0.0","0.0","-288.0","-46.4337792001","-23.6165022677"
"28","2017-04-11","0.0","0.08","0.0","-288.0","-46.4337792001","-23.6165022677"
"28","2017-04-12","0.1","26.5","3.84","-287.0","-46.4337792001","-23.6165022677"
"28","2017-04-13","0.0","0.0","0.0","0.0","-46.4337792001","-23.6165022677"
"28","2017-04-14","0.0","0.0","0.0","0.0","-46.4337792001","-23.6165022677"
"28","2017-04-15","0.0","0.0","0.0","0.0","-46.4337792001","-23.6165022677"
"28","2017-04-16","","","","-1.0","-46.4337792001","-23.6165022677"
"28","2017-04-17","0.0","0.73","0.1","-287.0","-46.4337792001","-23.6165022677"
"28","2017-04-18","0.0","0.0","0.0","0.0","-46.4337792001","-23.6165022677"
"28","2017-04-19","0.0","0.0","0.0","0.0","-46.4337792001","-23.6165022677"
"28","2017-04-20","","","","-1.0","-46.4337792001","-23.6165022677"
"28","2017-04-21","1.21","47.65","12.93","-288.0","-46.4337792001","-23.6165022677"
"28","2017-04-22","0.74","11.76","3.7","-287.0","-46.4337792001","-23.6165022677"
"28","2017-04-23","0.0","0.0","0.0","0.0","-46.4337792001","-23.6165022677"
"28","2017-04-24","0.0","0.0","0.0","0.0","-46.4337792001","-23.6165022677"
"28","2017-04-25","","","","-1.0","-46.4337792001","-23.6165022677"
"28","2017-04-26","3.52","50.32","14.35","-288.0","-46.4337792001","-23.6165022677"
"28","2017-04-27","0.63","6.5","2.47","-287.0","-46.4337792001","-23.6165022677"
"28","2017-04-28","0.0","0.0","0.0","0.0","-46.4337792001","-23.6165022677"
"28","2017-04-29","0.0","0.0","0.0","0.0","-46.4337792001","-23.6165022677"
"28","2017-04-30","0.0","0.0","0.0","0.0","-46.4337792001","-23.6165022677"
"28","2017-05-01","","","","-1.0","-46.4337792001","-23.6165022677"
"28","2017-05-02","0.0","0.03","0.0","-287.0","-46.4337792001","-23.6165022677"
"28","2017-05-03","0.0","0.0","0.0","0.0","-46.4337792001","-23.6165022677"
"28","2017-05-04","","","","-1.0","-46.4337792001","-23.6165022677"
"28","2017-05-05","1.56","45.77","12.86","-288.0","-46.4337792001","-23.6165022677"
"28","2017-05-06","1.52","34.75","8.49","-288.0","-46.4337792001","-23.6165022677"
"28","2017-05-07","0.0","0.26","0.01","-287.0","-46.4337792001","-23.6165022677"
"28","2017-05-08","0.0","0.0","0.0","0.0","-46.4337792001","-23.6165022677"
"28","2017-05-09","0.0","0.0","0.0","0.0","-46.4337792001","-23.6165022677"
"28","2017-05-10","0.0","0.0","0.0","0.0","-46.4337792001","-23.6165022677"
"28","2017-05-11","0.0","0.0","0.0","0.0","-46.4337792001","-23.6165022677"
"28","2017-05-12","0.0","0.0","0.0","0.0","-46.4337792001","-23.6165022677"
"28","2017-05-13","","","","-1.0","-46.4337792001","-23.6165022677"
"28","2017-05-14","0.0","4.0","0.39","-287.0","-46.4337792001","-23.6165022677"
"28","2017-05-15","0.0","0.0","0.0","0.0","-46.4337792001","-23.6165022677"
"28","2017-05-16","0.0","0.0","0.0","0.0","-46.4337792001","-23.6165022677"
"28","2017-05-17","","","","-1.0","-46.4337792001","-23.6165022677"
"28","2017-05-18","0.39","9.84","3.01","-288.0","-46.4337792001","-23.6165022677"
"28","2017-05-19","9.24","113.2","35.52","-288.0","-46.4337792001","-23.6165022677"
"28","2017-05-20","0.02","1.22","0.32","-288.0","-46.4337792001","-23.6165022677"
"28","2017-05-21","8.2","76.81","25.44","-288.0","-46.4337792001","-23.6165022677"
"28","2017-05-22","2.82","56.16","14.42","-287.0","-46.4337792001","-23.6165022677"
"28","2017-05-23","0.0","0.0","0.0","0.0","-46.4337792001","-23.6165022677"
"28","2017-05-24","0.0","0.0","0.0","0.0","-46.4337792001","-23.6165022677"
"28","2017-05-25","0.0","0.0","0.0","0.0","-46.4337792001","-23.6165022677"
"28","2017-05-26","0.0","0.0","0.0","0.0","-46.4337792001","-23.6165022677"
"28","2017-05-27","0.0","0.0","0.0","0.0","-46.4337792001","-23.6165022677"
"28","2017-05-28","0.0","0.0","0.0","0.0","-46.4337792001","-23.6165022677"
"28","2017-05-29","0.0","0.0","0.0","0.0","-46.4337792001","-23.6165022677"
"28","2017-05-30","0.0","0.0","0.0","0.0","-46.4337792001","-23.6165022677"
"28","2017-05-31","0.0","0.0","0.0","0.0","-46.4337792001","-23.6165022677"
"28","2017-06-01","0.0","0.0","0.0","0.0","-46.4337792001","-23.6165022677"
"28","2017-06-02","0.0","0.0","0.0","0.0","-46.4337792001","-23.6165022677"
"28","2017-06-03","0.0","0.0","0.0","0.0","-46.4337792001","-23.6165022677"
"28","2017-06-04","","","","-1.0","-46.4337792001","-23.6165022677"
"28","2017-06-05","7.55","93.61","31.21","-288.0","-46.4337792001","-23.6165022677"
"28","2017-06-06","8.61","102.13","33.03","-288.0","-46.4337792001","-23.6165022677"
"28","2017-06-07","3.63","55.25","17.98","-287.0","-46.4337792001","-23.6165022677"
"28","2017-06-08","","","","-1.0","-46.4337792001","-23.6165022677"
"28","2017-06-09","0.0","2.89","0.29","-288.0","-46.4337792001","-23.6165022677"
"28","2017-06-10","0.0","0.0","0.0","-287.0","-46.4337792001","-23.6165022677"
"28","2017-06-11","","","","-1.0","-46.4337792001","-23.6165022677"
"28","2017-06-12","0.0","0.29","0.0","-288.0","-46.4337792001","-23.6165022677"
"28","2017-06-13","3.75","90.11","20.17","-288.0","-46.4337792001","-23.6165022677"
"28","2017-06-14","0.2","15.67","2.43","-287.0","-46.4337792001","-23.6165022677"
"30","2016-10-31","","","","-1.0","-46.7536366815","-23.5685180575"
"30","2016-11-01","0.0","0.01","0.0","-288.0","-46.7536366815","-23.5685180575"
"30","2016-11-02","0.51","20.12","3.46","-288.0","-46.7536366815","-23.5685180575"
"30","2016-11-03","0.76","51.05","9.02","-288.0","-46.7536366815","-23.5685180575"
"30","2016-11-04","0.06","2.4","0.59","-288.0","-46.7536366815","-23.5685180575"
"30","2016-11-05","0.0","0.0","0.0","-288.0","-46.7536366815","-23.5685180575"
"30","2016-11-06","0.0","38.7","4.97","-288.0","-46.7536366815","-23.5685180575"
"30","2016-11-07","0.0","0.4","0.02","-288.0","-46.7536366815","-23.5685180575"
"30","2016-11-08","0.0","0.08","0.0","-288.0","-46.7536366815","-23.5685180575"
"30","2016-11-09","4.87","64.84","22.08","-288.0","-46.7536366815","-23.5685180575"
"30","2016-11-10","2.18","31.36","8.67","-288.0","-46.7536366815","-23.5685180575"
"30","2016-11-11","0.03","5.09","0.59","-288.0","-46.7536366815","-23.5685180575"
"30","2016-11-12","0.09","5.33","0.86","-288.0","-46.7536366815","-23.5685180575"
"30","2016-11-13","11.45","68.33","31.29","-288.0","-46.7536366815","-23.5685180575"
"30","2016-11-14","7.1","40.13","17.38","-287.0","-46.7536366815","-23.5685180575"
"30","2016-11-15","","","","-1.0","-46.7536366815","-23.5685180575"
"30","2016-11-16","1.95","17.85","7.05","-288.0","-46.7536366815","-23.5685180575"
"30","2016-11-17","0.22","24.6","4.23","-288.0","-46.7536366815","-23.5685180575"
"30","2016-11-18","0.0","1.27","0.15","-287.0","-46.7536366815","-23.5685180575"
"30","2016-11-19","0.0","0.0","0.0","0.0","-46.7536366815","-23.5685180575"
"30","2016-11-20","0.0","0.0","0.0","0.0","-46.7536366815","-23.5685180575"
"30","2016-11-21","0.0","0.0","0.0","0.0","-46.7536366815","-23.5685180575"
"30","2016-11-22","","","","-1.0","-46.7536366815","-23.5685180575"
"30","2016-11-23","0.07","10.91","1.59","-288.0","-46.7536366815","-23.5685180575"
"30","2016-11-24","0.0","0.0","0.0","-287.0","-46.7536366815","-23.5685180575"
"30","2016-11-25","0.0","0.0","0.0","0.0","-46.7536366815","-23.5685180575"
"30","2016-11-26","","","","-1.0","-46.7536366815","-23.5685180575"
"30","2016-11-27","0.3","37.8","5.66","-288.0","-46.7536366815","-23.5685180575"
"30","2016-11-28","0.01","16.6","1.34","-288.0","-46.7536366815","-23.5685180575"
"30","2016-11-29","2.74","34.14","8.54","-288.0","-46.7536366815","-23.5685180575"
"30","2016-11-30","0.0","0.0","0.0","-287.0","-46.7536366815","-23.5685180575"
"30","2016-12-01","0.0","0.0","0.0","0.0","-46.7536366815","-23.5685180575"
"30","2016-12-02","","","","-1.0","-46.7536366815","-23.5685180575"
"30","2016-12-03","2.4","47.7","13.24","-288.0","-46.7536366815","-23.5685180575"
"30","2016-12-04","1.2","18.09","4.38","-288.0","-46.7536366815","-23.5685180575"
"30","2016-12-05","0.13","1.53","0.49","-287.0","-46.7536366815","-23.5685180575"
"30","2016-12-06","","","","-1.0","-46.7536366815","-23.5685180575"
"30","2016-12-07","0.38","12.3","2.92","-288.0","-46.7536366815","-23.5685180575"
"30","2016-12-08","0.0","0.33","0.06","-288.0","-46.7536366815","-23.5685180575"
"30","2016-12-09","0.35","5.32","1.3","-288.0","-46.7536366815","-23.5685180575"
"30","2016-12-10","1.2","32.18","8.95","-288.0","-46.7536366815","-23.5685180575"
"30","2016-12-11","2.2","54.36","15.8","-288.0","-46.7536366815","-23.5685180575"
"30","2016-12-12","4.91","78.41","25.58","-288.0","-46.7536366815","-23.5685180575"
"30","2016-12-13","0.0","1.27","0.12","-288.0","-46.7536366815","-23.5685180575"
"30","2016-12-14","0.0","0.12","0.0","-288.0","-46.7536366815","-23.5685180575"
"30","2016-12-15","0.0","0.0","0.0","-287.0","-46.7536366815","-23.5685180575"
"30","2016-12-16","0.0","0.0","0.0","0.0","-46.7536366815","-23.5685180575"
"30","2016-12-17","","","","-1.0","-46.7536366815","-23.5685180575"
"30","2016-12-18","0.66","129.51","31.25","-288.0","-46.7536366815","-23.5685180575"
"30","2016-12-19","0.89","33.6","10.04","-288.0","-46.7536366815","-23.5685180575"
"30","2016-12-20","0.23","8.84","2.4","-288.0","-46.7536366815","-23.5685180575"
"30","2016-12-21","0.11","19.68","3.41","-288.0","-46.7536366815","-23.5685180575"
"30","2016-12-22","0.0","0.01","0.0","-288.0","-46.7536366815","-23.5685180575"
"30","2016-12-23","1.13","29.22","7.59","-288.0","-46.7536366815","-23.5685180575"
"30","2016-12-24","0.84","17.85","4.39","-288.0","-46.7536366815","-23.5685180575"
"30","2016-12-25","0.0","0.1","0.0","-288.0","-46.7536366815","-23.5685180575"
"30","2016-12-26","0.0","0.02","0.0","-288.0","-46.7536366815","-23.5685180575"
"30","2016-12-27","0.0","2.55","0.08","-288.0","-46.7536366815","-23.5685180575"
"30","2016-12-28","0.06","47.12","8.14","-288.0","-46.7536366815","-23.5685180575"
"30","2016-12-29","0.05","8.11","1.07","-288.0","-46.7536366815","-23.5685180575"
"30","2016-12-30","0.0","0.45","0.0","-288.0","-46.7536366815","-23.5685180575"
"30","2016-12-31","0.0","10.4","0.58","-287.0","-46.7536366815","-23.5685180575"
"30","2017-01-01","","","","-1.0","-46.7536366815","-23.5685180575"
"30","2017-01-02","3.41","55.48","13.56","-288.0","-46.7536366815","-23.5685180575"
"30","2017-01-03","1.72","24.23","7.38","-288.0","-46.7536366815","-23.5685180575"
"30","2017-01-04","0.0","0.27","0.01","-288.0","-46.7536366815","-23.5685180575"
"30","2017-01-05","0.0","0.53","0.06","-288.0","-46.7536366815","-23.5685180575"
"30","2017-01-06","1.35","22.93","6.15","-288.0","-46.7536366815","-23.5685180575"
"30","2017-01-07","0.36","12.09","2.5","-288.0","-46.7536366815","-23.5685180575"
"30","2017-01-08","0.0","0.73","0.08","-288.0","-46.7536366815","-23.5685180575"
"30","2017-01-09","4.97","49.8","21.28","-288.0","-46.7536366815","-23.5685180575"
"30","2017-01-10","2.6","21.77","8.03","-288.0","-46.7536366815","-23.5685180575"
"30","2017-01-11","0.39","6.97","1.93","-288.0","-46.7536366815","-23.5685180575"
"30","2017-01-12","0.06","18.38","2.85","-288.0","-46.7536366815","-23.5685180575"
"30","2017-01-13","0.0","0.72","0.08","-288.0","-46.7536366815","-23.5685180575"
"30","2017-01-14","0.0","28.22","5.51","-288.0","-46.7536366815","-23.5685180575"
"30","2017-01-15","0.04","52.98","6.86","-288.0","-46.7536366815","-23.5685180575"
"30","2017-01-16","7.08","82.23","29.48","-288.0","-46.7536366815","-23.5685180575"
"30","2017-01-17","8.21","73.0","26.86","-288.0","-46.7536366815","-23.5685180575"
"30","2017-01-18","6.09","116.2","30.43","-288.0","-46.7536366815","-23.5685180575"
"30","2017-01-19","4.3","86.79","25.14","-288.0","-46.7536366815","-23.5685180575"
"30","2017-01-20","6.74","104.57","29.32","-288.0","-46.7536366815","-23.5685180575"
"30","2017-01-21","8.39","186.95","48.16","-288.0","-46.7536366815","-23.5685180575"
"30","2017-01-22","3.83","44.09","15.27","-288.0","-46.7536366815","-23.5685180575"
"30","2017-01-23","0.1","14.04","2.16","-288.0","-46.7536366815","-23.5685180575"
"30","2017-01-24","0.1","8.02","1.41","-288.0","-46.7536366815","-23.5685180575"
"30","2017-01-25","0.0","4.39","0.59","-288.0","-46.7536366815","-23.5685180575"
"30","2017-01-26","7.1","64.44","25.23","-288.0","-46.7536366815","-23.5685180575"
"30","2017-01-27","1.3","34.32","8.25","-288.0","-46.7536366815","-23.5685180575"
"30","2017-01-28","0.0","0.3","0.0","-288.0","-46.7536366815","-23.5685180575"
"30","2017-01-29","0.0","4.47","0.41","-288.0","-46.7536366815","-23.5685180575"
"30","2017-01-30","0.02","8.94","1.23","-288.0","-46.7536366815","-23.5685180575"
"30","2017-01-31","1.88","39.26","11.72","-288.0","-46.7536366815","-23.5685180575"
"30","2017-02-01","3.14","96.36","20.67","-288.0","-46.7536366815","-23.5685180575"
"30","2017-02-02","1.95","33.98","10.04","-288.0","-46.7536366815","-23.5685180575"
"30","2017-02-03","2.13","32.52","11.13","-288.0","-46.7536366815","-23.5685180575"
"30","2017-02-04","0.14","84.29","22.75","-288.0","-46.7536366815","-23.5685180575"
"30","2017-02-05","0.0","0.3","0.06","-288.0","-46.7536366815","-23.5685180575"
"30","2017-02-06","3.83","86.19","20.52","-288.0","-46.7536366815","-23.5685180575"
"30","2017-02-07","0.0","2.26","0.18","-288.0","-46.7536366815","-23.5685180575"
"30","2017-02-08","0.0","0.0","0.0","-287.0","-46.7536366815","-23.5685180575"
"30","2017-02-09","0.0","0.0","0.0","0.0","-46.7536366815","-23.5685180575"
"30","2017-02-10","0.0","0.0","0.0","0.0","-46.7536366815","-23.5685180575"
"30","2017-02-11","0.0","0.0","0.0","0.0","-46.7536366815","-23.5685180575"
"30","2017-02-12","0.0","0.0","0.0","0.0","-46.7536366815","-23.5685180575"
"30","2017-02-13","0.0","0.0","0.0","0.0","-46.7536366815","-23.5685180575"
"30","2017-02-14","0.0","0.0","0.0","0.0","-46.7536366815","-23.5685180575"
"30","2017-02-15","0.0","0.0","0.0","0.0","-46.7536366815","-23.5685180575"
"30","2017-02-16","","","","-1.0","-46.7536366815","-23.5685180575"
"30","2017-02-17","0.0","0.2","0.0","-288.0","-46.7536366815","-23.5685180575"
"30","2017-02-18","0.0","0.0","0.0","-287.0","-46.7536366815","-23.5685180575"
"30","2017-02-19","0.0","0.0","0.0","0.0","-46.7536366815","-23.5685180575"
"30","2017-02-20","0.0","0.0","0.0","0.0","-46.7536366815","-23.5685180575"
"30","2017-02-21","","","","-1.0","-46.7536366815","-23.5685180575"
"30","2017-02-22","1.36","83.87","24.87","-288.0","-46.7536366815","-23.5685180575"
"30","2017-02-23","0.0","0.01","0.0","-288.0","-46.7536366815","-23.5685180575"
"30","2017-02-24","3.55","106.8","22.67","-288.0","-46.7536366815","-23.5685180575"
"30","2017-02-25","0.25","13.49","2.96","-288.0","-46.7536366815","-23.5685180575"
"30","2017-02-26","0.08","26.75","4.69","-288.0","-46.7536366815","-23.5685180575"
"30","2017-02-27","0.0","0.66","0.05","-288.0","-46.7536366815","-23.5685180575"
"30","2017-02-28","0.0","0.47","0.0","-288.0","-46.7536366815","-23.5685180575"
"30","2017-03-01","0.0","0.64","0.01","-288.0","-46.7536366815","-23.5685180575"
"30","2017-03-02","0.0","16.34","1.16","-288.0","-46.7536366815","-23.5685180575"
"30","2017-03-03","1.69","52.67","11.88","-288.0","-46.7536366815","-23.5685180575"
"30","2017-03-04","0.51","22.35","3.78","-288.0","-46.7536366815","-23.5685180575"
"30","2017-03-05","1.68","105.27","28.71","-288.0","-46.7536366815","-23.5685180575"
"30","2017-03-06","2.99","68.85","13.59","-288.0","-46.7536366815","-23.5685180575"
"30","2017-03-07","0.66","41.2","10.58","-288.0","-46.7536366815","-23.5685180575"
"30","2017-03-08","0.64","12.29","3.42","-288.0","-46.7536366815","-23.5685180575"
"30","2017-03-09","0.0","0.0","0.0","-288.0","-46.7536366815","-23.5685180575"
"30","2017-03-10","0.06","42.33","8.45","-288.0","-46.7536366815","-23.5685180575"
"30","2017-03-11","0.0","0.32","0.0","-288.0","-46.7536366815","-23.5685180575"
"30","2017-03-12","0.0","0.42","0.0","-288.0","-46.7536366815","-23.5685180575"
"30","2017-03-13","0.0","0.73","0.03","-288.0","-46.7536366815","-23.5685180575"
"30","2017-03-14","0.0","18.65","2.79","-288.0","-46.7536366815","-23.5685180575"
"30","2017-03-15","0.0","32.82","4.96","-288.0","-46.7536366815","-23.5685180575"
"30","2017-03-16","0.0","0.01","0.0","-288.0","-46.7536366815","-23.5685180575"
"30","2017-03-17","0.3","41.85","6.89","-288.0","-46.7536366815","-23.5685180575"
"30","2017-03-18","0.12","2.61","0.65","-288.0","-46.7536366815","-23.5685180575"
"30","2017-03-19","0.67","5.9","1.77","-288.0","-46.7536366815","-23.5685180575"
"30","2017-03-20","0.0","0.0","0.0","-287.0","-46.7536366815","-23.5685180575"
"30","2017-03-21","0.0","0.0","0.0","0.0","-46.7536366815","-23.5685180575"
"30","2017-03-22","0.0","0.0","0.0","0.0","-46.7536366815","-23.5685180575"
"30","2017-03-23","","","","-1.0","-46.7536366815","-23.5685180575"
"30","2017-03-24","0.0","0.14","0.0","-288.0","-46.7536366815","-23.5685180575"
"30","2017-03-25","0.09","41.88","7.49","-287.0","-46.7536366815","-23.5685180575"
"30","2017-03-26","","","","-1.0","-46.7536366815","-23.5685180575"
"30","2017-03-27","0.19","8.29","2.31","-288.0","-46.7536366815","-23.5685180575"
"30","2017-03-28","0.06","4.64","1.03","-288.0","-46.7536366815","-23.5685180575"
"30","2017-03-29","0.0","0.19","0.07","-287.0","-46.7536366815","-23.5685180575"
"30","2017-03-30","0.0","0.0","0.0","0.0","-46.7536366815","-23.5685180575"
"30","2017-03-31","0.0","0.0","0.0","0.0","-46.7536366815","-23.5685180575"
"30","2017-04-01","0.0","0.0","0.0","0.0","-46.7536366815","-23.5685180575"
"30","2017-04-02","0.0","0.0","0.0","0.0","-46.7536366815","-23.5685180575"
"30","2017-04-03","0.0","0.0","0.0","0.0","-46.7536366815","-23.5685180575"
"30","2017-04-04","","","","-1.0","-46.7536366815","-23.5685180575"
"30","2017-04-05","0.0","0.0","0.0","-288.0","-46.7536366815","-23.5685180575"
"30","2017-04-06","4.07","68.81","18.02","-288.0","-46.7536366815","-23.5685180575"
"30","2017-04-07","10.73","143.72","45.76","-288.0","-46.7536366815","-23.5685180575"
"30","2017-04-08","0.0","0.0","0.0","-287.0","-46.7536366815","-23.5685180575"
"30","2017-04-09","","","","-1.0","-46.7536366815","-23.5685180575"
"30","2017-04-10","0.0","0.85","0.06","-288.0","-46.7536366815","-23.5685180575"
"30","2017-04-11","0.0","0.05","0.0","-288.0","-46.7536366815","-23.5685180575"
"30","2017-04-12","0.0","0.39","0.01","-287.0","-46.7536366815","-23.5685180575"
"30","2017-04-13","0.0","0.0","0.0","0.0","-46.7536366815","-23.5685180575"
"30","2017-04-14","0.0","0.0","0.0","0.0","-46.7536366815","-23.5685180575"
"30","2017-04-15","0.0","0.0","0.0","0.0","-46.7536366815","-23.5685180575"
"30","2017-04-16","","","","-1.0","-46.7536366815","-23.5685180575"
"30","2017-04-17","0.11","2.08","0.63","-287.0","-46.7536366815","-23.5685180575"
"30","2017-04-18","0.0","0.0","0.0","0.0","-46.7536366815","-23.5685180575"
"30","2017-04-19","0.0","0.0","0.0","0.0","-46.7536366815","-23.5685180575"
"30","2017-04-20","","","","-1.0","-46.7536366815","-23.5685180575"
"30","2017-04-21","4.94","91.07","33.09","-288.0","-46.7536366815","-23.5685180575"
"30","2017-04-22","1.09","8.19","3.05","-287.0","-46.7536366815","-23.5685180575"
"30","2017-04-23","0.0","0.0","0.0","0.0","-46.7536366815","-23.5685180575"
"30","2017-04-24","0.0","0.0","0.0","0.0","-46.7536366815","-23.5685180575"
"30","2017-04-25","","","","-1.0","-46.7536366815","-23.5685180575"
"30","2017-04-26","5.78","50.96","19.64","-288.0","-46.7536366815","-23.5685180575"
"30","2017-04-27","1.14","6.08","2.7","-287.0","-46.7536366815","-23.5685180575"
"30","2017-04-28","0.0","0.0","0.0","0.0","-46.7536366815","-23.5685180575"
"30","2017-04-29","0.0","0.0","0.0","0.0","-46.7536366815","-23.5685180575"
"30","2017-04-30","0.0","0.0","0.0","0.0","-46.7536366815","-23.5685180575"
"30","2017-05-01","","","","-1.0","-46.7536366815","-23.5685180575"
"30","2017-05-02","0.0","0.1","0.0","-287.0","-46.7536366815","-23.5685180575"
"30","2017-05-03","0.0","0.0","0.0","0.0","-46.7536366815","-23.5685180575"
"30","2017-05-04","","","","-1.0","-46.7536366815","-23.5685180575"
"30","2017-05-05","5.52","61.67","24.01","-288.0","-46.7536366815","-23.5685180575"
"30","2017-05-06","0.41","3.42","1.37","-288.0","-46.7536366815","-23.5685180575"
"30","2017-05-07","0.0","0.06","0.0","-287.0","-46.7536366815","-23.5685180575"
"30","2017-05-08","0.0","0.0","0.0","0.0","-46.7536366815","-23.5685180575"
"30","2017-05-09","0.0","0.0","0.0","0.0","-46.7536366815","-23.5685180575"
"30","2017-05-10","0.0","0.0","0.0","0.0","-46.7536366815","-23.5685180575"
"30","2017-05-11","0.0","0.0","0.0","0.0","-46.7536366815","-23.5685180575"
"30","2017-05-12","0.0","0.0","0.0","0.0","-46.7536366815","-23.5685180575"
"30","2017-05-13","","","","-1.0","-46.7536366815","-23.5685180575"
"30","2017-05-14","0.03","1.06","0.26","-287.0","-46.7536366815","-23.5685180575"
"30","2017-05-15","0.0","0.0","0.0","0.0","-46.7536366815","-23.5685180575"
"30","2017-05-16","0.0","0.0","0.0","0.0","-46.7536366815","-23.5685180575"
"30","2017-05-17","","","","-1.0","-46.7536366815","-23.5685180575"
"30","2017-05-18","1.47","14.8","5.5","-288.0","-46.7536366815","-23.5685180575"
"30","2017-05-19","14.43","142.18","50.9","-288.0","-46.7536366815","-23.5685180575"
"30","2017-05-20","0.38","2.83","1.22","-288.0","-46.7536366815","-23.5685180575"
"30","2017-05-21","10.61","76.82","28.73","-288.0","-46.7536366815","-23.5685180575"
"30","2017-05-22","3.46","53.95","16.91","-287.0","-46.7536366815","-23.5685180575"
"30","2017-05-23","0.0","0.0","0.0","0.0","-46.7536366815","-23.5685180575"
"30","2017-05-24","0.0","0.0","0.0","0.0","-46.7536366815","-23.5685180575"
"30","2017-05-25","0.0","0.0","0.0","0.0","-46.7536366815","-23.5685180575"
"30","2017-05-26","0.0","0.0","0.0","0.0","-46.7536366815","-23.5685180575"
"30","2017-05-27","0.0","0.0","0.0","0.0","-46.7536366815","-23.5685180575"
"30","2017-05-28","0.0","0.0","0.0","0.0","-46.7536366815","-23.5685180575"
"30","2017-05-29","0.0","0.0","0.0","0.0","-46.7536366815","-23.5685180575"
"30","2017-05-30","0.0","0.0","0.0","0.0","-46.7536366815","-23.5685180575"
"30","2017-05-31","0.0","0.0","0.0","0.0","-46.7536366815","-23.5685180575"
"30","2017-06-01","0.0","0.0","0.0","0.0","-46.7536366815","-23.5685180575"
"30","2017-06-02","0.0","0.0","0.0","0.0","-46.7536366815","-23.5685180575"
"30","2017-06-03","0.0","0.0","0.0","0.0","-46.7536366815","-23.5685180575"
"30","2017-06-04","","","","-1.0","-46.7536366815","-23.5685180575"
"30","2017-06-05","14.85","121.69","46.84","-288.0","-46.7536366815","-23.5685180575"
"30","2017-06-06","12.54","165.77","55.03","-288.0","-46.7536366815","-23.5685180575"
"30","2017-06-07","5.18","75.69","26.77","-287.0","-46.7536366815","-23.5685180575"
"30","2017-06-08","","","","-1.0","-46.7536366815","-23.5685180575"
"30","2017-06-09","0.08","9.54","1.61","-288.0","-46.7536366815","-23.5685180575"
"30","2017-06-10","0.0","0.0","0.0","-287.0","-46.7536366815","-23.5685180575"
"30","2017-06-11","","","","-1.0","-46.7536366815","-23.5685180575"
"30","2017-06-12","0.0","0.41","0.0","-288.0","-46.7536366815","-23.5685180575"
"30","2017-06-13","7.49","99.17","30.42","-288.0","-46.7536366815","-23.5685180575"
"30","2017-06-14","0.24","8.48","1.61","-287.0","-46.7536366815","-23.5685180575"
"31","2016-10-31","","","","-1.0","-46.6896910333","-23.5634301696"
"31","2016-11-01","0.0","0.03","0.0","-288.0","-46.6896910333","-23.5634301696"
"31","2016-11-02","0.08","8.93","1.32","-288.0","-46.6896910333","-23.5634301696"
"31","2016-11-03","0.85","86.58","16.28","-288.0","-46.6896910333","-23.5634301696"
"31","2016-11-04","0.0","3.27","0.55","-288.0","-46.6896910333","-23.5634301696"
"31","2016-11-05","0.0","0.01","0.0","-288.0","-46.6896910333","-23.5634301696"
"31","2016-11-06","0.06","52.2","9.33","-288.0","-46.6896910333","-23.5634301696"
"31","2016-11-07","0.0","0.68","0.0","-288.0","-46.6896910333","-23.5634301696"
"31","2016-11-08","0.0","0.59","0.01","-288.0","-46.6896910333","-23.5634301696"
"31","2016-11-09","3.88","71.59","19.68","-288.0","-46.6896910333","-23.5634301696"
"31","2016-11-10","1.6","40.98","9.26","-288.0","-46.6896910333","-23.5634301696"
"31","2016-11-11","0.0","14.65","1.0","-288.0","-46.6896910333","-23.5634301696"
"31","2016-11-12","0.02","11.12","1.08","-288.0","-46.6896910333","-23.5634301696"
"31","2016-11-13","8.54","77.02","31.0","-288.0","-46.6896910333","-23.5634301696"
"31","2016-11-14","5.88","43.96","16.57","-287.0","-46.6896910333","-23.5634301696"
"31","2016-11-15","","","","-1.0","-46.6896910333","-23.5634301696"
"31","2016-11-16","0.85","16.29","5.63","-288.0","-46.6896910333","-23.5634301696"
"31","2016-11-17","0.03","28.82","3.59","-288.0","-46.6896910333","-23.5634301696"
"31","2016-11-18","0.0","1.21","0.15","-287.0","-46.6896910333","-23.5634301696"
"31","2016-11-19","0.0","0.0","0.0","0.0","-46.6896910333","-23.5634301696"
"31","2016-11-20","0.0","0.0","0.0","0.0","-46.6896910333","-23.5634301696"
"31","2016-11-21","0.0","0.0","0.0","0.0","-46.6896910333","-23.5634301696"
"31","2016-11-22","","","","-1.0","-46.6896910333","-23.5634301696"
"31","2016-11-23","0.11","14.42","2.2","-288.0","-46.6896910333","-23.5634301696"
"31","2016-11-24","0.0","0.01","0.0","-287.0","-46.6896910333","-23.5634301696"
"31","2016-11-25","0.0","0.0","0.0","0.0","-46.6896910333","-23.5634301696"
"31","2016-11-26","","","","-1.0","-46.6896910333","-23.5634301696"
"31","2016-11-27","0.09","20.29","2.28","-288.0","-46.6896910333","-23.5634301696"
"31","2016-11-28","0.02","68.56","13.32","-288.0","-46.6896910333","-23.5634301696"
"31","2016-11-29","2.48","117.85","19.45","-288.0","-46.6896910333","-23.5634301696"
"31","2016-11-30","0.0","0.0","0.0","-287.0","-46.6896910333","-23.5634301696"
"31","2016-12-01","0.0","0.0","0.0","0.0","-46.6896910333","-23.5634301696"
"31","2016-12-02","","","","-1.0","-46.6896910333","-23.5634301696"
"31","2016-12-03","3.91","49.87","16.21","-288.0","-46.6896910333","-23.5634301696"
"31","2016-12-04","0.96","22.33","5.28","-288.0","-46.6896910333","-23.5634301696"
"31","2016-12-05","0.1","2.93","0.72","-287.0","-46.6896910333","-23.5634301696"
"31","2016-12-06","","","","-1.0","-46.6896910333","-23.5634301696"
"31","2016-12-07","0.21","28.28","3.76","-288.0","-46.6896910333","-23.5634301696"
"31","2016-12-08","0.0","0.24","0.0","-288.0","-46.6896910333","-23.5634301696"
"31","2016-12-09","0.16","4.11","0.81","-288.0","-46.6896910333","-23.5634301696"
"31","2016-12-10","0.84","44.45","8.55","-288.0","-46.6896910333","-23.5634301696"
"31","2016-12-11","1.56","54.43","13.36","-288.0","-46.6896910333","-23.5634301696"
"31","2016-12-12","3.84","72.65","20.78","-288.0","-46.6896910333","-23.5634301696"
"31","2016-12-13","0.0","4.22","0.14","-288.0","-46.6896910333","-23.5634301696"
"31","2016-12-14","0.0","0.44","0.0","-288.0","-46.6896910333","-23.5634301696"
"31","2016-12-15","0.0","0.0","0.0","-287.0","-46.6896910333","-23.5634301696"
"31","2016-12-16","0.0","0.0","0.0","0.0","-46.6896910333","-23.5634301696"
"31","2016-12-17","","","","-1.0","-46.6896910333","-23.5634301696"
"31","2016-12-18","0.0","96.57","18.05","-288.0","-46.6896910333","-23.5634301696"
"31","2016-12-19","0.14","48.97","5.41","-288.0","-46.6896910333","-23.5634301696"
"31","2016-12-20","0.22","13.75","2.11","-288.0","-46.6896910333","-23.5634301696"
"31","2016-12-21","0.65","97.8","17.48","-288.0","-46.6896910333","-23.5634301696"
"31","2016-12-22","0.0","0.0","0.0","-288.0","-46.6896910333","-23.5634301696"
"31","2016-12-23","0.58","22.89","4.2","-288.0","-46.6896910333","-23.5634301696"
"31","2016-12-24","0.36","25.52","4.5","-288.0","-46.6896910333","-23.5634301696"
"31","2016-12-25","0.0","0.23","0.0","-288.0","-46.6896910333","-23.5634301696"
"31","2016-12-26","0.0","0.11","0.0","-288.0","-46.6896910333","-23.5634301696"
"31","2016-12-27","0.0","0.53","0.0","-288.0","-46.6896910333","-23.5634301696"
"31","2016-12-28","0.0","6.38","0.71","-288.0","-46.6896910333","-23.5634301696"
"31","2016-12-29","0.56","56.43","14.69","-288.0","-46.6896910333","-23.5634301696"
"31","2016-12-30","0.0","0.43","0.0","-288.0","-46.6896910333","-23.5634301696"
"31","2016-12-31","0.01","18.09","3.3","-287.0","-46.6896910333","-23.5634301696"
"31","2017-01-01","","","","-1.0","-46.6896910333","-23.5634301696"
"31","2017-01-02","1.35","40.13","9.25","-288.0","-46.6896910333","-23.5634301696"
"31","2017-01-03","0.88","24.76","6.29","-288.0","-46.6896910333","-23.5634301696"
"31","2017-01-04","0.0","0.63","0.05","-288.0","-46.6896910333","-23.5634301696"
"31","2017-01-05","0.0","0.67","0.02","-288.0","-46.6896910333","-23.5634301696"
"31","2017-01-06","0.27","13.45","3.47","-288.0","-46.6896910333","-23.5634301696"
"31","2017-01-07","0.4","48.22","6.32","-288.0","-46.6896910333","-23.5634301696"
"31","2017-01-08","0.0","38.82","2.96","-288.0","-46.6896910333","-23.5634301696"
"31","2017-01-09","3.22","64.19","17.98","-288.0","-46.6896910333","-23.5634301696"
"31","2017-01-10","1.0","19.75","5.76","-288.0","-46.6896910333","-23.5634301696"
"31","2017-01-11","0.77","12.47","3.31","-288.0","-46.6896910333","-23.5634301696"
"31","2017-01-12","0.0","5.7","0.74","-288.0","-46.6896910333","-23.5634301696"
"31","2017-01-13","0.0","0.91","0.06","-288.0","-46.6896910333","-23.5634301696"
"31","2017-01-14","0.0","11.11","0.55","-288.0","-46.6896910333","-23.5634301696"
"31","2017-01-15","0.0","20.91","2.06","-288.0","-46.6896910333","-23.5634301696"
"31","2017-01-16","4.18","134.48","32.09","-288.0","-46.6896910333","-23.5634301696"
"31","2017-01-17","6.98","83.14","26.4","-288.0","-46.6896910333","-23.5634301696"
"31","2017-01-18","5.4","149.31","35.79","-288.0","-46.6896910333","-23.5634301696"
"31","2017-01-19","3.43","60.2","18.02","-288.0","-46.6896910333","-23.5634301696"
"31","2017-01-20","5.87","164.48","37.34","-288.0","-46.6896910333","-23.5634301696"
"31","2017-01-21","6.19","188.19","51.04","-288.0","-46.6896910333","-23.5634301696"
"31","2017-01-22","2.88","43.95","13.77","-288.0","-46.6896910333","-23.5634301696"
"31","2017-01-23","0.0","17.01","1.86","-288.0","-46.6896910333","-23.5634301696"
"31","2017-01-24","0.01","34.2","5.99","-288.0","-46.6896910333","-23.5634301696"
"31","2017-01-25","0.04","8.82","1.62","-288.0","-46.6896910333","-23.5634301696"
"31","2017-01-26","4.81","57.49","19.92","-288.0","-46.6896910333","-23.5634301696"
"31","2017-01-27","1.87","62.29","15.84","-288.0","-46.6896910333","-23.5634301696"
"31","2017-01-28","0.0","4.78","0.31","-288.0","-46.6896910333","-23.5634301696"
"31","2017-01-29","0.0","5.8","0.3","-288.0","-46.6896910333","-23.5634301696"
"31","2017-01-30","0.19","12.65","2.54","-288.0","-46.6896910333","-23.5634301696"
"31","2017-01-31","0.99","29.4","5.76","-288.0","-46.6896910333","-23.5634301696"
"31","2017-02-01","3.04","150.59","30.86","-288.0","-46.6896910333","-23.5634301696"
"31","2017-02-02","1.88","39.29","10.64","-288.0","-46.6896910333","-23.5634301696"
"31","2017-02-03","1.47","31.48","7.62","-288.0","-46.6896910333","-23.5634301696"
"31","2017-02-04","0.58","78.5","17.5","-288.0","-46.6896910333","-23.5634301696"
"31","2017-02-05","0.0","0.31","0.0","-288.0","-46.6896910333","-23.5634301696"
"31","2017-02-06","2.84","101.32","21.68","-288.0","-46.6896910333","-23.5634301696"
"31","2017-02-07","0.0","6.45","0.19","-288.0","-46.6896910333","-23.5634301696"
"31","2017-02-08","0.0","0.0","0.0","-287.0","-46.6896910333","-23.5634301696"
"31","2017-02-09","0.0","0.0","0.0","0.0","-46.6896910333","-23.5634301696"
"31","2017-02-10","0.0","0.0","0.0","0.0","-46.6896910333","-23.5634301696"
"31","2017-02-11","0.0","0.0","0.0","0.0","-46.6896910333","-23.5634301696"
"31","2017-02-12","0.0","0.0","0.0","0.0","-46.6896910333","-23.5634301696"
"31","2017-02-13","0.0","0.0","0.0","0.0","-46.6896910333","-23.5634301696"
"31","2017-02-14","0.0","0.0","0.0","0.0","-46.6896910333","-23.5634301696"
"31","2017-02-15","0.0","0.0","0.0","0.0","-46.6896910333","-23.5634301696"
"31","2017-02-16","","","","-1.0","-46.6896910333","-23.5634301696"
"31","2017-02-17","0.0","0.3","0.0","-288.0","-46.6896910333","-23.5634301696"
"31","2017-02-18","0.0","0.01","0.0","-287.0","-46.6896910333","-23.5634301696"
"31","2017-02-19","0.0","0.0","0.0","0.0","-46.6896910333","-23.5634301696"
"31","2017-02-20","0.0","0.0","0.0","0.0","-46.6896910333","-23.5634301696"
"31","2017-02-21","","","","-1.0","-46.6896910333","-23.5634301696"
"31","2017-02-22","4.16","119.3","35.38","-288.0","-46.6896910333","-23.5634301696"
"31","2017-02-23","0.0","0.59","0.0","-288.0","-46.6896910333","-23.5634301696"
"31","2017-02-24","2.85","131.62","25.77","-288.0","-46.6896910333","-23.5634301696"
"31","2017-02-25","0.01","14.62","2.14","-288.0","-46.6896910333","-23.5634301696"
"31","2017-02-26","0.0","25.56","2.8","-288.0","-46.6896910333","-23.5634301696"
"31","2017-02-27","0.0","7.67","0.51","-288.0","-46.6896910333","-23.5634301696"
"31","2017-02-28","0.0","6.03","0.19","-288.0","-46.6896910333","-23.5634301696"
"31","2017-03-01","0.0","0.2","0.0","-288.0","-46.6896910333","-23.5634301696"
"31","2017-03-02","0.0","24.64","1.37","-288.0","-46.6896910333","-23.5634301696"
"31","2017-03-03","1.54","62.55","13.39","-288.0","-46.6896910333","-23.5634301696"
"31","2017-03-04","0.15","24.62","2.62","-288.0","-46.6896910333","-23.5634301696"
"31","2017-03-05","1.72","106.59","28.79","-288.0","-46.6896910333","-23.5634301696"
"31","2017-03-06","2.34","95.22","14.49","-288.0","-46.6896910333","-23.5634301696"
"31","2017-03-07","0.98","43.33","8.28","-288.0","-46.6896910333","-23.5634301696"
"31","2017-03-08","0.44","22.03","4.92","-288.0","-46.6896910333","-23.5634301696"
"31","2017-03-09","0.0","0.0","0.0","-288.0","-46.6896910333","-23.5634301696"
"31","2017-03-10","0.13","42.21","7.67","-288.0","-46.6896910333","-23.5634301696"
"31","2017-03-11","0.0","1.06","0.01","-288.0","-46.6896910333","-23.5634301696"
"31","2017-03-12","0.0","0.4","0.0","-288.0","-46.6896910333","-23.5634301696"
"31","2017-03-13","0.0","2.37","0.25","-288.0","-46.6896910333","-23.5634301696"
"31","2017-03-14","0.12","18.78","3.12","-288.0","-46.6896910333","-23.5634301696"
"31","2017-03-15","0.01","25.67","2.95","-288.0","-46.6896910333","-23.5634301696"
"31","2017-03-16","0.0","0.14","0.0","-288.0","-46.6896910333","-23.5634301696"
"31","2017-03-17","0.17","66.55","10.24","-288.0","-46.6896910333","-23.5634301696"
"31","2017-03-18","0.05","3.28","0.79","-288.0","-46.6896910333","-23.5634301696"
"31","2017-03-19","0.57","4.43","1.81","-288.0","-46.6896910333","-23.5634301696"
"31","2017-03-20","0.0","0.01","0.0","-287.0","-46.6896910333","-23.5634301696"
"31","2017-03-21","0.0","0.0","0.0","0.0","-46.6896910333","-23.5634301696"
"31","2017-03-22","0.0","0.0","0.0","0.0","-46.6896910333","-23.5634301696"
"31","2017-03-23","","","","-1.0","-46.6896910333","-23.5634301696"
"31","2017-03-24","0.0","0.46","0.0","-288.0","-46.6896910333","-23.5634301696"
"31","2017-03-25","0.03","21.01","2.78","-287.0","-46.6896910333","-23.5634301696"
"31","2017-03-26","","","","-1.0","-46.6896910333","-23.5634301696"
"31","2017-03-27","0.06","9.69","2.03","-288.0","-46.6896910333","-23.5634301696"
"31","2017-03-28","0.0","3.5","0.49","-288.0","-46.6896910333","-23.5634301696"
"31","2017-03-29","0.0","0.19","0.02","-287.0","-46.6896910333","-23.5634301696"
"31","2017-03-30","0.0","0.0","0.0","0.0","-46.6896910333","-23.5634301696"
"31","2017-03-31","0.0","0.0","0.0","0.0","-46.6896910333","-23.5634301696"
"31","2017-04-01","0.0","0.0","0.0","0.0","-46.6896910333","-23.5634301696"
"31","2017-04-02","0.0","0.0","0.0","0.0","-46.6896910333","-23.5634301696"
"31","2017-04-03","0.0","0.0","0.0","0.0","-46.6896910333","-23.5634301696"
"31","2017-04-04","","","","-1.0","-46.6896910333","-23.5634301696"
"31","2017-04-05","0.0","0.0","0.0","-288.0","-46.6896910333","-23.5634301696"
"31","2017-04-06","2.91","79.21","18.64","-288.0","-46.6896910333","-23.5634301696"
"31","2017-04-07","7.93","175.37","51.06","-288.0","-46.6896910333","-23.5634301696"
"31","2017-04-08","0.0","0.0","0.0","-287.0","-46.6896910333","-23.5634301696"
"31","2017-04-09","","","","-1.0","-46.6896910333","-23.5634301696"
"31","2017-04-10","0.02","35.09","3.99","-288.0","-46.6896910333","-23.5634301696"
"31","2017-04-11","0.0","1.35","0.06","-288.0","-46.6896910333","-23.5634301696"
"31","2017-04-12","0.0","2.12","0.07","-287.0","-46.6896910333","-23.5634301696"
"31","2017-04-13","0.0","0.0","0.0","0.0","-46.6896910333","-23.5634301696"
"31","2017-04-14","0.0","0.0","0.0","0.0","-46.6896910333","-23.5634301696"
"31","2017-04-15","0.0","0.0","0.0","0.0","-46.6896910333","-23.5634301696"
"31","2017-04-16","","","","-1.0","-46.6896910333","-23.5634301696"
"31","2017-04-17","0.06","2.04","0.49","-287.0","-46.6896910333","-23.5634301696"
"31","2017-04-18","0.0","0.0","0.0","0.0","-46.6896910333","-23.5634301696"
"31","2017-04-19","0.0","0.0","0.0","0.0","-46.6896910333","-23.5634301696"
"31","2017-04-20","","","","-1.0","-46.6896910333","-23.5634301696"
"31","2017-04-21","2.79","90.89","26.29","-288.0","-46.6896910333","-23.5634301696"
"31","2017-04-22","0.65","7.65","2.64","-287.0","-46.6896910333","-23.5634301696"
"31","2017-04-23","0.0","0.0","0.0","0.0","-46.6896910333","-23.5634301696"
"31","2017-04-24","0.0","0.0","0.0","0.0","-46.6896910333","-23.5634301696"
"31","2017-04-25","","","","-1.0","-46.6896910333","-23.5634301696"
"31","2017-04-26","4.34","51.15","16.1","-288.0","-46.6896910333","-23.5634301696"
"31","2017-04-27","0.86","7.11","2.82","-287.0","-46.6896910333","-23.5634301696"
"31","2017-04-28","0.0","0.0","0.0","0.0","-46.6896910333","-23.5634301696"
"31","2017-04-29","0.0","0.0","0.0","0.0","-46.6896910333","-23.5634301696"
"31","2017-04-30","0.0","0.0","0.0","0.0","-46.6896910333","-23.5634301696"
"31","2017-05-01","","","","-1.0","-46.6896910333","-23.5634301696"
"31","2017-05-02","0.0","0.16","0.01","-287.0","-46.6896910333","-23.5634301696"
"31","2017-05-03","0.0","0.0","0.0","0.0","-46.6896910333","-23.5634301696"
"31","2017-05-04","","","","-1.0","-46.6896910333","-23.5634301696"
"31","2017-05-05","2.82","66.13","21.47","-288.0","-46.6896910333","-23.5634301696"
"31","2017-05-06","0.5","11.33","2.65","-288.0","-46.6896910333","-23.5634301696"
"31","2017-05-07","0.0","0.15","0.0","-287.0","-46.6896910333","-23.5634301696"
"31","2017-05-08","0.0","0.0","0.0","0.0","-46.6896910333","-23.5634301696"
"31","2017-05-09","0.0","0.0","0.0","0.0","-46.6896910333","-23.5634301696"
"31","2017-05-10","0.0","0.0","0.0","0.0","-46.6896910333","-23.5634301696"
"31","2017-05-11","0.0","0.0","0.0","0.0","-46.6896910333","-23.5634301696"
"31","2017-05-12","0.0","0.0","0.0","0.0","-46.6896910333","-23.5634301696"
"31","2017-05-13","","","","-1.0","-46.6896910333","-23.5634301696"
"31","2017-05-14","0.0","1.41","0.21","-287.0","-46.6896910333","-23.5634301696"
"31","2017-05-15","0.0","0.0","0.0","0.0","-46.6896910333","-23.5634301696"
"31","2017-05-16","0.0","0.0","0.0","0.0","-46.6896910333","-23.5634301696"
"31","2017-05-17","","","","-1.0","-46.6896910333","-23.5634301696"
"31","2017-05-18","0.81","13.77","4.07","-288.0","-46.6896910333","-23.5634301696"
"31","2017-05-19","10.79","159.93","51.62","-288.0","-46.6896910333","-23.5634301696"
"31","2017-05-20","0.31","3.58","1.15","-288.0","-46.6896910333","-23.5634301696"
"31","2017-05-21","9.1","88.83","29.73","-288.0","-46.6896910333","-23.5634301696"
"31","2017-05-22","3.52","66.13","18.92","-287.0","-46.6896910333","-23.5634301696"
"31","2017-05-23","0.0","0.0","0.0","0.0","-46.6896910333","-23.5634301696"
"31","2017-05-24","0.0","0.0","0.0","0.0","-46.6896910333","-23.5634301696"
"31","2017-05-25","0.0","0.0","0.0","0.0","-46.6896910333","-23.5634301696"
"31","2017-05-26","0.0","0.0","0.0","0.0","-46.6896910333","-23.5634301696"
"31","2017-05-27","0.0","0.0","0.0","0.0","-46.6896910333","-23.5634301696"
"31","2017-05-28","0.0","0.0","0.0","0.0","-46.6896910333","-23.5634301696"
"31","2017-05-29","0.0","0.0","0.0","0.0","-46.6896910333","-23.5634301696"
"31","2017-05-30","0.0","0.0","0.0","0.0","-46.6896910333","-23.5634301696"
"31","2017-05-31","0.0","0.0","0.0","0.0","-46.6896910333","-23.5634301696"
"31","2017-06-01","0.0","0.0","0.0","0.0","-46.6896910333","-23.5634301696"
"31","2017-06-02","0.0","0.0","0.0","0.0","-46.6896910333","-23.5634301696"
"31","2017-06-03","0.0","0.0","0.0","0.0","-46.6896910333","-23.5634301696"
"31","2017-06-04","","","","-1.0","-46.6896910333","-23.5634301696"
"31","2017-06-05","10.84","144.08","45.56","-288.0","-46.6896910333","-23.5634301696"
"31","2017-06-06","10.66","171.06","51.39","-288.0","-46.6896910333","-23.5634301696"
"31","2017-06-07","3.24","77.47","21.33","-287.0","-46.6896910333","-23.5634301696"
"31","2017-06-08","","","","-1.0","-46.6896910333","-23.5634301696"
"31","2017-06-09","0.1","10.81","1.36","-288.0","-46.6896910333","-23.5634301696"
"31","2017-06-10","0.0","0.0","0.0","-287.0","-46.6896910333","-23.5634301696"
"31","2017-06-11","","","","-1.0","-46.6896910333","-23.5634301696"
"31","2017-06-12","0.0","0.09","0.0","-288.0","-46.6896910333","-23.5634301696"
"31","2017-06-13","4.84","133.21","29.54","-288.0","-46.6896910333","-23.5634301696"
"31","2017-06-14","0.43","14.66","2.54","-287.0","-46.6896910333","-23.5634301696"
"32","2016-10-31","","","","-1.0","-46.6152656507","-23.5642214062"
"32","2016-11-01","0.0","0.08","0.0","-288.0","-46.6152656507","-23.5642214062"
"32","2016-11-02","0.02","6.48","0.98","-288.0","-46.6152656507","-23.5642214062"
"32","2016-11-03","1.26","104.23","27.35","-288.0","-46.6152656507","-23.5642214062"
"32","2016-11-04","0.03","3.39","0.62","-288.0","-46.6152656507","-23.5642214062"
"32","2016-11-05","0.0","0.01","0.0","-288.0","-46.6152656507","-23.5642214062"
"32","2016-11-06","0.6","48.86","8.69","-288.0","-46.6152656507","-23.5642214062"
"32","2016-11-07","0.0","1.5","0.01","-288.0","-46.6152656507","-23.5642214062"
"32","2016-11-08","0.0","1.25","0.0","-288.0","-46.6152656507","-23.5642214062"
"32","2016-11-09","3.58","74.74","20.16","-288.0","-46.6152656507","-23.5642214062"
"32","2016-11-10","1.54","42.8","9.69","-288.0","-46.6152656507","-23.5642214062"
"32","2016-11-11","0.0","22.43","1.41","-288.0","-46.6152656507","-23.5642214062"
"32","2016-11-12","0.01","27.5","2.08","-288.0","-46.6152656507","-23.5642214062"
"32","2016-11-13","8.68","78.79","32.42","-288.0","-46.6152656507","-23.5642214062"
"32","2016-11-14","5.48","42.26","16.63","-287.0","-46.6152656507","-23.5642214062"
"32","2016-11-15","","","","-1.0","-46.6152656507","-23.5642214062"
"32","2016-11-16","0.17","27.29","4.67","-288.0","-46.6152656507","-23.5642214062"
"32","2016-11-17","0.04","40.86","4.03","-288.0","-46.6152656507","-23.5642214062"
"32","2016-11-18","0.0","4.0","0.35","-287.0","-46.6152656507","-23.5642214062"
"32","2016-11-19","0.0","0.0","0.0","0.0","-46.6152656507","-23.5642214062"
"32","2016-11-20","0.0","0.0","0.0","0.0","-46.6152656507","-23.5642214062"
"32","2016-11-21","0.0","0.0","0.0","0.0","-46.6152656507","-23.5642214062"
"32","2016-11-22","","","","-1.0","-46.6152656507","-23.5642214062"
"32","2016-11-23","0.21","17.36","2.7","-288.0","-46.6152656507","-23.5642214062"
"32","2016-11-24","0.0","0.02","0.0","-287.0","-46.6152656507","-23.5642214062"
"32","2016-11-25","0.0","0.0","0.0","0.0","-46.6152656507","-23.5642214062"
"32","2016-11-26","","","","-1.0","-46.6152656507","-23.5642214062"
"32","2016-11-27","0.1","21.76","1.85","-288.0","-46.6152656507","-23.5642214062"
"32","2016-11-28","0.34","89.89","26.58","-288.0","-46.6152656507","-23.5642214062"
"32","2016-11-29","2.3","142.7","31.1","-288.0","-46.6152656507","-23.5642214062"
"32","2016-11-30","0.0","0.0","0.0","-287.0","-46.6152656507","-23.5642214062"
"32","2016-12-01","0.0","0.0","0.0","0.0","-46.6152656507","-23.5642214062"
"32","2016-12-02","","","","-1.0","-46.6152656507","-23.5642214062"
"32","2016-12-03","3.07","46.55","15.26","-288.0","-46.6152656507","-23.5642214062"
"32","2016-12-04","0.72","21.35","5.18","-288.0","-46.6152656507","-23.5642214062"
"32","2016-12-05","0.06","3.66","0.88","-287.0","-46.6152656507","-23.5642214062"
"32","2016-12-06","","","","-1.0","-46.6152656507","-23.5642214062"
"32","2016-12-07","0.18","40.48","7.22","-288.0","-46.6152656507","-23.5642214062"
"32","2016-12-08","0.0","0.24","0.0","-288.0","-46.6152656507","-23.5642214062"
"32","2016-12-09","0.1","7.1","0.89","-288.0","-46.6152656507","-23.5642214062"
"32","2016-12-10","0.83","51.83","6.92","-288.0","-46.6152656507","-23.5642214062"
"32","2016-12-11","0.98","47.16","10.61","-288.0","-46.6152656507","-23.5642214062"
"32","2016-12-12","2.31","86.48","18.46","-288.0","-46.6152656507","-23.5642214062"
"32","2016-12-13","0.0","6.33","0.15","-288.0","-46.6152656507","-23.5642214062"
"32","2016-12-14","0.0","0.27","0.0","-288.0","-46.6152656507","-23.5642214062"
"32","2016-12-15","0.0","0.0","0.0","-287.0","-46.6152656507","-23.5642214062"
"32","2016-12-16","0.0","0.0","0.0","0.0","-46.6152656507","-23.5642214062"
"32","2016-12-17","","","","-1.0","-46.6152656507","-23.5642214062"
"32","2016-12-18","0.0","54.7","3.5","-288.0","-46.6152656507","-23.5642214062"
"32","2016-12-19","0.03","16.71","1.06","-288.0","-46.6152656507","-23.5642214062"
"32","2016-12-20","0.38","80.98","12.69","-288.0","-46.6152656507","-23.5642214062"
"32","2016-12-21","1.48","118.56","31.08","-288.0","-46.6152656507","-23.5642214062"
"32","2016-12-22","0.0","0.13","0.0","-288.0","-46.6152656507","-23.5642214062"
"32","2016-12-23","0.5","75.31","10.17","-288.0","-46.6152656507","-23.5642214062"
"32","2016-12-24","0.12","15.55","3.45","-288.0","-46.6152656507","-23.5642214062"
"32","2016-12-25","0.0","0.38","0.0","-288.0","-46.6152656507","-23.5642214062"
"32","2016-12-26","0.0","7.81","0.57","-288.0","-46.6152656507","-23.5642214062"
"32","2016-12-27","0.0","0.63","0.0","-288.0","-46.6152656507","-23.5642214062"
"32","2016-12-28","0.0","5.09","0.31","-288.0","-46.6152656507","-23.5642214062"
"32","2016-12-29","1.04","71.13","17.74","-288.0","-46.6152656507","-23.5642214062"
"32","2016-12-30","0.0","0.62","0.0","-288.0","-46.6152656507","-23.5642214062"
"32","2016-12-31","0.0","7.41","0.23","-287.0","-46.6152656507","-23.5642214062"
"32","2017-01-01","","","","-1.0","-46.6152656507","-23.5642214062"
"32","2017-01-02","0.99","66.35","10.74","-288.0","-46.6152656507","-23.5642214062"
"32","2017-01-03","0.71","51.72","7.42","-288.0","-46.6152656507","-23.5642214062"
"32","2017-01-04","0.0","0.87","0.07","-288.0","-46.6152656507","-23.5642214062"
"32","2017-01-05","0.0","0.86","0.01","-288.0","-46.6152656507","-23.5642214062"
"32","2017-01-06","0.97","14.22","3.95","-288.0","-46.6152656507","-23.5642214062"
"32","2017-01-07","0.47","53.19","12.45","-288.0","-46.6152656507","-23.5642214062"
"32","2017-01-08","0.0","115.5","20.8","-288.0","-46.6152656507","-23.5642214062"
"32","2017-01-09","0.59","60.46","7.31","-288.0","-46.6152656507","-23.5642214062"
"32","2017-01-10","0.47","17.86","3.98","-288.0","-46.6152656507","-23.5642214062"
"32","2017-01-11","0.95","79.92","14.34","-288.0","-46.6152656507","-23.5642214062"
"32","2017-01-12","0.0","7.09","0.57","-288.0","-46.6152656507","-23.5642214062"
"32","2017-01-13","0.0","1.89","0.12","-288.0","-46.6152656507","-23.5642214062"
"32","2017-01-14","0.0","0.19","0.0","-288.0","-46.6152656507","-23.5642214062"
"32","2017-01-15","0.52","54.22","14.17","-288.0","-46.6152656507","-23.5642214062"
"32","2017-01-16","3.44","239.28","55.23","-288.0","-46.6152656507","-23.5642214062"
"32","2017-01-17","8.13","150.71","46.11","-288.0","-46.6152656507","-23.5642214062"
"32","2017-01-18","6.11","210.26","44.76","-288.0","-46.6152656507","-23.5642214062"
"32","2017-01-19","3.17","69.64","16.53","-288.0","-46.6152656507","-23.5642214062"
"32","2017-01-20","6.5","165.37","49.11","-288.0","-46.6152656507","-23.5642214062"
"32","2017-01-21","5.62","206.61","43.23","-288.0","-46.6152656507","-23.5642214062"
"32","2017-01-22","2.69","44.49","13.88","-288.0","-46.6152656507","-23.5642214062"
"32","2017-01-23","0.05","60.71","4.53","-288.0","-46.6152656507","-23.5642214062"
"32","2017-01-24","0.55","46.2","9.81","-288.0","-46.6152656507","-23.5642214062"
"32","2017-01-25","0.08","9.6","1.72","-288.0","-46.6152656507","-23.5642214062"
"32","2017-01-26","3.24","54.83","17.44","-288.0","-46.6152656507","-23.5642214062"
"32","2017-01-27","0.55","77.46","12.68","-288.0","-46.6152656507","-23.5642214062"
"32","2017-01-28","0.0","1.06","0.04","-288.0","-46.6152656507","-23.5642214062"
"32","2017-01-29","0.0","2.42","0.11","-288.0","-46.6152656507","-23.5642214062"
"32","2017-01-30","0.31","24.75","4.4","-288.0","-46.6152656507","-23.5642214062"
"32","2017-01-31","0.45","11.62","2.82","-288.0","-46.6152656507","-23.5642214062"
"32","2017-02-01","2.38","155.7","35.7","-288.0","-46.6152656507","-23.5642214062"
"32","2017-02-02","1.11","42.56","8.98","-288.0","-46.6152656507","-23.5642214062"
"32","2017-02-03","0.9","26.42","5.88","-288.0","-46.6152656507","-23.5642214062"
"32","2017-02-04","0.29","59.83","8.18","-288.0","-46.6152656507","-23.5642214062"
"32","2017-02-05","0.0","0.12","0.0","-288.0","-46.6152656507","-23.5642214062"
"32","2017-02-06","2.51","89.47","19.4","-288.0","-46.6152656507","-23.5642214062"
"32","2017-02-07","0.0","4.03","0.37","-288.0","-46.6152656507","-23.5642214062"
"32","2017-02-08","0.0","0.0","0.0","-287.0","-46.6152656507","-23.5642214062"
"32","2017-02-09","0.0","0.0","0.0","0.0","-46.6152656507","-23.5642214062"
"32","2017-02-10","0.0","0.0","0.0","0.0","-46.6152656507","-23.5642214062"
"32","2017-02-11","0.0","0.0","0.0","0.0","-46.6152656507","-23.5642214062"
"32","2017-02-12","0.0","0.0","0.0","0.0","-46.6152656507","-23.5642214062"
"32","2017-02-13","0.0","0.0","0.0","0.0","-46.6152656507","-23.5642214062"
"32","2017-02-14","0.0","0.0","0.0","0.0","-46.6152656507","-23.5642214062"
"32","2017-02-15","0.0","0.0","0.0","0.0","-46.6152656507","-23.5642214062"
"32","2017-02-16","","","","-1.0","-46.6152656507","-23.5642214062"
"32","2017-02-17","0.0","0.39","0.0","-288.0","-46.6152656507","-23.5642214062"
"32","2017-02-18","0.0","0.0","0.0","-287.0","-46.6152656507","-23.5642214062"
"32","2017-02-19","0.0","0.0","0.0","0.0","-46.6152656507","-23.5642214062"
"32","2017-02-20","0.0","0.0","0.0","0.0","-46.6152656507","-23.5642214062"
"32","2017-02-21","","","","-1.0","-46.6152656507","-23.5642214062"
"32","2017-02-22","0.56","104.34","18.48","-288.0","-46.6152656507","-23.5642214062"
"32","2017-02-23","0.0","2.22","0.25","-288.0","-46.6152656507","-23.5642214062"
"32","2017-02-24","3.59","146.54","43.39","-288.0","-46.6152656507","-23.5642214062"
"32","2017-02-25","0.06","27.22","2.99","-288.0","-46.6152656507","-23.5642214062"
"32","2017-02-26","0.0","17.59","0.96","-288.0","-46.6152656507","-23.5642214062"
"32","2017-02-27","0.0","15.22","2.08","-288.0","-46.6152656507","-23.5642214062"
"32","2017-02-28","0.0","31.87","2.43","-288.0","-46.6152656507","-23.5642214062"
"32","2017-03-01","0.0","0.35","0.0","-288.0","-46.6152656507","-23.5642214062"
"32","2017-03-02","0.0","82.86","6.92","-288.0","-46.6152656507","-23.5642214062"
"32","2017-03-03","1.24","58.87","12.4","-288.0","-46.6152656507","-23.5642214062"
"32","2017-03-04","0.0","35.21","1.98","-288.0","-46.6152656507","-23.5642214062"
"32","2017-03-05","0.63","80.36","12.31","-288.0","-46.6152656507","-23.5642214062"
"32","2017-03-06","1.56","96.73","13.03","-288.0","-46.6152656507","-23.5642214062"
"32","2017-03-07","0.55","105.49","24.33","-288.0","-46.6152656507","-23.5642214062"
"32","2017-03-08","1.17","33.2","7.97","-288.0","-46.6152656507","-23.5642214062"
"32","2017-03-09","0.0","0.0","0.0","-288.0","-46.6152656507","-23.5642214062"
"32","2017-03-10","0.0","27.62","1.34","-288.0","-46.6152656507","-23.5642214062"
"32","2017-03-11","0.0","1.55","0.02","-288.0","-46.6152656507","-23.5642214062"
"32","2017-03-12","0.0","0.71","0.0","-288.0","-46.6152656507","-23.5642214062"
"32","2017-03-13","0.0","1.0","0.04","-288.0","-46.6152656507","-23.5642214062"
"32","2017-03-14","0.39","33.68","4.82","-288.0","-46.6152656507","-23.5642214062"
"32","2017-03-15","0.07","7.37","1.36","-288.0","-46.6152656507","-23.5642214062"
"32","2017-03-16","0.0","0.3","0.0","-288.0","-46.6152656507","-23.5642214062"
"32","2017-03-17","0.09","89.21","14.59","-288.0","-46.6152656507","-23.5642214062"
"32","2017-03-18","0.02","2.54","0.55","-288.0","-46.6152656507","-23.5642214062"
"32","2017-03-19","0.32","4.95","1.43","-288.0","-46.6152656507","-23.5642214062"
"32","2017-03-20","0.0","0.0","0.0","-287.0","-46.6152656507","-23.5642214062"
"32","2017-03-21","0.0","0.0","0.0","0.0","-46.6152656507","-23.5642214062"
"32","2017-03-22","0.0","0.0","0.0","0.0","-46.6152656507","-23.5642214062"
"32","2017-03-23","","","","-1.0","-46.6152656507","-23.5642214062"
"32","2017-03-24","0.0","0.21","0.0","-288.0","-46.6152656507","-23.5642214062"
"32","2017-03-25","0.0","7.23","1.0","-287.0","-46.6152656507","-23.5642214062"
"32","2017-03-26","","","","-1.0","-46.6152656507","-23.5642214062"
"32","2017-03-27","0.01","10.68","1.84","-288.0","-46.6152656507","-23.5642214062"
"32","2017-03-28","0.0","3.0","0.43","-288.0","-46.6152656507","-23.5642214062"
"32","2017-03-29","0.0","0.1","0.0","-287.0","-46.6152656507","-23.5642214062"
"32","2017-03-30","0.0","0.0","0.0","0.0","-46.6152656507","-23.5642214062"
"32","2017-03-31","0.0","0.0","0.0","0.0","-46.6152656507","-23.5642214062"
"32","2017-04-01","0.0","0.0","0.0","0.0","-46.6152656507","-23.5642214062"
"32","2017-04-02","0.0","0.0","0.0","0.0","-46.6152656507","-23.5642214062"
"32","2017-04-03","0.0","0.0","0.0","0.0","-46.6152656507","-23.5642214062"
"32","2017-04-04","","","","-1.0","-46.6152656507","-23.5642214062"
"32","2017-04-05","0.0","0.0","0.0","-288.0","-46.6152656507","-23.5642214062"
"32","2017-04-06","2.18","80.4","16.65","-288.0","-46.6152656507","-23.5642214062"
"32","2017-04-07","5.02","198.64","58.53","-288.0","-46.6152656507","-23.5642214062"
"32","2017-04-08","0.0","0.0","0.0","-287.0","-46.6152656507","-23.5642214062"
"32","2017-04-09","","","","-1.0","-46.6152656507","-23.5642214062"
"32","2017-04-10","0.0","4.08","0.25","-288.0","-46.6152656507","-23.5642214062"
"32","2017-04-11","0.0","3.74","0.25","-288.0","-46.6152656507","-23.5642214062"
"32","2017-04-12","0.0","3.71","0.35","-287.0","-46.6152656507","-23.5642214062"
"32","2017-04-13","0.0","0.0","0.0","0.0","-46.6152656507","-23.5642214062"
"32","2017-04-14","0.0","0.0","0.0","0.0","-46.6152656507","-23.5642214062"
"32","2017-04-15","0.0","0.0","0.0","0.0","-46.6152656507","-23.5642214062"
"32","2017-04-16","","","","-1.0","-46.6152656507","-23.5642214062"
"32","2017-04-17","0.02","2.27","0.45","-287.0","-46.6152656507","-23.5642214062"
"32","2017-04-18","0.0","0.0","0.0","0.0","-46.6152656507","-23.5642214062"
"32","2017-04-19","0.0","0.0","0.0","0.0","-46.6152656507","-23.5642214062"
"32","2017-04-20","","","","-1.0","-46.6152656507","-23.5642214062"
"32","2017-04-21","2.09","54.92","15.45","-288.0","-46.6152656507","-23.5642214062"
"32","2017-04-22","0.69","8.75","2.96","-287.0","-46.6152656507","-23.5642214062"
"32","2017-04-23","0.0","0.0","0.0","0.0","-46.6152656507","-23.5642214062"
"32","2017-04-24","0.0","0.0","0.0","0.0","-46.6152656507","-23.5642214062"
"32","2017-04-25","","","","-1.0","-46.6152656507","-23.5642214062"
"32","2017-04-26","3.42","57.59","16.09","-288.0","-46.6152656507","-23.5642214062"
"32","2017-04-27","0.75","8.1","3.12","-287.0","-46.6152656507","-23.5642214062"
"32","2017-04-28","0.0","0.0","0.0","0.0","-46.6152656507","-23.5642214062"
"32","2017-04-29","0.0","0.0","0.0","0.0","-46.6152656507","-23.5642214062"
"32","2017-04-30","0.0","0.0","0.0","0.0","-46.6152656507","-23.5642214062"
"32","2017-05-01","","","","-1.0","-46.6152656507","-23.5642214062"
"32","2017-05-02","0.0","0.23","0.04","-287.0","-46.6152656507","-23.5642214062"
"32","2017-05-03","0.0","0.0","0.0","0.0","-46.6152656507","-23.5642214062"
"32","2017-05-04","","","","-1.0","-46.6152656507","-23.5642214062"
"32","2017-05-05","1.62","54.31","12.65","-288.0","-46.6152656507","-23.5642214062"
"32","2017-05-06","0.71","32.71","5.44","-288.0","-46.6152656507","-23.5642214062"
"32","2017-05-07","0.0","0.57","0.02","-287.0","-46.6152656507","-23.5642214062"
"32","2017-05-08","0.0","0.0","0.0","0.0","-46.6152656507","-23.5642214062"
"32","2017-05-09","0.0","0.0","0.0","0.0","-46.6152656507","-23.5642214062"
"32","2017-05-10","0.0","0.0","0.0","0.0","-46.6152656507","-23.5642214062"
"32","2017-05-11","0.0","0.0","0.0","0.0","-46.6152656507","-23.5642214062"
"32","2017-05-12","0.0","0.0","0.0","0.0","-46.6152656507","-23.5642214062"
"32","2017-05-13","","","","-1.0","-46.6152656507","-23.5642214062"
"32","2017-05-14","0.0","2.03","0.23","-287.0","-46.6152656507","-23.5642214062"
"32","2017-05-15","0.0","0.0","0.0","0.0","-46.6152656507","-23.5642214062"
"32","2017-05-16","0.0","0.0","0.0","0.0","-46.6152656507","-23.5642214062"
"32","2017-05-17","","","","-1.0","-46.6152656507","-23.5642214062"
"32","2017-05-18","0.38","10.01","2.85","-288.0","-46.6152656507","-23.5642214062"
"32","2017-05-19","8.91","175.95","48.96","-288.0","-46.6152656507","-23.5642214062"
"32","2017-05-20","0.12","2.95","0.95","-288.0","-46.6152656507","-23.5642214062"
"32","2017-05-21","7.97","85.56","27.33","-288.0","-46.6152656507","-23.5642214062"
"32","2017-05-22","3.49","85.82","21.84","-287.0","-46.6152656507","-23.5642214062"
"32","2017-05-23","0.0","0.0","0.0","0.0","-46.6152656507","-23.5642214062"
"32","2017-05-24","0.0","0.0","0.0","0.0","-46.6152656507","-23.5642214062"
"32","2017-05-25","0.0","0.0","0.0","0.0","-46.6152656507","-23.5642214062"
"32","2017-05-26","0.0","0.0","0.0","0.0","-46.6152656507","-23.5642214062"
"32","2017-05-27","0.0","0.0","0.0","0.0","-46.6152656507","-23.5642214062"
"32","2017-05-28","0.0","0.0","0.0","0.0","-46.6152656507","-23.5642214062"
"32","2017-05-29","0.0","0.0","0.0","0.0","-46.6152656507","-23.5642214062"
"32","2017-05-30","0.0","0.0","0.0","0.0","-46.6152656507","-23.5642214062"
"32","2017-05-31","0.0","0.0","0.0","0.0","-46.6152656507","-23.5642214062"
"32","2017-06-01","0.0","0.0","0.0","0.0","-46.6152656507","-23.5642214062"
"32","2017-06-02","0.0","0.0","0.0","0.0","-46.6152656507","-23.5642214062"
"32","2017-06-03","0.0","0.0","0.0","0.0","-46.6152656507","-23.5642214062"
"32","2017-06-04","","","","-1.0","-46.6152656507","-23.5642214062"
"32","2017-06-05","8.18","128.67","39.4","-288.0","-46.6152656507","-23.5642214062"
"32","2017-06-06","9.09","158.64","44.03","-288.0","-46.6152656507","-23.5642214062"
"32","2017-06-07","2.94","66.84","18.7","-287.0","-46.6152656507","-23.5642214062"
"32","2017-06-08","","","","-1.0","-46.6152656507","-23.5642214062"
"32","2017-06-09","0.02","6.14","0.65","-288.0","-46.6152656507","-23.5642214062"
"32","2017-06-10","0.0","0.01","0.0","-287.0","-46.6152656507","-23.5642214062"
"32","2017-06-11","","","","-1.0","-46.6152656507","-23.5642214062"
"32","2017-06-12","0.0","0.19","0.0","-288.0","-46.6152656507","-23.5642214062"
"32","2017-06-13","3.72","130.2","26.04","-288.0","-46.6152656507","-23.5642214062"
"32","2017-06-14","0.36","21.43","3.38","-287.0","-46.6152656507","-23.5642214062"
"33","2016-10-31","","","","-1.0","-46.5408370931","-23.5649770383"
"33","2016-11-01","0.0","0.24","0.0","-288.0","-46.5408370931","-23.5649770383"
"33","2016-11-02","0.0","5.93","0.39","-288.0","-46.5408370931","-23.5649770383"
"33","2016-11-03","0.88","72.04","12.2","-288.0","-46.5408370931","-23.5649770383"
"33","2016-11-04","0.13","6.98","1.05","-288.0","-46.5408370931","-23.5649770383"
"33","2016-11-05","0.0","0.0","0.0","-288.0","-46.5408370931","-23.5649770383"
"33","2016-11-06","0.1","29.81","4.42","-288.0","-46.5408370931","-23.5649770383"
"33","2016-11-07","0.0","1.84","0.02","-288.0","-46.5408370931","-23.5649770383"
"33","2016-11-08","0.0","52.43","2.34","-288.0","-46.5408370931","-23.5649770383"
"33","2016-11-09","3.42","69.38","21.7","-288.0","-46.5408370931","-23.5649770383"
"33","2016-11-10","1.68","37.58","9.25","-288.0","-46.5408370931","-23.5649770383"
"33","2016-11-11","0.0","9.99","0.81","-288.0","-46.5408370931","-23.5649770383"
"33","2016-11-12","0.33","40.57","11.77","-288.0","-46.5408370931","-23.5649770383"
"33","2016-11-13","9.87","74.82","32.8","-288.0","-46.5408370931","-23.5649770383"
"33","2016-11-14","5.75","57.33","18.06","-287.0","-46.5408370931","-23.5649770383"
"33","2016-11-15","","","","-1.0","-46.5408370931","-23.5649770383"
"33","2016-11-16","0.88","62.01","11.43","-288.0","-46.5408370931","-23.5649770383"
"33","2016-11-17","0.08","37.36","4.13","-288.0","-46.5408370931","-23.5649770383"
"33","2016-11-18","0.0","19.26","0.73","-287.0","-46.5408370931","-23.5649770383"
"33","2016-11-19","0.0","0.0","0.0","0.0","-46.5408370931","-23.5649770383"
"33","2016-11-20","0.0","0.0","0.0","0.0","-46.5408370931","-23.5649770383"
"33","2016-11-21","0.0","0.0","0.0","0.0","-46.5408370931","-23.5649770383"
"33","2016-11-22","","","","-1.0","-46.5408370931","-23.5649770383"
"33","2016-11-23","0.32","26.69","3.63","-288.0","-46.5408370931","-23.5649770383"
"33","2016-11-24","0.0","0.18","0.0","-287.0","-46.5408370931","-23.5649770383"
"33","2016-11-25","0.0","0.0","0.0","0.0","-46.5408370931","-23.5649770383"
"33","2016-11-26","","","","-1.0","-46.5408370931","-23.5649770383"
"33","2016-11-27","0.09","22.47","2.06","-288.0","-46.5408370931","-23.5649770383"
"33","2016-11-28","0.57","108.32","28.01","-288.0","-46.5408370931","-23.5649770383"
"33","2016-11-29","3.02","127.72","39.79","-288.0","-46.5408370931","-23.5649770383"
"33","2016-11-30","0.0","0.03","0.0","-287.0","-46.5408370931","-23.5649770383"
"33","2016-12-01","0.0","0.0","0.0","0.0","-46.5408370931","-23.5649770383"
"33","2016-12-02","","","","-1.0","-46.5408370931","-23.5649770383"
"33","2016-12-03","3.08","42.82","12.82","-288.0","-46.5408370931","-23.5649770383"
"33","2016-12-04","0.79","24.15","3.71","-288.0","-46.5408370931","-23.5649770383"
"33","2016-12-05","0.05","3.57","0.8","-287.0","-46.5408370931","-23.5649770383"
"33","2016-12-06","","","","-1.0","-46.5408370931","-23.5649770383"
"33","2016-12-07","0.59","45.27","7.91","-288.0","-46.5408370931","-23.5649770383"
"33","2016-12-08","0.0","0.83","0.01","-288.0","-46.5408370931","-23.5649770383"
"33","2016-12-09","0.18","14.12","1.73","-288.0","-46.5408370931","-23.5649770383"
"33","2016-12-10","0.99","83.76","14.56","-288.0","-46.5408370931","-23.5649770383"
"33","2016-12-11","0.98","33.39","9.02","-288.0","-46.5408370931","-23.5649770383"
"33","2016-12-12","3.52","81.24","21.1","-288.0","-46.5408370931","-23.5649770383"
"33","2016-12-13","0.0","2.15","0.02","-288.0","-46.5408370931","-23.5649770383"
"33","2016-12-14","0.0","1.29","0.01","-288.0","-46.5408370931","-23.5649770383"
"33","2016-12-15","0.0","0.01","0.0","-287.0","-46.5408370931","-23.5649770383"
"33","2016-12-16","0.0","0.0","0.0","0.0","-46.5408370931","-23.5649770383"
"33","2016-12-17","","","","-1.0","-46.5408370931","-23.5649770383"
"33","2016-12-18","0.0","15.86","0.76","-288.0","-46.5408370931","-23.5649770383"
"33","2016-12-19","0.01","63.44","5.4","-288.0","-46.5408370931","-23.5649770383"
"33","2016-12-20","0.54","111.34","24.04","-288.0","-46.5408370931","-23.5649770383"
"33","2016-12-21","1.83","106.35","36.08","-288.0","-46.5408370931","-23.5649770383"
"33","2016-12-22","0.0","0.88","0.06","-288.0","-46.5408370931","-23.5649770383"
"33","2016-12-23","1.17","101.07","18.22","-288.0","-46.5408370931","-23.5649770383"
"33","2016-12-24","0.16","10.67","2.47","-288.0","-46.5408370931","-23.5649770383"
"33","2016-12-25","0.0","0.2","0.0","-288.0","-46.5408370931","-23.5649770383"
"33","2016-12-26","0.0","0.36","0.0","-288.0","-46.5408370931","-23.5649770383"
"33","2016-12-27","0.0","3.47","0.07","-288.0","-46.5408370931","-23.5649770383"
"33","2016-12-28","0.0","1.46","0.04","-288.0","-46.5408370931","-23.5649770383"
"33","2016-12-29","0.5","61.11","15.81","-288.0","-46.5408370931","-23.5649770383"
"33","2016-12-30","0.0","0.7","0.0","-288.0","-46.5408370931","-23.5649770383"
"33","2016-12-31","0.0","1.75","0.03","-287.0","-46.5408370931","-23.5649770383"
"33","2017-01-01","","","","-1.0","-46.5408370931","-23.5649770383"
"33","2017-01-02","1.6","92.57","16.77","-288.0","-46.5408370931","-23.5649770383"
"33","2017-01-03","0.39","59.5","10.12","-288.0","-46.5408370931","-23.5649770383"
"33","2017-01-04","0.0","4.38","0.42","-288.0","-46.5408370931","-23.5649770383"
"33","2017-01-05","0.0","2.24","0.02","-288.0","-46.5408370931","-23.5649770383"
"33","2017-01-06","1.23","18.8","3.91","-288.0","-46.5408370931","-23.5649770383"
"33","2017-01-07","0.66","120.64","16.08","-288.0","-46.5408370931","-23.5649770383"
"33","2017-01-08","0.09","91.7","25.72","-288.0","-46.5408370931","-23.5649770383"
"33","2017-01-09","0.11","43.77","5.24","-288.0","-46.5408370931","-23.5649770383"
"33","2017-01-10","0.47","11.24","3.11","-288.0","-46.5408370931","-23.5649770383"
"33","2017-01-11","1.27","64.44","11.72","-288.0","-46.5408370931","-23.5649770383"
"33","2017-01-12","0.03","5.58","0.55","-288.0","-46.5408370931","-23.5649770383"
"33","2017-01-13","0.0","2.34","0.12","-288.0","-46.5408370931","-23.5649770383"
"33","2017-01-14","0.0","0.17","0.0","-288.0","-46.5408370931","-23.5649770383"
"33","2017-01-15","0.11","39.0","3.76","-288.0","-46.5408370931","-23.5649770383"
"33","2017-01-16","2.45","129.26","34.01","-288.0","-46.5408370931","-23.5649770383"
"33","2017-01-17","12.33","164.56","58.52","-288.0","-46.5408370931","-23.5649770383"
"33","2017-01-18","8.37","175.91","49.21","-288.0","-46.5408370931","-23.5649770383"
"33","2017-01-19","2.6","58.42","12.3","-288.0","-46.5408370931","-23.5649770383"
"33","2017-01-20","6.22","94.95","25.44","-288.0","-46.5408370931","-23.5649770383"
"33","2017-01-21","6.3","207.31","47.11","-288.0","-46.5408370931","-23.5649770383"
"33","2017-01-22","2.64","53.78","16.27","-288.0","-46.5408370931","-23.5649770383"
"33","2017-01-23","0.13","42.66","5.32","-288.0","-46.5408370931","-23.5649770383"
"33","2017-01-24","0.12","42.11","8.05","-288.0","-46.5408370931","-23.5649770383"
"33","2017-01-25","0.08","9.81","1.48","-288.0","-46.5408370931","-23.5649770383"
"33","2017-01-26","4.02","56.99","17.29","-288.0","-46.5408370931","-23.5649770383"
"33","2017-01-27","0.46","61.94","9.05","-288.0","-46.5408370931","-23.5649770383"
"33","2017-01-28","0.0","0.15","0.0","-288.0","-46.5408370931","-23.5649770383"
"33","2017-01-29","0.0","0.38","0.0","-288.0","-46.5408370931","-23.5649770383"
"33","2017-01-30","0.6","19.19","3.77","-288.0","-46.5408370931","-23.5649770383"
"33","2017-01-31","0.24","8.51","1.67","-288.0","-46.5408370931","-23.5649770383"
"33","2017-02-01","2.45","129.97","25.66","-288.0","-46.5408370931","-23.5649770383"
"33","2017-02-02","0.64","24.07","4.36","-288.0","-46.5408370931","-23.5649770383"
"33","2017-02-03","0.22","20.78","3.98","-288.0","-46.5408370931","-23.5649770383"
"33","2017-02-04","0.18","61.02","8.9","-288.0","-46.5408370931","-23.5649770383"
"33","2017-02-05","0.0","0.23","0.03","-288.0","-46.5408370931","-23.5649770383"
"33","2017-02-06","5.19","97.15","31.04","-288.0","-46.5408370931","-23.5649770383"
"33","2017-02-07","0.0","5.2","0.34","-288.0","-46.5408370931","-23.5649770383"
"33","2017-02-08","0.0","0.0","0.0","-287.0","-46.5408370931","-23.5649770383"
"33","2017-02-09","0.0","0.0","0.0","0.0","-46.5408370931","-23.5649770383"
"33","2017-02-10","0.0","0.0","0.0","0.0","-46.5408370931","-23.5649770383"
"33","2017-02-11","0.0","0.0","0.0","0.0","-46.5408370931","-23.5649770383"
"33","2017-02-12","0.0","0.0","0.0","0.0","-46.5408370931","-23.5649770383"
"33","2017-02-13","0.0","0.0","0.0","0.0","-46.5408370931","-23.5649770383"
"33","2017-02-14","0.0","0.0","0.0","0.0","-46.5408370931","-23.5649770383"
"33","2017-02-15","0.0","0.0","0.0","0.0","-46.5408370931","-23.5649770383"
"33","2017-02-16","","","","-1.0","-46.5408370931","-23.5649770383"
"33","2017-02-17","0.0","1.72","0.01","-288.0","-46.5408370931","-23.5649770383"
"33","2017-02-18","0.0","0.0","0.0","-287.0","-46.5408370931","-23.5649770383"
"33","2017-02-19","0.0","0.0","0.0","0.0","-46.5408370931","-23.5649770383"
"33","2017-02-20","0.0","0.0","0.0","0.0","-46.5408370931","-23.5649770383"
"33","2017-02-21","","","","-1.0","-46.5408370931","-23.5649770383"
"33","2017-02-22","0.14","55.05","7.38","-288.0","-46.5408370931","-23.5649770383"
"33","2017-02-23","0.01","51.8","4.32","-288.0","-46.5408370931","-23.5649770383"
"33","2017-02-24","18.33","151.45","60.33","-288.0","-46.5408370931","-23.5649770383"
"33","2017-02-25","0.41","12.4","2.51","-288.0","-46.5408370931","-23.5649770383"
"33","2017-02-26","0.0","59.37","3.85","-288.0","-46.5408370931","-23.5649770383"
"33","2017-02-27","0.01","20.01","3.16","-288.0","-46.5408370931","-23.5649770383"
"33","2017-02-28","0.0","45.41","2.68","-288.0","-46.5408370931","-23.5649770383"
"33","2017-03-01","0.0","0.41","0.0","-288.0","-46.5408370931","-23.5649770383"
"33","2017-03-02","0.21","94.65","10.32","-288.0","-46.5408370931","-23.5649770383"
"33","2017-03-03","1.2","61.69","12.61","-288.0","-46.5408370931","-23.5649770383"
"33","2017-03-04","0.0","26.82","0.93","-288.0","-46.5408370931","-23.5649770383"
"33","2017-03-05","0.6","67.96","10.2","-288.0","-46.5408370931","-23.5649770383"
"33","2017-03-06","1.76","82.7","13.16","-288.0","-46.5408370931","-23.5649770383"
"33","2017-03-07","3.84","93.14","29.48","-288.0","-46.5408370931","-23.5649770383"
"33","2017-03-08","2.12","27.5","8.97","-288.0","-46.5408370931","-23.5649770383"
"33","2017-03-09","0.0","0.0","0.0","-288.0","-46.5408370931","-23.5649770383"
"33","2017-03-10","0.0","72.12","13.15","-288.0","-46.5408370931","-23.5649770383"
"33","2017-03-11","0.0","18.03","0.68","-288.0","-46.5408370931","-23.5649770383"
"33","2017-03-12","0.0","0.85","0.0","-288.0","-46.5408370931","-23.5649770383"
"33","2017-03-13","0.0","12.83","1.72","-288.0","-46.5408370931","-23.5649770383"
"33","2017-03-14","0.88","53.48","7.27","-288.0","-46.5408370931","-23.5649770383"
"33","2017-03-15","0.1","5.0","1.12","-288.0","-46.5408370931","-23.5649770383"
"33","2017-03-16","0.0","0.28","0.0","-288.0","-46.5408370931","-23.5649770383"
"33","2017-03-17","0.39","74.93","10.34","-288.0","-46.5408370931","-23.5649770383"
"33","2017-03-18","0.03","2.73","0.33","-288.0","-46.5408370931","-23.5649770383"
"33","2017-03-19","0.13","3.78","0.88","-288.0","-46.5408370931","-23.5649770383"
"33","2017-03-20","0.0","0.03","0.0","-287.0","-46.5408370931","-23.5649770383"
"33","2017-03-21","0.0","0.0","0.0","0.0","-46.5408370931","-23.5649770383"
"33","2017-03-22","0.0","0.0","0.0","0.0","-46.5408370931","-23.5649770383"
"33","2017-03-23","","","","-1.0","-46.5408370931","-23.5649770383"
"33","2017-03-24","0.0","0.1","0.0","-288.0","-46.5408370931","-23.5649770383"
"33","2017-03-25","0.0","2.98","0.41","-287.0","-46.5408370931","-23.5649770383"
"33","2017-03-26","","","","-1.0","-46.5408370931","-23.5649770383"
"33","2017-03-27","0.02","8.34","1.45","-288.0","-46.5408370931","-23.5649770383"
"33","2017-03-28","0.02","3.88","0.46","-288.0","-46.5408370931","-23.5649770383"
"33","2017-03-29","0.0","0.19","0.03","-287.0","-46.5408370931","-23.5649770383"
"33","2017-03-30","0.0","0.0","0.0","0.0","-46.5408370931","-23.5649770383"
"33","2017-03-31","0.0","0.0","0.0","0.0","-46.5408370931","-23.5649770383"
"33","2017-04-01","0.0","0.0","0.0","0.0","-46.5408370931","-23.5649770383"
"33","2017-04-02","0.0","0.0","0.0","0.0","-46.5408370931","-23.5649770383"
"33","2017-04-03","0.0","0.0","0.0","0.0","-46.5408370931","-23.5649770383"
"33","2017-04-04","","","","-1.0","-46.5408370931","-23.5649770383"
"33","2017-04-05","0.0","0.0","0.0","-288.0","-46.5408370931","-23.5649770383"
"33","2017-04-06","2.32","52.7","13.18","-288.0","-46.5408370931","-23.5649770383"
"33","2017-04-07","12.79","181.31","61.02","-288.0","-46.5408370931","-23.5649770383"
"33","2017-04-08","0.0","0.0","0.0","-287.0","-46.5408370931","-23.5649770383"
"33","2017-04-09","","","","-1.0","-46.5408370931","-23.5649770383"
"33","2017-04-10","0.0","0.76","0.0","-288.0","-46.5408370931","-23.5649770383"
"33","2017-04-11","0.0","0.66","0.0","-288.0","-46.5408370931","-23.5649770383"
"33","2017-04-12","0.0","7.92","0.66","-287.0","-46.5408370931","-23.5649770383"
"33","2017-04-13","0.0","0.0","0.0","0.0","-46.5408370931","-23.5649770383"
"33","2017-04-14","0.0","0.0","0.0","0.0","-46.5408370931","-23.5649770383"
"33","2017-04-15","0.0","0.0","0.0","0.0","-46.5408370931","-23.5649770383"
"33","2017-04-16","","","","-1.0","-46.5408370931","-23.5649770383"
"33","2017-04-17","0.01","1.36","0.28","-287.0","-46.5408370931","-23.5649770383"
"33","2017-04-18","0.0","0.0","0.0","0.0","-46.5408370931","-23.5649770383"
"33","2017-04-19","0.0","0.0","0.0","0.0","-46.5408370931","-23.5649770383"
"33","2017-04-20","","","","-1.0","-46.5408370931","-23.5649770383"
"33","2017-04-21","1.02","38.98","13.19","-288.0","-46.5408370931","-23.5649770383"
"33","2017-04-22","0.43","9.88","2.47","-287.0","-46.5408370931","-23.5649770383"
"33","2017-04-23","0.0","0.0","0.0","0.0","-46.5408370931","-23.5649770383"
"33","2017-04-24","0.0","0.0","0.0","0.0","-46.5408370931","-23.5649770383"
"33","2017-04-25","","","","-1.0","-46.5408370931","-23.5649770383"
"33","2017-04-26","3.36","58.34","14.32","-288.0","-46.5408370931","-23.5649770383"
"33","2017-04-27","0.55","17.4","2.69","-287.0","-46.5408370931","-23.5649770383"
"33","2017-04-28","0.0","0.0","0.0","0.0","-46.5408370931","-23.5649770383"
"33","2017-04-29","0.0","0.0","0.0","0.0","-46.5408370931","-23.5649770383"
"33","2017-04-30","0.0","0.0","0.0","0.0","-46.5408370931","-23.5649770383"
"33","2017-05-01","","","","-1.0","-46.5408370931","-23.5649770383"
"33","2017-05-02","0.0","0.28","0.02","-287.0","-46.5408370931","-23.5649770383"
"33","2017-05-03","0.0","0.0","0.0","0.0","-46.5408370931","-23.5649770383"
"33","2017-05-04","","","","-1.0","-46.5408370931","-23.5649770383"
"33","2017-05-05","1.03","47.19","14.28","-288.0","-46.5408370931","-23.5649770383"
"33","2017-05-06","1.37","29.68","7.27","-288.0","-46.5408370931","-23.5649770383"
"33","2017-05-07","0.0","0.59","0.03","-287.0","-46.5408370931","-23.5649770383"
"33","2017-05-08","0.0","0.0","0.0","0.0","-46.5408370931","-23.5649770383"
"33","2017-05-09","0.0","0.0","0.0","0.0","-46.5408370931","-23.5649770383"
"33","2017-05-10","0.0","0.0","0.0","0.0","-46.5408370931","-23.5649770383"
"33","2017-05-11","0.0","0.0","0.0","0.0","-46.5408370931","-23.5649770383"
"33","2017-05-12","0.0","0.0","0.0","0.0","-46.5408370931","-23.5649770383"
"33","2017-05-13","","","","-1.0","-46.5408370931","-23.5649770383"
"33","2017-05-14","0.0","2.68","0.32","-287.0","-46.5408370931","-23.5649770383"
"33","2017-05-15","0.0","0.0","0.0","0.0","-46.5408370931","-23.5649770383"
"33","2017-05-16","0.0","0.0","0.0","0.0","-46.5408370931","-23.5649770383"
"33","2017-05-17","","","","-1.0","-46.5408370931","-23.5649770383"
"33","2017-05-18","0.39","8.8","2.83","-288.0","-46.5408370931","-23.5649770383"
"33","2017-05-19","9.57","157.3","45.32","-288.0","-46.5408370931","-23.5649770383"
"33","2017-05-20","0.14","2.64","0.85","-288.0","-46.5408370931","-23.5649770383"
"33","2017-05-21","8.21","73.72","25.45","-288.0","-46.5408370931","-23.5649770383"
"33","2017-05-22","3.76","74.03","18.73","-287.0","-46.5408370931","-23.5649770383"
"33","2017-05-23","0.0","0.0","0.0","0.0","-46.5408370931","-23.5649770383"
"33","2017-05-24","0.0","0.0","0.0","0.0","-46.5408370931","-23.5649770383"
"33","2017-05-25","0.0","0.0","0.0","0.0","-46.5408370931","-23.5649770383"
"33","2017-05-26","0.0","0.0","0.0","0.0","-46.5408370931","-23.5649770383"
"33","2017-05-27","0.0","0.0","0.0","0.0","-46.5408370931","-23.5649770383"
"33","2017-05-28","0.0","0.0","0.0","0.0","-46.5408370931","-23.5649770383"
"33","2017-05-29","0.0","0.0","0.0","0.0","-46.5408370931","-23.5649770383"
"33","2017-05-30","0.0","0.0","0.0","0.0","-46.5408370931","-23.5649770383"
"33","2017-05-31","0.0","0.0","0.0","0.0","-46.5408370931","-23.5649770383"
"33","2017-06-01","0.0","0.0","0.0","0.0","-46.5408370931","-23.5649770383"
"33","2017-06-02","0.0","0.0","0.0","0.0","-46.5408370931","-23.5649770383"
"33","2017-06-03","0.0","0.0","0.0","0.0","-46.5408370931","-23.5649770383"
"33","2017-06-04","","","","-1.0","-46.5408370931","-23.5649770383"
"33","2017-06-05","8.3","139.24","39.69","-288.0","-46.5408370931","-23.5649770383"
"33","2017-06-06","9.24","155.14","42.83","-288.0","-46.5408370931","-23.5649770383"
"33","2017-06-07","3.94","69.54","22.37","-287.0","-46.5408370931","-23.5649770383"
"33","2017-06-08","","","","-1.0","-46.5408370931","-23.5649770383"
"33","2017-06-09","0.01","4.13","0.27","-288.0","-46.5408370931","-23.5649770383"
"33","2017-06-10","0.0","0.0","0.0","-287.0","-46.5408370931","-23.5649770383"
"33","2017-06-11","","","","-1.0","-46.5408370931","-23.5649770383"
"33","2017-06-12","0.0","0.48","0.0","-288.0","-46.5408370931","-23.5649770383"
"33","2017-06-13","5.03","106.94","23.95","-288.0","-46.5408370931","-23.5649770383"
"33","2017-06-14","0.4","14.34","2.63","-287.0","-46.5408370931","-23.5649770383"
"34","2016-10-31","","","","-1.0","-46.4664055066","-23.5656970598"
"34","2016-11-01","0.0","0.29","0.0","-288.0","-46.4664055066","-23.5656970598"
"34","2016-11-02","0.0","26.0","4.18","-288.0","-46.4664055066","-23.5656970598"
"34","2016-11-03","0.62","56.8","7.89","-288.0","-46.4664055066","-23.5656970598"
"34","2016-11-04","0.27","9.47","1.6","-288.0","-46.4664055066","-23.5656970598"
"34","2016-11-05","0.0","0.01","0.0","-288.0","-46.4664055066","-23.5656970598"
"34","2016-11-06","0.02","52.23","5.85","-288.0","-46.4664055066","-23.5656970598"
"34","2016-11-07","0.0","0.41","0.0","-288.0","-46.4664055066","-23.5656970598"
"34","2016-11-08","0.0","3.97","0.25","-288.0","-46.4664055066","-23.5656970598"
"34","2016-11-09","2.92","91.13","25.72","-288.0","-46.4664055066","-23.5656970598"
"34","2016-11-10","1.46","48.89","9.42","-288.0","-46.4664055066","-23.5656970598"
"34","2016-11-11","0.0","2.01","0.03","-288.0","-46.4664055066","-23.5656970598"
"34","2016-11-12","0.37","41.27","7.45","-288.0","-46.4664055066","-23.5656970598"
"34","2016-11-13","7.88","72.74","29.73","-288.0","-46.4664055066","-23.5656970598"
"34","2016-11-14","5.42","44.69","17.15","-287.0","-46.4664055066","-23.5656970598"
"34","2016-11-15","","","","-1.0","-46.4664055066","-23.5656970598"
"34","2016-11-16","0.94","106.24","24.98","-288.0","-46.4664055066","-23.5656970598"
"34","2016-11-17","0.33","37.39","4.88","-288.0","-46.4664055066","-23.5656970598"
"34","2016-11-18","0.0","8.04","0.64","-287.0","-46.4664055066","-23.5656970598"
"34","2016-11-19","0.0","0.0","0.0","0.0","-46.4664055066","-23.5656970598"
"34","2016-11-20","0.0","0.0","0.0","0.0","-46.4664055066","-23.5656970598"
"34","2016-11-21","0.0","0.0","0.0","0.0","-46.4664055066","-23.5656970598"
"34","2016-11-22","","","","-1.0","-46.4664055066","-23.5656970598"
"34","2016-11-23","0.49","48.14","5.46","-288.0","-46.4664055066","-23.5656970598"
"34","2016-11-24","0.0","0.0","0.0","-287.0","-46.4664055066","-23.5656970598"
"34","2016-11-25","0.0","0.0","0.0","0.0","-46.4664055066","-23.5656970598"
"34","2016-11-26","","","","-1.0","-46.4664055066","-23.5656970598"
"34","2016-11-27","0.08","55.64","5.16","-288.0","-46.4664055066","-23.5656970598"
"34","2016-11-28","0.88","84.78","17.32","-288.0","-46.4664055066","-23.5656970598"
"34","2016-11-29","2.66","116.64","30.23","-288.0","-46.4664055066","-23.5656970598"
"34","2016-11-30","0.0","0.0","0.0","-287.0","-46.4664055066","-23.5656970598"
"34","2016-12-01","0.0","0.0","0.0","0.0","-46.4664055066","-23.5656970598"
"34","2016-12-02","","","","-1.0","-46.4664055066","-23.5656970598"
"34","2016-12-03","3.12","45.11","15.09","-288.0","-46.4664055066","-23.5656970598"
"34","2016-12-04","0.49","15.43","2.9","-288.0","-46.4664055066","-23.5656970598"
"34","2016-12-05","0.03","7.64","1.22","-287.0","-46.4664055066","-23.5656970598"
"34","2016-12-06","","","","-1.0","-46.4664055066","-23.5656970598"
"34","2016-12-07","0.85","45.75","6.98","-288.0","-46.4664055066","-23.5656970598"
"34","2016-12-08","0.0","1.19","0.03","-288.0","-46.4664055066","-23.5656970598"
"34","2016-12-09","0.32","8.51","1.7","-288.0","-46.4664055066","-23.5656970598"
"34","2016-12-10","0.89","108.4","21.07","-288.0","-46.4664055066","-23.5656970598"
"34","2016-12-11","0.91","37.01","8.11","-288.0","-46.4664055066","-23.5656970598"
"34","2016-12-12","2.9","90.15","20.83","-288.0","-46.4664055066","-23.5656970598"
"34","2016-12-13","0.0","1.01","0.0","-288.0","-46.4664055066","-23.5656970598"
"34","2016-12-14","0.0","2.43","0.02","-288.0","-46.4664055066","-23.5656970598"
"34","2016-12-15","0.0","0.02","0.0","-287.0","-46.4664055066","-23.5656970598"
"34","2016-12-16","0.0","0.0","0.0","0.0","-46.4664055066","-23.5656970598"
"34","2016-12-17","","","","-1.0","-46.4664055066","-23.5656970598"
"34","2016-12-18","0.01","10.85","1.29","-288.0","-46.4664055066","-23.5656970598"
"34","2016-12-19","0.02","70.5","4.99","-288.0","-46.4664055066","-23.5656970598"
"34","2016-12-20","0.28","71.02","8.78","-288.0","-46.4664055066","-23.5656970598"
"34","2016-12-21","0.56","110.58","33.35","-288.0","-46.4664055066","-23.5656970598"
"34","2016-12-22","0.0","4.27","0.25","-288.0","-46.4664055066","-23.5656970598"
"34","2016-12-23","1.6","95.55","19.41","-288.0","-46.4664055066","-23.5656970598"
"34","2016-12-24","0.05","10.62","1.98","-288.0","-46.4664055066","-23.5656970598"
"34","2016-12-25","0.0","0.15","0.0","-288.0","-46.4664055066","-23.5656970598"
"34","2016-12-26","0.0","0.63","0.0","-288.0","-46.4664055066","-23.5656970598"
"34","2016-12-27","0.0","2.77","0.11","-288.0","-46.4664055066","-23.5656970598"
"34","2016-12-28","0.0","1.13","0.0","-288.0","-46.4664055066","-23.5656970598"
"34","2016-12-29","0.02","80.49","16.15","-288.0","-46.4664055066","-23.5656970598"
"34","2016-12-30","0.0","3.42","0.02","-288.0","-46.4664055066","-23.5656970598"
"34","2016-12-31","0.01","8.41","1.2","-287.0","-46.4664055066","-23.5656970598"
"34","2017-01-01","","","","-1.0","-46.4664055066","-23.5656970598"
"34","2017-01-02","0.76","95.11","12.93","-288.0","-46.4664055066","-23.5656970598"
"34","2017-01-03","0.18","26.67","3.33","-288.0","-46.4664055066","-23.5656970598"
"34","2017-01-04","0.08","3.54","1.1","-288.0","-46.4664055066","-23.5656970598"
"34","2017-01-05","0.0","1.36","0.09","-288.0","-46.4664055066","-23.5656970598"
"34","2017-01-06","1.01","13.5","3.68","-288.0","-46.4664055066","-23.5656970598"
"34","2017-01-07","0.78","146.17","32.44","-288.0","-46.4664055066","-23.5656970598"
"34","2017-01-08","1.02","106.0","29.32","-288.0","-46.4664055066","-23.5656970598"
"34","2017-01-09","0.01","38.6","3.93","-288.0","-46.4664055066","-23.5656970598"
"34","2017-01-10","0.23","9.07","2.3","-288.0","-46.4664055066","-23.5656970598"
"34","2017-01-11","1.37","37.93","7.01","-288.0","-46.4664055066","-23.5656970598"
"34","2017-01-12","0.02","6.47","0.58","-288.0","-46.4664055066","-23.5656970598"
"34","2017-01-13","0.0","2.28","0.18","-288.0","-46.4664055066","-23.5656970598"
"34","2017-01-14","0.0","0.18","0.0","-288.0","-46.4664055066","-23.5656970598"
"34","2017-01-15","0.04","36.21","6.44","-288.0","-46.4664055066","-23.5656970598"
"34","2017-01-16","0.97","118.86","23.66","-288.0","-46.4664055066","-23.5656970598"
"34","2017-01-17","6.22","169.9","47.38","-288.0","-46.4664055066","-23.5656970598"
"34","2017-01-18","6.41","149.1","40.36","-288.0","-46.4664055066","-23.5656970598"
"34","2017-01-19","1.98","32.22","9.37","-288.0","-46.4664055066","-23.5656970598"
"34","2017-01-20","4.4","67.91","21.52","-288.0","-46.4664055066","-23.5656970598"
"34","2017-01-21","5.82","177.57","39.84","-288.0","-46.4664055066","-23.5656970598"
"34","2017-01-22","2.0","74.06","15.39","-288.0","-46.4664055066","-23.5656970598"
"34","2017-01-23","0.06","42.83","4.06","-288.0","-46.4664055066","-23.5656970598"
"34","2017-01-24","0.08","19.96","1.69","-288.0","-46.4664055066","-23.5656970598"
"34","2017-01-25","0.37","18.14","3.24","-288.0","-46.4664055066","-23.5656970598"
"34","2017-01-26","2.84","65.31","20.17","-288.0","-46.4664055066","-23.5656970598"
"34","2017-01-27","0.32","49.84","6.07","-288.0","-46.4664055066","-23.5656970598"
"34","2017-01-28","0.0","0.34","0.0","-288.0","-46.4664055066","-23.5656970598"
"34","2017-01-29","0.0","1.48","0.01","-288.0","-46.4664055066","-23.5656970598"
"34","2017-01-30","0.29","9.37","2.01","-288.0","-46.4664055066","-23.5656970598"
"34","2017-01-31","0.05","11.22","0.95","-288.0","-46.4664055066","-23.5656970598"
"34","2017-02-01","0.74","149.0","42.33","-288.0","-46.4664055066","-23.5656970598"
"34","2017-02-02","0.47","13.07","2.54","-288.0","-46.4664055066","-23.5656970598"
"34","2017-02-03","0.15","11.6","1.78","-288.0","-46.4664055066","-23.5656970598"
"34","2017-02-04","0.04","59.97","14.42","-288.0","-46.4664055066","-23.5656970598"
"34","2017-02-05","0.0","1.11","0.01","-288.0","-46.4664055066","-23.5656970598"
"34","2017-02-06","5.47","133.41","44.54","-288.0","-46.4664055066","-23.5656970598"
"34","2017-02-07","0.0","8.62","0.19","-288.0","-46.4664055066","-23.5656970598"
"34","2017-02-08","0.0","0.01","0.0","-287.0","-46.4664055066","-23.5656970598"
"34","2017-02-09","0.0","0.0","0.0","0.0","-46.4664055066","-23.5656970598"
"34","2017-02-10","0.0","0.0","0.0","0.0","-46.4664055066","-23.5656970598"
"34","2017-02-11","0.0","0.0","0.0","0.0","-46.4664055066","-23.5656970598"
"34","2017-02-12","0.0","0.0","0.0","0.0","-46.4664055066","-23.5656970598"
"34","2017-02-13","0.0","0.0","0.0","0.0","-46.4664055066","-23.5656970598"
"34","2017-02-14","0.0","0.0","0.0","0.0","-46.4664055066","-23.5656970598"
"34","2017-02-15","0.0","0.0","0.0","0.0","-46.4664055066","-23.5656970598"
"34","2017-02-16","","","","-1.0","-46.4664055066","-23.5656970598"
"34","2017-02-17","0.0","0.11","0.0","-288.0","-46.4664055066","-23.5656970598"
"34","2017-02-18","0.0","0.0","0.0","-287.0","-46.4664055066","-23.5656970598"
"34","2017-02-19","0.0","0.0","0.0","0.0","-46.4664055066","-23.5656970598"
"34","2017-02-20","0.0","0.0","0.0","0.0","-46.4664055066","-23.5656970598"
"34","2017-02-21","","","","-1.0","-46.4664055066","-23.5656970598"
"34","2017-02-22","0.06","60.16","11.58","-288.0","-46.4664055066","-23.5656970598"
"34","2017-02-23","0.0","76.36","7.7","-288.0","-46.4664055066","-23.5656970598"
"34","2017-02-24","7.59","124.97","40.82","-288.0","-46.4664055066","-23.5656970598"
"34","2017-02-25","0.66","27.13","5.08","-288.0","-46.4664055066","-23.5656970598"
"34","2017-02-26","0.02","106.98","14.38","-288.0","-46.4664055066","-23.5656970598"
"34","2017-02-27","0.0","11.52","0.6","-288.0","-46.4664055066","-23.5656970598"
"34","2017-02-28","0.0","46.65","4.6","-288.0","-46.4664055066","-23.5656970598"
"34","2017-03-01","0.0","9.66","0.4","-288.0","-46.4664055066","-23.5656970598"
"34","2017-03-02","0.12","67.06","10.97","-288.0","-46.4664055066","-23.5656970598"
"34","2017-03-03","0.9","63.4","12.53","-288.0","-46.4664055066","-23.5656970598"
"34","2017-03-04","0.0","34.41","2.06","-288.0","-46.4664055066","-23.5656970598"
"34","2017-03-05","0.55","125.71","16.44","-288.0","-46.4664055066","-23.5656970598"
"34","2017-03-06","1.82","102.61","18.35","-288.0","-46.4664055066","-23.5656970598"
"34","2017-03-07","1.48","63.12","20.46","-288.0","-46.4664055066","-23.5656970598"
"34","2017-03-08","3.0","41.53","11.59","-288.0","-46.4664055066","-23.5656970598"
"34","2017-03-09","0.0","0.0","0.0","-288.0","-46.4664055066","-23.5656970598"
"34","2017-03-10","0.0","49.48","10.03","-288.0","-46.4664055066","-23.5656970598"
"34","2017-03-11","0.0","21.93","1.13","-288.0","-46.4664055066","-23.5656970598"
"34","2017-03-12","0.0","0.65","0.0","-288.0","-46.4664055066","-23.5656970598"
"34","2017-03-13","0.0","10.99","0.92","-288.0","-46.4664055066","-23.5656970598"
"34","2017-03-14","0.38","34.45","4.75","-288.0","-46.4664055066","-23.5656970598"
"34","2017-03-15","0.06","10.65","2.36","-288.0","-46.4664055066","-23.5656970598"
"34","2017-03-16","0.0","1.05","0.03","-288.0","-46.4664055066","-23.5656970598"
"34","2017-03-17","0.1","62.8","8.87","-288.0","-46.4664055066","-23.5656970598"
"34","2017-03-18","0.01","8.72","1.09","-288.0","-46.4664055066","-23.5656970598"
"34","2017-03-19","0.1","5.53","1.13","-288.0","-46.4664055066","-23.5656970598"
"34","2017-03-20","0.0","0.0","0.0","-287.0","-46.4664055066","-23.5656970598"
"34","2017-03-21","0.0","0.0","0.0","0.0","-46.4664055066","-23.5656970598"
"34","2017-03-22","0.0","0.0","0.0","0.0","-46.4664055066","-23.5656970598"
"34","2017-03-23","","","","-1.0","-46.4664055066","-23.5656970598"
"34","2017-03-24","0.0","0.09","0.0","-288.0","-46.4664055066","-23.5656970598"
"34","2017-03-25","0.0","2.2","0.33","-287.0","-46.4664055066","-23.5656970598"
"34","2017-03-26","","","","-1.0","-46.4664055066","-23.5656970598"
"34","2017-03-27","0.03","6.49","1.07","-288.0","-46.4664055066","-23.5656970598"
"34","2017-03-28","0.0","6.27","0.44","-288.0","-46.4664055066","-23.5656970598"
"34","2017-03-29","0.0","3.1","0.06","-287.0","-46.4664055066","-23.5656970598"
"34","2017-03-30","0.0","0.0","0.0","0.0","-46.4664055066","-23.5656970598"
"34","2017-03-31","0.0","0.0","0.0","0.0","-46.4664055066","-23.5656970598"
"34","2017-04-01","0.0","0.0","0.0","0.0","-46.4664055066","-23.5656970598"
"34","2017-04-02","0.0","0.0","0.0","0.0","-46.4664055066","-23.5656970598"
"34","2017-04-03","0.0","0.0","0.0","0.0","-46.4664055066","-23.5656970598"
"34","2017-04-04","","","","-1.0","-46.4664055066","-23.5656970598"
"34","2017-04-05","0.0","0.0","0.0","-288.0","-46.4664055066","-23.5656970598"
"34","2017-04-06","2.15","45.19","10.71","-288.0","-46.4664055066","-23.5656970598"
"34","2017-04-07","8.94","184.94","64.83","-288.0","-46.4664055066","-23.5656970598"
"34","2017-04-08","0.0","0.0","0.0","-287.0","-46.4664055066","-23.5656970598"
"34","2017-04-09","","","","-1.0","-46.4664055066","-23.5656970598"
"34","2017-04-10","0.0","1.03","0.01","-288.0","-46.4664055066","-23.5656970598"
"34","2017-04-11","0.0","0.36","0.0","-288.0","-46.4664055066","-23.5656970598"
"34","2017-04-12","0.01","18.35","1.64","-287.0","-46.4664055066","-23.5656970598"
"34","2017-04-13","0.0","0.0","0.0","0.0","-46.4664055066","-23.5656970598"
"34","2017-04-14","0.0","0.0","0.0","0.0","-46.4664055066","-23.5656970598"
"34","2017-04-15","0.0","0.0","0.0","0.0","-46.4664055066","-23.5656970598"
"34","2017-04-16","","","","-1.0","-46.4664055066","-23.5656970598"
"34","2017-04-17","0.0","1.41","0.2","-287.0","-46.4664055066","-23.5656970598"
"34","2017-04-18","0.0","0.0","0.0","0.0","-46.4664055066","-23.5656970598"
"34","2017-04-19","0.0","0.0","0.0","0.0","-46.4664055066","-23.5656970598"
"34","2017-04-20","","","","-1.0","-46.4664055066","-23.5656970598"
"34","2017-04-21","1.92","52.91","15.48","-288.0","-46.4664055066","-23.5656970598"
"34","2017-04-22","0.33","12.42","2.42","-287.0","-46.4664055066","-23.5656970598"
"34","2017-04-23","0.0","0.0","0.0","0.0","-46.4664055066","-23.5656970598"
"34","2017-04-24","0.0","0.0","0.0","0.0","-46.4664055066","-23.5656970598"
"34","2017-04-25","","","","-1.0","-46.4664055066","-23.5656970598"
"34","2017-04-26","2.7","45.95","12.39","-288.0","-46.4664055066","-23.5656970598"
"34","2017-04-27","0.7","6.21","2.5","-287.0","-46.4664055066","-23.5656970598"
"34","2017-04-28","0.0","0.0","0.0","0.0","-46.4664055066","-23.5656970598"
"34","2017-04-29","0.0","0.0","0.0","0.0","-46.4664055066","-23.5656970598"
"34","2017-04-30","0.0","0.0","0.0","0.0","-46.4664055066","-23.5656970598"
"34","2017-05-01","","","","-1.0","-46.4664055066","-23.5656970598"
"34","2017-05-02","0.0","0.1","0.0","-287.0","-46.4664055066","-23.5656970598"
"34","2017-05-03","0.0","0.0","0.0","0.0","-46.4664055066","-23.5656970598"
"34","2017-05-04","","","","-1.0","-46.4664055066","-23.5656970598"
"34","2017-05-05","1.5","57.89","15.86","-288.0","-46.4664055066","-23.5656970598"
"34","2017-05-06","1.2","39.6","9.81","-288.0","-46.4664055066","-23.5656970598"
"34","2017-05-07","0.0","0.09","0.0","-287.0","-46.4664055066","-23.5656970598"
"34","2017-05-08","0.0","0.0","0.0","0.0","-46.4664055066","-23.5656970598"
"34","2017-05-09","0.0","0.0","0.0","0.0","-46.4664055066","-23.5656970598"
"34","2017-05-10","0.0","0.0","0.0","0.0","-46.4664055066","-23.5656970598"
"34","2017-05-11","0.0","0.0","0.0","0.0","-46.4664055066","-23.5656970598"
"34","2017-05-12","0.0","0.0","0.0","0.0","-46.4664055066","-23.5656970598"
"34","2017-05-13","","","","-1.0","-46.4664055066","-23.5656970598"
"34","2017-05-14","0.0","3.88","0.51","-287.0","-46.4664055066","-23.5656970598"
"34","2017-05-15","0.0","0.0","0.0","0.0","-46.4664055066","-23.5656970598"
"34","2017-05-16","0.0","0.0","0.0","0.0","-46.4664055066","-23.5656970598"
"34","2017-05-17","","","","-1.0","-46.4664055066","-23.5656970598"
"34","2017-05-18","0.22","9.28","2.27","-288.0","-46.4664055066","-23.5656970598"
"34","2017-05-19","8.51","150.43","43.52","-288.0","-46.4664055066","-23.5656970598"
"34","2017-05-20","0.05","2.21","0.55","-288.0","-46.4664055066","-23.5656970598"
"34","2017-05-21","7.6","66.7","23.81","-288.0","-46.4664055066","-23.5656970598"
"34","2017-05-22","3.09","68.63","18.44","-287.0","-46.4664055066","-23.5656970598"
"34","2017-05-23","0.0","0.0","0.0","0.0","-46.4664055066","-23.5656970598"
"34","2017-05-24","0.0","0.0","0.0","0.0","-46.4664055066","-23.5656970598"
"34","2017-05-25","0.0","0.0","0.0","0.0","-46.4664055066","-23.5656970598"
"34","2017-05-26","0.0","0.0","0.0","0.0","-46.4664055066","-23.5656970598"
"34","2017-05-27","0.0","0.0","0.0","0.0","-46.4664055066","-23.5656970598"
"34","2017-05-28","0.0","0.0","0.0","0.0","-46.4664055066","-23.5656970598"
"34","2017-05-29","0.0","0.0","0.0","0.0","-46.4664055066","-23.5656970598"
"34","2017-05-30","0.0","0.0","0.0","0.0","-46.4664055066","-23.5656970598"
"34","2017-05-31","0.0","0.0","0.0","0.0","-46.4664055066","-23.5656970598"
"34","2017-06-01","0.0","0.0","0.0","0.0","-46.4664055066","-23.5656970598"
"34","2017-06-02","0.0","0.0","0.0","0.0","-46.4664055066","-23.5656970598"
"34","2017-06-03","0.0","0.0","0.0","0.0","-46.4664055066","-23.5656970598"
"34","2017-06-04","","","","-1.0","-46.4664055066","-23.5656970598"
"34","2017-06-05","7.29","113.3","34.27","-288.0","-46.4664055066","-23.5656970598"
"34","2017-06-06","8.39","118.78","35.27","-288.0","-46.4664055066","-23.5656970598"
"34","2017-06-07","3.36","62.75","18.57","-287.0","-46.4664055066","-23.5656970598"
"34","2017-06-08","","","","-1.0","-46.4664055066","-23.5656970598"
"34","2017-06-09","0.0","3.77","0.28","-288.0","-46.4664055066","-23.5656970598"
"34","2017-06-10","0.0","0.0","0.0","-287.0","-46.4664055066","-23.5656970598"
"34","2017-06-11","","","","-1.0","-46.4664055066","-23.5656970598"
"34","2017-06-12","0.0","1.81","0.01","-288.0","-46.4664055066","-23.5656970598"
"34","2017-06-13","3.38","121.02","25.32","-288.0","-46.4664055066","-23.5656970598"
"34","2017-06-14","0.1","19.1","2.13","-287.0","-46.4664055066","-23.5656970598"
"35","2016-10-31","","","","-1.0","-46.4049447314","-23.5685390276"
"35","2016-11-01","0.0","0.27","0.0","-288.0","-46.4049447314","-23.5685390276"
"35","2016-11-02","0.04","25.16","5.26","-288.0","-46.4049447314","-23.5685390276"
"35","2016-11-03","0.89","34.39","6.5","-288.0","-46.4049447314","-23.5685390276"
"35","2016-11-04","0.43","7.45","1.83","-288.0","-46.4049447314","-23.5685390276"
"35","2016-11-05","0.0","0.0","0.0","-288.0","-46.4049447314","-23.5685390276"
"35","2016-11-06","0.01","32.68","4.66","-288.0","-46.4049447314","-23.5685390276"
"35","2016-11-07","0.0","0.18","0.0","-288.0","-46.4049447314","-23.5685390276"
"35","2016-11-08","0.0","0.73","0.0","-288.0","-46.4049447314","-23.5685390276"
"35","2016-11-09","3.17","84.13","30.08","-288.0","-46.4049447314","-23.5685390276"
"35","2016-11-10","1.61","37.57","8.75","-288.0","-46.4049447314","-23.5685390276"
"35","2016-11-11","0.0","17.25","3.19","-288.0","-46.4049447314","-23.5685390276"
"35","2016-11-12","0.69","38.13","8.07","-288.0","-46.4049447314","-23.5685390276"
"35","2016-11-13","10.14","67.56","30.25","-288.0","-46.4049447314","-23.5685390276"
"35","2016-11-14","6.49","37.51","16.73","-287.0","-46.4049447314","-23.5685390276"
"35","2016-11-15","","","","-1.0","-46.4049447314","-23.5685390276"
"35","2016-11-16","1.73","110.05","28.53","-288.0","-46.4049447314","-23.5685390276"
"35","2016-11-17","0.35","26.63","4.32","-288.0","-46.4049447314","-23.5685390276"
"35","2016-11-18","0.0","5.73","0.68","-287.0","-46.4049447314","-23.5685390276"
"35","2016-11-19","0.0","0.0","0.0","0.0","-46.4049447314","-23.5685390276"
"35","2016-11-20","0.0","0.0","0.0","0.0","-46.4049447314","-23.5685390276"
"35","2016-11-21","0.0","0.0","0.0","0.0","-46.4049447314","-23.5685390276"
"35","2016-11-22","","","","-1.0","-46.4049447314","-23.5685390276"
"35","2016-11-23","0.64","42.46","7.7","-288.0","-46.4049447314","-23.5685390276"
"35","2016-11-24","0.0","0.21","0.0","-287.0","-46.4049447314","-23.5685390276"
"35","2016-11-25","0.0","0.0","0.0","0.0","-46.4049447314","-23.5685390276"
"35","2016-11-26","","","","-1.0","-46.4049447314","-23.5685390276"
"35","2016-11-27","0.51","67.66","23.71","-288.0","-46.4049447314","-23.5685390276"
"35","2016-11-28","1.16","71.36","16.09","-288.0","-46.4049447314","-23.5685390276"
"35","2016-11-29","2.74","88.38","24.36","-288.0","-46.4049447314","-23.5685390276"
"35","2016-11-30","0.0","0.01","0.0","-287.0","-46.4049447314","-23.5685390276"
"35","2016-12-01","0.0","0.0","0.0","0.0","-46.4049447314","-23.5685390276"
"35","2016-12-02","","","","-1.0","-46.4049447314","-23.5685390276"
"35","2016-12-03","3.52","45.91","15.1","-288.0","-46.4049447314","-23.5685390276"
"35","2016-12-04","0.69","12.93","2.94","-288.0","-46.4049447314","-23.5685390276"
"35","2016-12-05","0.02","7.54","1.63","-287.0","-46.4049447314","-23.5685390276"
"35","2016-12-06","","","","-1.0","-46.4049447314","-23.5685390276"
"35","2016-12-07","0.86","38.28","6.56","-288.0","-46.4049447314","-23.5685390276"
"35","2016-12-08","0.0","0.55","0.0","-288.0","-46.4049447314","-23.5685390276"
"35","2016-12-09","0.34","6.28","1.77","-288.0","-46.4049447314","-23.5685390276"
"35","2016-12-10","1.26","110.42","31.99","-288.0","-46.4049447314","-23.5685390276"
"35","2016-12-11","1.38","31.88","8.52","-288.0","-46.4049447314","-23.5685390276"
"35","2016-12-12","2.36","70.44","16.6","-288.0","-46.4049447314","-23.5685390276"
"35","2016-12-13","0.0","0.6","0.0","-288.0","-46.4049447314","-23.5685390276"
"35","2016-12-14","0.0","0.57","0.01","-288.0","-46.4049447314","-23.5685390276"
"35","2016-12-15","0.0","0.0","0.0","-287.0","-46.4049447314","-23.5685390276"
"35","2016-12-16","0.0","0.0","0.0","0.0","-46.4049447314","-23.5685390276"
"35","2016-12-17","","","","-1.0","-46.4049447314","-23.5685390276"
"35","2016-12-18","0.13","5.41","1.16","-288.0","-46.4049447314","-23.5685390276"
"35","2016-12-19","0.37","82.36","19.56","-288.0","-46.4049447314","-23.5685390276"
"35","2016-12-20","0.11","45.51","6.84","-288.0","-46.4049447314","-23.5685390276"
"35","2016-12-21","0.57","78.65","16.55","-288.0","-46.4049447314","-23.5685390276"
"35","2016-12-22","0.0","1.46","0.16","-288.0","-46.4049447314","-23.5685390276"
"35","2016-12-23","1.82","82.94","15.98","-288.0","-46.4049447314","-23.5685390276"
"35","2016-12-24","0.06","26.85","2.05","-288.0","-46.4049447314","-23.5685390276"
"35","2016-12-25","0.0","0.47","0.01","-288.0","-46.4049447314","-23.5685390276"
"35","2016-12-26","0.0","0.35","0.0","-288.0","-46.4049447314","-23.5685390276"
"35","2016-12-27","0.06","4.34","0.58","-288.0","-46.4049447314","-23.5685390276"
"35","2016-12-28","0.0","0.61","0.0","-288.0","-46.4049447314","-23.5685390276"
"35","2016-12-29","0.0","39.92","4.31","-288.0","-46.4049447314","-23.5685390276"
"35","2016-12-30","0.0","0.54","0.0","-288.0","-46.4049447314","-23.5685390276"
"35","2016-12-31","0.0","8.38","0.73","-287.0","-46.4049447314","-23.5685390276"
"35","2017-01-01","","","","-1.0","-46.4049447314","-23.5685390276"
"35","2017-01-02","0.43","43.81","8.82","-288.0","-46.4049447314","-23.5685390276"
"35","2017-01-03","0.02","16.19","2.57","-288.0","-46.4049447314","-23.5685390276"
"35","2017-01-04","0.04","2.43","0.61","-288.0","-46.4049447314","-23.5685390276"
"35","2017-01-05","0.04","1.86","0.21","-288.0","-46.4049447314","-23.5685390276"
"35","2017-01-06","1.02","22.2","4.29","-288.0","-46.4049447314","-23.5685390276"
"35","2017-01-07","2.2","120.48","35.54","-288.0","-46.4049447314","-23.5685390276"
"35","2017-01-08","1.09","81.8","16.45","-288.0","-46.4049447314","-23.5685390276"
"35","2017-01-09","0.0","38.53","2.19","-288.0","-46.4049447314","-23.5685390276"
"35","2017-01-10","0.08","9.28","1.86","-288.0","-46.4049447314","-23.5685390276"
"35","2017-01-11","2.16","37.06","8.73","-288.0","-46.4049447314","-23.5685390276"
"35","2017-01-12","0.19","14.6","2.55","-288.0","-46.4049447314","-23.5685390276"
"35","2017-01-13","0.0","2.92","0.37","-288.0","-46.4049447314","-23.5685390276"
"35","2017-01-14","0.0","0.27","0.0","-288.0","-46.4049447314","-23.5685390276"
"35","2017-01-15","0.07","57.92","12.09","-288.0","-46.4049447314","-23.5685390276"
"35","2017-01-16","1.16","120.74","21.41","-288.0","-46.4049447314","-23.5685390276"
"35","2017-01-17","5.22","87.39","24.3","-288.0","-46.4049447314","-23.5685390276"
"35","2017-01-18","5.67","113.13","35.08","-288.0","-46.4049447314","-23.5685390276"
"35","2017-01-19","1.92","27.32","7.94","-288.0","-46.4049447314","-23.5685390276"
"35","2017-01-20","5.06","61.33","19.23","-288.0","-46.4049447314","-23.5685390276"
"35","2017-01-21","7.46","158.55","43.7","-288.0","-46.4049447314","-23.5685390276"
"35","2017-01-22","2.71","58.24","16.57","-288.0","-46.4049447314","-23.5685390276"
"35","2017-01-23","0.27","77.6","12.91","-288.0","-46.4049447314","-23.5685390276"
"35","2017-01-24","0.02","8.86","0.75","-288.0","-46.4049447314","-23.5685390276"
"35","2017-01-25","0.42","15.48","3.48","-288.0","-46.4049447314","-23.5685390276"
"35","2017-01-26","3.3","56.21","18.13","-288.0","-46.4049447314","-23.5685390276"
"35","2017-01-27","0.73","38.64","8.59","-288.0","-46.4049447314","-23.5685390276"
"35","2017-01-28","0.0","0.05","0.0","-288.0","-46.4049447314","-23.5685390276"
"35","2017-01-29","0.0","0.71","0.01","-288.0","-46.4049447314","-23.5685390276"
"35","2017-01-30","0.04","4.13","0.97","-288.0","-46.4049447314","-23.5685390276"
"35","2017-01-31","0.0","21.23","2.91","-288.0","-46.4049447314","-23.5685390276"
"35","2017-02-01","10.22","116.5","42.83","-288.0","-46.4049447314","-23.5685390276"
"35","2017-02-02","0.46","22.1","3.61","-288.0","-46.4049447314","-23.5685390276"
"35","2017-02-03","0.44","24.64","5.64","-288.0","-46.4049447314","-23.5685390276"
"35","2017-02-04","0.0","59.38","8.21","-288.0","-46.4049447314","-23.5685390276"
"35","2017-02-05","0.0","0.11","0.0","-288.0","-46.4049447314","-23.5685390276"
"35","2017-02-06","11.24","120.19","48.89","-288.0","-46.4049447314","-23.5685390276"
"35","2017-02-07","0.19","2.03","0.79","-288.0","-46.4049447314","-23.5685390276"
"35","2017-02-08","0.0","0.0","0.0","-287.0","-46.4049447314","-23.5685390276"
"35","2017-02-09","0.0","0.0","0.0","0.0","-46.4049447314","-23.5685390276"
"35","2017-02-10","0.0","0.0","0.0","0.0","-46.4049447314","-23.5685390276"
"35","2017-02-11","0.0","0.0","0.0","0.0","-46.4049447314","-23.5685390276"
"35","2017-02-12","0.0","0.0","0.0","0.0","-46.4049447314","-23.5685390276"
"35","2017-02-13","0.0","0.0","0.0","0.0","-46.4049447314","-23.5685390276"
"35","2017-02-14","0.0","0.0","0.0","0.0","-46.4049447314","-23.5685390276"
"35","2017-02-15","0.0","0.0","0.0","0.0","-46.4049447314","-23.5685390276"
"35","2017-02-16","","","","-1.0","-46.4049447314","-23.5685390276"
"35","2017-02-17","0.0","0.16","0.0","-288.0","-46.4049447314","-23.5685390276"
"35","2017-02-18","0.0","0.02","0.0","-287.0","-46.4049447314","-23.5685390276"
"35","2017-02-19","0.0","0.0","0.0","0.0","-46.4049447314","-23.5685390276"
"35","2017-02-20","0.0","0.0","0.0","0.0","-46.4049447314","-23.5685390276"
"35","2017-02-21","","","","-1.0","-46.4049447314","-23.5685390276"
"35","2017-02-22","0.0","11.94","0.32","-288.0","-46.4049447314","-23.5685390276"
"35","2017-02-23","0.01","53.3","6.09","-288.0","-46.4049447314","-23.5685390276"
"35","2017-02-24","4.53","93.12","24.52","-288.0","-46.4049447314","-23.5685390276"
"35","2017-02-25","0.9","23.81","5.7","-288.0","-46.4049447314","-23.5685390276"
"35","2017-02-26","0.01","46.8","3.86","-288.0","-46.4049447314","-23.5685390276"
"35","2017-02-27","0.0","2.02","0.08","-288.0","-46.4049447314","-23.5685390276"
"35","2017-02-28","0.0","76.39","7.94","-288.0","-46.4049447314","-23.5685390276"
"35","2017-03-01","0.0","6.95","0.45","-288.0","-46.4049447314","-23.5685390276"
"35","2017-03-02","0.72","54.45","12.7","-288.0","-46.4049447314","-23.5685390276"
"35","2017-03-03","1.0","52.47","12.57","-288.0","-46.4049447314","-23.5685390276"
"35","2017-03-04","0.13","31.59","4.1","-288.0","-46.4049447314","-23.5685390276"
"35","2017-03-05","0.48","77.22","12.68","-288.0","-46.4049447314","-23.5685390276"
"35","2017-03-06","2.05","95.01","25.08","-288.0","-46.4049447314","-23.5685390276"
"35","2017-03-07","1.1","53.3","15.11","-288.0","-46.4049447314","-23.5685390276"
"35","2017-03-08","3.43","43.26","12.34","-288.0","-46.4049447314","-23.5685390276"
"35","2017-03-09","0.0","0.0","0.0","-288.0","-46.4049447314","-23.5685390276"
"35","2017-03-10","0.0","6.8","0.26","-288.0","-46.4049447314","-23.5685390276"
"35","2017-03-11","0.0","7.36","0.2","-288.0","-46.4049447314","-23.5685390276"
"35","2017-03-12","0.0","0.76","0.01","-288.0","-46.4049447314","-23.5685390276"
"35","2017-03-13","0.0","0.28","0.0","-288.0","-46.4049447314","-23.5685390276"
"35","2017-03-14","0.87","63.34","8.52","-288.0","-46.4049447314","-23.5685390276"
"35","2017-03-15","0.23","5.26","1.61","-288.0","-46.4049447314","-23.5685390276"
"35","2017-03-16","0.0","6.5","0.1","-288.0","-46.4049447314","-23.5685390276"
"35","2017-03-17","0.23","36.38","7.0","-288.0","-46.4049447314","-23.5685390276"
"35","2017-03-18","0.09","5.55","0.91","-288.0","-46.4049447314","-23.5685390276"
"35","2017-03-19","0.15","6.26","1.35","-288.0","-46.4049447314","-23.5685390276"
"35","2017-03-20","0.0","0.06","0.0","-287.0","-46.4049447314","-23.5685390276"
"35","2017-03-21","0.0","0.0","0.0","0.0","-46.4049447314","-23.5685390276"
"35","2017-03-22","0.0","0.0","0.0","0.0","-46.4049447314","-23.5685390276"
"35","2017-03-23","","","","-1.0","-46.4049447314","-23.5685390276"
"35","2017-03-24","0.0","0.1","0.0","-288.0","-46.4049447314","-23.5685390276"
"35","2017-03-25","0.0","1.47","0.24","-287.0","-46.4049447314","-23.5685390276"
"35","2017-03-26","","","","-1.0","-46.4049447314","-23.5685390276"
"35","2017-03-27","0.05","4.55","0.77","-288.0","-46.4049447314","-23.5685390276"
"35","2017-03-28","0.01","3.26","0.59","-288.0","-46.4049447314","-23.5685390276"
"35","2017-03-29","0.0","0.1","0.01","-287.0","-46.4049447314","-23.5685390276"
"35","2017-03-30","0.0","0.0","0.0","0.0","-46.4049447314","-23.5685390276"
"35","2017-03-31","0.0","0.0","0.0","0.0","-46.4049447314","-23.5685390276"
"35","2017-04-01","0.0","0.0","0.0","0.0","-46.4049447314","-23.5685390276"
"35","2017-04-02","0.0","0.0","0.0","0.0","-46.4049447314","-23.5685390276"
"35","2017-04-03","0.0","0.0","0.0","0.0","-46.4049447314","-23.5685390276"
"35","2017-04-04","","","","-1.0","-46.4049447314","-23.5685390276"
"35","2017-04-05","0.0","0.0","0.0","-288.0","-46.4049447314","-23.5685390276"
"35","2017-04-06","2.68","35.62","10.22","-288.0","-46.4049447314","-23.5685390276"
"35","2017-04-07","10.1","150.52","56.48","-288.0","-46.4049447314","-23.5685390276"
"35","2017-04-08","0.0","0.0","0.0","-287.0","-46.4049447314","-23.5685390276"
"35","2017-04-09","","","","-1.0","-46.4049447314","-23.5685390276"
"35","2017-04-10","0.0","0.01","0.0","-288.0","-46.4049447314","-23.5685390276"
"35","2017-04-11","0.0","0.12","0.0","-288.0","-46.4049447314","-23.5685390276"
"35","2017-04-12","0.01","8.33","0.77","-287.0","-46.4049447314","-23.5685390276"
"35","2017-04-13","0.0","0.0","0.0","0.0","-46.4049447314","-23.5685390276"
"35","2017-04-14","0.0","0.0","0.0","0.0","-46.4049447314","-23.5685390276"
"35","2017-04-15","0.0","0.0","0.0","0.0","-46.4049447314","-23.5685390276"
"35","2017-04-16","","","","-1.0","-46.4049447314","-23.5685390276"
"35","2017-04-17","0.0","1.23","0.17","-287.0","-46.4049447314","-23.5685390276"
"35","2017-04-18","0.0","0.0","0.0","0.0","-46.4049447314","-23.5685390276"
"35","2017-04-19","0.0","0.0","0.0","0.0","-46.4049447314","-23.5685390276"
"35","2017-04-20","","","","-1.0","-46.4049447314","-23.5685390276"
"35","2017-04-21","0.46","38.86","7.92","-288.0","-46.4049447314","-23.5685390276"
"35","2017-04-22","0.84","11.49","3.7","-287.0","-46.4049447314","-23.5685390276"
"35","2017-04-23","0.0","0.0","0.0","0.0","-46.4049447314","-23.5685390276"
"35","2017-04-24","0.0","0.0","0.0","0.0","-46.4049447314","-23.5685390276"
"35","2017-04-25","","","","-1.0","-46.4049447314","-23.5685390276"
"35","2017-04-26","2.96","35.38","11.22","-288.0","-46.4049447314","-23.5685390276"
"35","2017-04-27","0.81","5.61","2.36","-287.0","-46.4049447314","-23.5685390276"
"35","2017-04-28","0.0","0.0","0.0","0.0","-46.4049447314","-23.5685390276"
"35","2017-04-29","0.0","0.0","0.0","0.0","-46.4049447314","-23.5685390276"
"35","2017-04-30","0.0","0.0","0.0","0.0","-46.4049447314","-23.5685390276"
"35","2017-05-01","","","","-1.0","-46.4049447314","-23.5685390276"
"35","2017-05-02","0.0","0.05","0.0","-287.0","-46.4049447314","-23.5685390276"
"35","2017-05-03","0.0","0.0","0.0","0.0","-46.4049447314","-23.5685390276"
"35","2017-05-04","","","","-1.0","-46.4049447314","-23.5685390276"
"35","2017-05-05","0.94","26.62","5.88","-288.0","-46.4049447314","-23.5685390276"
"35","2017-05-06","1.75","32.81","8.69","-288.0","-46.4049447314","-23.5685390276"
"35","2017-05-07","0.0","0.19","0.0","-287.0","-46.4049447314","-23.5685390276"
"35","2017-05-08","0.0","0.0","0.0","0.0","-46.4049447314","-23.5685390276"
"35","2017-05-09","0.0","0.0","0.0","0.0","-46.4049447314","-23.5685390276"
"35","2017-05-10","0.0","0.0","0.0","0.0","-46.4049447314","-23.5685390276"
"35","2017-05-11","0.0","0.0","0.0","0.0","-46.4049447314","-23.5685390276"
"35","2017-05-12","0.0","0.0","0.0","0.0","-46.4049447314","-23.5685390276"
"35","2017-05-13","","","","-1.0","-46.4049447314","-23.5685390276"
"35","2017-05-14","0.03","4.65","0.86","-287.0","-46.4049447314","-23.5685390276"
"35","2017-05-15","0.0","0.0","0.0","0.0","-46.4049447314","-23.5685390276"
"35","2017-05-16","0.0","0.0","0.0","0.0","-46.4049447314","-23.5685390276"
"35","2017-05-17","","","","-1.0","-46.4049447314","-23.5685390276"
"35","2017-05-18","0.32","7.23","2.17","-288.0","-46.4049447314","-23.5685390276"
"35","2017-05-19","9.44","133.06","40.51","-288.0","-46.4049447314","-23.5685390276"
"35","2017-05-20","0.02","1.49","0.36","-288.0","-46.4049447314","-23.5685390276"
"35","2017-05-21","7.95","80.53","25.31","-288.0","-46.4049447314","-23.5685390276"
"35","2017-05-22","3.71","60.78","17.73","-287.0","-46.4049447314","-23.5685390276"
"35","2017-05-23","0.0","0.0","0.0","0.0","-46.4049447314","-23.5685390276"
"35","2017-05-24","0.0","0.0","0.0","0.0","-46.4049447314","-23.5685390276"
"35","2017-05-25","0.0","0.0","0.0","0.0","-46.4049447314","-23.5685390276"
"35","2017-05-26","0.0","0.0","0.0","0.0","-46.4049447314","-23.5685390276"
"35","2017-05-27","0.0","0.0","0.0","0.0","-46.4049447314","-23.5685390276"
"35","2017-05-28","0.0","0.0","0.0","0.0","-46.4049447314","-23.5685390276"
"35","2017-05-29","0.0","0.0","0.0","0.0","-46.4049447314","-23.5685390276"
"35","2017-05-30","0.0","0.0","0.0","0.0","-46.4049447314","-23.5685390276"
"35","2017-05-31","0.0","0.0","0.0","0.0","-46.4049447314","-23.5685390276"
"35","2017-06-01","0.0","0.0","0.0","0.0","-46.4049447314","-23.5685390276"
"35","2017-06-02","0.0","0.0","0.0","0.0","-46.4049447314","-23.5685390276"
"35","2017-06-03","0.0","0.0","0.0","0.0","-46.4049447314","-23.5685390276"
"35","2017-06-04","","","","-1.0","-46.4049447314","-23.5685390276"
"35","2017-06-05","7.62","107.86","34.08","-288.0","-46.4049447314","-23.5685390276"
"35","2017-06-06","9.07","119.98","35.64","-288.0","-46.4049447314","-23.5685390276"
"35","2017-06-07","3.76","52.49","18.01","-287.0","-46.4049447314","-23.5685390276"
"35","2017-06-08","","","","-1.0","-46.4049447314","-23.5685390276"
"35","2017-06-09","0.01","3.16","0.4","-288.0","-46.4049447314","-23.5685390276"
"35","2017-06-10","0.0","0.0","0.0","-287.0","-46.4049447314","-23.5685390276"
"35","2017-06-11","","","","-1.0","-46.4049447314","-23.5685390276"
"35","2017-06-12","0.0","0.06","0.0","-288.0","-46.4049447314","-23.5685390276"
"35","2017-06-13","4.78","72.28","21.52","-288.0","-46.4049447314","-23.5685390276"
"35","2017-06-14","0.21","8.77","1.74","-287.0","-46.4049447314","-23.5685390276"
"36","2016-10-31","","","","-1.0","-46.7731076643","-23.4816926463"
"36","2016-11-01","0.0","0.0","0.0","-288.0","-46.7731076643","-23.4816926463"
"36","2016-11-02","0.61","3.2","1.89","-288.0","-46.7731076643","-23.4816926463"
"36","2016-11-03","1.67","8.7","4.75","-288.0","-46.7731076643","-23.4816926463"
"36","2016-11-04","0.12","0.7","0.36","-288.0","-46.7731076643","-23.4816926463"
"36","2016-11-05","0.0","0.0","0.0","-288.0","-46.7731076643","-23.4816926463"
"36","2016-11-06","7.42","42.29","27.34","-288.0","-46.7731076643","-23.4816926463"
"36","2016-11-07","0.0","0.07","0.0","-288.0","-46.7731076643","-23.4816926463"
"36","2016-11-08","0.0","0.0","0.0","-288.0","-46.7731076643","-23.4816926463"
"36","2016-11-09","14.68","39.13","25.31","-288.0","-46.7731076643","-23.4816926463"
"36","2016-11-10","3.02","10.23","6.01","-288.0","-46.7731076643","-23.4816926463"
"36","2016-11-11","0.93","10.53","3.82","-288.0","-46.7731076643","-23.4816926463"
"36","2016-11-12","9.07","14.65","11.65","-288.0","-46.7731076643","-23.4816926463"
"36","2016-11-13","19.51","37.6","28.13","-288.0","-46.7731076643","-23.4816926463"
"36","2016-11-14","13.88","23.9","18.42","-287.0","-46.7731076643","-23.4816926463"
"36","2016-11-15","","","","-1.0","-46.7731076643","-23.4816926463"
"36","2016-11-16","2.6","13.52","8.9","-288.0","-46.7731076643","-23.4816926463"
"36","2016-11-17","0.97","8.47","3.9","-288.0","-46.7731076643","-23.4816926463"
"36","2016-11-18","0.52","2.27","1.25","-287.0","-46.7731076643","-23.4816926463"
"36","2016-11-19","0.0","0.0","0.0","0.0","-46.7731076643","-23.4816926463"
"36","2016-11-20","0.0","0.0","0.0","0.0","-46.7731076643","-23.4816926463"
"36","2016-11-21","0.0","0.0","0.0","0.0","-46.7731076643","-23.4816926463"
"36","2016-11-22","","","","-1.0","-46.7731076643","-23.4816926463"
"36","2016-11-23","4.41","10.56","7.27","-288.0","-46.7731076643","-23.4816926463"
"36","2016-11-24","0.0","0.0","0.0","-287.0","-46.7731076643","-23.4816926463"
"36","2016-11-25","0.0","0.0","0.0","0.0","-46.7731076643","-23.4816926463"
"36","2016-11-26","","","","-1.0","-46.7731076643","-23.4816926463"
"36","2016-11-27","0.65","2.47","1.4","-288.0","-46.7731076643","-23.4816926463"
"36","2016-11-28","0.0","0.2","0.04","-288.0","-46.7731076643","-23.4816926463"
"36","2016-11-29","5.29","18.64","10.49","-288.0","-46.7731076643","-23.4816926463"
"36","2016-11-30","0.0","0.0","0.0","-287.0","-46.7731076643","-23.4816926463"
"36","2016-12-01","0.0","0.0","0.0","0.0","-46.7731076643","-23.4816926463"
"36","2016-12-02","","","","-1.0","-46.7731076643","-23.4816926463"
"36","2016-12-03","7.43","26.86","16.29","-288.0","-46.7731076643","-23.4816926463"
"36","2016-12-04","4.26","13.36","8.2","-288.0","-46.7731076643","-23.4816926463"
"36","2016-12-05","0.25","3.15","1.16","-287.0","-46.7731076643","-23.4816926463"
"36","2016-12-06","","","","-1.0","-46.7731076643","-23.4816926463"
"36","2016-12-07","0.86","2.26","1.51","-288.0","-46.7731076643","-23.4816926463"
"36","2016-12-08","0.0","0.06","0.03","-288.0","-46.7731076643","-23.4816926463"
"36","2016-12-09","0.63","2.32","1.37","-288.0","-46.7731076643","-23.4816926463"
"36","2016-12-10","2.42","9.95","5.54","-288.0","-46.7731076643","-23.4816926463"
"36","2016-12-11","4.46","23.69","13.51","-288.0","-46.7731076643","-23.4816926463"
"36","2016-12-12","9.56","29.51","18.89","-288.0","-46.7731076643","-23.4816926463"
"36","2016-12-13","0.0","0.0","0.0","-288.0","-46.7731076643","-23.4816926463"
"36","2016-12-14","0.0","0.0","0.0","-288.0","-46.7731076643","-23.4816926463"
"36","2016-12-15","0.0","0.0","0.0","-287.0","-46.7731076643","-23.4816926463"
"36","2016-12-16","0.0","0.0","0.0","0.0","-46.7731076643","-23.4816926463"
"36","2016-12-17","","","","-1.0","-46.7731076643","-23.4816926463"
"36","2016-12-18","15.92","48.17","29.1","-288.0","-46.7731076643","-23.4816926463"
"36","2016-12-19","3.46","21.23","10.02","-288.0","-46.7731076643","-23.4816926463"
"36","2016-12-20","1.23","4.52","2.55","-288.0","-46.7731076643","-23.4816926463"
"36","2016-12-21","0.17","8.05","3.22","-288.0","-46.7731076643","-23.4816926463"
"36","2016-12-22","0.0","0.0","0.0","-288.0","-46.7731076643","-23.4816926463"
"36","2016-12-23","1.53","6.91","3.32","-288.0","-46.7731076643","-23.4816926463"
"36","2016-12-24","5.55","19.47","11.37","-288.0","-46.7731076643","-23.4816926463"
"36","2016-12-25","0.02","0.31","0.11","-288.0","-46.7731076643","-23.4816926463"
"36","2016-12-26","0.0","0.01","0.0","-288.0","-46.7731076643","-23.4816926463"
"36","2016-12-27","0.0","0.01","0.0","-288.0","-46.7731076643","-23.4816926463"
"36","2016-12-28","6.69","47.17","28.82","-288.0","-46.7731076643","-23.4816926463"
"36","2016-12-29","0.2","2.79","1.53","-288.0","-46.7731076643","-23.4816926463"
"36","2016-12-30","0.0","0.06","0.01","-288.0","-46.7731076643","-23.4816926463"
"36","2016-12-31","0.02","4.29","1.79","-287.0","-46.7731076643","-23.4816926463"
"36","2017-01-01","","","","-1.0","-46.7731076643","-23.4816926463"
"36","2017-01-02","6.32","15.9","10.17","-288.0","-46.7731076643","-23.4816926463"
"36","2017-01-03","5.44","16.57","10.44","-288.0","-46.7731076643","-23.4816926463"
"36","2017-01-04","0.0","0.02","0.0","-288.0","-46.7731076643","-23.4816926463"
"36","2017-01-05","0.08","0.41","0.18","-288.0","-46.7731076643","-23.4816926463"
"36","2017-01-06","1.14","4.1","2.4","-288.0","-46.7731076643","-23.4816926463"
"36","2017-01-07","1.59","10.07","4.29","-288.0","-46.7731076643","-23.4816926463"
"36","2017-01-08","0.02","0.03","0.02","-288.0","-46.7731076643","-23.4816926463"
"36","2017-01-09","5.65","20.89","12.48","-288.0","-46.7731076643","-23.4816926463"
"36","2017-01-10","5.96","12.98","9.62","-288.0","-46.7731076643","-23.4816926463"
"36","2017-01-11","2.51","18.52","10.46","-288.0","-46.7731076643","-23.4816926463"
"36","2017-01-12","0.01","0.44","0.15","-288.0","-46.7731076643","-23.4816926463"
"36","2017-01-13","0.56","2.04","1.23","-288.0","-46.7731076643","-23.4816926463"
"36","2017-01-14","4.51","27.23","14.23","-288.0","-46.7731076643","-23.4816926463"
"36","2017-01-15","8.75","59.76","30.76","-288.0","-46.7731076643","-23.4816926463"
"36","2017-01-16","9.99","46.79","27.54","-288.0","-46.7731076643","-23.4816926463"
"36","2017-01-17","20.98","42.41","30.63","-288.0","-46.7731076643","-23.4816926463"
"36","2017-01-18","15.98","56.36","32.68","-288.0","-46.7731076643","-23.4816926463"
"36","2017-01-19","10.52","27.41","17.84","-288.0","-46.7731076643","-23.4816926463"
"36","2017-01-20","12.89","27.33","19.78","-288.0","-46.7731076643","-23.4816926463"
"36","2017-01-21","18.96","86.7","48.94","-288.0","-46.7731076643","-23.4816926463"
"36","2017-01-22","8.29","18.16","12.68","-288.0","-46.7731076643","-23.4816926463"
"36","2017-01-23","0.51","2.26","1.27","-288.0","-46.7731076643","-23.4816926463"
"36","2017-01-24","2.92","18.56","10.23","-288.0","-46.7731076643","-23.4816926463"
"36","2017-01-25","0.23","2.45","1.15","-288.0","-46.7731076643","-23.4816926463"
"36","2017-01-26","14.23","32.22","23.04","-288.0","-46.7731076643","-23.4816926463"
"36","2017-01-27","4.65","15.8","9.34","-288.0","-46.7731076643","-23.4816926463"
"36","2017-01-28","0.01","0.17","0.07","-288.0","-46.7731076643","-23.4816926463"
"36","2017-01-29","0.01","0.27","0.07","-288.0","-46.7731076643","-23.4816926463"
"36","2017-01-30","3.21","16.03","8.7","-288.0","-46.7731076643","-23.4816926463"
"36","2017-01-31","3.08","10.42","5.65","-288.0","-46.7731076643","-23.4816926463"
"36","2017-02-01","11.73","51.4","27.46","-288.0","-46.7731076643","-23.4816926463"
"36","2017-02-02","4.24","17.57","10.24","-288.0","-46.7731076643","-23.4816926463"
"36","2017-02-03","8.13","20.87","14.35","-288.0","-46.7731076643","-23.4816926463"
"36","2017-02-04","2.3","14.18","7.72","-288.0","-46.7731076643","-23.4816926463"
"36","2017-02-05","0.0","0.14","0.04","-288.0","-46.7731076643","-23.4816926463"
"36","2017-02-06","6.45","29.83","14.37","-288.0","-46.7731076643","-23.4816926463"
"36","2017-02-07","0.0","0.09","0.03","-288.0","-46.7731076643","-23.4816926463"
"36","2017-02-08","0.0","0.0","0.0","-287.0","-46.7731076643","-23.4816926463"
"36","2017-02-09","0.0","0.0","0.0","0.0","-46.7731076643","-23.4816926463"
"36","2017-02-10","0.0","0.0","0.0","0.0","-46.7731076643","-23.4816926463"
"36","2017-02-11","0.0","0.0","0.0","0.0","-46.7731076643","-23.4816926463"
"36","2017-02-12","0.0","0.0","0.0","0.0","-46.7731076643","-23.4816926463"
"36","2017-02-13","0.0","0.0","0.0","0.0","-46.7731076643","-23.4816926463"
"36","2017-02-14","0.0","0.0","0.0","0.0","-46.7731076643","-23.4816926463"
"36","2017-02-15","0.0","0.0","0.0","0.0","-46.7731076643","-23.4816926463"
"36","2017-02-16","","","","-1.0","-46.7731076643","-23.4816926463"
"36","2017-02-17","0.0","0.05","0.0","-288.0","-46.7731076643","-23.4816926463"
"36","2017-02-18","0.0","0.0","0.0","-287.0","-46.7731076643","-23.4816926463"
"36","2017-02-19","0.0","0.0","0.0","0.0","-46.7731076643","-23.4816926463"
"36","2017-02-20","0.0","0.0","0.0","0.0","-46.7731076643","-23.4816926463"
"36","2017-02-21","","","","-1.0","-46.7731076643","-23.4816926463"
"36","2017-02-22","2.99","18.59","8.76","-288.0","-46.7731076643","-23.4816926463"
"36","2017-02-23","0.0","0.0","0.0","-288.0","-46.7731076643","-23.4816926463"
"36","2017-02-24","15.1","50.94","30.84","-288.0","-46.7731076643","-23.4816926463"
"36","2017-02-25","0.82","6.01","2.56","-288.0","-46.7731076643","-23.4816926463"
"36","2017-02-26","5.52","30.21","14.59","-288.0","-46.7731076643","-23.4816926463"
"36","2017-02-27","0.0","0.0","0.0","-288.0","-46.7731076643","-23.4816926463"
"36","2017-02-28","0.0","0.02","0.0","-288.0","-46.7731076643","-23.4816926463"
"36","2017-03-01","0.0","0.33","0.15","-288.0","-46.7731076643","-23.4816926463"
"36","2017-03-02","0.13","4.75","2.03","-288.0","-46.7731076643","-23.4816926463"
"36","2017-03-03","7.81","35.86","18.51","-288.0","-46.7731076643","-23.4816926463"
"36","2017-03-04","2.94","7.1","4.81","-288.0","-46.7731076643","-23.4816926463"
"36","2017-03-05","1.97","13.14","7.58","-288.0","-46.7731076643","-23.4816926463"
"36","2017-03-06","9.83","36.78","21.58","-288.0","-46.7731076643","-23.4816926463"
"36","2017-03-07","2.93","12.29","6.73","-288.0","-46.7731076643","-23.4816926463"
"36","2017-03-08","0.01","0.42","0.2","-288.0","-46.7731076643","-23.4816926463"
"36","2017-03-09","0.0","0.0","0.0","-288.0","-46.7731076643","-23.4816926463"
"36","2017-03-10","8.63","23.32","14.9","-288.0","-46.7731076643","-23.4816926463"
"36","2017-03-11","4.44","39.79","19.32","-288.0","-46.7731076643","-23.4816926463"
"36","2017-03-12","0.0","0.0","0.0","-288.0","-46.7731076643","-23.4816926463"
"36","2017-03-13","0.07","0.15","0.12","-288.0","-46.7731076643","-23.4816926463"
"36","2017-03-14","0.37","2.62","1.35","-288.0","-46.7731076643","-23.4816926463"
"36","2017-03-15","2.23","12.9","6.53","-288.0","-46.7731076643","-23.4816926463"
"36","2017-03-16","0.0","0.03","0.0","-288.0","-46.7731076643","-23.4816926463"
"36","2017-03-17","2.08","6.22","3.64","-288.0","-46.7731076643","-23.4816926463"
"36","2017-03-18","0.42","1.75","0.99","-288.0","-46.7731076643","-23.4816926463"
"36","2017-03-19","1.39","2.64","1.95","-288.0","-46.7731076643","-23.4816926463"
"36","2017-03-20","0.0","0.0","0.0","-287.0","-46.7731076643","-23.4816926463"
"36","2017-03-21","0.0","0.0","0.0","0.0","-46.7731076643","-23.4816926463"
"36","2017-03-22","0.0","0.0","0.0","0.0","-46.7731076643","-23.4816926463"
"36","2017-03-23","","","","-1.0","-46.7731076643","-23.4816926463"
"36","2017-03-24","6.42","35.23","18.62","-288.0","-46.7731076643","-23.4816926463"
"36","2017-03-25","2.94","15.89","7.22","-287.0","-46.7731076643","-23.4816926463"
"36","2017-03-26","","","","-1.0","-46.7731076643","-23.4816926463"
"36","2017-03-27","0.32","2.13","1.08","-288.0","-46.7731076643","-23.4816926463"
"36","2017-03-28","0.0","0.13","0.01","-288.0","-46.7731076643","-23.4816926463"
"36","2017-03-29","0.0","0.01","0.0","-287.0","-46.7731076643","-23.4816926463"
"36","2017-03-30","0.0","0.0","0.0","0.0","-46.7731076643","-23.4816926463"
"36","2017-03-31","0.0","0.0","0.0","0.0","-46.7731076643","-23.4816926463"
"36","2017-04-01","0.0","0.0","0.0","0.0","-46.7731076643","-23.4816926463"
"36","2017-04-02","0.0","0.0","0.0","0.0","-46.7731076643","-23.4816926463"
"36","2017-04-03","0.0","0.0","0.0","0.0","-46.7731076643","-23.4816926463"
"36","2017-04-04","","","","-1.0","-46.7731076643","-23.4816926463"
"36","2017-04-05","0.0","0.0","0.0","-288.0","-46.7731076643","-23.4816926463"
"36","2017-04-06","8.4","22.95","14.7","-288.0","-46.7731076643","-23.4816926463"
"36","2017-04-07","26.74","97.19","60.65","-288.0","-46.7731076643","-23.4816926463"
"36","2017-04-08","0.0","0.0","0.0","-287.0","-46.7731076643","-23.4816926463"
"36","2017-04-09","","","","-1.0","-46.7731076643","-23.4816926463"
"36","2017-04-10","0.28","2.25","1.09","-288.0","-46.7731076643","-23.4816926463"
"36","2017-04-11","0.0","0.08","0.03","-288.0","-46.7731076643","-23.4816926463"
"36","2017-04-12","0.0","0.11","0.02","-287.0","-46.7731076643","-23.4816926463"
"36","2017-04-13","0.0","0.0","0.0","0.0","-46.7731076643","-23.4816926463"
"36","2017-04-14","0.0","0.0","0.0","0.0","-46.7731076643","-23.4816926463"
"36","2017-04-15","0.0","0.0","0.0","0.0","-46.7731076643","-23.4816926463"
"36","2017-04-16","","","","-1.0","-46.7731076643","-23.4816926463"
"36","2017-04-17","0.29","1.86","0.84","-287.0","-46.7731076643","-23.4816926463"
"36","2017-04-18","0.0","0.0","0.0","0.0","-46.7731076643","-23.4816926463"
"36","2017-04-19","0.0","0.0","0.0","0.0","-46.7731076643","-23.4816926463"
"36","2017-04-20","","","","-1.0","-46.7731076643","-23.4816926463"
"36","2017-04-21","6.72","35.62","19.94","-288.0","-46.7731076643","-23.4816926463"
"36","2017-04-22","2.13","3.97","3.0","-287.0","-46.7731076643","-23.4816926463"
"36","2017-04-23","0.0","0.0","0.0","0.0","-46.7731076643","-23.4816926463"
"36","2017-04-24","0.0","0.0","0.0","0.0","-46.7731076643","-23.4816926463"
"36","2017-04-25","","","","-1.0","-46.7731076643","-23.4816926463"
"36","2017-04-26","10.07","25.02","16.95","-288.0","-46.7731076643","-23.4816926463"
"36","2017-04-27","2.09","4.2","3.02","-287.0","-46.7731076643","-23.4816926463"
"36","2017-04-28","0.0","0.0","0.0","0.0","-46.7731076643","-23.4816926463"
"36","2017-04-29","0.0","0.0","0.0","0.0","-46.7731076643","-23.4816926463"
"36","2017-04-30","0.0","0.0","0.0","0.0","-46.7731076643","-23.4816926463"
"36","2017-05-01","","","","-1.0","-46.7731076643","-23.4816926463"
"36","2017-05-02","0.01","0.04","0.02","-287.0","-46.7731076643","-23.4816926463"
"36","2017-05-03","0.0","0.0","0.0","0.0","-46.7731076643","-23.4816926463"
"36","2017-05-04","","","","-1.0","-46.7731076643","-23.4816926463"
"36","2017-05-05","10.61","24.6","16.35","-288.0","-46.7731076643","-23.4816926463"
"36","2017-05-06","1.66","4.54","3.31","-288.0","-46.7731076643","-23.4816926463"
"36","2017-05-07","0.0","0.03","0.01","-287.0","-46.7731076643","-23.4816926463"
"36","2017-05-08","0.0","0.0","0.0","0.0","-46.7731076643","-23.4816926463"
"36","2017-05-09","0.0","0.0","0.0","0.0","-46.7731076643","-23.4816926463"
"36","2017-05-10","0.0","0.0","0.0","0.0","-46.7731076643","-23.4816926463"
"36","2017-05-11","0.0","0.0","0.0","0.0","-46.7731076643","-23.4816926463"
"36","2017-05-12","0.0","0.0","0.0","0.0","-46.7731076643","-23.4816926463"
"36","2017-05-13","","","","-1.0","-46.7731076643","-23.4816926463"
"36","2017-05-14","0.2","0.83","0.44","-287.0","-46.7731076643","-23.4816926463"
"36","2017-05-15","0.0","0.0","0.0","0.0","-46.7731076643","-23.4816926463"
"36","2017-05-16","0.0","0.0","0.0","0.0","-46.7731076643","-23.4816926463"
"36","2017-05-17","","","","-1.0","-46.7731076643","-23.4816926463"
"36","2017-05-18","3.89","8.97","6.01","-288.0","-46.7731076643","-23.4816926463"
"36","2017-05-19","29.16","73.83","48.68","-288.0","-46.7731076643","-23.4816926463"
"36","2017-05-20","1.39","2.53","1.88","-288.0","-46.7731076643","-23.4816926463"
"36","2017-05-21","20.49","44.69","30.89","-288.0","-46.7731076643","-23.4816926463"
"36","2017-05-22","11.31","23.66","17.36","-287.0","-46.7731076643","-23.4816926463"
"36","2017-05-23","0.0","0.0","0.0","0.0","-46.7731076643","-23.4816926463"
"36","2017-05-24","0.0","0.0","0.0","0.0","-46.7731076643","-23.4816926463"
"36","2017-05-25","0.0","0.0","0.0","0.0","-46.7731076643","-23.4816926463"
"36","2017-05-26","0.0","0.0","0.0","0.0","-46.7731076643","-23.4816926463"
"36","2017-05-27","0.0","0.0","0.0","0.0","-46.7731076643","-23.4816926463"
"36","2017-05-28","0.0","0.0","0.0","0.0","-46.7731076643","-23.4816926463"
"36","2017-05-29","0.0","0.0","0.0","0.0","-46.7731076643","-23.4816926463"
"36","2017-05-30","0.0","0.0","0.0","0.0","-46.7731076643","-23.4816926463"
"36","2017-05-31","0.0","0.0","0.0","0.0","-46.7731076643","-23.4816926463"
"36","2017-06-01","0.0","0.0","0.0","0.0","-46.7731076643","-23.4816926463"
"36","2017-06-02","0.0","0.0","0.0","0.0","-46.7731076643","-23.4816926463"
"36","2017-06-03","0.0","0.0","0.0","0.0","-46.7731076643","-23.4816926463"
"36","2017-06-04","","","","-1.0","-46.7731076643","-23.4816926463"
"36","2017-06-05","29.38","71.26","49.46","-288.0","-46.7731076643","-23.4816926463"
"36","2017-06-06","21.81","55.91","37.22","-288.0","-46.7731076643","-23.4816926463"
"36","2017-06-07","11.51","34.2","21.29","-287.0","-46.7731076643","-23.4816926463"
"36","2017-06-08","","","","-1.0","-46.7731076643","-23.4816926463"
"36","2017-06-09","0.3","1.38","0.84","-288.0","-46.7731076643","-23.4816926463"
"36","2017-06-10","0.0","0.0","0.0","-287.0","-46.7731076643","-23.4816926463"
"36","2017-06-11","","","","-1.0","-46.7731076643","-23.4816926463"
"36","2017-06-12","0.0","0.0","0.0","-288.0","-46.7731076643","-23.4816926463"
"36","2017-06-13","17.84","52.72","31.94","-288.0","-46.7731076643","-23.4816926463"
"36","2017-06-14","1.66","5.51","3.75","-287.0","-46.7731076643","-23.4816926463"
"37","2016-10-31","","","","-1.0","-46.7245584776","-23.5031359461"
"37","2016-11-01","0.0","0.01","0.0","-288.0","-46.7245584776","-23.5031359461"
"37","2016-11-02","0.07","13.04","1.46","-288.0","-46.7245584776","-23.5031359461"
"37","2016-11-03","0.69","66.26","12.56","-288.0","-46.7245584776","-23.5031359461"
"37","2016-11-04","0.01","2.31","0.28","-288.0","-46.7245584776","-23.5031359461"
"37","2016-11-05","0.0","0.0","0.0","-288.0","-46.7245584776","-23.5031359461"
"37","2016-11-06","3.58","86.34","30.77","-288.0","-46.7245584776","-23.5031359461"
"37","2016-11-07","0.0","0.81","0.0","-288.0","-46.7245584776","-23.5031359461"
"37","2016-11-08","0.0","0.49","0.01","-288.0","-46.7245584776","-23.5031359461"
"37","2016-11-09","4.77","90.58","30.67","-288.0","-46.7245584776","-23.5031359461"
"37","2016-11-10","1.44","37.54","7.48","-288.0","-46.7245584776","-23.5031359461"
"37","2016-11-11","0.0","6.51","0.64","-288.0","-46.7245584776","-23.5031359461"
"37","2016-11-12","0.27","20.76","4.35","-288.0","-46.7245584776","-23.5031359461"
"37","2016-11-13","8.15","68.95","27.67","-288.0","-46.7245584776","-23.5031359461"
"37","2016-11-14","6.74","44.11","18.08","-287.0","-46.7245584776","-23.5031359461"
"37","2016-11-15","","","","-1.0","-46.7245584776","-23.5031359461"
"37","2016-11-16","0.29","24.48","8.8","-288.0","-46.7245584776","-23.5031359461"
"37","2016-11-17","0.12","26.3","3.63","-288.0","-46.7245584776","-23.5031359461"
"37","2016-11-18","0.01","2.09","0.29","-287.0","-46.7245584776","-23.5031359461"
"37","2016-11-19","0.0","0.0","0.0","0.0","-46.7245584776","-23.5031359461"
"37","2016-11-20","0.0","0.0","0.0","0.0","-46.7245584776","-23.5031359461"
"37","2016-11-21","0.0","0.0","0.0","0.0","-46.7245584776","-23.5031359461"
"37","2016-11-22","","","","-1.0","-46.7245584776","-23.5031359461"
"37","2016-11-23","0.98","24.2","6.32","-288.0","-46.7245584776","-23.5031359461"
"37","2016-11-24","0.0","0.02","0.0","-287.0","-46.7245584776","-23.5031359461"
"37","2016-11-25","0.0","0.0","0.0","0.0","-46.7245584776","-23.5031359461"
"37","2016-11-26","","","","-1.0","-46.7245584776","-23.5031359461"
"37","2016-11-27","0.16","28.33","2.89","-288.0","-46.7245584776","-23.5031359461"
"37","2016-11-28","0.0","24.45","1.67","-288.0","-46.7245584776","-23.5031359461"
"37","2016-11-29","1.39","54.21","10.11","-288.0","-46.7245584776","-23.5031359461"
"37","2016-11-30","0.0","0.0","0.0","-287.0","-46.7245584776","-23.5031359461"
"37","2016-12-01","0.0","0.0","0.0","0.0","-46.7245584776","-23.5031359461"
"37","2016-12-02","","","","-1.0","-46.7245584776","-23.5031359461"
"37","2016-12-03","2.8","54.24","16.97","-288.0","-46.7245584776","-23.5031359461"
"37","2016-12-04","0.88","26.9","5.87","-288.0","-46.7245584776","-23.5031359461"
"37","2016-12-05","0.01","4.34","0.55","-287.0","-46.7245584776","-23.5031359461"
"37","2016-12-06","","","","-1.0","-46.7245584776","-23.5031359461"
"37","2016-12-07","0.15","5.64","1.3","-288.0","-46.7245584776","-23.5031359461"
"37","2016-12-08","0.0","0.34","0.01","-288.0","-46.7245584776","-23.5031359461"
"37","2016-12-09","0.17","5.03","1.15","-288.0","-46.7245584776","-23.5031359461"
"37","2016-12-10","0.88","28.99","5.09","-288.0","-46.7245584776","-23.5031359461"
"37","2016-12-11","1.59","48.32","12.63","-288.0","-46.7245584776","-23.5031359461"
"37","2016-12-12","3.66","79.58","22.86","-288.0","-46.7245584776","-23.5031359461"
"37","2016-12-13","0.0","0.25","0.0","-288.0","-46.7245584776","-23.5031359461"
"37","2016-12-14","0.0","1.37","0.0","-288.0","-46.7245584776","-23.5031359461"
"37","2016-12-15","0.0","0.0","0.0","-287.0","-46.7245584776","-23.5031359461"
"37","2016-12-16","0.0","0.0","0.0","0.0","-46.7245584776","-23.5031359461"
"37","2016-12-17","","","","-1.0","-46.7245584776","-23.5031359461"
"37","2016-12-18","1.57","161.74","40.53","-288.0","-46.7245584776","-23.5031359461"
"37","2016-12-19","0.64","28.13","5.01","-288.0","-46.7245584776","-23.5031359461"
"37","2016-12-20","0.32","20.72","3.13","-288.0","-46.7245584776","-23.5031359461"
"37","2016-12-21","0.5","79.01","12.11","-288.0","-46.7245584776","-23.5031359461"
"37","2016-12-22","0.0","0.02","0.0","-288.0","-46.7245584776","-23.5031359461"
"37","2016-12-23","0.21","13.73","2.48","-288.0","-46.7245584776","-23.5031359461"
"37","2016-12-24","1.61","43.32","10.93","-288.0","-46.7245584776","-23.5031359461"
"37","2016-12-25","0.0","4.66","0.12","-288.0","-46.7245584776","-23.5031359461"
"37","2016-12-26","0.0","0.08","0.0","-288.0","-46.7245584776","-23.5031359461"
"37","2016-12-27","0.0","0.18","0.0","-288.0","-46.7245584776","-23.5031359461"
"37","2016-12-28","0.07","83.91","21.58","-288.0","-46.7245584776","-23.5031359461"
"37","2016-12-29","0.2","33.59","5.54","-288.0","-46.7245584776","-23.5031359461"
"37","2016-12-30","0.0","0.41","0.0","-288.0","-46.7245584776","-23.5031359461"
"37","2016-12-31","0.0","29.32","4.4","-287.0","-46.7245584776","-23.5031359461"
"37","2017-01-01","","","","-1.0","-46.7245584776","-23.5031359461"
"37","2017-01-02","2.44","37.43","9.81","-288.0","-46.7245584776","-23.5031359461"
"37","2017-01-03","2.35","46.12","10.31","-288.0","-46.7245584776","-23.5031359461"
"37","2017-01-04","0.0","0.48","0.02","-288.0","-46.7245584776","-23.5031359461"
"37","2017-01-05","0.0","1.46","0.16","-288.0","-46.7245584776","-23.5031359461"
"37","2017-01-06","0.35","12.37","3.27","-288.0","-46.7245584776","-23.5031359461"
"37","2017-01-07","0.46","99.62","22.02","-288.0","-46.7245584776","-23.5031359461"
"37","2017-01-08","0.0","8.68","0.18","-288.0","-46.7245584776","-23.5031359461"
"37","2017-01-09","2.19","65.77","15.71","-288.0","-46.7245584776","-23.5031359461"
"37","2017-01-10","1.89","24.78","7.45","-288.0","-46.7245584776","-23.5031359461"
"37","2017-01-11","0.51","45.63","7.45","-288.0","-46.7245584776","-23.5031359461"
"37","2017-01-12","0.0","24.51","1.94","-288.0","-46.7245584776","-23.5031359461"
"37","2017-01-13","0.02","9.62","1.34","-288.0","-46.7245584776","-23.5031359461"
"37","2017-01-14","0.12","60.97","13.31","-288.0","-46.7245584776","-23.5031359461"
"37","2017-01-15","0.07","44.73","4.69","-288.0","-46.7245584776","-23.5031359461"
"37","2017-01-16","3.4","126.93","28.21","-288.0","-46.7245584776","-23.5031359461"
"37","2017-01-17","7.98","80.07","27.61","-288.0","-46.7245584776","-23.5031359461"
"37","2017-01-18","5.41","132.8","32.25","-288.0","-46.7245584776","-23.5031359461"
"37","2017-01-19","4.21","56.31","18.43","-288.0","-46.7245584776","-23.5031359461"
"37","2017-01-20","5.13","92.62","21.43","-288.0","-46.7245584776","-23.5031359461"
"37","2017-01-21","5.48","185.49","43.73","-288.0","-46.7245584776","-23.5031359461"
"37","2017-01-22","2.73","41.28","13.14","-288.0","-46.7245584776","-23.5031359461"
"37","2017-01-23","0.04","11.25","1.49","-288.0","-46.7245584776","-23.5031359461"
"37","2017-01-24","0.03","49.06","13.65","-288.0","-46.7245584776","-23.5031359461"
"37","2017-01-25","0.06","9.63","1.93","-288.0","-46.7245584776","-23.5031359461"
"37","2017-01-26","6.08","58.6","21.5","-288.0","-46.7245584776","-23.5031359461"
"37","2017-01-27","1.18","65.17","15.0","-288.0","-46.7245584776","-23.5031359461"
"37","2017-01-28","0.0","0.84","0.0","-288.0","-46.7245584776","-23.5031359461"
"37","2017-01-29","0.0","1.85","0.08","-288.0","-46.7245584776","-23.5031359461"
"37","2017-01-30","1.1","34.65","7.67","-288.0","-46.7245584776","-23.5031359461"
"37","2017-01-31","1.31","20.13","4.99","-288.0","-46.7245584776","-23.5031359461"
"37","2017-02-01","3.68","144.72","34.02","-288.0","-46.7245584776","-23.5031359461"
"37","2017-02-02","1.71","44.89","9.66","-288.0","-46.7245584776","-23.5031359461"
"37","2017-02-03","1.5","44.36","10.95","-288.0","-46.7245584776","-23.5031359461"
"37","2017-02-04","0.67","78.12","16.72","-288.0","-46.7245584776","-23.5031359461"
"37","2017-02-05","0.0","0.31","0.0","-288.0","-46.7245584776","-23.5031359461"
"37","2017-02-06","1.9","95.17","23.38","-288.0","-46.7245584776","-23.5031359461"
"37","2017-02-07","0.0","2.5","0.09","-288.0","-46.7245584776","-23.5031359461"
"37","2017-02-08","0.0","0.0","0.0","-287.0","-46.7245584776","-23.5031359461"
"37","2017-02-09","0.0","0.0","0.0","0.0","-46.7245584776","-23.5031359461"
"37","2017-02-10","0.0","0.0","0.0","0.0","-46.7245584776","-23.5031359461"
"37","2017-02-11","0.0","0.0","0.0","0.0","-46.7245584776","-23.5031359461"
"37","2017-02-12","0.0","0.0","0.0","0.0","-46.7245584776","-23.5031359461"
"37","2017-02-13","0.0","0.0","0.0","0.0","-46.7245584776","-23.5031359461"
"37","2017-02-14","0.0","0.0","0.0","0.0","-46.7245584776","-23.5031359461"
"37","2017-02-15","0.0","0.0","0.0","0.0","-46.7245584776","-23.5031359461"
"37","2017-02-16","","","","-1.0","-46.7245584776","-23.5031359461"
"37","2017-02-17","0.0","0.68","0.0","-288.0","-46.7245584776","-23.5031359461"
"37","2017-02-18","0.0","0.0","0.0","-287.0","-46.7245584776","-23.5031359461"
"37","2017-02-19","0.0","0.0","0.0","0.0","-46.7245584776","-23.5031359461"
"37","2017-02-20","0.0","0.0","0.0","0.0","-46.7245584776","-23.5031359461"
"37","2017-02-21","","","","-1.0","-46.7245584776","-23.5031359461"
"37","2017-02-22","3.05","94.54","33.1","-288.0","-46.7245584776","-23.5031359461"
"37","2017-02-23","0.0","0.21","0.0","-288.0","-46.7245584776","-23.5031359461"
"37","2017-02-24","3.59","130.64","27.7","-288.0","-46.7245584776","-23.5031359461"
"37","2017-02-25","0.04","14.16","2.34","-288.0","-46.7245584776","-23.5031359461"
"37","2017-02-26","0.05","35.39","2.79","-288.0","-46.7245584776","-23.5031359461"
"37","2017-02-27","0.0","0.21","0.0","-288.0","-46.7245584776","-23.5031359461"
"37","2017-02-28","0.0","0.34","0.0","-288.0","-46.7245584776","-23.5031359461"
"37","2017-03-01","0.0","4.5","0.09","-288.0","-46.7245584776","-23.5031359461"
"37","2017-03-02","0.0","15.22","1.3","-288.0","-46.7245584776","-23.5031359461"
"37","2017-03-03","1.87","70.66","16.25","-288.0","-46.7245584776","-23.5031359461"
"37","2017-03-04","0.38","19.09","3.09","-288.0","-46.7245584776","-23.5031359461"
"37","2017-03-05","0.81","71.71","11.4","-288.0","-46.7245584776","-23.5031359461"
"37","2017-03-06","2.36","80.35","18.62","-288.0","-46.7245584776","-23.5031359461"
"37","2017-03-07","0.42","31.43","5.14","-288.0","-46.7245584776","-23.5031359461"
"37","2017-03-08","0.01","5.23","0.99","-288.0","-46.7245584776","-23.5031359461"
"37","2017-03-09","0.0","0.0","0.0","-288.0","-46.7245584776","-23.5031359461"
"37","2017-03-10","0.1","67.56","17.5","-288.0","-46.7245584776","-23.5031359461"
"37","2017-03-11","0.0","58.08","5.95","-288.0","-46.7245584776","-23.5031359461"
"37","2017-03-12","0.0","0.19","0.0","-288.0","-46.7245584776","-23.5031359461"
"37","2017-03-13","0.0","8.86","0.6","-288.0","-46.7245584776","-23.5031359461"
"37","2017-03-14","0.2","26.17","4.27","-288.0","-46.7245584776","-23.5031359461"
"37","2017-03-15","0.21","15.26","2.11","-288.0","-46.7245584776","-23.5031359461"
"37","2017-03-16","0.0","0.08","0.0","-288.0","-46.7245584776","-23.5031359461"
"37","2017-03-17","0.28","52.86","5.27","-288.0","-46.7245584776","-23.5031359461"
"37","2017-03-18","0.07","3.71","0.95","-288.0","-46.7245584776","-23.5031359461"
"37","2017-03-19","0.55","4.85","1.77","-288.0","-46.7245584776","-23.5031359461"
"37","2017-03-20","0.0","0.01","0.0","-287.0","-46.7245584776","-23.5031359461"
"37","2017-03-21","0.0","0.0","0.0","0.0","-46.7245584776","-23.5031359461"
"37","2017-03-22","0.0","0.0","0.0","0.0","-46.7245584776","-23.5031359461"
"37","2017-03-23","","","","-1.0","-46.7245584776","-23.5031359461"
"37","2017-03-24","0.01","53.2","7.64","-288.0","-46.7245584776","-23.5031359461"
"37","2017-03-25","0.07","55.64","8.1","-287.0","-46.7245584776","-23.5031359461"
"37","2017-03-26","","","","-1.0","-46.7245584776","-23.5031359461"
"37","2017-03-27","0.05","6.14","1.04","-288.0","-46.7245584776","-23.5031359461"
"37","2017-03-28","0.0","3.12","0.28","-288.0","-46.7245584776","-23.5031359461"
"37","2017-03-29","0.0","0.05","0.0","-287.0","-46.7245584776","-23.5031359461"
"37","2017-03-30","0.0","0.0","0.0","0.0","-46.7245584776","-23.5031359461"
"37","2017-03-31","0.0","0.0","0.0","0.0","-46.7245584776","-23.5031359461"
"37","2017-04-01","0.0","0.0","0.0","0.0","-46.7245584776","-23.5031359461"
"37","2017-04-02","0.0","0.0","0.0","0.0","-46.7245584776","-23.5031359461"
"37","2017-04-03","0.0","0.0","0.0","0.0","-46.7245584776","-23.5031359461"
"37","2017-04-04","","","","-1.0","-46.7245584776","-23.5031359461"
"37","2017-04-05","0.0","0.0","0.0","-288.0","-46.7245584776","-23.5031359461"
"37","2017-04-06","2.76","60.73","14.86","-288.0","-46.7245584776","-23.5031359461"
"37","2017-04-07","8.11","217.72","63.67","-288.0","-46.7245584776","-23.5031359461"
"37","2017-04-08","0.0","0.0","0.0","-287.0","-46.7245584776","-23.5031359461"
"37","2017-04-09","","","","-1.0","-46.7245584776","-23.5031359461"
"37","2017-04-10","0.0","59.45","6.43","-288.0","-46.7245584776","-23.5031359461"
"37","2017-04-11","0.0","0.17","0.0","-288.0","-46.7245584776","-23.5031359461"
"37","2017-04-12","0.0","1.08","0.05","-287.0","-46.7245584776","-23.5031359461"
"37","2017-04-13","0.0","0.0","0.0","0.0","-46.7245584776","-23.5031359461"
"37","2017-04-14","0.0","0.0","0.0","0.0","-46.7245584776","-23.5031359461"
"37","2017-04-15","0.0","0.0","0.0","0.0","-46.7245584776","-23.5031359461"
"37","2017-04-16","","","","-1.0","-46.7245584776","-23.5031359461"
"37","2017-04-17","0.05","3.32","0.72","-287.0","-46.7245584776","-23.5031359461"
"37","2017-04-18","0.0","0.0","0.0","0.0","-46.7245584776","-23.5031359461"
"37","2017-04-19","0.0","0.0","0.0","0.0","-46.7245584776","-23.5031359461"
"37","2017-04-20","","","","-1.0","-46.7245584776","-23.5031359461"
"37","2017-04-21","2.36","69.39","19.17","-288.0","-46.7245584776","-23.5031359461"
"37","2017-04-22","0.74","6.56","2.47","-287.0","-46.7245584776","-23.5031359461"
"37","2017-04-23","0.0","0.0","0.0","0.0","-46.7245584776","-23.5031359461"
"37","2017-04-24","0.0","0.0","0.0","0.0","-46.7245584776","-23.5031359461"
"37","2017-04-25","","","","-1.0","-46.7245584776","-23.5031359461"
"37","2017-04-26","4.12","52.66","16.87","-288.0","-46.7245584776","-23.5031359461"
"37","2017-04-27","0.95","7.23","3.06","-287.0","-46.7245584776","-23.5031359461"
"37","2017-04-28","0.0","0.0","0.0","0.0","-46.7245584776","-23.5031359461"
"37","2017-04-29","0.0","0.0","0.0","0.0","-46.7245584776","-23.5031359461"
"37","2017-04-30","0.0","0.0","0.0","0.0","-46.7245584776","-23.5031359461"
"37","2017-05-01","","","","-1.0","-46.7245584776","-23.5031359461"
"37","2017-05-02","0.0","0.32","0.0","-287.0","-46.7245584776","-23.5031359461"
"37","2017-05-03","0.0","0.0","0.0","0.0","-46.7245584776","-23.5031359461"
"37","2017-05-04","","","","-1.0","-46.7245584776","-23.5031359461"
"37","2017-05-05","2.26","44.07","12.41","-288.0","-46.7245584776","-23.5031359461"
"37","2017-05-06","0.7","10.8","2.95","-288.0","-46.7245584776","-23.5031359461"
"37","2017-05-07","0.0","0.62","0.0","-287.0","-46.7245584776","-23.5031359461"
"37","2017-05-08","0.0","0.0","0.0","0.0","-46.7245584776","-23.5031359461"
"37","2017-05-09","0.0","0.0","0.0","0.0","-46.7245584776","-23.5031359461"
"37","2017-05-10","0.0","0.0","0.0","0.0","-46.7245584776","-23.5031359461"
"37","2017-05-11","0.0","0.0","0.0","0.0","-46.7245584776","-23.5031359461"
"37","2017-05-12","0.0","0.0","0.0","0.0","-46.7245584776","-23.5031359461"
"37","2017-05-13","","","","-1.0","-46.7245584776","-23.5031359461"
"37","2017-05-14","0.01","1.54","0.24","-287.0","-46.7245584776","-23.5031359461"
"37","2017-05-15","0.0","0.0","0.0","0.0","-46.7245584776","-23.5031359461"
"37","2017-05-16","0.0","0.0","0.0","0.0","-46.7245584776","-23.5031359461"
"37","2017-05-17","","","","-1.0","-46.7245584776","-23.5031359461"
"37","2017-05-18","1.12","18.14","5.07","-288.0","-46.7245584776","-23.5031359461"
"37","2017-05-19","11.17","182.04","50.37","-288.0","-46.7245584776","-23.5031359461"
"37","2017-05-20","0.52","4.31","1.61","-288.0","-46.7245584776","-23.5031359461"
"37","2017-05-21","8.87","98.04","29.86","-288.0","-46.7245584776","-23.5031359461"
"37","2017-05-22","4.66","56.58","17.37","-287.0","-46.7245584776","-23.5031359461"
"37","2017-05-23","0.0","0.0","0.0","0.0","-46.7245584776","-23.5031359461"
"37","2017-05-24","0.0","0.0","0.0","0.0","-46.7245584776","-23.5031359461"
"37","2017-05-25","0.0","0.0","0.0","0.0","-46.7245584776","-23.5031359461"
"37","2017-05-26","0.0","0.0","0.0","0.0","-46.7245584776","-23.5031359461"
"37","2017-05-27","0.0","0.0","0.0","0.0","-46.7245584776","-23.5031359461"
"37","2017-05-28","0.0","0.0","0.0","0.0","-46.7245584776","-23.5031359461"
"37","2017-05-29","0.0","0.0","0.0","0.0","-46.7245584776","-23.5031359461"
"37","2017-05-30","0.0","0.0","0.0","0.0","-46.7245584776","-23.5031359461"
"37","2017-05-31","0.0","0.0","0.0","0.0","-46.7245584776","-23.5031359461"
"37","2017-06-01","0.0","0.0","0.0","0.0","-46.7245584776","-23.5031359461"
"37","2017-06-02","0.0","0.0","0.0","0.0","-46.7245584776","-23.5031359461"
"37","2017-06-03","0.0","0.0","0.0","0.0","-46.7245584776","-23.5031359461"
"37","2017-06-04","","","","-1.0","-46.7245584776","-23.5031359461"
"37","2017-06-05","12.42","154.41","49.61","-288.0","-46.7245584776","-23.5031359461"
"37","2017-06-06","9.99","135.16","40.96","-288.0","-46.7245584776","-23.5031359461"
"37","2017-06-07","4.1","67.41","22.13","-287.0","-46.7245584776","-23.5031359461"
"37","2017-06-08","","","","-1.0","-46.7245584776","-23.5031359461"
"37","2017-06-09","0.07","5.86","0.85","-288.0","-46.7245584776","-23.5031359461"
"37","2017-06-10","0.0","0.0","0.0","-287.0","-46.7245584776","-23.5031359461"
"37","2017-06-11","","","","-1.0","-46.7245584776","-23.5031359461"
"37","2017-06-12","0.0","0.0","0.0","-288.0","-46.7245584776","-23.5031359461"
"37","2017-06-13","6.16","96.37","28.34","-288.0","-46.7245584776","-23.5031359461"
"37","2017-06-14","0.67","13.63","2.9","-287.0","-46.7245584776","-23.5031359461"
"38","2016-10-31","","","","-1.0","-46.6517366074","-23.5044156814"
"38","2016-11-01","0.0","0.0","0.0","-288.0","-46.6517366074","-23.5044156814"
"38","2016-11-02","0.02","6.49","0.66","-288.0","-46.6517366074","-23.5044156814"
"38","2016-11-03","0.74","89.52","18.91","-288.0","-46.6517366074","-23.5044156814"
"38","2016-11-04","0.02","2.32","0.37","-288.0","-46.6517366074","-23.5044156814"
"38","2016-11-05","0.0","0.0","0.0","-288.0","-46.6517366074","-23.5044156814"
"38","2016-11-06","1.97","88.53","31.23","-288.0","-46.6517366074","-23.5044156814"
"38","2016-11-07","0.0","15.33","1.59","-288.0","-46.6517366074","-23.5044156814"
"38","2016-11-08","0.0","2.13","0.15","-288.0","-46.6517366074","-23.5044156814"
"38","2016-11-09","6.78","96.99","32.91","-288.0","-46.6517366074","-23.5044156814"
"38","2016-11-10","1.3","32.06","6.82","-288.0","-46.6517366074","-23.5044156814"
"38","2016-11-11","0.0","2.9","0.1","-288.0","-46.6517366074","-23.5044156814"
"38","2016-11-12","0.23","26.34","4.37","-288.0","-46.6517366074","-23.5044156814"
"38","2016-11-13","6.24","68.71","26.61","-288.0","-46.6517366074","-23.5044156814"
"38","2016-11-14","6.44","42.65","18.36","-287.0","-46.6517366074","-23.5044156814"
"38","2016-11-15","","","","-1.0","-46.6517366074","-23.5044156814"
"38","2016-11-16","0.2","34.42","9.86","-288.0","-46.6517366074","-23.5044156814"
"38","2016-11-17","0.17","27.59","3.42","-288.0","-46.6517366074","-23.5044156814"
"38","2016-11-18","0.0","2.92","0.25","-287.0","-46.6517366074","-23.5044156814"
"38","2016-11-19","0.0","0.0","0.0","0.0","-46.6517366074","-23.5044156814"
"38","2016-11-20","0.0","0.0","0.0","0.0","-46.6517366074","-23.5044156814"
"38","2016-11-21","0.0","0.0","0.0","0.0","-46.6517366074","-23.5044156814"
"38","2016-11-22","","","","-1.0","-46.6517366074","-23.5044156814"
"38","2016-11-23","0.94","26.9","6.14","-288.0","-46.6517366074","-23.5044156814"
"38","2016-11-24","0.0","0.01","0.0","-287.0","-46.6517366074","-23.5044156814"
"38","2016-11-25","0.0","0.0","0.0","0.0","-46.6517366074","-23.5044156814"
"38","2016-11-26","","","","-1.0","-46.6517366074","-23.5044156814"
"38","2016-11-27","0.1","7.06","1.08","-288.0","-46.6517366074","-23.5044156814"
"38","2016-11-28","0.0","73.23","6.57","-288.0","-46.6517366074","-23.5044156814"
"38","2016-11-29","1.38","93.72","18.5","-288.0","-46.6517366074","-23.5044156814"
"38","2016-11-30","0.0","0.0","0.0","-287.0","-46.6517366074","-23.5044156814"
"38","2016-12-01","0.0","0.0","0.0","0.0","-46.6517366074","-23.5044156814"
"38","2016-12-02","","","","-1.0","-46.6517366074","-23.5044156814"
"38","2016-12-03","4.16","48.1","17.03","-288.0","-46.6517366074","-23.5044156814"
"38","2016-12-04","0.7","24.26","6.27","-288.0","-46.6517366074","-23.5044156814"
"38","2016-12-05","0.02","6.37","0.75","-287.0","-46.6517366074","-23.5044156814"
"38","2016-12-06","","","","-1.0","-46.6517366074","-23.5044156814"
"38","2016-12-07","0.07","7.41","1.27","-288.0","-46.6517366074","-23.5044156814"
"38","2016-12-08","0.0","0.17","0.0","-288.0","-46.6517366074","-23.5044156814"
"38","2016-12-09","0.07","4.59","1.18","-288.0","-46.6517366074","-23.5044156814"
"38","2016-12-10","0.64","32.4","5.26","-288.0","-46.6517366074","-23.5044156814"
"38","2016-12-11","0.93","46.48","11.43","-288.0","-46.6517366074","-23.5044156814"
"38","2016-12-12","2.84","89.67","21.36","-288.0","-46.6517366074","-23.5044156814"
"38","2016-12-13","0.0","0.7","0.0","-288.0","-46.6517366074","-23.5044156814"
"38","2016-12-14","0.0","0.7","0.0","-288.0","-46.6517366074","-23.5044156814"
"38","2016-12-15","0.0","0.0","0.0","-287.0","-46.6517366074","-23.5044156814"
"38","2016-12-16","0.0","0.0","0.0","0.0","-46.6517366074","-23.5044156814"
"38","2016-12-17","","","","-1.0","-46.6517366074","-23.5044156814"
"38","2016-12-18","1.56","199.7","47.71","-288.0","-46.6517366074","-23.5044156814"
"38","2016-12-19","0.05","11.64","1.54","-288.0","-46.6517366074","-23.5044156814"
"38","2016-12-20","0.23","29.69","4.48","-288.0","-46.6517366074","-23.5044156814"
"38","2016-12-21","0.84","73.99","18.45","-288.0","-46.6517366074","-23.5044156814"
"38","2016-12-22","0.0","0.04","0.0","-288.0","-46.6517366074","-23.5044156814"
"38","2016-12-23","0.32","64.63","7.49","-288.0","-46.6517366074","-23.5044156814"
"38","2016-12-24","1.33","38.64","8.99","-288.0","-46.6517366074","-23.5044156814"
"38","2016-12-25","0.0","0.2","0.0","-288.0","-46.6517366074","-23.5044156814"
"38","2016-12-26","0.0","0.33","0.0","-288.0","-46.6517366074","-23.5044156814"
"38","2016-12-27","0.0","0.47","0.0","-288.0","-46.6517366074","-23.5044156814"
"38","2016-12-28","0.05","39.43","3.18","-288.0","-46.6517366074","-23.5044156814"
"38","2016-12-29","0.15","63.55","14.06","-288.0","-46.6517366074","-23.5044156814"
"38","2016-12-30","0.0","0.47","0.0","-288.0","-46.6517366074","-23.5044156814"
"38","2016-12-31","0.0","1.91","0.09","-287.0","-46.6517366074","-23.5044156814"
"38","2017-01-01","","","","-1.0","-46.6517366074","-23.5044156814"
"38","2017-01-02","0.98","56.82","10.46","-288.0","-46.6517366074","-23.5044156814"
"38","2017-01-03","1.83","50.86","11.97","-288.0","-46.6517366074","-23.5044156814"
"38","2017-01-04","0.0","0.72","0.09","-288.0","-46.6517366074","-23.5044156814"
"38","2017-01-05","0.0","0.87","0.07","-288.0","-46.6517366074","-23.5044156814"
"38","2017-01-06","0.65","9.48","2.78","-288.0","-46.6517366074","-23.5044156814"
"38","2017-01-07","0.93","101.23","35.39","-288.0","-46.6517366074","-23.5044156814"
"38","2017-01-08","0.0","100.72","14.43","-288.0","-46.6517366074","-23.5044156814"
"38","2017-01-09","1.67","74.57","12.58","-288.0","-46.6517366074","-23.5044156814"
"38","2017-01-10","1.16","19.12","6.12","-288.0","-46.6517366074","-23.5044156814"
"38","2017-01-11","0.85","49.45","7.72","-288.0","-46.6517366074","-23.5044156814"
"38","2017-01-12","0.0","20.4","1.32","-288.0","-46.6517366074","-23.5044156814"
"38","2017-01-13","0.0","8.2","1.7","-288.0","-46.6517366074","-23.5044156814"
"38","2017-01-14","0.0","24.71","1.79","-288.0","-46.6517366074","-23.5044156814"
"38","2017-01-15","0.01","26.31","2.25","-288.0","-46.6517366074","-23.5044156814"
"38","2017-01-16","8.73","215.92","62.16","-288.0","-46.6517366074","-23.5044156814"
"38","2017-01-17","6.72","108.94","31.55","-288.0","-46.6517366074","-23.5044156814"
"38","2017-01-18","6.66","182.26","40.82","-288.0","-46.6517366074","-23.5044156814"
"38","2017-01-19","3.63","47.88","14.93","-288.0","-46.6517366074","-23.5044156814"
"38","2017-01-20","5.49","152.95","37.41","-288.0","-46.6517366074","-23.5044156814"
"38","2017-01-21","5.92","213.46","42.78","-288.0","-46.6517366074","-23.5044156814"
"38","2017-01-22","2.88","42.88","14.02","-288.0","-46.6517366074","-23.5044156814"
"38","2017-01-23","0.07","20.76","2.29","-288.0","-46.6517366074","-23.5044156814"
"38","2017-01-24","0.4","46.62","11.16","-288.0","-46.6517366074","-23.5044156814"
"38","2017-01-25","0.24","14.5","2.87","-288.0","-46.6517366074","-23.5044156814"
"38","2017-01-26","2.4","46.22","12.66","-288.0","-46.6517366074","-23.5044156814"
"38","2017-01-27","0.96","76.17","14.61","-288.0","-46.6517366074","-23.5044156814"
"38","2017-01-28","0.0","1.32","0.07","-288.0","-46.6517366074","-23.5044156814"
"38","2017-01-29","0.0","0.62","0.0","-288.0","-46.6517366074","-23.5044156814"
"38","2017-01-30","1.02","34.91","9.15","-288.0","-46.6517366074","-23.5044156814"
"38","2017-01-31","0.77","13.62","3.32","-288.0","-46.6517366074","-23.5044156814"
"38","2017-02-01","2.76","113.57","26.76","-288.0","-46.6517366074","-23.5044156814"
"38","2017-02-02","1.08","28.41","6.45","-288.0","-46.6517366074","-23.5044156814"
"38","2017-02-03","0.92","27.08","6.85","-288.0","-46.6517366074","-23.5044156814"
"38","2017-02-04","0.63","81.05","12.57","-288.0","-46.6517366074","-23.5044156814"
"38","2017-02-05","0.0","0.22","0.0","-288.0","-46.6517366074","-23.5044156814"
"38","2017-02-06","2.4","122.61","37.91","-288.0","-46.6517366074","-23.5044156814"
"38","2017-02-07","0.0","1.89","0.11","-288.0","-46.6517366074","-23.5044156814"
"38","2017-02-08","0.0","0.0","0.0","-287.0","-46.6517366074","-23.5044156814"
"38","2017-02-09","0.0","0.0","0.0","0.0","-46.6517366074","-23.5044156814"
"38","2017-02-10","0.0","0.0","0.0","0.0","-46.6517366074","-23.5044156814"
"38","2017-02-11","0.0","0.0","0.0","0.0","-46.6517366074","-23.5044156814"
"38","2017-02-12","0.0","0.0","0.0","0.0","-46.6517366074","-23.5044156814"
"38","2017-02-13","0.0","0.0","0.0","0.0","-46.6517366074","-23.5044156814"
"38","2017-02-14","0.0","0.0","0.0","0.0","-46.6517366074","-23.5044156814"
"38","2017-02-15","0.0","0.0","0.0","0.0","-46.6517366074","-23.5044156814"
"38","2017-02-16","","","","-1.0","-46.6517366074","-23.5044156814"
"38","2017-02-17","0.0","0.64","0.02","-288.0","-46.6517366074","-23.5044156814"
"38","2017-02-18","0.0","0.0","0.0","-287.0","-46.6517366074","-23.5044156814"
"38","2017-02-19","0.0","0.0","0.0","0.0","-46.6517366074","-23.5044156814"
"38","2017-02-20","0.0","0.0","0.0","0.0","-46.6517366074","-23.5044156814"
"38","2017-02-21","","","","-1.0","-46.6517366074","-23.5044156814"
"38","2017-02-22","0.25","113.91","22.48","-288.0","-46.6517366074","-23.5044156814"
"38","2017-02-23","0.0","0.26","0.02","-288.0","-46.6517366074","-23.5044156814"
"38","2017-02-24","3.58","126.96","35.5","-288.0","-46.6517366074","-23.5044156814"
"38","2017-02-25","0.02","15.33","2.52","-288.0","-46.6517366074","-23.5044156814"
"38","2017-02-26","0.0","48.81","5.0","-288.0","-46.6517366074","-23.5044156814"
"38","2017-02-27","0.0","0.34","0.0","-288.0","-46.6517366074","-23.5044156814"
"38","2017-02-28","0.0","35.06","2.5","-288.0","-46.6517366074","-23.5044156814"
"38","2017-03-01","0.0","0.22","0.0","-288.0","-46.6517366074","-23.5044156814"
"38","2017-03-02","0.0","27.26","1.62","-288.0","-46.6517366074","-23.5044156814"
"38","2017-03-03","2.15","72.54","16.2","-288.0","-46.6517366074","-23.5044156814"
"38","2017-03-04","0.21","12.89","2.12","-288.0","-46.6517366074","-23.5044156814"
"38","2017-03-05","0.27","75.31","9.45","-288.0","-46.6517366074","-23.5044156814"
"38","2017-03-06","2.16","81.19","16.29","-288.0","-46.6517366074","-23.5044156814"
"38","2017-03-07","0.35","100.17","22.94","-288.0","-46.6517366074","-23.5044156814"
"38","2017-03-08","0.06","9.18","1.53","-288.0","-46.6517366074","-23.5044156814"
"38","2017-03-09","0.0","0.06","0.0","-288.0","-46.6517366074","-23.5044156814"
"38","2017-03-10","0.23","58.64","16.97","-288.0","-46.6517366074","-23.5044156814"
"38","2017-03-11","0.0","25.19","3.61","-288.0","-46.6517366074","-23.5044156814"
"38","2017-03-12","0.0","0.4","0.0","-288.0","-46.6517366074","-23.5044156814"
"38","2017-03-13","0.0","2.84","0.21","-288.0","-46.6517366074","-23.5044156814"
"38","2017-03-14","0.14","33.94","3.63","-288.0","-46.6517366074","-23.5044156814"
"38","2017-03-15","0.03","6.64","1.2","-288.0","-46.6517366074","-23.5044156814"
"38","2017-03-16","0.0","0.08","0.0","-288.0","-46.6517366074","-23.5044156814"
"38","2017-03-17","0.09","75.14","11.07","-288.0","-46.6517366074","-23.5044156814"
"38","2017-03-18","0.04","4.93","1.12","-288.0","-46.6517366074","-23.5044156814"
"38","2017-03-19","0.25","4.89","1.34","-288.0","-46.6517366074","-23.5044156814"
"38","2017-03-20","0.0","0.01","0.0","-287.0","-46.6517366074","-23.5044156814"
"38","2017-03-21","0.0","0.0","0.0","0.0","-46.6517366074","-23.5044156814"
"38","2017-03-22","0.0","0.0","0.0","0.0","-46.6517366074","-23.5044156814"
"38","2017-03-23","","","","-1.0","-46.6517366074","-23.5044156814"
"38","2017-03-24","0.0","31.74","3.98","-288.0","-46.6517366074","-23.5044156814"
"38","2017-03-25","0.08","46.49","5.32","-287.0","-46.6517366074","-23.5044156814"
"38","2017-03-26","","","","-1.0","-46.6517366074","-23.5044156814"
"38","2017-03-27","0.01","6.65","0.96","-288.0","-46.6517366074","-23.5044156814"
"38","2017-03-28","0.0","2.26","0.27","-288.0","-46.6517366074","-23.5044156814"
"38","2017-03-29","0.0","0.02","0.0","-287.0","-46.6517366074","-23.5044156814"
"38","2017-03-30","0.0","0.0","0.0","0.0","-46.6517366074","-23.5044156814"
"38","2017-03-31","0.0","0.0","0.0","0.0","-46.6517366074","-23.5044156814"
"38","2017-04-01","0.0","0.0","0.0","0.0","-46.6517366074","-23.5044156814"
"38","2017-04-02","0.0","0.0","0.0","0.0","-46.6517366074","-23.5044156814"
"38","2017-04-03","0.0","0.0","0.0","0.0","-46.6517366074","-23.5044156814"
"38","2017-04-04","","","","-1.0","-46.6517366074","-23.5044156814"
"38","2017-04-05","0.0","0.0","0.0","-288.0","-46.6517366074","-23.5044156814"
"38","2017-04-06","2.93","52.51","14.11","-288.0","-46.6517366074","-23.5044156814"
"38","2017-04-07","11.46","212.32","65.39","-288.0","-46.6517366074","-23.5044156814"
"38","2017-04-08","0.0","0.0","0.0","-287.0","-46.6517366074","-23.5044156814"
"38","2017-04-09","","","","-1.0","-46.6517366074","-23.5044156814"
"38","2017-04-10","0.06","64.49","11.78","-288.0","-46.6517366074","-23.5044156814"
"38","2017-04-11","0.0","0.81","0.02","-288.0","-46.6517366074","-23.5044156814"
"38","2017-04-12","0.0","2.22","0.26","-287.0","-46.6517366074","-23.5044156814"
"38","2017-04-13","0.0","0.0","0.0","0.0","-46.6517366074","-23.5044156814"
"38","2017-04-14","0.0","0.0","0.0","0.0","-46.6517366074","-23.5044156814"
"38","2017-04-15","0.0","0.0","0.0","0.0","-46.6517366074","-23.5044156814"
"38","2017-04-16","","","","-1.0","-46.6517366074","-23.5044156814"
"38","2017-04-17","0.02","4.12","0.8","-287.0","-46.6517366074","-23.5044156814"
"38","2017-04-18","0.0","0.0","0.0","0.0","-46.6517366074","-23.5044156814"
"38","2017-04-19","0.0","0.0","0.0","0.0","-46.6517366074","-23.5044156814"
"38","2017-04-20","","","","-1.0","-46.6517366074","-23.5044156814"
"38","2017-04-21","4.39","50.37","16.56","-288.0","-46.6517366074","-23.5044156814"
"38","2017-04-22","0.52","6.89","2.47","-287.0","-46.6517366074","-23.5044156814"
"38","2017-04-23","0.0","0.0","0.0","0.0","-46.6517366074","-23.5044156814"
"38","2017-04-24","0.0","0.0","0.0","0.0","-46.6517366074","-23.5044156814"
"38","2017-04-25","","","","-1.0","-46.6517366074","-23.5044156814"
"38","2017-04-26","3.73","49.53","15.11","-288.0","-46.6517366074","-23.5044156814"
"38","2017-04-27","0.96","7.47","3.27","-287.0","-46.6517366074","-23.5044156814"
"38","2017-04-28","0.0","0.0","0.0","0.0","-46.6517366074","-23.5044156814"
"38","2017-04-29","0.0","0.0","0.0","0.0","-46.6517366074","-23.5044156814"
"38","2017-04-30","0.0","0.0","0.0","0.0","-46.6517366074","-23.5044156814"
"38","2017-05-01","","","","-1.0","-46.6517366074","-23.5044156814"
"38","2017-05-02","0.0","0.24","0.01","-287.0","-46.6517366074","-23.5044156814"
"38","2017-05-03","0.0","0.0","0.0","0.0","-46.6517366074","-23.5044156814"
"38","2017-05-04","","","","-1.0","-46.6517366074","-23.5044156814"
"38","2017-05-05","2.13","53.4","12.64","-288.0","-46.6517366074","-23.5044156814"
"38","2017-05-06","0.78","24.18","5.51","-288.0","-46.6517366074","-23.5044156814"
"38","2017-05-07","0.0","0.15","0.0","-287.0","-46.6517366074","-23.5044156814"
"38","2017-05-08","0.0","0.0","0.0","0.0","-46.6517366074","-23.5044156814"
"38","2017-05-09","0.0","0.0","0.0","0.0","-46.6517366074","-23.5044156814"
"38","2017-05-10","0.0","0.0","0.0","0.0","-46.6517366074","-23.5044156814"
"38","2017-05-11","0.0","0.0","0.0","0.0","-46.6517366074","-23.5044156814"
"38","2017-05-12","0.0","0.0","0.0","0.0","-46.6517366074","-23.5044156814"
"38","2017-05-13","","","","-1.0","-46.6517366074","-23.5044156814"
"38","2017-05-14","0.0","1.43","0.2","-287.0","-46.6517366074","-23.5044156814"
"38","2017-05-15","0.0","0.0","0.0","0.0","-46.6517366074","-23.5044156814"
"38","2017-05-16","0.0","0.0","0.0","0.0","-46.6517366074","-23.5044156814"
"38","2017-05-17","","","","-1.0","-46.6517366074","-23.5044156814"
"38","2017-05-18","0.5","14.08","3.5","-288.0","-46.6517366074","-23.5044156814"
"38","2017-05-19","9.59","187.02","47.76","-288.0","-46.6517366074","-23.5044156814"
"38","2017-05-20","0.27","3.24","1.25","-288.0","-46.6517366074","-23.5044156814"
"38","2017-05-21","8.25","84.86","28.2","-288.0","-46.6517366074","-23.5044156814"
"38","2017-05-22","3.43","54.14","13.77","-287.0","-46.6517366074","-23.5044156814"
"38","2017-05-23","0.0","0.0","0.0","0.0","-46.6517366074","-23.5044156814"
"38","2017-05-24","0.0","0.0","0.0","0.0","-46.6517366074","-23.5044156814"
"38","2017-05-25","0.0","0.0","0.0","0.0","-46.6517366074","-23.5044156814"
"38","2017-05-26","0.0","0.0","0.0","0.0","-46.6517366074","-23.5044156814"
"38","2017-05-27","0.0","0.0","0.0","0.0","-46.6517366074","-23.5044156814"
"38","2017-05-28","0.0","0.0","0.0","0.0","-46.6517366074","-23.5044156814"
"38","2017-05-29","0.0","0.0","0.0","0.0","-46.6517366074","-23.5044156814"
"38","2017-05-30","0.0","0.0","0.0","0.0","-46.6517366074","-23.5044156814"
"38","2017-05-31","0.0","0.0","0.0","0.0","-46.6517366074","-23.5044156814"
"38","2017-06-01","0.0","0.0","0.0","0.0","-46.6517366074","-23.5044156814"
"38","2017-06-02","0.0","0.0","0.0","0.0","-46.6517366074","-23.5044156814"
"38","2017-06-03","0.0","0.0","0.0","0.0","-46.6517366074","-23.5044156814"
"38","2017-06-04","","","","-1.0","-46.6517366074","-23.5044156814"
"38","2017-06-05","9.08","156.95","45.84","-288.0","-46.6517366074","-23.5044156814"
"38","2017-06-06","8.61","135.98","36.77","-288.0","-46.6517366074","-23.5044156814"
"38","2017-06-07","3.48","71.6","22.63","-287.0","-46.6517366074","-23.5044156814"
"38","2017-06-08","","","","-1.0","-46.6517366074","-23.5044156814"
"38","2017-06-09","0.01","3.28","0.41","-288.0","-46.6517366074","-23.5044156814"
"38","2017-06-10","0.0","0.0","0.0","-287.0","-46.6517366074","-23.5044156814"
"38","2017-06-11","","","","-1.0","-46.6517366074","-23.5044156814"
"38","2017-06-12","0.0","0.0","0.0","-288.0","-46.6517366074","-23.5044156814"
"38","2017-06-13","4.51","111.41","27.66","-288.0","-46.6517366074","-23.5044156814"
"38","2017-06-14","0.28","16.79","3.12","-287.0","-46.6517366074","-23.5044156814"
"39","2016-10-31","","","","-1.0","-46.5808518293","-23.5068428169"
"39","2016-11-01","0.0","0.22","0.0","-288.0","-46.5808518293","-23.5068428169"
"39","2016-11-02","0.0","8.6","0.41","-288.0","-46.5808518293","-23.5068428169"
"39","2016-11-03","0.92","57.97","8.66","-288.0","-46.5808518293","-23.5068428169"
"39","2016-11-04","0.09","3.74","1.07","-288.0","-46.5808518293","-23.5068428169"
"39","2016-11-05","0.0","0.0","0.0","-288.0","-46.5808518293","-23.5068428169"
"39","2016-11-06","0.3","69.94","10.56","-288.0","-46.5808518293","-23.5068428169"
"39","2016-11-07","0.0","26.62","1.94","-288.0","-46.5808518293","-23.5068428169"
"39","2016-11-08","0.0","29.15","2.09","-288.0","-46.5808518293","-23.5068428169"
"39","2016-11-09","4.38","93.54","28.0","-288.0","-46.5808518293","-23.5068428169"
"39","2016-11-10","1.55","29.89","6.95","-288.0","-46.5808518293","-23.5068428169"
"39","2016-11-11","0.0","1.07","0.01","-288.0","-46.5808518293","-23.5068428169"
"39","2016-11-12","0.31","35.19","6.71","-288.0","-46.5808518293","-23.5068428169"
"39","2016-11-13","8.28","64.36","28.17","-288.0","-46.5808518293","-23.5068428169"
"39","2016-11-14","6.94","47.63","20.43","-287.0","-46.5808518293","-23.5068428169"
"39","2016-11-15","","","","-1.0","-46.5808518293","-23.5068428169"
"39","2016-11-16","0.09","80.4","15.76","-288.0","-46.5808518293","-23.5068428169"
"39","2016-11-17","0.05","27.3","3.02","-288.0","-46.5808518293","-23.5068428169"
"39","2016-11-18","0.0","5.71","0.28","-287.0","-46.5808518293","-23.5068428169"
"39","2016-11-19","0.0","0.0","0.0","0.0","-46.5808518293","-23.5068428169"
"39","2016-11-20","0.0","0.0","0.0","0.0","-46.5808518293","-23.5068428169"
"39","2016-11-21","0.0","0.0","0.0","0.0","-46.5808518293","-23.5068428169"
"39","2016-11-22","","","","-1.0","-46.5808518293","-23.5068428169"
"39","2016-11-23","1.11","33.3","6.58","-288.0","-46.5808518293","-23.5068428169"
"39","2016-11-24","0.0","0.0","0.0","-287.0","-46.5808518293","-23.5068428169"
"39","2016-11-25","0.0","0.0","0.0","0.0","-46.5808518293","-23.5068428169"
"39","2016-11-26","","","","-1.0","-46.5808518293","-23.5068428169"
"39","2016-11-27","0.06","34.66","3.43","-288.0","-46.5808518293","-23.5068428169"
"39","2016-11-28","0.01","84.06","12.34","-288.0","-46.5808518293","-23.5068428169"
"39","2016-11-29","1.62","129.34","31.48","-288.0","-46.5808518293","-23.5068428169"
"39","2016-11-30","0.0","0.0","0.0","-287.0","-46.5808518293","-23.5068428169"
"39","2016-12-01","0.0","0.0","0.0","0.0","-46.5808518293","-23.5068428169"
"39","2016-12-02","","","","-1.0","-46.5808518293","-23.5068428169"
"39","2016-12-03","3.32","50.76","15.48","-288.0","-46.5808518293","-23.5068428169"
"39","2016-12-04","0.96","19.35","4.16","-288.0","-46.5808518293","-23.5068428169"
"39","2016-12-05","0.02","7.82","0.85","-287.0","-46.5808518293","-23.5068428169"
"39","2016-12-06","","","","-1.0","-46.5808518293","-23.5068428169"
"39","2016-12-07","0.13","40.6","5.56","-288.0","-46.5808518293","-23.5068428169"
"39","2016-12-08","0.0","3.8","0.12","-288.0","-46.5808518293","-23.5068428169"
"39","2016-12-09","0.21","10.68","1.53","-288.0","-46.5808518293","-23.5068428169"
"39","2016-12-10","0.55","26.4","4.41","-288.0","-46.5808518293","-23.5068428169"
"39","2016-12-11","1.24","56.42","12.64","-288.0","-46.5808518293","-23.5068428169"
"39","2016-12-12","3.44","97.24","26.37","-288.0","-46.5808518293","-23.5068428169"
"39","2016-12-13","0.0","1.24","0.0","-288.0","-46.5808518293","-23.5068428169"
"39","2016-12-14","0.0","0.36","0.0","-288.0","-46.5808518293","-23.5068428169"
"39","2016-12-15","0.0","0.0","0.0","-287.0","-46.5808518293","-23.5068428169"
"39","2016-12-16","0.0","0.0","0.0","0.0","-46.5808518293","-23.5068428169"
"39","2016-12-17","","","","-1.0","-46.5808518293","-23.5068428169"
"39","2016-12-18","0.87","130.16","28.39","-288.0","-46.5808518293","-23.5068428169"
"39","2016-12-19","0.01","4.61","0.62","-288.0","-46.5808518293","-23.5068428169"
"39","2016-12-20","0.65","50.36","12.24","-288.0","-46.5808518293","-23.5068428169"
"39","2016-12-21","0.8","71.92","9.59","-288.0","-46.5808518293","-23.5068428169"
"39","2016-12-22","0.0","2.75","0.1","-288.0","-46.5808518293","-23.5068428169"
"39","2016-12-23","0.71","71.55","13.67","-288.0","-46.5808518293","-23.5068428169"
"39","2016-12-24","1.25","22.82","6.2","-288.0","-46.5808518293","-23.5068428169"
"39","2016-12-25","0.0","0.73","0.0","-288.0","-46.5808518293","-23.5068428169"
"39","2016-12-26","0.0","0.42","0.0","-288.0","-46.5808518293","-23.5068428169"
"39","2016-12-27","0.0","1.65","0.06","-288.0","-46.5808518293","-23.5068428169"
"39","2016-12-28","0.0","18.68","0.9","-288.0","-46.5808518293","-23.5068428169"
"39","2016-12-29","0.45","64.8","13.9","-288.0","-46.5808518293","-23.5068428169"
"39","2016-12-30","0.0","1.19","0.01","-288.0","-46.5808518293","-23.5068428169"
"39","2016-12-31","0.0","1.46","0.11","-287.0","-46.5808518293","-23.5068428169"
"39","2017-01-01","","","","-1.0","-46.5808518293","-23.5068428169"
"39","2017-01-02","0.81","96.5","21.71","-288.0","-46.5808518293","-23.5068428169"
"39","2017-01-03","1.29","81.79","20.02","-288.0","-46.5808518293","-23.5068428169"
"39","2017-01-04","0.0","2.47","0.3","-288.0","-46.5808518293","-23.5068428169"
"39","2017-01-05","0.0","1.36","0.03","-288.0","-46.5808518293","-23.5068428169"
"39","2017-01-06","0.6","19.08","3.54","-288.0","-46.5808518293","-23.5068428169"
"39","2017-01-07","1.16","150.12","35.14","-288.0","-46.5808518293","-23.5068428169"
"39","2017-01-08","0.21","109.15","17.51","-288.0","-46.5808518293","-23.5068428169"
"39","2017-01-09","0.38","71.19","7.94","-288.0","-46.5808518293","-23.5068428169"
"39","2017-01-10","0.77","17.04","4.21","-288.0","-46.5808518293","-23.5068428169"
"39","2017-01-11","0.86","42.47","7.01","-288.0","-46.5808518293","-23.5068428169"
"39","2017-01-12","0.15","11.57","1.77","-288.0","-46.5808518293","-23.5068428169"
"39","2017-01-13","0.0","13.59","1.66","-288.0","-46.5808518293","-23.5068428169"
"39","2017-01-14","0.0","0.42","0.0","-288.0","-46.5808518293","-23.5068428169"
"39","2017-01-15","0.0","38.87","5.79","-288.0","-46.5808518293","-23.5068428169"
"39","2017-01-16","7.78","240.38","67.41","-288.0","-46.5808518293","-23.5068428169"
"39","2017-01-17","8.47","150.29","49.03","-288.0","-46.5808518293","-23.5068428169"
"39","2017-01-18","6.97","184.87","52.36","-288.0","-46.5808518293","-23.5068428169"
"39","2017-01-19","2.78","43.16","12.61","-288.0","-46.5808518293","-23.5068428169"
"39","2017-01-20","5.31","79.27","24.67","-288.0","-46.5808518293","-23.5068428169"
"39","2017-01-21","4.76","247.04","43.11","-288.0","-46.5808518293","-23.5068428169"
"39","2017-01-22","2.55","47.04","14.16","-288.0","-46.5808518293","-23.5068428169"
"39","2017-01-23","0.14","33.25","5.34","-288.0","-46.5808518293","-23.5068428169"
"39","2017-01-24","0.14","55.38","8.98","-288.0","-46.5808518293","-23.5068428169"
"39","2017-01-25","0.22","17.57","3.36","-288.0","-46.5808518293","-23.5068428169"
"39","2017-01-26","1.78","49.57","12.58","-288.0","-46.5808518293","-23.5068428169"
"39","2017-01-27","0.44","50.94","7.89","-288.0","-46.5808518293","-23.5068428169"
"39","2017-01-28","0.0","0.1","0.0","-288.0","-46.5808518293","-23.5068428169"
"39","2017-01-29","0.0","0.61","0.0","-288.0","-46.5808518293","-23.5068428169"
"39","2017-01-30","1.13","25.45","6.55","-288.0","-46.5808518293","-23.5068428169"
"39","2017-01-31","0.46","8.91","2.22","-288.0","-46.5808518293","-23.5068428169"
"39","2017-02-01","1.95","110.84","21.37","-288.0","-46.5808518293","-23.5068428169"
"39","2017-02-02","0.77","29.15","4.89","-288.0","-46.5808518293","-23.5068428169"
"39","2017-02-03","0.11","22.03","3.67","-288.0","-46.5808518293","-23.5068428169"
"39","2017-02-04","0.78","73.27","15.2","-288.0","-46.5808518293","-23.5068428169"
"39","2017-02-05","0.0","0.05","0.0","-288.0","-46.5808518293","-23.5068428169"
"39","2017-02-06","2.97","111.95","36.95","-288.0","-46.5808518293","-23.5068428169"
"39","2017-02-07","0.0","0.79","0.03","-288.0","-46.5808518293","-23.5068428169"
"39","2017-02-08","0.0","0.0","0.0","-287.0","-46.5808518293","-23.5068428169"
"39","2017-02-09","0.0","0.0","0.0","0.0","-46.5808518293","-23.5068428169"
"39","2017-02-10","0.0","0.0","0.0","0.0","-46.5808518293","-23.5068428169"
"39","2017-02-11","0.0","0.0","0.0","0.0","-46.5808518293","-23.5068428169"
"39","2017-02-12","0.0","0.0","0.0","0.0","-46.5808518293","-23.5068428169"
"39","2017-02-13","0.0","0.0","0.0","0.0","-46.5808518293","-23.5068428169"
"39","2017-02-14","0.0","0.0","0.0","0.0","-46.5808518293","-23.5068428169"
"39","2017-02-15","0.0","0.0","0.0","0.0","-46.5808518293","-23.5068428169"
"39","2017-02-16","","","","-1.0","-46.5808518293","-23.5068428169"
"39","2017-02-17","0.0","0.38","0.01","-288.0","-46.5808518293","-23.5068428169"
"39","2017-02-18","0.0","0.0","0.0","-287.0","-46.5808518293","-23.5068428169"
"39","2017-02-19","0.0","0.0","0.0","0.0","-46.5808518293","-23.5068428169"
"39","2017-02-20","0.0","0.0","0.0","0.0","-46.5808518293","-23.5068428169"
"39","2017-02-21","","","","-1.0","-46.5808518293","-23.5068428169"
"39","2017-02-22","0.01","6.6","0.74","-288.0","-46.5808518293","-23.5068428169"
"39","2017-02-23","0.0","34.22","2.28","-288.0","-46.5808518293","-23.5068428169"
"39","2017-02-24","8.15","130.16","43.74","-288.0","-46.5808518293","-23.5068428169"
"39","2017-02-25","0.07","17.79","2.86","-288.0","-46.5808518293","-23.5068428169"
"39","2017-02-26","0.0","36.08","2.45","-288.0","-46.5808518293","-23.5068428169"
"39","2017-02-27","0.0","7.19","0.77","-288.0","-46.5808518293","-23.5068428169"
"39","2017-02-28","0.01","80.72","7.39","-288.0","-46.5808518293","-23.5068428169"
"39","2017-03-01","0.0","1.14","0.01","-288.0","-46.5808518293","-23.5068428169"
"39","2017-03-02","0.01","82.11","10.93","-288.0","-46.5808518293","-23.5068428169"
"39","2017-03-03","2.6","96.21","20.2","-288.0","-46.5808518293","-23.5068428169"
"39","2017-03-04","0.02","11.32","0.98","-288.0","-46.5808518293","-23.5068428169"
"39","2017-03-05","0.27","84.53","9.57","-288.0","-46.5808518293","-23.5068428169"
"39","2017-03-06","2.07","108.78","20.51","-288.0","-46.5808518293","-23.5068428169"
"39","2017-03-07","3.81","83.63","28.74","-288.0","-46.5808518293","-23.5068428169"
"39","2017-03-08","0.47","17.71","3.95","-288.0","-46.5808518293","-23.5068428169"
"39","2017-03-09","0.0","0.0","0.0","-288.0","-46.5808518293","-23.5068428169"
"39","2017-03-10","0.01","94.86","20.69","-288.0","-46.5808518293","-23.5068428169"
"39","2017-03-11","0.0","11.89","0.63","-288.0","-46.5808518293","-23.5068428169"
"39","2017-03-12","0.0","0.4","0.0","-288.0","-46.5808518293","-23.5068428169"
"39","2017-03-13","0.0","9.91","0.58","-288.0","-46.5808518293","-23.5068428169"
"39","2017-03-14","0.4","28.14","4.04","-288.0","-46.5808518293","-23.5068428169"
"39","2017-03-15","0.5","6.51","1.97","-288.0","-46.5808518293","-23.5068428169"
"39","2017-03-16","0.0","0.64","0.01","-288.0","-46.5808518293","-23.5068428169"
"39","2017-03-17","0.09","74.0","10.95","-288.0","-46.5808518293","-23.5068428169"
"39","2017-03-18","0.01","4.08","0.73","-288.0","-46.5808518293","-23.5068428169"
"39","2017-03-19","0.12","3.97","0.89","-288.0","-46.5808518293","-23.5068428169"
"39","2017-03-20","0.0","0.0","0.0","-287.0","-46.5808518293","-23.5068428169"
"39","2017-03-21","0.0","0.0","0.0","0.0","-46.5808518293","-23.5068428169"
"39","2017-03-22","0.0","0.0","0.0","0.0","-46.5808518293","-23.5068428169"
"39","2017-03-23","","","","-1.0","-46.5808518293","-23.5068428169"
"39","2017-03-24","0.0","22.2","2.56","-288.0","-46.5808518293","-23.5068428169"
"39","2017-03-25","0.0","19.57","2.04","-287.0","-46.5808518293","-23.5068428169"
"39","2017-03-26","","","","-1.0","-46.5808518293","-23.5068428169"
"39","2017-03-27","0.01","7.73","1.04","-288.0","-46.5808518293","-23.5068428169"
"39","2017-03-28","0.0","1.7","0.13","-288.0","-46.5808518293","-23.5068428169"
"39","2017-03-29","0.0","0.08","0.0","-287.0","-46.5808518293","-23.5068428169"
"39","2017-03-30","0.0","0.0","0.0","0.0","-46.5808518293","-23.5068428169"
"39","2017-03-31","0.0","0.0","0.0","0.0","-46.5808518293","-23.5068428169"
"39","2017-04-01","0.0","0.0","0.0","0.0","-46.5808518293","-23.5068428169"
"39","2017-04-02","0.0","0.0","0.0","0.0","-46.5808518293","-23.5068428169"
"39","2017-04-03","0.0","0.0","0.0","0.0","-46.5808518293","-23.5068428169"
"39","2017-04-04","","","","-1.0","-46.5808518293","-23.5068428169"
"39","2017-04-05","0.0","0.0","0.0","-288.0","-46.5808518293","-23.5068428169"
"39","2017-04-06","2.85","41.48","11.96","-288.0","-46.5808518293","-23.5068428169"
"39","2017-04-07","6.88","197.12","54.1","-288.0","-46.5808518293","-23.5068428169"
"39","2017-04-08","0.0","0.0","0.0","-287.0","-46.5808518293","-23.5068428169"
"39","2017-04-09","","","","-1.0","-46.5808518293","-23.5068428169"
"39","2017-04-10","0.0","10.12","0.46","-288.0","-46.5808518293","-23.5068428169"
"39","2017-04-11","0.0","4.19","0.33","-288.0","-46.5808518293","-23.5068428169"
"39","2017-04-12","0.0","2.74","0.19","-287.0","-46.5808518293","-23.5068428169"
"39","2017-04-13","0.0","0.0","0.0","0.0","-46.5808518293","-23.5068428169"
"39","2017-04-14","0.0","0.0","0.0","0.0","-46.5808518293","-23.5068428169"
"39","2017-04-15","0.0","0.0","0.0","0.0","-46.5808518293","-23.5068428169"
"39","2017-04-16","","","","-1.0","-46.5808518293","-23.5068428169"
"39","2017-04-17","0.03","3.6","0.68","-287.0","-46.5808518293","-23.5068428169"
"39","2017-04-18","0.0","0.0","0.0","0.0","-46.5808518293","-23.5068428169"
"39","2017-04-19","0.0","0.0","0.0","0.0","-46.5808518293","-23.5068428169"
"39","2017-04-20","","","","-1.0","-46.5808518293","-23.5068428169"
"39","2017-04-21","1.0","46.28","14.3","-288.0","-46.5808518293","-23.5068428169"
"39","2017-04-22","0.64","9.87","2.62","-287.0","-46.5808518293","-23.5068428169"
"39","2017-04-23","0.0","0.0","0.0","0.0","-46.5808518293","-23.5068428169"
"39","2017-04-24","0.0","0.0","0.0","0.0","-46.5808518293","-23.5068428169"
"39","2017-04-25","","","","-1.0","-46.5808518293","-23.5068428169"
"39","2017-04-26","2.69","45.93","12.36","-288.0","-46.5808518293","-23.5068428169"
"39","2017-04-27","0.67","9.18","2.73","-287.0","-46.5808518293","-23.5068428169"
"39","2017-04-28","0.0","0.0","0.0","0.0","-46.5808518293","-23.5068428169"
"39","2017-04-29","0.0","0.0","0.0","0.0","-46.5808518293","-23.5068428169"
"39","2017-04-30","0.0","0.0","0.0","0.0","-46.5808518293","-23.5068428169"
"39","2017-05-01","","","","-1.0","-46.5808518293","-23.5068428169"
"39","2017-05-02","0.0","0.2","0.02","-287.0","-46.5808518293","-23.5068428169"
"39","2017-05-03","0.0","0.0","0.0","0.0","-46.5808518293","-23.5068428169"
"39","2017-05-04","","","","-1.0","-46.5808518293","-23.5068428169"
"39","2017-05-05","1.36","51.68","11.96","-288.0","-46.5808518293","-23.5068428169"
"39","2017-05-06","1.16","28.34","7.56","-288.0","-46.5808518293","-23.5068428169"
"39","2017-05-07","0.0","0.21","0.0","-287.0","-46.5808518293","-23.5068428169"
"39","2017-05-08","0.0","0.0","0.0","0.0","-46.5808518293","-23.5068428169"
"39","2017-05-09","0.0","0.0","0.0","0.0","-46.5808518293","-23.5068428169"
"39","2017-05-10","0.0","0.0","0.0","0.0","-46.5808518293","-23.5068428169"
"39","2017-05-11","0.0","0.0","0.0","0.0","-46.5808518293","-23.5068428169"
"39","2017-05-12","0.0","0.0","0.0","0.0","-46.5808518293","-23.5068428169"
"39","2017-05-13","","","","-1.0","-46.5808518293","-23.5068428169"
"39","2017-05-14","0.0","2.18","0.26","-287.0","-46.5808518293","-23.5068428169"
"39","2017-05-15","0.0","0.0","0.0","0.0","-46.5808518293","-23.5068428169"
"39","2017-05-16","0.0","0.0","0.0","0.0","-46.5808518293","-23.5068428169"
"39","2017-05-17","","","","-1.0","-46.5808518293","-23.5068428169"
"39","2017-05-18","0.38","8.53","2.45","-288.0","-46.5808518293","-23.5068428169"
"39","2017-05-19","9.79","167.06","47.76","-288.0","-46.5808518293","-23.5068428169"
"39","2017-05-20","0.23","3.13","1.11","-288.0","-46.5808518293","-23.5068428169"
"39","2017-05-21","8.38","84.37","27.72","-288.0","-46.5808518293","-23.5068428169"
"39","2017-05-22","3.07","45.62","11.77","-287.0","-46.5808518293","-23.5068428169"
"39","2017-05-23","0.0","0.0","0.0","0.0","-46.5808518293","-23.5068428169"
"39","2017-05-24","0.0","0.0","0.0","0.0","-46.5808518293","-23.5068428169"
"39","2017-05-25","0.0","0.0","0.0","0.0","-46.5808518293","-23.5068428169"
"39","2017-05-26","0.0","0.0","0.0","0.0","-46.5808518293","-23.5068428169"
"39","2017-05-27","0.0","0.0","0.0","0.0","-46.5808518293","-23.5068428169"
"39","2017-05-28","0.0","0.0","0.0","0.0","-46.5808518293","-23.5068428169"
"39","2017-05-29","0.0","0.0","0.0","0.0","-46.5808518293","-23.5068428169"
"39","2017-05-30","0.0","0.0","0.0","0.0","-46.5808518293","-23.5068428169"
"39","2017-05-31","0.0","0.0","0.0","0.0","-46.5808518293","-23.5068428169"
"39","2017-06-01","0.0","0.0","0.0","0.0","-46.5808518293","-23.5068428169"
"39","2017-06-02","0.0","0.0","0.0","0.0","-46.5808518293","-23.5068428169"
"39","2017-06-03","0.0","0.0","0.0","0.0","-46.5808518293","-23.5068428169"
"39","2017-06-04","","","","-1.0","-46.5808518293","-23.5068428169"
"39","2017-06-05","8.97","144.57","40.73","-288.0","-46.5808518293","-23.5068428169"
"39","2017-06-06","8.33","131.49","36.18","-288.0","-46.5808518293","-23.5068428169"
"39","2017-06-07","3.3","52.19","17.04","-287.0","-46.5808518293","-23.5068428169"
"39","2017-06-08","","","","-1.0","-46.5808518293","-23.5068428169"
"39","2017-06-09","0.0","24.67","0.57","-288.0","-46.5808518293","-23.5068428169"
"39","2017-06-10","0.0","0.0","0.0","-287.0","-46.5808518293","-23.5068428169"
"39","2017-06-11","","","","-1.0","-46.5808518293","-23.5068428169"
"39","2017-06-12","0.0","0.04","0.0","-288.0","-46.5808518293","-23.5068428169"
"39","2017-06-13","4.62","125.41","26.74","-288.0","-46.5808518293","-23.5068428169"
"39","2017-06-14","0.22","13.71","2.11","-287.0","-46.5808518293","-23.5068428169"
"40","2016-10-31","","","","-1.0","-46.5012408017","-23.5089934875"
"40","2016-11-01","0.0","0.2","0.0","-288.0","-46.5012408017","-23.5089934875"
"40","2016-11-02","0.0","17.75","1.84","-288.0","-46.5012408017","-23.5089934875"
"40","2016-11-03","0.89","32.76","6.2","-288.0","-46.5012408017","-23.5089934875"
"40","2016-11-04","0.28","4.31","1.31","-288.0","-46.5012408017","-23.5089934875"
"40","2016-11-05","0.0","0.0","0.0","-288.0","-46.5012408017","-23.5089934875"
"40","2016-11-06","0.07","46.11","4.72","-288.0","-46.5012408017","-23.5089934875"
"40","2016-11-07","0.0","2.45","0.09","-288.0","-46.5012408017","-23.5089934875"
"40","2016-11-08","0.0","29.02","3.11","-288.0","-46.5012408017","-23.5089934875"
"40","2016-11-09","4.34","70.69","22.16","-288.0","-46.5012408017","-23.5089934875"
"40","2016-11-10","1.61","28.24","7.14","-288.0","-46.5012408017","-23.5089934875"
"40","2016-11-11","0.0","1.16","0.07","-288.0","-46.5012408017","-23.5089934875"
"40","2016-11-12","0.26","35.96","6.88","-288.0","-46.5012408017","-23.5089934875"
"40","2016-11-13","7.89","68.46","27.29","-288.0","-46.5012408017","-23.5089934875"
"40","2016-11-14","6.66","44.0","19.38","-287.0","-46.5012408017","-23.5089934875"
"40","2016-11-15","","","","-1.0","-46.5012408017","-23.5089934875"
"40","2016-11-16","1.19","124.75","28.79","-288.0","-46.5012408017","-23.5089934875"
"40","2016-11-17","0.07","19.58","2.2","-288.0","-46.5012408017","-23.5089934875"
"40","2016-11-18","0.0","2.25","0.19","-287.0","-46.5012408017","-23.5089934875"
"40","2016-11-19","0.0","0.0","0.0","0.0","-46.5012408017","-23.5089934875"
"40","2016-11-20","0.0","0.0","0.0","0.0","-46.5012408017","-23.5089934875"
"40","2016-11-21","0.0","0.0","0.0","0.0","-46.5012408017","-23.5089934875"
"40","2016-11-22","","","","-1.0","-46.5012408017","-23.5089934875"
"40","2016-11-23","1.22","24.79","6.56","-288.0","-46.5012408017","-23.5089934875"
"40","2016-11-24","0.0","0.0","0.0","-287.0","-46.5012408017","-23.5089934875"
"40","2016-11-25","0.0","0.0","0.0","0.0","-46.5012408017","-23.5089934875"
"40","2016-11-26","","","","-1.0","-46.5012408017","-23.5089934875"
"40","2016-11-27","0.04","13.79","1.36","-288.0","-46.5012408017","-23.5089934875"
"40","2016-11-28","0.08","71.45","14.77","-288.0","-46.5012408017","-23.5089934875"
"40","2016-11-29","2.72","125.0","39.47","-288.0","-46.5012408017","-23.5089934875"
"40","2016-11-30","0.0","0.0","0.0","-287.0","-46.5012408017","-23.5089934875"
"40","2016-12-01","0.0","0.0","0.0","0.0","-46.5012408017","-23.5089934875"
"40","2016-12-02","","","","-1.0","-46.5012408017","-23.5089934875"
"40","2016-12-03","3.72","45.04","14.74","-288.0","-46.5012408017","-23.5089934875"
"40","2016-12-04","0.63","9.47","2.5","-288.0","-46.5012408017","-23.5089934875"
"40","2016-12-05","0.02","3.05","0.64","-287.0","-46.5012408017","-23.5089934875"
"40","2016-12-06","","","","-1.0","-46.5012408017","-23.5089934875"
"40","2016-12-07","0.64","48.64","14.24","-288.0","-46.5012408017","-23.5089934875"
"40","2016-12-08","0.0","2.45","0.16","-288.0","-46.5012408017","-23.5089934875"
"40","2016-12-09","0.41","36.52","5.13","-288.0","-46.5012408017","-23.5089934875"
"40","2016-12-10","0.52","25.06","4.4","-288.0","-46.5012408017","-23.5089934875"
"40","2016-12-11","1.57","47.97","13.53","-288.0","-46.5012408017","-23.5089934875"
"40","2016-12-12","2.39","94.52","23.9","-288.0","-46.5012408017","-23.5089934875"
"40","2016-12-13","0.0","5.29","0.22","-288.0","-46.5012408017","-23.5089934875"
"40","2016-12-14","0.0","0.42","0.0","-288.0","-46.5012408017","-23.5089934875"
"40","2016-12-15","0.0","0.0","0.0","-287.0","-46.5012408017","-23.5089934875"
"40","2016-12-16","0.0","0.0","0.0","0.0","-46.5012408017","-23.5089934875"
"40","2016-12-17","","","","-1.0","-46.5012408017","-23.5089934875"
"40","2016-12-18","0.15","74.31","8.13","-288.0","-46.5012408017","-23.5089934875"
"40","2016-12-19","0.04","15.72","1.32","-288.0","-46.5012408017","-23.5089934875"
"40","2016-12-20","0.63","66.57","8.65","-288.0","-46.5012408017","-23.5089934875"
"40","2016-12-21","0.24","48.6","4.66","-288.0","-46.5012408017","-23.5089934875"
"40","2016-12-22","0.01","2.08","0.26","-288.0","-46.5012408017","-23.5089934875"
"40","2016-12-23","1.32","62.05","11.87","-288.0","-46.5012408017","-23.5089934875"
"40","2016-12-24","0.78","14.84","4.09","-288.0","-46.5012408017","-23.5089934875"
"40","2016-12-25","0.0","0.11","0.0","-288.0","-46.5012408017","-23.5089934875"
"40","2016-12-26","0.0","0.12","0.0","-288.0","-46.5012408017","-23.5089934875"
"40","2016-12-27","0.0","0.6","0.0","-288.0","-46.5012408017","-23.5089934875"
"40","2016-12-28","0.0","7.01","0.56","-288.0","-46.5012408017","-23.5089934875"
"40","2016-12-29","0.34","64.66","15.97","-288.0","-46.5012408017","-23.5089934875"
"40","2016-12-30","0.0","0.56","0.0","-288.0","-46.5012408017","-23.5089934875"
"40","2016-12-31","0.0","10.17","0.83","-287.0","-46.5012408017","-23.5089934875"
"40","2017-01-01","","","","-1.0","-46.5012408017","-23.5089934875"
"40","2017-01-02","1.91","105.98","40.1","-288.0","-46.5012408017","-23.5089934875"
"40","2017-01-03","1.09","52.57","10.98","-288.0","-46.5012408017","-23.5089934875"
"40","2017-01-04","0.17","3.13","1.21","-288.0","-46.5012408017","-23.5089934875"
"40","2017-01-05","0.0","1.0","0.1","-288.0","-46.5012408017","-23.5089934875"
"40","2017-01-06","0.6","19.21","3.89","-288.0","-46.5012408017","-23.5089934875"
"40","2017-01-07","2.94","137.34","32.31","-288.0","-46.5012408017","-23.5089934875"
"40","2017-01-08","0.89","91.06","13.73","-288.0","-46.5012408017","-23.5089934875"
"40","2017-01-09","0.23","36.33","4.99","-288.0","-46.5012408017","-23.5089934875"
"40","2017-01-10","0.59","22.24","4.03","-288.0","-46.5012408017","-23.5089934875"
"40","2017-01-11","1.5","18.68","5.55","-288.0","-46.5012408017","-23.5089934875"
"40","2017-01-12","0.04","49.98","2.88","-288.0","-46.5012408017","-23.5089934875"
"40","2017-01-13","0.0","2.99","0.27","-288.0","-46.5012408017","-23.5089934875"
"40","2017-01-14","0.0","0.67","0.04","-288.0","-46.5012408017","-23.5089934875"
"40","2017-01-15","0.05","37.75","7.16","-288.0","-46.5012408017","-23.5089934875"
"40","2017-01-16","5.24","141.07","36.95","-288.0","-46.5012408017","-23.5089934875"
"40","2017-01-17","7.96","130.71","44.09","-288.0","-46.5012408017","-23.5089934875"
"40","2017-01-18","7.12","117.46","35.88","-288.0","-46.5012408017","-23.5089934875"
"40","2017-01-19","2.29","31.2","8.63","-288.0","-46.5012408017","-23.5089934875"
"40","2017-01-20","5.75","56.16","20.25","-288.0","-46.5012408017","-23.5089934875"
"40","2017-01-21","7.1","204.42","47.52","-288.0","-46.5012408017","-23.5089934875"
"40","2017-01-22","2.27","48.74","13.47","-288.0","-46.5012408017","-23.5089934875"
"40","2017-01-23","0.11","20.09","3.26","-288.0","-46.5012408017","-23.5089934875"
"40","2017-01-24","0.02","8.6","1.23","-288.0","-46.5012408017","-23.5089934875"
"40","2017-01-25","0.51","23.52","4.38","-288.0","-46.5012408017","-23.5089934875"
"40","2017-01-26","2.67","59.56","18.24","-288.0","-46.5012408017","-23.5089934875"
"40","2017-01-27","0.27","47.67","6.47","-288.0","-46.5012408017","-23.5089934875"
"40","2017-01-28","0.0","0.11","0.0","-288.0","-46.5012408017","-23.5089934875"
"40","2017-01-29","0.0","0.32","0.0","-288.0","-46.5012408017","-23.5089934875"
"40","2017-01-30","0.74","15.48","3.78","-288.0","-46.5012408017","-23.5089934875"
"40","2017-01-31","0.25","8.73","1.83","-288.0","-46.5012408017","-23.5089934875"
"40","2017-02-01","1.74","131.83","21.23","-288.0","-46.5012408017","-23.5089934875"
"40","2017-02-02","0.7","34.73","5.57","-288.0","-46.5012408017","-23.5089934875"
"40","2017-02-03","0.08","10.66","1.49","-288.0","-46.5012408017","-23.5089934875"
"40","2017-02-04","0.86","71.77","20.6","-288.0","-46.5012408017","-23.5089934875"
"40","2017-02-05","0.0","0.13","0.0","-288.0","-46.5012408017","-23.5089934875"
"40","2017-02-06","3.76","139.23","40.79","-288.0","-46.5012408017","-23.5089934875"
"40","2017-02-07","0.0","0.44","0.01","-288.0","-46.5012408017","-23.5089934875"
"40","2017-02-08","0.0","0.0","0.0","-287.0","-46.5012408017","-23.5089934875"
"40","2017-02-09","0.0","0.0","0.0","0.0","-46.5012408017","-23.5089934875"
"40","2017-02-10","0.0","0.0","0.0","0.0","-46.5012408017","-23.5089934875"
"40","2017-02-11","0.0","0.0","0.0","0.0","-46.5012408017","-23.5089934875"
"40","2017-02-12","0.0","0.0","0.0","0.0","-46.5012408017","-23.5089934875"
"40","2017-02-13","0.0","0.0","0.0","0.0","-46.5012408017","-23.5089934875"
"40","2017-02-14","0.0","0.0","0.0","0.0","-46.5012408017","-23.5089934875"
"40","2017-02-15","0.0","0.0","0.0","0.0","-46.5012408017","-23.5089934875"
"40","2017-02-16","","","","-1.0","-46.5012408017","-23.5089934875"
"40","2017-02-17","0.0","0.17","0.0","-288.0","-46.5012408017","-23.5089934875"
"40","2017-02-18","0.0","0.0","0.0","-287.0","-46.5012408017","-23.5089934875"
"40","2017-02-19","0.0","0.0","0.0","0.0","-46.5012408017","-23.5089934875"
"40","2017-02-20","0.0","0.0","0.0","0.0","-46.5012408017","-23.5089934875"
"40","2017-02-21","","","","-1.0","-46.5012408017","-23.5089934875"
"40","2017-02-22","0.0","10.27","0.67","-288.0","-46.5012408017","-23.5089934875"
"40","2017-02-23","0.0","44.6","1.88","-288.0","-46.5012408017","-23.5089934875"
"40","2017-02-24","6.62","105.95","38.47","-288.0","-46.5012408017","-23.5089934875"
"40","2017-02-25","0.53","26.17","5.77","-288.0","-46.5012408017","-23.5089934875"
"40","2017-02-26","0.04","135.5","23.0","-288.0","-46.5012408017","-23.5089934875"
"40","2017-02-27","0.0","16.09","1.42","-288.0","-46.5012408017","-23.5089934875"
"40","2017-02-28","0.0","81.09","21.82","-288.0","-46.5012408017","-23.5089934875"
"40","2017-03-01","0.0","6.35","0.41","-288.0","-46.5012408017","-23.5089934875"
"40","2017-03-02","0.02","55.37","4.01","-288.0","-46.5012408017","-23.5089934875"
"40","2017-03-03","2.93","87.71","21.18","-288.0","-46.5012408017","-23.5089934875"
"40","2017-03-04","0.0","21.91","1.32","-288.0","-46.5012408017","-23.5089934875"
"40","2017-03-05","0.16","47.08","6.07","-288.0","-46.5012408017","-23.5089934875"
"40","2017-03-06","2.35","87.98","20.05","-288.0","-46.5012408017","-23.5089934875"
"40","2017-03-07","2.64","81.77","20.02","-288.0","-46.5012408017","-23.5089934875"
"40","2017-03-08","1.7","21.28","6.55","-288.0","-46.5012408017","-23.5089934875"
"40","2017-03-09","0.0","0.0","0.0","-288.0","-46.5012408017","-23.5089934875"
"40","2017-03-10","1.23","79.7","25.22","-288.0","-46.5012408017","-23.5089934875"
"40","2017-03-11","0.03","34.32","6.34","-288.0","-46.5012408017","-23.5089934875"
"40","2017-03-12","0.0","0.52","0.0","-288.0","-46.5012408017","-23.5089934875"
"40","2017-03-13","0.0","14.36","1.94","-288.0","-46.5012408017","-23.5089934875"
"40","2017-03-14","0.69","21.41","4.78","-288.0","-46.5012408017","-23.5089934875"
"40","2017-03-15","0.27","5.69","1.6","-288.0","-46.5012408017","-23.5089934875"
"40","2017-03-16","0.0","0.36","0.0","-288.0","-46.5012408017","-23.5089934875"
"40","2017-03-17","0.09","53.01","7.65","-288.0","-46.5012408017","-23.5089934875"
"40","2017-03-18","0.0","2.63","0.45","-288.0","-46.5012408017","-23.5089934875"
"40","2017-03-19","0.11","5.17","1.09","-288.0","-46.5012408017","-23.5089934875"
"40","2017-03-20","0.0","0.01","0.0","-287.0","-46.5012408017","-23.5089934875"
"40","2017-03-21","0.0","0.0","0.0","0.0","-46.5012408017","-23.5089934875"
"40","2017-03-22","0.0","0.0","0.0","0.0","-46.5012408017","-23.5089934875"
"40","2017-03-23","","","","-1.0","-46.5012408017","-23.5089934875"
"40","2017-03-24","0.0","17.94","1.28","-288.0","-46.5012408017","-23.5089934875"
"40","2017-03-25","0.0","6.42","0.7","-287.0","-46.5012408017","-23.5089934875"
"40","2017-03-26","","","","-1.0","-46.5012408017","-23.5089934875"
"40","2017-03-27","0.01","6.45","0.96","-288.0","-46.5012408017","-23.5089934875"
"40","2017-03-28","0.0","1.27","0.14","-288.0","-46.5012408017","-23.5089934875"
"40","2017-03-29","0.0","0.09","0.0","-287.0","-46.5012408017","-23.5089934875"
"40","2017-03-30","0.0","0.0","0.0","0.0","-46.5012408017","-23.5089934875"
"40","2017-03-31","0.0","0.0","0.0","0.0","-46.5012408017","-23.5089934875"
"40","2017-04-01","0.0","0.0","0.0","0.0","-46.5012408017","-23.5089934875"
"40","2017-04-02","0.0","0.0","0.0","0.0","-46.5012408017","-23.5089934875"
"40","2017-04-03","0.0","0.0","0.0","0.0","-46.5012408017","-23.5089934875"
"40","2017-04-04","","","","-1.0","-46.5012408017","-23.5089934875"
"40","2017-04-05","0.0","0.04","0.0","-288.0","-46.5012408017","-23.5089934875"
"40","2017-04-06","2.75","28.93","9.74","-288.0","-46.5012408017","-23.5089934875"
"40","2017-04-07","6.32","140.27","33.87","-288.0","-46.5012408017","-23.5089934875"
"40","2017-04-08","0.0","0.0","0.0","-287.0","-46.5012408017","-23.5089934875"
"40","2017-04-09","","","","-1.0","-46.5012408017","-23.5089934875"
"40","2017-04-10","0.0","0.15","0.0","-288.0","-46.5012408017","-23.5089934875"
"40","2017-04-11","0.0","3.57","0.2","-288.0","-46.5012408017","-23.5089934875"
"40","2017-04-12","0.0","3.84","0.37","-287.0","-46.5012408017","-23.5089934875"
"40","2017-04-13","0.0","0.0","0.0","0.0","-46.5012408017","-23.5089934875"
"40","2017-04-14","0.0","0.0","0.0","0.0","-46.5012408017","-23.5089934875"
"40","2017-04-15","0.0","0.0","0.0","0.0","-46.5012408017","-23.5089934875"
"40","2017-04-16","","","","-1.0","-46.5012408017","-23.5089934875"
"40","2017-04-17","0.05","2.32","0.55","-287.0","-46.5012408017","-23.5089934875"
"40","2017-04-18","0.0","0.0","0.0","0.0","-46.5012408017","-23.5089934875"
"40","2017-04-19","0.0","0.0","0.0","0.0","-46.5012408017","-23.5089934875"
"40","2017-04-20","","","","-1.0","-46.5012408017","-23.5089934875"
"40","2017-04-21","2.8","53.82","20.44","-288.0","-46.5012408017","-23.5089934875"
"40","2017-04-22","0.27","6.02","1.6","-287.0","-46.5012408017","-23.5089934875"
"40","2017-04-23","0.0","0.0","0.0","0.0","-46.5012408017","-23.5089934875"
"40","2017-04-24","0.0","0.0","0.0","0.0","-46.5012408017","-23.5089934875"
"40","2017-04-25","","","","-1.0","-46.5012408017","-23.5089934875"
"40","2017-04-26","2.68","29.99","10.01","-288.0","-46.5012408017","-23.5089934875"
"40","2017-04-27","0.78","5.73","2.44","-287.0","-46.5012408017","-23.5089934875"
"40","2017-04-28","0.0","0.0","0.0","0.0","-46.5012408017","-23.5089934875"
"40","2017-04-29","0.0","0.0","0.0","0.0","-46.5012408017","-23.5089934875"
"40","2017-04-30","0.0","0.0","0.0","0.0","-46.5012408017","-23.5089934875"
"40","2017-05-01","","","","-1.0","-46.5012408017","-23.5089934875"
"40","2017-05-02","0.0","0.05","0.0","-287.0","-46.5012408017","-23.5089934875"
"40","2017-05-03","0.0","0.0","0.0","0.0","-46.5012408017","-23.5089934875"
"40","2017-05-04","","","","-1.0","-46.5012408017","-23.5089934875"
"40","2017-05-05","1.68","45.96","12.04","-288.0","-46.5012408017","-23.5089934875"
"40","2017-05-06","1.41","35.99","8.58","-288.0","-46.5012408017","-23.5089934875"
"40","2017-05-07","0.0","0.15","0.0","-287.0","-46.5012408017","-23.5089934875"
"40","2017-05-08","0.0","0.0","0.0","0.0","-46.5012408017","-23.5089934875"
"40","2017-05-09","0.0","0.0","0.0","0.0","-46.5012408017","-23.5089934875"
"40","2017-05-10","0.0","0.0","0.0","0.0","-46.5012408017","-23.5089934875"
"40","2017-05-11","0.0","0.0","0.0","0.0","-46.5012408017","-23.5089934875"
"40","2017-05-12","0.0","0.0","0.0","0.0","-46.5012408017","-23.5089934875"
"40","2017-05-13","","","","-1.0","-46.5012408017","-23.5089934875"
"40","2017-05-14","0.0","1.99","0.33","-287.0","-46.5012408017","-23.5089934875"
"40","2017-05-15","0.0","0.0","0.0","0.0","-46.5012408017","-23.5089934875"
"40","2017-05-16","0.0","0.0","0.0","0.0","-46.5012408017","-23.5089934875"
"40","2017-05-17","","","","-1.0","-46.5012408017","-23.5089934875"
"40","2017-05-18","0.38","7.14","2.26","-288.0","-46.5012408017","-23.5089934875"
"40","2017-05-19","10.29","152.01","44.76","-288.0","-46.5012408017","-23.5089934875"
"40","2017-05-20","0.2","2.73","1.0","-288.0","-46.5012408017","-23.5089934875"
"40","2017-05-21","8.82","83.69","27.45","-288.0","-46.5012408017","-23.5089934875"
"40","2017-05-22","3.3","34.9","11.17","-287.0","-46.5012408017","-23.5089934875"
"40","2017-05-23","0.0","0.0","0.0","0.0","-46.5012408017","-23.5089934875"
"40","2017-05-24","0.0","0.0","0.0","0.0","-46.5012408017","-23.5089934875"
"40","2017-05-25","0.0","0.0","0.0","0.0","-46.5012408017","-23.5089934875"
"40","2017-05-26","0.0","0.0","0.0","0.0","-46.5012408017","-23.5089934875"
"40","2017-05-27","0.0","0.0","0.0","0.0","-46.5012408017","-23.5089934875"
"40","2017-05-28","0.0","0.0","0.0","0.0","-46.5012408017","-23.5089934875"
"40","2017-05-29","0.0","0.0","0.0","0.0","-46.5012408017","-23.5089934875"
"40","2017-05-30","0.0","0.0","0.0","0.0","-46.5012408017","-23.5089934875"
"40","2017-05-31","0.0","0.0","0.0","0.0","-46.5012408017","-23.5089934875"
"40","2017-06-01","0.0","0.0","0.0","0.0","-46.5012408017","-23.5089934875"
"40","2017-06-02","0.0","0.0","0.0","0.0","-46.5012408017","-23.5089934875"
"40","2017-06-03","0.0","0.0","0.0","0.0","-46.5012408017","-23.5089934875"
"40","2017-06-04","","","","-1.0","-46.5012408017","-23.5089934875"
"40","2017-06-05","9.36","131.58","40.02","-288.0","-46.5012408017","-23.5089934875"
"40","2017-06-06","8.97","118.92","33.77","-288.0","-46.5012408017","-23.5089934875"
"40","2017-06-07","2.6","54.67","15.91","-287.0","-46.5012408017","-23.5089934875"
"40","2017-06-08","","","","-1.0","-46.5012408017","-23.5089934875"
"40","2017-06-09","0.0","4.04","0.43","-288.0","-46.5012408017","-23.5089934875"
"40","2017-06-10","0.0","0.0","0.0","-287.0","-46.5012408017","-23.5089934875"
"40","2017-06-11","","","","-1.0","-46.5012408017","-23.5089934875"
"40","2017-06-12","0.0","0.04","0.0","-288.0","-46.5012408017","-23.5089934875"
"40","2017-06-13","4.78","95.37","25.09","-288.0","-46.5012408017","-23.5089934875"
"40","2017-06-14","0.37","12.67","2.87","-287.0","-46.5012408017","-23.5089934875"
"41","2016-10-31","","","","-1.0","-46.4284762762","-23.5079972579"
"41","2016-11-01","0.0","0.29","0.0","-288.0","-46.4284762762","-23.5079972579"
"41","2016-11-02","0.0","22.54","2.39","-288.0","-46.4284762762","-23.5079972579"
"41","2016-11-03","0.7","37.16","6.46","-288.0","-46.4284762762","-23.5079972579"
"41","2016-11-04","0.24","5.84","1.71","-288.0","-46.4284762762","-23.5079972579"
"41","2016-11-05","0.0","0.69","0.01","-288.0","-46.4284762762","-23.5079972579"
"41","2016-11-06","0.16","55.07","7.37","-288.0","-46.4284762762","-23.5079972579"
"41","2016-11-07","0.0","0.73","0.0","-288.0","-46.4284762762","-23.5079972579"
"41","2016-11-08","0.0","10.79","0.62","-288.0","-46.4284762762","-23.5079972579"
"41","2016-11-09","2.89","84.76","22.92","-288.0","-46.4284762762","-23.5079972579"
"41","2016-11-10","1.34","39.11","7.1","-288.0","-46.4284762762","-23.5079972579"
"41","2016-11-11","0.0","1.32","0.04","-288.0","-46.4284762762","-23.5079972579"
"41","2016-11-12","0.77","43.73","9.03","-288.0","-46.4284762762","-23.5079972579"
"41","2016-11-13","6.69","67.28","25.26","-288.0","-46.4284762762","-23.5079972579"
"41","2016-11-14","6.5","45.04","19.88","-287.0","-46.4284762762","-23.5079972579"
"41","2016-11-15","","","","-1.0","-46.4284762762","-23.5079972579"
"41","2016-11-16","0.97","123.47","29.56","-288.0","-46.4284762762","-23.5079972579"
"41","2016-11-17","0.02","18.75","1.56","-288.0","-46.4284762762","-23.5079972579"
"41","2016-11-18","0.0","5.21","0.59","-287.0","-46.4284762762","-23.5079972579"
"41","2016-11-19","0.0","0.0","0.0","0.0","-46.4284762762","-23.5079972579"
"41","2016-11-20","0.0","0.0","0.0","0.0","-46.4284762762","-23.5079972579"
"41","2016-11-21","0.0","0.0","0.0","0.0","-46.4284762762","-23.5079972579"
"41","2016-11-22","","","","-1.0","-46.4284762762","-23.5079972579"
"41","2016-11-23","1.01","35.6","7.77","-288.0","-46.4284762762","-23.5079972579"
"41","2016-11-24","0.0","0.01","0.0","-287.0","-46.4284762762","-23.5079972579"
"41","2016-11-25","0.0","0.0","0.0","0.0","-46.4284762762","-23.5079972579"
"41","2016-11-26","","","","-1.0","-46.4284762762","-23.5079972579"
"41","2016-11-27","0.03","52.79","7.56","-288.0","-46.4284762762","-23.5079972579"
"41","2016-11-28","0.0","90.71","13.24","-288.0","-46.4284762762","-23.5079972579"
"41","2016-11-29","2.39","101.16","24.25","-288.0","-46.4284762762","-23.5079972579"
"41","2016-11-30","0.0","0.25","0.0","-287.0","-46.4284762762","-23.5079972579"
"41","2016-12-01","0.0","0.0","0.0","0.0","-46.4284762762","-23.5079972579"
"41","2016-12-02","","","","-1.0","-46.4284762762","-23.5079972579"
"41","2016-12-03","3.74","58.69","18.5","-288.0","-46.4284762762","-23.5079972579"
"41","2016-12-04","0.44","7.67","1.89","-288.0","-46.4284762762","-23.5079972579"
"41","2016-12-05","0.0","3.18","0.29","-287.0","-46.4284762762","-23.5079972579"
"41","2016-12-06","","","","-1.0","-46.4284762762","-23.5079972579"
"41","2016-12-07","0.54","62.61","12.14","-288.0","-46.4284762762","-23.5079972579"
"41","2016-12-08","0.0","0.42","0.0","-288.0","-46.4284762762","-23.5079972579"
"41","2016-12-09","0.47","17.36","3.09","-288.0","-46.4284762762","-23.5079972579"
"41","2016-12-10","0.36","39.62","6.98","-288.0","-46.4284762762","-23.5079972579"
"41","2016-12-11","1.34","59.0","18.12","-288.0","-46.4284762762","-23.5079972579"
"41","2016-12-12","1.33","91.9","17.13","-288.0","-46.4284762762","-23.5079972579"
"41","2016-12-13","0.0","3.58","0.13","-288.0","-46.4284762762","-23.5079972579"
"41","2016-12-14","0.0","0.27","0.0","-288.0","-46.4284762762","-23.5079972579"
"41","2016-12-15","0.0","0.0","0.0","-287.0","-46.4284762762","-23.5079972579"
"41","2016-12-16","0.0","0.0","0.0","0.0","-46.4284762762","-23.5079972579"
"41","2016-12-17","","","","-1.0","-46.4284762762","-23.5079972579"
"41","2016-12-18","0.28","65.29","7.88","-288.0","-46.4284762762","-23.5079972579"
"41","2016-12-19","0.0","84.34","7.96","-288.0","-46.4284762762","-23.5079972579"
"41","2016-12-20","0.06","81.21","8.26","-288.0","-46.4284762762","-23.5079972579"
"41","2016-12-21","0.15","22.25","2.76","-288.0","-46.4284762762","-23.5079972579"
"41","2016-12-22","0.0","5.59","0.51","-288.0","-46.4284762762","-23.5079972579"
"41","2016-12-23","1.16","93.84","14.08","-288.0","-46.4284762762","-23.5079972579"
"41","2016-12-24","0.33","11.72","3.31","-288.0","-46.4284762762","-23.5079972579"
"41","2016-12-25","0.0","0.15","0.0","-288.0","-46.4284762762","-23.5079972579"
"41","2016-12-26","0.0","0.3","0.0","-288.0","-46.4284762762","-23.5079972579"
"41","2016-12-27","0.0","1.01","0.04","-288.0","-46.4284762762","-23.5079972579"
"41","2016-12-28","0.0","2.73","0.12","-288.0","-46.4284762762","-23.5079972579"
"41","2016-12-29","0.0","65.71","16.1","-288.0","-46.4284762762","-23.5079972579"
"41","2016-12-30","0.0","1.93","0.02","-288.0","-46.4284762762","-23.5079972579"
"41","2016-12-31","0.0","6.75","0.44","-287.0","-46.4284762762","-23.5079972579"
"41","2017-01-01","","","","-1.0","-46.4284762762","-23.5079972579"
"41","2017-01-02","1.43","109.29","37.4","-288.0","-46.4284762762","-23.5079972579"
"41","2017-01-03","1.28","61.52","13.91","-288.0","-46.4284762762","-23.5079972579"
"41","2017-01-04","0.19","3.82","1.18","-288.0","-46.4284762762","-23.5079972579"
"41","2017-01-05","0.02","1.11","0.14","-288.0","-46.4284762762","-23.5079972579"
"41","2017-01-06","0.57","14.37","3.03","-288.0","-46.4284762762","-23.5079972579"
"41","2017-01-07","1.38","97.09","12.44","-288.0","-46.4284762762","-23.5079972579"
"41","2017-01-08","0.5","84.95","16.55","-288.0","-46.4284762762","-23.5079972579"
"41","2017-01-09","0.02","85.9","8.65","-288.0","-46.4284762762","-23.5079972579"
"41","2017-01-10","0.26","23.57","3.77","-288.0","-46.4284762762","-23.5079972579"
"41","2017-01-11","1.71","35.07","8.4","-288.0","-46.4284762762","-23.5079972579"
"41","2017-01-12","0.12","36.01","4.31","-288.0","-46.4284762762","-23.5079972579"
"41","2017-01-13","0.0","5.98","0.29","-288.0","-46.4284762762","-23.5079972579"
"41","2017-01-14","0.0","0.7","0.01","-288.0","-46.4284762762","-23.5079972579"
"41","2017-01-15","0.04","21.98","2.33","-288.0","-46.4284762762","-23.5079972579"
"41","2017-01-16","1.39","181.18","32.93","-288.0","-46.4284762762","-23.5079972579"
"41","2017-01-17","5.23","135.64","35.2","-288.0","-46.4284762762","-23.5079972579"
"41","2017-01-18","4.47","118.54","31.21","-288.0","-46.4284762762","-23.5079972579"
"41","2017-01-19","1.68","51.83","10.53","-288.0","-46.4284762762","-23.5079972579"
"41","2017-01-20","4.59","59.39","19.97","-288.0","-46.4284762762","-23.5079972579"
"41","2017-01-21","6.79","208.59","45.86","-288.0","-46.4284762762","-23.5079972579"
"41","2017-01-22","1.78","60.72","14.74","-288.0","-46.4284762762","-23.5079972579"
"41","2017-01-23","0.35","64.81","11.11","-288.0","-46.4284762762","-23.5079972579"
"41","2017-01-24","0.01","29.3","2.4","-288.0","-46.4284762762","-23.5079972579"
"41","2017-01-25","0.39","31.67","5.53","-288.0","-46.4284762762","-23.5079972579"
"41","2017-01-26","2.48","52.7","14.86","-288.0","-46.4284762762","-23.5079972579"
"41","2017-01-27","0.26","50.91","7.4","-288.0","-46.4284762762","-23.5079972579"
"41","2017-01-28","0.0","0.94","0.01","-288.0","-46.4284762762","-23.5079972579"
"41","2017-01-29","0.0","0.39","0.0","-288.0","-46.4284762762","-23.5079972579"
"41","2017-01-30","0.35","12.41","2.51","-288.0","-46.4284762762","-23.5079972579"
"41","2017-01-31","0.09","13.06","1.4","-288.0","-46.4284762762","-23.5079972579"
"41","2017-02-01","0.84","176.21","46.13","-288.0","-46.4284762762","-23.5079972579"
"41","2017-02-02","0.64","28.18","4.31","-288.0","-46.4284762762","-23.5079972579"
"41","2017-02-03","0.22","17.06","2.08","-288.0","-46.4284762762","-23.5079972579"
"41","2017-02-04","0.5","80.36","20.59","-288.0","-46.4284762762","-23.5079972579"
"41","2017-02-05","0.0","0.14","0.0","-288.0","-46.4284762762","-23.5079972579"
"41","2017-02-06","8.67","130.66","44.25","-288.0","-46.4284762762","-23.5079972579"
"41","2017-02-07","0.04","2.2","0.52","-288.0","-46.4284762762","-23.5079972579"
"41","2017-02-08","0.0","0.28","0.0","-287.0","-46.4284762762","-23.5079972579"
"41","2017-02-09","0.0","0.0","0.0","0.0","-46.4284762762","-23.5079972579"
"41","2017-02-10","0.0","0.0","0.0","0.0","-46.4284762762","-23.5079972579"
"41","2017-02-11","0.0","0.0","0.0","0.0","-46.4284762762","-23.5079972579"
"41","2017-02-12","0.0","0.0","0.0","0.0","-46.4284762762","-23.5079972579"
"41","2017-02-13","0.0","0.0","0.0","0.0","-46.4284762762","-23.5079972579"
"41","2017-02-14","0.0","0.0","0.0","0.0","-46.4284762762","-23.5079972579"
"41","2017-02-15","0.0","0.0","0.0","0.0","-46.4284762762","-23.5079972579"
"41","2017-02-16","","","","-1.0","-46.4284762762","-23.5079972579"
"41","2017-02-17","0.0","0.14","0.0","-288.0","-46.4284762762","-23.5079972579"
"41","2017-02-18","0.0","0.0","0.0","-287.0","-46.4284762762","-23.5079972579"
"41","2017-02-19","0.0","0.0","0.0","0.0","-46.4284762762","-23.5079972579"
"41","2017-02-20","0.0","0.0","0.0","0.0","-46.4284762762","-23.5079972579"
"41","2017-02-21","","","","-1.0","-46.4284762762","-23.5079972579"
"41","2017-02-22","0.0","38.1","4.24","-288.0","-46.4284762762","-23.5079972579"
"41","2017-02-23","0.0","2.81","0.06","-288.0","-46.4284762762","-23.5079972579"
"41","2017-02-24","3.37","129.84","38.02","-288.0","-46.4284762762","-23.5079972579"
"41","2017-02-25","1.02","32.26","7.58","-288.0","-46.4284762762","-23.5079972579"
"41","2017-02-26","0.49","121.2","20.28","-288.0","-46.4284762762","-23.5079972579"
"41","2017-02-27","0.0","20.45","2.52","-288.0","-46.4284762762","-23.5079972579"
"41","2017-02-28","0.04","51.82","9.55","-288.0","-46.4284762762","-23.5079972579"
"41","2017-03-01","0.0","19.94","1.55","-288.0","-46.4284762762","-23.5079972579"
"41","2017-03-02","0.11","55.83","13.16","-288.0","-46.4284762762","-23.5079972579"
"41","2017-03-03","2.22","101.69","20.72","-288.0","-46.4284762762","-23.5079972579"
"41","2017-03-04","0.0","54.35","4.13","-288.0","-46.4284762762","-23.5079972579"
"41","2017-03-05","0.36","76.58","7.52","-288.0","-46.4284762762","-23.5079972579"
"41","2017-03-06","1.56","97.47","18.17","-288.0","-46.4284762762","-23.5079972579"
"41","2017-03-07","0.99","54.79","11.18","-288.0","-46.4284762762","-23.5079972579"
"41","2017-03-08","1.38","53.21","8.96","-288.0","-46.4284762762","-23.5079972579"
"41","2017-03-09","0.0","0.0","0.0","-288.0","-46.4284762762","-23.5079972579"
"41","2017-03-10","0.06","33.25","4.42","-288.0","-46.4284762762","-23.5079972579"
"41","2017-03-11","0.0","27.22","3.31","-288.0","-46.4284762762","-23.5079972579"
"41","2017-03-12","0.0","0.71","0.0","-288.0","-46.4284762762","-23.5079972579"
"41","2017-03-13","0.0","0.28","0.01","-288.0","-46.4284762762","-23.5079972579"
"41","2017-03-14","1.1","77.76","10.6","-288.0","-46.4284762762","-23.5079972579"
"41","2017-03-15","0.37","5.8","2.07","-288.0","-46.4284762762","-23.5079972579"
"41","2017-03-16","0.0","7.48","0.58","-288.0","-46.4284762762","-23.5079972579"
"41","2017-03-17","0.0","38.75","3.69","-288.0","-46.4284762762","-23.5079972579"
"41","2017-03-18","0.0","3.52","0.16","-288.0","-46.4284762762","-23.5079972579"
"41","2017-03-19","0.06","8.94","1.71","-288.0","-46.4284762762","-23.5079972579"
"41","2017-03-20","0.0","0.2","0.02","-287.0","-46.4284762762","-23.5079972579"
"41","2017-03-21","0.0","0.0","0.0","0.0","-46.4284762762","-23.5079972579"
"41","2017-03-22","0.0","0.0","0.0","0.0","-46.4284762762","-23.5079972579"
"41","2017-03-23","","","","-1.0","-46.4284762762","-23.5079972579"
"41","2017-03-24","0.0","20.23","0.85","-288.0","-46.4284762762","-23.5079972579"
"41","2017-03-25","0.01","3.43","0.48","-287.0","-46.4284762762","-23.5079972579"
"41","2017-03-26","","","","-1.0","-46.4284762762","-23.5079972579"
"41","2017-03-27","0.01","6.27","0.91","-288.0","-46.4284762762","-23.5079972579"
"41","2017-03-28","0.0","1.98","0.1","-288.0","-46.4284762762","-23.5079972579"
"41","2017-03-29","0.0","0.17","0.02","-287.0","-46.4284762762","-23.5079972579"
"41","2017-03-30","0.0","0.0","0.0","0.0","-46.4284762762","-23.5079972579"
"41","2017-03-31","0.0","0.0","0.0","0.0","-46.4284762762","-23.5079972579"
"41","2017-04-01","0.0","0.0","0.0","0.0","-46.4284762762","-23.5079972579"
"41","2017-04-02","0.0","0.0","0.0","0.0","-46.4284762762","-23.5079972579"
"41","2017-04-03","0.0","0.0","0.0","0.0","-46.4284762762","-23.5079972579"
"41","2017-04-04","","","","-1.0","-46.4284762762","-23.5079972579"
"41","2017-04-05","0.0","0.0","0.0","-288.0","-46.4284762762","-23.5079972579"
"41","2017-04-06","2.04","34.11","9.64","-288.0","-46.4284762762","-23.5079972579"
"41","2017-04-07","4.39","114.32","22.27","-288.0","-46.4284762762","-23.5079972579"
"41","2017-04-08","0.0","0.0","0.0","-287.0","-46.4284762762","-23.5079972579"
"41","2017-04-09","","","","-1.0","-46.4284762762","-23.5079972579"
"41","2017-04-10","0.0","0.82","0.02","-288.0","-46.4284762762","-23.5079972579"
"41","2017-04-11","0.0","0.92","0.01","-288.0","-46.4284762762","-23.5079972579"
"41","2017-04-12","0.0","2.44","0.21","-287.0","-46.4284762762","-23.5079972579"
"41","2017-04-13","0.0","0.0","0.0","0.0","-46.4284762762","-23.5079972579"
"41","2017-04-14","0.0","0.0","0.0","0.0","-46.4284762762","-23.5079972579"
"41","2017-04-15","0.0","0.0","0.0","0.0","-46.4284762762","-23.5079972579"
"41","2017-04-16","","","","-1.0","-46.4284762762","-23.5079972579"
"41","2017-04-17","0.0","2.39","0.43","-287.0","-46.4284762762","-23.5079972579"
"41","2017-04-18","0.0","0.0","0.0","0.0","-46.4284762762","-23.5079972579"
"41","2017-04-19","0.0","0.0","0.0","0.0","-46.4284762762","-23.5079972579"
"41","2017-04-20","","","","-1.0","-46.4284762762","-23.5079972579"
"41","2017-04-21","0.96","51.51","11.76","-288.0","-46.4284762762","-23.5079972579"
"41","2017-04-22","0.3","10.58","2.68","-287.0","-46.4284762762","-23.5079972579"
"41","2017-04-23","0.0","0.0","0.0","0.0","-46.4284762762","-23.5079972579"
"41","2017-04-24","0.0","0.0","0.0","0.0","-46.4284762762","-23.5079972579"
"41","2017-04-25","","","","-1.0","-46.4284762762","-23.5079972579"
"41","2017-04-26","2.2","43.15","10.67","-288.0","-46.4284762762","-23.5079972579"
"41","2017-04-27","0.53","6.25","2.24","-287.0","-46.4284762762","-23.5079972579"
"41","2017-04-28","0.0","0.0","0.0","0.0","-46.4284762762","-23.5079972579"
"41","2017-04-29","0.0","0.0","0.0","0.0","-46.4284762762","-23.5079972579"
"41","2017-04-30","0.0","0.0","0.0","0.0","-46.4284762762","-23.5079972579"
"41","2017-05-01","","","","-1.0","-46.4284762762","-23.5079972579"
"41","2017-05-02","0.0","0.08","0.0","-287.0","-46.4284762762","-23.5079972579"
"41","2017-05-03","0.0","0.0","0.0","0.0","-46.4284762762","-23.5079972579"
"41","2017-05-04","","","","-1.0","-46.4284762762","-23.5079972579"
"41","2017-05-05","0.73","36.35","6.35","-288.0","-46.4284762762","-23.5079972579"
"41","2017-05-06","1.37","32.66","7.74","-288.0","-46.4284762762","-23.5079972579"
"41","2017-05-07","0.0","0.1","0.0","-287.0","-46.4284762762","-23.5079972579"
"41","2017-05-08","0.0","0.0","0.0","0.0","-46.4284762762","-23.5079972579"
"41","2017-05-09","0.0","0.0","0.0","0.0","-46.4284762762","-23.5079972579"
"41","2017-05-10","0.0","0.0","0.0","0.0","-46.4284762762","-23.5079972579"
"41","2017-05-11","0.0","0.0","0.0","0.0","-46.4284762762","-23.5079972579"
"41","2017-05-12","0.0","0.0","0.0","0.0","-46.4284762762","-23.5079972579"
"41","2017-05-13","","","","-1.0","-46.4284762762","-23.5079972579"
"41","2017-05-14","0.01","5.2","0.52","-287.0","-46.4284762762","-23.5079972579"
"41","2017-05-15","0.0","0.0","0.0","0.0","-46.4284762762","-23.5079972579"
"41","2017-05-16","0.0","0.0","0.0","0.0","-46.4284762762","-23.5079972579"
"41","2017-05-17","","","","-1.0","-46.4284762762","-23.5079972579"
"41","2017-05-18","0.21","7.57","2.08","-288.0","-46.4284762762","-23.5079972579"
"41","2017-05-19","8.26","162.61","43.39","-288.0","-46.4284762762","-23.5079972579"
"41","2017-05-20","0.06","2.21","0.72","-288.0","-46.4284762762","-23.5079972579"
"41","2017-05-21","7.47","104.31","31.99","-288.0","-46.4284762762","-23.5079972579"
"41","2017-05-22","2.55","43.0","10.55","-287.0","-46.4284762762","-23.5079972579"
"41","2017-05-23","0.0","0.0","0.0","0.0","-46.4284762762","-23.5079972579"
"41","2017-05-24","0.0","0.0","0.0","0.0","-46.4284762762","-23.5079972579"
"41","2017-05-25","0.0","0.0","0.0","0.0","-46.4284762762","-23.5079972579"
"41","2017-05-26","0.0","0.0","0.0","0.0","-46.4284762762","-23.5079972579"
"41","2017-05-27","0.0","0.0","0.0","0.0","-46.4284762762","-23.5079972579"
"41","2017-05-28","0.0","0.0","0.0","0.0","-46.4284762762","-23.5079972579"
"41","2017-05-29","0.0","0.0","0.0","0.0","-46.4284762762","-23.5079972579"
"41","2017-05-30","0.0","0.0","0.0","0.0","-46.4284762762","-23.5079972579"
"41","2017-05-31","0.0","0.0","0.0","0.0","-46.4284762762","-23.5079972579"
"41","2017-06-01","0.0","0.0","0.0","0.0","-46.4284762762","-23.5079972579"
"41","2017-06-02","0.0","0.0","0.0","0.0","-46.4284762762","-23.5079972579"
"41","2017-06-03","0.0","0.0","0.0","0.0","-46.4284762762","-23.5079972579"
"41","2017-06-04","","","","-1.0","-46.4284762762","-23.5079972579"
"41","2017-06-05","7.71","127.65","37.51","-288.0","-46.4284762762","-23.5079972579"
"41","2017-06-06","7.83","113.38","32.01","-288.0","-46.4284762762","-23.5079972579"
"41","2017-06-07","1.9","51.32","12.49","-287.0","-46.4284762762","-23.5079972579"
"41","2017-06-08","","","","-1.0","-46.4284762762","-23.5079972579"
"41","2017-06-09","0.0","6.07","0.52","-288.0","-46.4284762762","-23.5079972579"
"41","2017-06-10","0.0","0.0","0.0","-287.0","-46.4284762762","-23.5079972579"
"41","2017-06-11","","","","-1.0","-46.4284762762","-23.5079972579"
"41","2017-06-12","0.0","0.81","0.01","-288.0","-46.4284762762","-23.5079972579"
"41","2017-06-13","3.93","114.92","25.45","-288.0","-46.4284762762","-23.5079972579"
"41","2017-06-14","0.2","24.23","3.46","-287.0","-46.4284762762","-23.5079972579"
"42","2016-10-31","","","","-1.0","-46.3810515195","-23.5026666983"
"42","2016-11-01","0.0","0.13","0.0","-288.0","-46.3810515195","-23.5026666983"
"42","2016-11-02","0.22","9.99","1.95","-288.0","-46.3810515195","-23.5026666983"
"42","2016-11-03","1.68","21.63","7.58","-288.0","-46.3810515195","-23.5026666983"
"42","2016-11-04","1.04","4.19","2.19","-288.0","-46.3810515195","-23.5026666983"
"42","2016-11-05","0.0","0.0","0.0","-288.0","-46.3810515195","-23.5026666983"
"42","2016-11-06","1.21","35.23","12.44","-288.0","-46.3810515195","-23.5026666983"
"42","2016-11-07","0.0","0.26","0.01","-288.0","-46.3810515195","-23.5026666983"
"42","2016-11-08","0.03","2.46","0.38","-288.0","-46.3810515195","-23.5026666983"
"42","2016-11-09","8.17","52.77","24.12","-288.0","-46.3810515195","-23.5026666983"
"42","2016-11-10","2.31","16.2","6.83","-288.0","-46.3810515195","-23.5026666983"
"42","2016-11-11","0.0","5.13","0.79","-288.0","-46.3810515195","-23.5026666983"
"42","2016-11-12","1.93","18.63","6.82","-288.0","-46.3810515195","-23.5026666983"
"42","2016-11-13","11.45","43.44","24.33","-288.0","-46.3810515195","-23.5026666983"
"42","2016-11-14","10.47","34.15","20.34","-287.0","-46.3810515195","-23.5026666983"
"42","2016-11-15","","","","-1.0","-46.3810515195","-23.5026666983"
"42","2016-11-16","3.59","50.15","18.77","-288.0","-46.3810515195","-23.5026666983"
"42","2016-11-17","0.12","8.05","1.91","-288.0","-46.3810515195","-23.5026666983"
"42","2016-11-18","0.04","2.91","0.43","-287.0","-46.3810515195","-23.5026666983"
"42","2016-11-19","0.0","0.0","0.0","0.0","-46.3810515195","-23.5026666983"
"42","2016-11-20","0.0","0.0","0.0","0.0","-46.3810515195","-23.5026666983"
"42","2016-11-21","0.0","0.0","0.0","0.0","-46.3810515195","-23.5026666983"
"42","2016-11-22","","","","-1.0","-46.3810515195","-23.5026666983"
"42","2016-11-23","2.52","25.31","9.9","-288.0","-46.3810515195","-23.5026666983"
"42","2016-11-24","0.0","0.01","0.0","-287.0","-46.3810515195","-23.5026666983"
"42","2016-11-25","0.0","0.0","0.0","0.0","-46.3810515195","-23.5026666983"
"42","2016-11-26","","","","-1.0","-46.3810515195","-23.5026666983"
"42","2016-11-27","0.97","46.32","11.39","-288.0","-46.3810515195","-23.5026666983"
"42","2016-11-28","0.33","41.8","14.57","-288.0","-46.3810515195","-23.5026666983"
"42","2016-11-29","3.35","33.68","13.57","-288.0","-46.3810515195","-23.5026666983"
"42","2016-11-30","0.0","0.0","0.0","-287.0","-46.3810515195","-23.5026666983"
"42","2016-12-01","0.0","0.0","0.0","0.0","-46.3810515195","-23.5026666983"
"42","2016-12-02","","","","-1.0","-46.3810515195","-23.5026666983"
"42","2016-12-03","11.35","52.72","26.2","-288.0","-46.3810515195","-23.5026666983"
"42","2016-12-04","1.1","4.18","2.17","-288.0","-46.3810515195","-23.5026666983"
"42","2016-12-05","0.03","0.54","0.14","-287.0","-46.3810515195","-23.5026666983"
"42","2016-12-06","","","","-1.0","-46.3810515195","-23.5026666983"
"42","2016-12-07","2.26","29.34","10.25","-288.0","-46.3810515195","-23.5026666983"
"42","2016-12-08","0.0","0.07","0.0","-288.0","-46.3810515195","-23.5026666983"
"42","2016-12-09","0.94","6.25","2.61","-288.0","-46.3810515195","-23.5026666983"
"42","2016-12-10","0.77","13.37","3.54","-288.0","-46.3810515195","-23.5026666983"
"42","2016-12-11","6.28","38.84","21.73","-288.0","-46.3810515195","-23.5026666983"
"42","2016-12-12","3.28","35.5","14.16","-288.0","-46.3810515195","-23.5026666983"
"42","2016-12-13","0.0","0.34","0.0","-288.0","-46.3810515195","-23.5026666983"
"42","2016-12-14","0.0","0.03","0.0","-288.0","-46.3810515195","-23.5026666983"
"42","2016-12-15","0.0","0.0","0.0","-287.0","-46.3810515195","-23.5026666983"
"42","2016-12-16","0.0","0.0","0.0","0.0","-46.3810515195","-23.5026666983"
"42","2016-12-17","","","","-1.0","-46.3810515195","-23.5026666983"
"42","2016-12-18","0.85","36.39","8.03","-288.0","-46.3810515195","-23.5026666983"
"42","2016-12-19","2.14","39.05","12.77","-288.0","-46.3810515195","-23.5026666983"
"42","2016-12-20","2.38","40.08","13.14","-288.0","-46.3810515195","-23.5026666983"
"42","2016-12-21","0.77","11.82","3.19","-288.0","-46.3810515195","-23.5026666983"
"42","2016-12-22","0.43","2.74","1.19","-288.0","-46.3810515195","-23.5026666983"
"42","2016-12-23","3.01","56.67","18.43","-288.0","-46.3810515195","-23.5026666983"
"42","2016-12-24","0.87","6.08","2.79","-288.0","-46.3810515195","-23.5026666983"
"42","2016-12-25","0.0","0.01","0.0","-288.0","-46.3810515195","-23.5026666983"
"42","2016-12-26","0.0","0.2","0.0","-288.0","-46.3810515195","-23.5026666983"
"42","2016-12-27","0.01","0.67","0.11","-288.0","-46.3810515195","-23.5026666983"
"42","2016-12-28","0.01","1.83","0.31","-288.0","-46.3810515195","-23.5026666983"
"42","2016-12-29","0.0","0.49","0.04","-288.0","-46.3810515195","-23.5026666983"
"42","2016-12-30","0.0","0.43","0.05","-288.0","-46.3810515195","-23.5026666983"
"42","2016-12-31","0.0","0.5","0.14","-287.0","-46.3810515195","-23.5026666983"
"42","2017-01-01","","","","-1.0","-46.3810515195","-23.5026666983"
"42","2017-01-02","5.19","66.89","31.66","-288.0","-46.3810515195","-23.5026666983"
"42","2017-01-03","2.72","28.6","10.68","-288.0","-46.3810515195","-23.5026666983"
"42","2017-01-04","0.2","1.44","0.66","-288.0","-46.3810515195","-23.5026666983"
"42","2017-01-05","0.09","0.73","0.27","-288.0","-46.3810515195","-23.5026666983"
"42","2017-01-06","1.0","3.87","2.03","-288.0","-46.3810515195","-23.5026666983"
"42","2017-01-07","3.13","40.02","16.92","-288.0","-46.3810515195","-23.5026666983"
"42","2017-01-08","3.31","47.84","20.87","-288.0","-46.3810515195","-23.5026666983"
"42","2017-01-09","0.15","31.84","5.82","-288.0","-46.3810515195","-23.5026666983"
"42","2017-01-10","0.78","13.54","4.57","-288.0","-46.3810515195","-23.5026666983"
"42","2017-01-11","3.2","18.01","8.05","-288.0","-46.3810515195","-23.5026666983"
"42","2017-01-12","1.36","21.62","7.8","-288.0","-46.3810515195","-23.5026666983"
"42","2017-01-13","0.07","2.68","0.64","-288.0","-46.3810515195","-23.5026666983"
"42","2017-01-14","0.0","0.15","0.0","-288.0","-46.3810515195","-23.5026666983"
"42","2017-01-15","0.14","3.19","0.75","-288.0","-46.3810515195","-23.5026666983"
"42","2017-01-16","3.74","81.51","23.48","-288.0","-46.3810515195","-23.5026666983"
"42","2017-01-17","9.6","69.76","31.23","-288.0","-46.3810515195","-23.5026666983"
"42","2017-01-18","10.34","62.2","28.34","-288.0","-46.3810515195","-23.5026666983"
"42","2017-01-19","4.73","30.39","12.79","-288.0","-46.3810515195","-23.5026666983"
"42","2017-01-20","9.73","40.51","21.87","-288.0","-46.3810515195","-23.5026666983"
"42","2017-01-21","12.23","89.41","37.27","-288.0","-46.3810515195","-23.5026666983"
"42","2017-01-22","5.81","38.81","17.29","-288.0","-46.3810515195","-23.5026666983"
"42","2017-01-23","1.31","29.0","7.78","-288.0","-46.3810515195","-23.5026666983"
"42","2017-01-24","0.08","12.98","2.28","-288.0","-46.3810515195","-23.5026666983"
"42","2017-01-25","1.81","13.41","5.76","-288.0","-46.3810515195","-23.5026666983"
"42","2017-01-26","4.27","36.01","14.54","-288.0","-46.3810515195","-23.5026666983"
"42","2017-01-27","2.15","30.39","10.87","-288.0","-46.3810515195","-23.5026666983"
"42","2017-01-28","0.0","0.03","0.0","-288.0","-46.3810515195","-23.5026666983"
"42","2017-01-29","0.0","0.24","0.01","-288.0","-46.3810515195","-23.5026666983"
"42","2017-01-30","0.94","5.99","2.67","-288.0","-46.3810515195","-23.5026666983"
"42","2017-01-31","0.13","1.47","0.56","-288.0","-46.3810515195","-23.5026666983"
"42","2017-02-01","13.48","95.97","42.0","-288.0","-46.3810515195","-23.5026666983"
"42","2017-02-02","0.98","7.46","2.82","-288.0","-46.3810515195","-23.5026666983"
"42","2017-02-03","0.93","9.56","3.38","-288.0","-46.3810515195","-23.5026666983"
"42","2017-02-04","2.54","44.35","18.14","-288.0","-46.3810515195","-23.5026666983"
"42","2017-02-05","0.0","0.03","0.0","-288.0","-46.3810515195","-23.5026666983"
"42","2017-02-06","8.21","54.93","24.16","-288.0","-46.3810515195","-23.5026666983"
"42","2017-02-07","0.72","4.25","1.82","-288.0","-46.3810515195","-23.5026666983"
"42","2017-02-08","0.0","0.0","0.0","-287.0","-46.3810515195","-23.5026666983"
"42","2017-02-09","0.0","0.0","0.0","0.0","-46.3810515195","-23.5026666983"
"42","2017-02-10","0.0","0.0","0.0","0.0","-46.3810515195","-23.5026666983"
"42","2017-02-11","0.0","0.0","0.0","0.0","-46.3810515195","-23.5026666983"
"42","2017-02-12","0.0","0.0","0.0","0.0","-46.3810515195","-23.5026666983"
"42","2017-02-13","0.0","0.0","0.0","0.0","-46.3810515195","-23.5026666983"
"42","2017-02-14","0.0","0.0","0.0","0.0","-46.3810515195","-23.5026666983"
"42","2017-02-15","0.0","0.0","0.0","0.0","-46.3810515195","-23.5026666983"
"42","2017-02-16","","","","-1.0","-46.3810515195","-23.5026666983"
"42","2017-02-17","0.0","0.03","0.0","-288.0","-46.3810515195","-23.5026666983"
"42","2017-02-18","0.0","0.0","0.0","-287.0","-46.3810515195","-23.5026666983"
"42","2017-02-19","0.0","0.0","0.0","0.0","-46.3810515195","-23.5026666983"
"42","2017-02-20","0.0","0.0","0.0","0.0","-46.3810515195","-23.5026666983"
"42","2017-02-21","","","","-1.0","-46.3810515195","-23.5026666983"
"42","2017-02-22","0.04","14.31","3.5","-288.0","-46.3810515195","-23.5026666983"
"42","2017-02-23","0.0","11.34","1.28","-288.0","-46.3810515195","-23.5026666983"
"42","2017-02-24","15.39","72.66","39.73","-288.0","-46.3810515195","-23.5026666983"
"42","2017-02-25","2.27","17.07","6.88","-288.0","-46.3810515195","-23.5026666983"
"42","2017-02-26","0.98","26.88","5.9","-288.0","-46.3810515195","-23.5026666983"
"42","2017-02-27","0.02","4.8","0.48","-288.0","-46.3810515195","-23.5026666983"
"42","2017-02-28","0.22","10.84","2.18","-288.0","-46.3810515195","-23.5026666983"
"42","2017-03-01","0.03","6.27","0.56","-288.0","-46.3810515195","-23.5026666983"
"42","2017-03-02","1.73","25.62","8.44","-288.0","-46.3810515195","-23.5026666983"
"42","2017-03-03","5.61","60.05","20.13","-288.0","-46.3810515195","-23.5026666983"
"42","2017-03-04","0.34","20.23","5.18","-288.0","-46.3810515195","-23.5026666983"
"42","2017-03-05","0.6","14.48","4.17","-288.0","-46.3810515195","-23.5026666983"
"42","2017-03-06","5.2","59.7","21.61","-288.0","-46.3810515195","-23.5026666983"
"42","2017-03-07","3.03","25.46","11.09","-288.0","-46.3810515195","-23.5026666983"
"42","2017-03-08","3.4","49.42","13.62","-288.0","-46.3810515195","-23.5026666983"
"42","2017-03-09","0.0","0.0","0.0","-288.0","-46.3810515195","-23.5026666983"
"42","2017-03-10","0.03","4.6","0.82","-288.0","-46.3810515195","-23.5026666983"
"42","2017-03-11","0.02","7.68","1.16","-288.0","-46.3810515195","-23.5026666983"
"42","2017-03-12","0.0","0.49","0.01","-288.0","-46.3810515195","-23.5026666983"
"42","2017-03-13","0.0","0.0","0.0","-288.0","-46.3810515195","-23.5026666983"
"42","2017-03-14","5.23","70.03","25.63","-288.0","-46.3810515195","-23.5026666983"
"42","2017-03-15","0.42","3.0","1.43","-288.0","-46.3810515195","-23.5026666983"
"42","2017-03-16","0.0","3.92","0.45","-288.0","-46.3810515195","-23.5026666983"
"42","2017-03-17","0.03","6.7","1.31","-288.0","-46.3810515195","-23.5026666983"
"42","2017-03-18","0.01","1.84","0.25","-288.0","-46.3810515195","-23.5026666983"
"42","2017-03-19","0.39","5.07","2.0","-288.0","-46.3810515195","-23.5026666983"
"42","2017-03-20","0.01","0.27","0.09","-287.0","-46.3810515195","-23.5026666983"
"42","2017-03-21","0.0","0.0","0.0","0.0","-46.3810515195","-23.5026666983"
"42","2017-03-22","0.0","0.0","0.0","0.0","-46.3810515195","-23.5026666983"
"42","2017-03-23","","","","-1.0","-46.3810515195","-23.5026666983"
"42","2017-03-24","0.0","0.49","0.06","-288.0","-46.3810515195","-23.5026666983"
"42","2017-03-25","0.06","1.21","0.33","-287.0","-46.3810515195","-23.5026666983"
"42","2017-03-26","","","","-1.0","-46.3810515195","-23.5026666983"
"42","2017-03-27","0.05","2.49","0.7","-288.0","-46.3810515195","-23.5026666983"
"42","2017-03-28","0.0","0.7","0.09","-288.0","-46.3810515195","-23.5026666983"
"42","2017-03-29","0.0","0.04","0.01","-287.0","-46.3810515195","-23.5026666983"
"42","2017-03-30","0.0","0.0","0.0","0.0","-46.3810515195","-23.5026666983"
"42","2017-03-31","0.0","0.0","0.0","0.0","-46.3810515195","-23.5026666983"
"42","2017-04-01","0.0","0.0","0.0","0.0","-46.3810515195","-23.5026666983"
"42","2017-04-02","0.0","0.0","0.0","0.0","-46.3810515195","-23.5026666983"
"42","2017-04-03","0.0","0.0","0.0","0.0","-46.3810515195","-23.5026666983"
"42","2017-04-04","","","","-1.0","-46.3810515195","-23.5026666983"
"42","2017-04-05","0.0","0.0","0.0","-288.0","-46.3810515195","-23.5026666983"
"42","2017-04-06","3.78","19.12","9.24","-288.0","-46.3810515195","-23.5026666983"
"42","2017-04-07","7.14","47.62","20.33","-288.0","-46.3810515195","-23.5026666983"
"42","2017-04-08","0.0","0.11","0.01","-287.0","-46.3810515195","-23.5026666983"
"42","2017-04-09","","","","-1.0","-46.3810515195","-23.5026666983"
"42","2017-04-10","0.0","0.1","0.0","-288.0","-46.3810515195","-23.5026666983"
"42","2017-04-11","0.0","0.04","0.0","-288.0","-46.3810515195","-23.5026666983"
"42","2017-04-12","0.01","0.66","0.12","-287.0","-46.3810515195","-23.5026666983"
"42","2017-04-13","0.0","0.0","0.0","0.0","-46.3810515195","-23.5026666983"
"42","2017-04-14","0.0","0.0","0.0","0.0","-46.3810515195","-23.5026666983"
"42","2017-04-15","0.0","0.0","0.0","0.0","-46.3810515195","-23.5026666983"
"42","2017-04-16","","","","-1.0","-46.3810515195","-23.5026666983"
"42","2017-04-17","0.05","1.06","0.36","-287.0","-46.3810515195","-23.5026666983"
"42","2017-04-18","0.0","0.0","0.0","0.0","-46.3810515195","-23.5026666983"
"42","2017-04-19","0.0","0.0","0.0","0.0","-46.3810515195","-23.5026666983"
"42","2017-04-20","","","","-1.0","-46.3810515195","-23.5026666983"
"42","2017-04-21","5.47","25.84","13.21","-288.0","-46.3810515195","-23.5026666983"
"42","2017-04-22","0.7","4.03","2.07","-287.0","-46.3810515195","-23.5026666983"
"42","2017-04-23","0.0","0.0","0.0","0.0","-46.3810515195","-23.5026666983"
"42","2017-04-24","0.0","0.0","0.0","0.0","-46.3810515195","-23.5026666983"
"42","2017-04-25","","","","-1.0","-46.3810515195","-23.5026666983"
"42","2017-04-26","4.75","24.47","11.94","-288.0","-46.3810515195","-23.5026666983"
"42","2017-04-27","0.85","3.18","1.84","-287.0","-46.3810515195","-23.5026666983"
"42","2017-04-28","0.0","0.0","0.0","0.0","-46.3810515195","-23.5026666983"
"42","2017-04-29","0.0","0.0","0.0","0.0","-46.3810515195","-23.5026666983"
"42","2017-04-30","0.0","0.0","0.0","0.0","-46.3810515195","-23.5026666983"
"42","2017-05-01","","","","-1.0","-46.3810515195","-23.5026666983"
"42","2017-05-02","0.0","0.04","0.01","-287.0","-46.3810515195","-23.5026666983"
"42","2017-05-03","0.0","0.0","0.0","0.0","-46.3810515195","-23.5026666983"
"42","2017-05-04","","","","-1.0","-46.3810515195","-23.5026666983"
"42","2017-05-05","1.0","9.57","4.11","-288.0","-46.3810515195","-23.5026666983"
"42","2017-05-06","2.16","11.71","5.59","-288.0","-46.3810515195","-23.5026666983"
"42","2017-05-07","0.0","0.01","0.0","-287.0","-46.3810515195","-23.5026666983"
"42","2017-05-08","0.0","0.0","0.0","0.0","-46.3810515195","-23.5026666983"
"42","2017-05-09","0.0","0.0","0.0","0.0","-46.3810515195","-23.5026666983"
"42","2017-05-10","0.0","0.0","0.0","0.0","-46.3810515195","-23.5026666983"
"42","2017-05-11","0.0","0.0","0.0","0.0","-46.3810515195","-23.5026666983"
"42","2017-05-12","0.0","0.0","0.0","0.0","-46.3810515195","-23.5026666983"
"42","2017-05-13","","","","-1.0","-46.3810515195","-23.5026666983"
"42","2017-05-14","0.07","1.75","0.5","-287.0","-46.3810515195","-23.5026666983"
"42","2017-05-15","0.0","0.0","0.0","0.0","-46.3810515195","-23.5026666983"
"42","2017-05-16","0.0","0.0","0.0","0.0","-46.3810515195","-23.5026666983"
"42","2017-05-17","","","","-1.0","-46.3810515195","-23.5026666983"
"42","2017-05-18","0.64","4.97","1.97","-288.0","-46.3810515195","-23.5026666983"
"42","2017-05-19","16.37","96.83","42.76","-288.0","-46.3810515195","-23.5026666983"
"42","2017-05-20","0.18","1.13","0.53","-288.0","-46.3810515195","-23.5026666983"
"42","2017-05-21","13.42","61.98","30.3","-288.0","-46.3810515195","-23.5026666983"
"42","2017-05-22","3.97","19.68","9.23","-287.0","-46.3810515195","-23.5026666983"
"42","2017-05-23","0.0","0.0","0.0","0.0","-46.3810515195","-23.5026666983"
"42","2017-05-24","0.0","0.0","0.0","0.0","-46.3810515195","-23.5026666983"
"42","2017-05-25","0.0","0.0","0.0","0.0","-46.3810515195","-23.5026666983"
"42","2017-05-26","0.0","0.0","0.0","0.0","-46.3810515195","-23.5026666983"
"42","2017-05-27","0.0","0.0","0.0","0.0","-46.3810515195","-23.5026666983"
"42","2017-05-28","0.0","0.0","0.0","0.0","-46.3810515195","-23.5026666983"
"42","2017-05-29","0.0","0.0","0.0","0.0","-46.3810515195","-23.5026666983"
"42","2017-05-30","0.0","0.0","0.0","0.0","-46.3810515195","-23.5026666983"
"42","2017-05-31","0.0","0.0","0.0","0.0","-46.3810515195","-23.5026666983"
"42","2017-06-01","0.0","0.0","0.0","0.0","-46.3810515195","-23.5026666983"
"42","2017-06-02","0.0","0.0","0.0","0.0","-46.3810515195","-23.5026666983"
"42","2017-06-03","0.0","0.0","0.0","0.0","-46.3810515195","-23.5026666983"
"42","2017-06-04","","","","-1.0","-46.3810515195","-23.5026666983"
"42","2017-06-05","15.22","84.24","40.49","-288.0","-46.3810515195","-23.5026666983"
"42","2017-06-06","13.31","70.03","32.46","-288.0","-46.3810515195","-23.5026666983"
"42","2017-06-07","3.83","34.87","13.04","-287.0","-46.3810515195","-23.5026666983"
"42","2017-06-08","","","","-1.0","-46.3810515195","-23.5026666983"
"42","2017-06-09","0.01","0.97","0.2","-288.0","-46.3810515195","-23.5026666983"
"42","2017-06-10","0.0","0.0","0.0","-287.0","-46.3810515195","-23.5026666983"
"42","2017-06-11","","","","-1.0","-46.3810515195","-23.5026666983"
"42","2017-06-12","0.0","0.07","0.0","-288.0","-46.3810515195","-23.5026666983"
"42","2017-06-13","9.82","60.35","26.42","-288.0","-46.3810515195","-23.5026666983"
"42","2017-06-14","0.85","4.61","1.97","-287.0","-46.3810515195","-23.5026666983"
"43","2016-10-31","","","","-1.0","-46.8087292843","-23.4336322346"
"43","2016-11-01","0.0","0.0","0.0","-288.0","-46.8087292843","-23.4336322346"
"43","2016-11-02","0.23","2.32","0.93","-288.0","-46.8087292843","-23.4336322346"
"43","2016-11-03","1.03","9.03","3.59","-288.0","-46.8087292843","-23.4336322346"
"43","2016-11-04","0.03","0.75","0.26","-288.0","-46.8087292843","-23.4336322346"
"43","2016-11-05","0.0","0.0","0.0","-288.0","-46.8087292843","-23.4336322346"
"43","2016-11-06","1.39","19.07","5.63","-288.0","-46.8087292843","-23.4336322346"
"43","2016-11-07","0.05","1.9","0.51","-288.0","-46.8087292843","-23.4336322346"
"43","2016-11-08","0.0","0.01","0.0","-288.0","-46.8087292843","-23.4336322346"
"43","2016-11-09","7.64","58.74","25.6","-288.0","-46.8087292843","-23.4336322346"
"43","2016-11-10","2.43","14.36","6.23","-288.0","-46.8087292843","-23.4336322346"
"43","2016-11-11","2.96","15.09","8.05","-288.0","-46.8087292843","-23.4336322346"
"43","2016-11-12","4.63","21.5","10.1","-288.0","-46.8087292843","-23.4336322346"
"43","2016-11-13","13.11","51.48","28.36","-288.0","-46.8087292843","-23.4336322346"
"43","2016-11-14","10.36","30.79","18.71","-287.0","-46.8087292843","-23.4336322346"
"43","2016-11-15","","","","-1.0","-46.8087292843","-23.4336322346"
"43","2016-11-16","0.14","16.65","1.7","-288.0","-46.8087292843","-23.4336322346"
"43","2016-11-17","0.97","18.64","6.01","-288.0","-46.8087292843","-23.4336322346"
"43","2016-11-18","0.0","3.25","0.4","-287.0","-46.8087292843","-23.4336322346"
"43","2016-11-19","0.0","0.0","0.0","0.0","-46.8087292843","-23.4336322346"
"43","2016-11-20","0.0","0.0","0.0","0.0","-46.8087292843","-23.4336322346"
"43","2016-11-21","0.0","0.0","0.0","0.0","-46.8087292843","-23.4336322346"
"43","2016-11-22","","","","-1.0","-46.8087292843","-23.4336322346"
"43","2016-11-23","4.19","30.33","12.62","-288.0","-46.8087292843","-23.4336322346"
"43","2016-11-24","0.0","0.0","0.0","-287.0","-46.8087292843","-23.4336322346"
"43","2016-11-25","0.0","0.0","0.0","0.0","-46.8087292843","-23.4336322346"
"43","2016-11-26","","","","-1.0","-46.8087292843","-23.4336322346"
"43","2016-11-27","0.67","24.61","5.16","-288.0","-46.8087292843","-23.4336322346"
"43","2016-11-28","0.0","1.43","0.24","-288.0","-46.8087292843","-23.4336322346"
"43","2016-11-29","2.88","27.04","9.6","-288.0","-46.8087292843","-23.4336322346"
"43","2016-11-30","0.0","0.0","0.0","-287.0","-46.8087292843","-23.4336322346"
"43","2016-12-01","0.0","0.0","0.0","0.0","-46.8087292843","-23.4336322346"
"43","2016-12-02","","","","-1.0","-46.8087292843","-23.4336322346"
"43","2016-12-03","6.76","48.86","20.16","-288.0","-46.8087292843","-23.4336322346"
"43","2016-12-04","3.47","21.86","11.71","-288.0","-46.8087292843","-23.4336322346"
"43","2016-12-05","0.15","3.94","1.28","-287.0","-46.8087292843","-23.4336322346"
"43","2016-12-06","","","","-1.0","-46.8087292843","-23.4336322346"
"43","2016-12-07","1.29","6.84","3.32","-288.0","-46.8087292843","-23.4336322346"
"43","2016-12-08","0.0","0.09","0.02","-288.0","-46.8087292843","-23.4336322346"
"43","2016-12-09","0.9","15.54","5.01","-288.0","-46.8087292843","-23.4336322346"
"43","2016-12-10","1.53","16.98","6.13","-288.0","-46.8087292843","-23.4336322346"
"43","2016-12-11","2.23","26.75","9.21","-288.0","-46.8087292843","-23.4336322346"
"43","2016-12-12","2.73","38.54","15.36","-288.0","-46.8087292843","-23.4336322346"
"43","2016-12-13","0.0","0.04","0.0","-288.0","-46.8087292843","-23.4336322346"
"43","2016-12-14","0.0","0.21","0.01","-288.0","-46.8087292843","-23.4336322346"
"43","2016-12-15","0.0","0.0","0.0","-287.0","-46.8087292843","-23.4336322346"
"43","2016-12-16","0.0","0.0","0.0","0.0","-46.8087292843","-23.4336322346"
"43","2016-12-17","","","","-1.0","-46.8087292843","-23.4336322346"
"43","2016-12-18","1.77","41.29","11.61","-288.0","-46.8087292843","-23.4336322346"
"43","2016-12-19","4.02","48.65","18.74","-288.0","-46.8087292843","-23.4336322346"
"43","2016-12-20","1.06","10.2","4.03","-288.0","-46.8087292843","-23.4336322346"
"43","2016-12-21","0.12","8.66","3.08","-288.0","-46.8087292843","-23.4336322346"
"43","2016-12-22","0.0","0.0","0.0","-288.0","-46.8087292843","-23.4336322346"
"43","2016-12-23","2.01","25.77","11.79","-288.0","-46.8087292843","-23.4336322346"
"43","2016-12-24","2.74","20.0","7.72","-288.0","-46.8087292843","-23.4336322346"
"43","2016-12-25","0.0","0.17","0.02","-288.0","-46.8087292843","-23.4336322346"
"43","2016-12-26","0.0","0.01","0.0","-288.0","-46.8087292843","-23.4336322346"
"43","2016-12-27","0.0","0.09","0.0","-288.0","-46.8087292843","-23.4336322346"
"43","2016-12-28","1.01","15.83","4.91","-288.0","-46.8087292843","-23.4336322346"
"43","2016-12-29","0.03","0.41","0.15","-288.0","-46.8087292843","-23.4336322346"
"43","2016-12-30","0.0","0.29","0.04","-288.0","-46.8087292843","-23.4336322346"
"43","2016-12-31","0.0","0.37","0.09","-287.0","-46.8087292843","-23.4336322346"
"43","2017-01-01","","","","-1.0","-46.8087292843","-23.4336322346"
"43","2017-01-02","3.73","20.91","8.86","-288.0","-46.8087292843","-23.4336322346"
"43","2017-01-03","2.44","13.83","6.22","-288.0","-46.8087292843","-23.4336322346"
"43","2017-01-04","0.0","0.19","0.08","-288.0","-46.8087292843","-23.4336322346"
"43","2017-01-05","0.08","0.89","0.28","-288.0","-46.8087292843","-23.4336322346"
"43","2017-01-06","1.24","13.85","4.9","-288.0","-46.8087292843","-23.4336322346"
"43","2017-01-07","0.52","46.52","12.98","-288.0","-46.8087292843","-23.4336322346"
"43","2017-01-08","0.01","0.18","0.06","-288.0","-46.8087292843","-23.4336322346"
"43","2017-01-09","3.49","66.1","23.23","-288.0","-46.8087292843","-23.4336322346"
"43","2017-01-10","4.01","21.26","10.19","-288.0","-46.8087292843","-23.4336322346"
"43","2017-01-11","0.98","30.04","11.15","-288.0","-46.8087292843","-23.4336322346"
"43","2017-01-12","0.64","6.46","2.37","-288.0","-46.8087292843","-23.4336322346"
"43","2017-01-13","0.05","2.01","0.47","-288.0","-46.8087292843","-23.4336322346"
"43","2017-01-14","0.19","30.31","5.28","-288.0","-46.8087292843","-23.4336322346"
"43","2017-01-15","1.53","44.83","13.71","-288.0","-46.8087292843","-23.4336322346"
"43","2017-01-16","7.76","85.15","32.04","-288.0","-46.8087292843","-23.4336322346"
"43","2017-01-17","12.67","55.53","30.88","-288.0","-46.8087292843","-23.4336322346"
"43","2017-01-18","12.08","80.82","36.47","-288.0","-46.8087292843","-23.4336322346"
"43","2017-01-19","6.32","28.92","14.76","-288.0","-46.8087292843","-23.4336322346"
"43","2017-01-20","10.15","43.09","22.91","-288.0","-46.8087292843","-23.4336322346"
"43","2017-01-21","11.32","139.75","48.68","-288.0","-46.8087292843","-23.4336322346"
"43","2017-01-22","5.32","22.87","12.11","-288.0","-46.8087292843","-23.4336322346"
"43","2017-01-23","0.48","3.45","1.55","-288.0","-46.8087292843","-23.4336322346"
"43","2017-01-24","3.16","26.88","9.34","-288.0","-46.8087292843","-23.4336322346"
"43","2017-01-25","0.07","3.32","1.13","-288.0","-46.8087292843","-23.4336322346"
"43","2017-01-26","11.94","46.57","24.27","-288.0","-46.8087292843","-23.4336322346"
"43","2017-01-27","2.74","24.32","9.08","-288.0","-46.8087292843","-23.4336322346"
"43","2017-01-28","0.02","3.16","0.48","-288.0","-46.8087292843","-23.4336322346"
"43","2017-01-29","0.0","0.39","0.15","-288.0","-46.8087292843","-23.4336322346"
"43","2017-01-30","2.64","34.58","15.72","-288.0","-46.8087292843","-23.4336322346"
"43","2017-01-31","2.94","16.96","7.55","-288.0","-46.8087292843","-23.4336322346"
"43","2017-02-01","14.66","111.43","52.65","-288.0","-46.8087292843","-23.4336322346"
"43","2017-02-02","3.38","23.31","10.05","-288.0","-46.8087292843","-23.4336322346"
"43","2017-02-03","2.68","20.59","9.44","-288.0","-46.8087292843","-23.4336322346"
"43","2017-02-04","2.99","40.49","17.37","-288.0","-46.8087292843","-23.4336322346"
"43","2017-02-05","0.01","0.14","0.06","-288.0","-46.8087292843","-23.4336322346"
"43","2017-02-06","3.39","40.25","16.76","-288.0","-46.8087292843","-23.4336322346"
"43","2017-02-07","0.0","3.5","0.61","-288.0","-46.8087292843","-23.4336322346"
"43","2017-02-08","0.0","0.0","0.0","-287.0","-46.8087292843","-23.4336322346"
"43","2017-02-09","0.0","0.0","0.0","0.0","-46.8087292843","-23.4336322346"
"43","2017-02-10","0.0","0.0","0.0","0.0","-46.8087292843","-23.4336322346"
"43","2017-02-11","0.0","0.0","0.0","0.0","-46.8087292843","-23.4336322346"
"43","2017-02-12","0.0","0.0","0.0","0.0","-46.8087292843","-23.4336322346"
"43","2017-02-13","0.0","0.0","0.0","0.0","-46.8087292843","-23.4336322346"
"43","2017-02-14","0.0","0.0","0.0","0.0","-46.8087292843","-23.4336322346"
"43","2017-02-15","0.0","0.0","0.0","0.0","-46.8087292843","-23.4336322346"
"43","2017-02-16","","","","-1.0","-46.8087292843","-23.4336322346"
"43","2017-02-17","0.0","0.62","0.04","-288.0","-46.8087292843","-23.4336322346"
"43","2017-02-18","0.0","0.0","0.0","-287.0","-46.8087292843","-23.4336322346"
"43","2017-02-19","0.0","0.0","0.0","0.0","-46.8087292843","-23.4336322346"
"43","2017-02-20","0.0","0.0","0.0","0.0","-46.8087292843","-23.4336322346"
"43","2017-02-21","","","","-1.0","-46.8087292843","-23.4336322346"
"43","2017-02-22","0.59","8.62","3.06","-288.0","-46.8087292843","-23.4336322346"
"43","2017-02-23","0.0","0.0","0.0","-288.0","-46.8087292843","-23.4336322346"
"43","2017-02-24","7.69","75.27","28.05","-288.0","-46.8087292843","-23.4336322346"
"43","2017-02-25","0.9","15.45","5.86","-288.0","-46.8087292843","-23.4336322346"
"43","2017-02-26","4.65","56.78","23.54","-288.0","-46.8087292843","-23.4336322346"
"43","2017-02-27","0.0","0.02","0.0","-288.0","-46.8087292843","-23.4336322346"
"43","2017-02-28","0.0","0.08","0.0","-288.0","-46.8087292843","-23.4336322346"
"43","2017-03-01","0.0","1.48","0.38","-288.0","-46.8087292843","-23.4336322346"
"43","2017-03-02","0.35","5.85","1.93","-288.0","-46.8087292843","-23.4336322346"
"43","2017-03-03","5.03","64.03","20.79","-288.0","-46.8087292843","-23.4336322346"
"43","2017-03-04","2.35","25.06","9.14","-288.0","-46.8087292843","-23.4336322346"
"43","2017-03-05","0.93","48.84","16.69","-288.0","-46.8087292843","-23.4336322346"
"43","2017-03-06","4.1","45.22","18.56","-288.0","-46.8087292843","-23.4336322346"
"43","2017-03-07","2.64","33.63","11.56","-288.0","-46.8087292843","-23.4336322346"
"43","2017-03-08","0.0","0.01","0.0","-288.0","-46.8087292843","-23.4336322346"
"43","2017-03-09","0.0","0.0","0.0","-288.0","-46.8087292843","-23.4336322346"
"43","2017-03-10","1.43","27.19","10.06","-288.0","-46.8087292843","-23.4336322346"
"43","2017-03-11","3.31","47.74","21.8","-288.0","-46.8087292843","-23.4336322346"
"43","2017-03-12","0.0","0.02","0.0","-288.0","-46.8087292843","-23.4336322346"
"43","2017-03-13","0.0","0.34","0.06","-288.0","-46.8087292843","-23.4336322346"
"43","2017-03-14","0.44","10.04","2.16","-288.0","-46.8087292843","-23.4336322346"
"43","2017-03-15","0.74","14.05","3.7","-288.0","-46.8087292843","-23.4336322346"
"43","2017-03-16","0.0","0.07","0.01","-288.0","-46.8087292843","-23.4336322346"
"43","2017-03-17","3.87","33.01","15.4","-288.0","-46.8087292843","-23.4336322346"
"43","2017-03-18","0.43","3.18","1.42","-288.0","-46.8087292843","-23.4336322346"
"43","2017-03-19","0.84","3.19","1.83","-288.0","-46.8087292843","-23.4336322346"
"43","2017-03-20","0.0","0.0","0.0","-287.0","-46.8087292843","-23.4336322346"
"43","2017-03-21","0.0","0.0","0.0","0.0","-46.8087292843","-23.4336322346"
"43","2017-03-22","0.0","0.0","0.0","0.0","-46.8087292843","-23.4336322346"
"43","2017-03-23","","","","-1.0","-46.8087292843","-23.4336322346"
"43","2017-03-24","0.0","14.83","0.89","-288.0","-46.8087292843","-23.4336322346"
"43","2017-03-25","1.36","15.24","5.58","-287.0","-46.8087292843","-23.4336322346"
"43","2017-03-26","","","","-1.0","-46.8087292843","-23.4336322346"
"43","2017-03-27","0.24","3.75","1.61","-288.0","-46.8087292843","-23.4336322346"
"43","2017-03-28","0.01","0.37","0.04","-288.0","-46.8087292843","-23.4336322346"
"43","2017-03-29","0.0","0.01","0.0","-287.0","-46.8087292843","-23.4336322346"
"43","2017-03-30","0.0","0.0","0.0","0.0","-46.8087292843","-23.4336322346"
"43","2017-03-31","0.0","0.0","0.0","0.0","-46.8087292843","-23.4336322346"
"43","2017-04-01","0.0","0.0","0.0","0.0","-46.8087292843","-23.4336322346"
"43","2017-04-02","0.0","0.0","0.0","0.0","-46.8087292843","-23.4336322346"
"43","2017-04-03","0.0","0.0","0.0","0.0","-46.8087292843","-23.4336322346"
"43","2017-04-04","","","","-1.0","-46.8087292843","-23.4336322346"
"43","2017-04-05","0.0","0.0","0.0","-288.0","-46.8087292843","-23.4336322346"
"43","2017-04-06","7.49","38.75","18.93","-288.0","-46.8087292843","-23.4336322346"
"43","2017-04-07","12.04","130.5","47.86","-288.0","-46.8087292843","-23.4336322346"
"43","2017-04-08","0.0","0.0","0.0","-287.0","-46.8087292843","-23.4336322346"
"43","2017-04-09","","","","-1.0","-46.8087292843","-23.4336322346"
"43","2017-04-10","0.01","4.31","0.95","-288.0","-46.8087292843","-23.4336322346"
"43","2017-04-11","0.0","0.0","0.0","-288.0","-46.8087292843","-23.4336322346"
"43","2017-04-12","0.0","0.09","0.01","-287.0","-46.8087292843","-23.4336322346"
"43","2017-04-13","0.0","0.0","0.0","0.0","-46.8087292843","-23.4336322346"
"43","2017-04-14","0.0","0.0","0.0","0.0","-46.8087292843","-23.4336322346"
"43","2017-04-15","0.0","0.0","0.0","0.0","-46.8087292843","-23.4336322346"
"43","2017-04-16","","","","-1.0","-46.8087292843","-23.4336322346"
"43","2017-04-17","0.08","1.37","0.33","-287.0","-46.8087292843","-23.4336322346"
"43","2017-04-18","0.0","0.0","0.0","0.0","-46.8087292843","-23.4336322346"
"43","2017-04-19","0.0","0.0","0.0","0.0","-46.8087292843","-23.4336322346"
"43","2017-04-20","","","","-1.0","-46.8087292843","-23.4336322346"
"43","2017-04-21","3.87","28.06","13.0","-288.0","-46.8087292843","-23.4336322346"
"43","2017-04-22","1.48","6.46","3.45","-287.0","-46.8087292843","-23.4336322346"
"43","2017-04-23","0.0","0.0","0.0","0.0","-46.8087292843","-23.4336322346"
"43","2017-04-24","0.0","0.0","0.0","0.0","-46.8087292843","-23.4336322346"
"43","2017-04-25","","","","-1.0","-46.8087292843","-23.4336322346"
"43","2017-04-26","7.25","36.8","17.94","-288.0","-46.8087292843","-23.4336322346"
"43","2017-04-27","1.62","4.96","3.09","-287.0","-46.8087292843","-23.4336322346"
"43","2017-04-28","0.0","0.0","0.0","0.0","-46.8087292843","-23.4336322346"
"43","2017-04-29","0.0","0.0","0.0","0.0","-46.8087292843","-23.4336322346"
"43","2017-04-30","0.0","0.0","0.0","0.0","-46.8087292843","-23.4336322346"
"43","2017-05-01","","","","-1.0","-46.8087292843","-23.4336322346"
"43","2017-05-02","0.02","0.27","0.09","-287.0","-46.8087292843","-23.4336322346"
"43","2017-05-03","0.0","0.0","0.0","0.0","-46.8087292843","-23.4336322346"
"43","2017-05-04","","","","-1.0","-46.8087292843","-23.4336322346"
"43","2017-05-05","3.92","24.83","10.07","-288.0","-46.8087292843","-23.4336322346"
"43","2017-05-06","1.37","12.79","4.32","-288.0","-46.8087292843","-23.4336322346"
"43","2017-05-07","0.0","0.05","0.0","-287.0","-46.8087292843","-23.4336322346"
"43","2017-05-08","0.0","0.0","0.0","0.0","-46.8087292843","-23.4336322346"
"43","2017-05-09","0.0","0.0","0.0","0.0","-46.8087292843","-23.4336322346"
"43","2017-05-10","0.0","0.0","0.0","0.0","-46.8087292843","-23.4336322346"
"43","2017-05-11","0.0","0.0","0.0","0.0","-46.8087292843","-23.4336322346"
"43","2017-05-12","0.0","0.0","0.0","0.0","-46.8087292843","-23.4336322346"
"43","2017-05-13","","","","-1.0","-46.8087292843","-23.4336322346"
"43","2017-05-14","0.21","1.64","0.73","-287.0","-46.8087292843","-23.4336322346"
"43","2017-05-15","0.0","0.0","0.0","0.0","-46.8087292843","-23.4336322346"
"43","2017-05-16","0.0","0.0","0.0","0.0","-46.8087292843","-23.4336322346"
"43","2017-05-17","","","","-1.0","-46.8087292843","-23.4336322346"
"43","2017-05-18","2.89","15.01","7.45","-288.0","-46.8087292843","-23.4336322346"
"43","2017-05-19","20.96","107.47","52.95","-288.0","-46.8087292843","-23.4336322346"
"43","2017-05-20","0.85","3.59","1.97","-288.0","-46.8087292843","-23.4336322346"
"43","2017-05-21","15.65","67.87","34.68","-288.0","-46.8087292843","-23.4336322346"
"43","2017-05-22","4.95","26.41","11.73","-287.0","-46.8087292843","-23.4336322346"
"43","2017-05-23","0.0","0.0","0.0","0.0","-46.8087292843","-23.4336322346"
"43","2017-05-24","0.0","0.0","0.0","0.0","-46.8087292843","-23.4336322346"
"43","2017-05-25","0.0","0.0","0.0","0.0","-46.8087292843","-23.4336322346"
"43","2017-05-26","0.0","0.0","0.0","0.0","-46.8087292843","-23.4336322346"
"43","2017-05-27","0.0","0.0","0.0","0.0","-46.8087292843","-23.4336322346"
"43","2017-05-28","0.0","0.0","0.0","0.0","-46.8087292843","-23.4336322346"
"43","2017-05-29","0.0","0.0","0.0","0.0","-46.8087292843","-23.4336322346"
"43","2017-05-30","0.0","0.0","0.0","0.0","-46.8087292843","-23.4336322346"
"43","2017-05-31","0.0","0.0","0.0","0.0","-46.8087292843","-23.4336322346"
"43","2017-06-01","0.0","0.0","0.0","0.0","-46.8087292843","-23.4336322346"
"43","2017-06-02","0.0","0.0","0.0","0.0","-46.8087292843","-23.4336322346"
"43","2017-06-03","0.0","0.0","0.0","0.0","-46.8087292843","-23.4336322346"
"43","2017-06-04","","","","-1.0","-46.8087292843","-23.4336322346"
"43","2017-06-05","18.39","93.04","45.76","-288.0","-46.8087292843","-23.4336322346"
"43","2017-06-06","16.14","80.49","40.2","-288.0","-46.8087292843","-23.4336322346"
"43","2017-06-07","9.19","44.56","23.35","-287.0","-46.8087292843","-23.4336322346"
"43","2017-06-08","","","","-1.0","-46.8087292843","-23.4336322346"
"43","2017-06-09","0.15","2.54","0.81","-288.0","-46.8087292843","-23.4336322346"
"43","2017-06-10","0.0","0.0","0.0","-287.0","-46.8087292843","-23.4336322346"
"43","2017-06-11","","","","-1.0","-46.8087292843","-23.4336322346"
"43","2017-06-12","0.0","0.01","0.0","-288.0","-46.8087292843","-23.4336322346"
"43","2017-06-13","10.25","83.27","29.65","-288.0","-46.8087292843","-23.4336322346"
"43","2017-06-14","0.89","10.25","3.89","-287.0","-46.8087292843","-23.4336322346"
"44","2016-10-31","","","","-1.0","-46.7617584398","-23.442701435"
"44","2016-11-01","0.0","0.03","0.0","-288.0","-46.7617584398","-23.442701435"
"44","2016-11-02","0.0","3.65","0.43","-288.0","-46.7617584398","-23.442701435"
"44","2016-11-03","0.57","42.34","7.69","-288.0","-46.7617584398","-23.442701435"
"44","2016-11-04","0.01","3.96","0.28","-288.0","-46.7617584398","-23.442701435"
"44","2016-11-05","0.0","0.0","0.0","-288.0","-46.7617584398","-23.442701435"
"44","2016-11-06","0.44","64.95","11.0","-288.0","-46.7617584398","-23.442701435"
"44","2016-11-07","0.0","1.31","0.12","-288.0","-46.7617584398","-23.442701435"
"44","2016-11-08","0.0","0.22","0.0","-288.0","-46.7617584398","-23.442701435"
"44","2016-11-09","4.0","100.35","31.05","-288.0","-46.7617584398","-23.442701435"
"44","2016-11-10","1.37","35.0","6.79","-288.0","-46.7617584398","-23.442701435"
"44","2016-11-11","0.01","12.47","1.91","-288.0","-46.7617584398","-23.442701435"
"44","2016-11-12","1.67","34.48","12.12","-288.0","-46.7617584398","-23.442701435"
"44","2016-11-13","8.15","69.36","26.37","-288.0","-46.7617584398","-23.442701435"
"44","2016-11-14","7.78","45.59","19.67","-287.0","-46.7617584398","-23.442701435"
"44","2016-11-15","","","","-1.0","-46.7617584398","-23.442701435"
"44","2016-11-16","0.01","18.62","3.0","-288.0","-46.7617584398","-23.442701435"
"44","2016-11-17","0.21","31.79","5.26","-288.0","-46.7617584398","-23.442701435"
"44","2016-11-18","0.0","5.12","0.55","-287.0","-46.7617584398","-23.442701435"
"44","2016-11-19","0.0","0.0","0.0","0.0","-46.7617584398","-23.442701435"
"44","2016-11-20","0.0","0.0","0.0","0.0","-46.7617584398","-23.442701435"
"44","2016-11-21","0.0","0.0","0.0","0.0","-46.7617584398","-23.442701435"
"44","2016-11-22","","","","-1.0","-46.7617584398","-23.442701435"
"44","2016-11-23","2.2","47.57","11.43","-288.0","-46.7617584398","-23.442701435"
"44","2016-11-24","0.0","0.05","0.0","-287.0","-46.7617584398","-23.442701435"
"44","2016-11-25","0.0","0.0","0.0","0.0","-46.7617584398","-23.442701435"
"44","2016-11-26","","","","-1.0","-46.7617584398","-23.442701435"
"44","2016-11-27","0.2","26.02","2.89","-288.0","-46.7617584398","-23.442701435"
"44","2016-11-28","0.0","5.57","0.37","-288.0","-46.7617584398","-23.442701435"
"44","2016-11-29","1.69","63.41","12.56","-288.0","-46.7617584398","-23.442701435"
"44","2016-11-30","0.0","0.0","0.0","-287.0","-46.7617584398","-23.442701435"
"44","2016-12-01","0.0","0.0","0.0","0.0","-46.7617584398","-23.442701435"
"44","2016-12-02","","","","-1.0","-46.7617584398","-23.442701435"
"44","2016-12-03","2.93","59.52","18.13","-288.0","-46.7617584398","-23.442701435"
"44","2016-12-04","2.2","31.64","8.79","-288.0","-46.7617584398","-23.442701435"
"44","2016-12-05","0.0","9.21","1.03","-287.0","-46.7617584398","-23.442701435"
"44","2016-12-06","","","","-1.0","-46.7617584398","-23.442701435"
"44","2016-12-07","0.31","7.47","1.86","-288.0","-46.7617584398","-23.442701435"
"44","2016-12-08","0.0","0.33","0.02","-288.0","-46.7617584398","-23.442701435"
"44","2016-12-09","0.15","15.52","1.88","-288.0","-46.7617584398","-23.442701435"
"44","2016-12-10","0.69","33.66","6.74","-288.0","-46.7617584398","-23.442701435"
"44","2016-12-11","0.75","55.86","8.54","-288.0","-46.7617584398","-23.442701435"
"44","2016-12-12","0.65","80.03","17.38","-288.0","-46.7617584398","-23.442701435"
"44","2016-12-13","0.0","0.57","0.01","-288.0","-46.7617584398","-23.442701435"
"44","2016-12-14","0.0","0.79","0.01","-288.0","-46.7617584398","-23.442701435"
"44","2016-12-15","0.0","0.01","0.0","-287.0","-46.7617584398","-23.442701435"
"44","2016-12-16","0.0","0.0","0.0","0.0","-46.7617584398","-23.442701435"
"44","2016-12-17","","","","-1.0","-46.7617584398","-23.442701435"
"44","2016-12-18","0.8","90.97","12.36","-288.0","-46.7617584398","-23.442701435"
"44","2016-12-19","0.74","52.26","9.11","-288.0","-46.7617584398","-23.442701435"
"44","2016-12-20","0.65","26.24","4.9","-288.0","-46.7617584398","-23.442701435"
"44","2016-12-21","0.05","56.45","8.82","-288.0","-46.7617584398","-23.442701435"
"44","2016-12-22","0.0","0.01","0.0","-288.0","-46.7617584398","-23.442701435"
"44","2016-12-23","0.42","29.35","5.6","-288.0","-46.7617584398","-23.442701435"
"44","2016-12-24","1.54","38.41","9.63","-288.0","-46.7617584398","-23.442701435"
"44","2016-12-25","0.0","24.69","4.11","-288.0","-46.7617584398","-23.442701435"
"44","2016-12-26","0.0","0.03","0.0","-288.0","-46.7617584398","-23.442701435"
"44","2016-12-27","0.0","3.23","0.05","-288.0","-46.7617584398","-23.442701435"
"44","2016-12-28","0.75","68.23","15.63","-288.0","-46.7617584398","-23.442701435"
"44","2016-12-29","0.03","29.42","3.73","-288.0","-46.7617584398","-23.442701435"
"44","2016-12-30","0.0","1.55","0.1","-288.0","-46.7617584398","-23.442701435"
"44","2016-12-31","0.0","13.45","1.13","-287.0","-46.7617584398","-23.442701435"
"44","2017-01-01","","","","-1.0","-46.7617584398","-23.442701435"
"44","2017-01-02","2.32","33.73","8.97","-288.0","-46.7617584398","-23.442701435"
"44","2017-01-03","1.96","43.09","9.4","-288.0","-46.7617584398","-23.442701435"
"44","2017-01-04","0.0","0.8","0.14","-288.0","-46.7617584398","-23.442701435"
"44","2017-01-05","0.0","1.94","0.15","-288.0","-46.7617584398","-23.442701435"
"44","2017-01-06","0.11","15.51","2.73","-288.0","-46.7617584398","-23.442701435"
"44","2017-01-07","0.55","131.12","29.64","-288.0","-46.7617584398","-23.442701435"
"44","2017-01-08","0.0","0.44","0.0","-288.0","-46.7617584398","-23.442701435"
"44","2017-01-09","1.3","76.0","9.17","-288.0","-46.7617584398","-23.442701435"
"44","2017-01-10","2.85","29.71","10.5","-288.0","-46.7617584398","-23.442701435"
"44","2017-01-11","0.22","65.68","10.77","-288.0","-46.7617584398","-23.442701435"
"44","2017-01-12","0.0","51.51","6.61","-288.0","-46.7617584398","-23.442701435"
"44","2017-01-13","0.17","6.99","1.3","-288.0","-46.7617584398","-23.442701435"
"44","2017-01-14","0.04","72.55","10.51","-288.0","-46.7617584398","-23.442701435"
"44","2017-01-15","0.82","109.13","21.65","-288.0","-46.7617584398","-23.442701435"
"44","2017-01-16","2.57","116.72","20.63","-288.0","-46.7617584398","-23.442701435"
"44","2017-01-17","8.55","86.66","30.9","-288.0","-46.7617584398","-23.442701435"
"44","2017-01-18","5.46","155.29","34.43","-288.0","-46.7617584398","-23.442701435"
"44","2017-01-19","3.34","54.83","16.95","-288.0","-46.7617584398","-23.442701435"
"44","2017-01-20","5.06","73.82","20.89","-288.0","-46.7617584398","-23.442701435"
"44","2017-01-21","4.98","202.67","41.66","-288.0","-46.7617584398","-23.442701435"
"44","2017-01-22","2.86","37.65","12.38","-288.0","-46.7617584398","-23.442701435"
"44","2017-01-23","0.22","9.11","1.6","-288.0","-46.7617584398","-23.442701435"
"44","2017-01-24","0.18","59.87","15.23","-288.0","-46.7617584398","-23.442701435"
"44","2017-01-25","0.01","17.85","2.82","-288.0","-46.7617584398","-23.442701435"
"44","2017-01-26","5.94","68.77","23.82","-288.0","-46.7617584398","-23.442701435"
"44","2017-01-27","1.13","61.98","12.47","-288.0","-46.7617584398","-23.442701435"
"44","2017-01-28","0.0","2.63","0.17","-288.0","-46.7617584398","-23.442701435"
"44","2017-01-29","0.0","2.18","0.07","-288.0","-46.7617584398","-23.442701435"
"44","2017-01-30","1.56","100.86","23.43","-288.0","-46.7617584398","-23.442701435"
"44","2017-01-31","1.26","21.83","5.2","-288.0","-46.7617584398","-23.442701435"
"44","2017-02-01","4.41","157.36","36.43","-288.0","-46.7617584398","-23.442701435"
"44","2017-02-02","1.48","39.32","9.79","-288.0","-46.7617584398","-23.442701435"
"44","2017-02-03","1.0","42.51","10.4","-288.0","-46.7617584398","-23.442701435"
"44","2017-02-04","0.82","87.91","17.85","-288.0","-46.7617584398","-23.442701435"
"44","2017-02-05","0.0","0.38","0.0","-288.0","-46.7617584398","-23.442701435"
"44","2017-02-06","1.82","67.08","16.82","-288.0","-46.7617584398","-23.442701435"
"44","2017-02-07","0.0","17.83","2.81","-288.0","-46.7617584398","-23.442701435"
"44","2017-02-08","0.0","0.0","0.0","-287.0","-46.7617584398","-23.442701435"
"44","2017-02-09","0.0","0.0","0.0","0.0","-46.7617584398","-23.442701435"
"44","2017-02-10","0.0","0.0","0.0","0.0","-46.7617584398","-23.442701435"
"44","2017-02-11","0.0","0.0","0.0","0.0","-46.7617584398","-23.442701435"
"44","2017-02-12","0.0","0.0","0.0","0.0","-46.7617584398","-23.442701435"
"44","2017-02-13","0.0","0.0","0.0","0.0","-46.7617584398","-23.442701435"
"44","2017-02-14","0.0","0.0","0.0","0.0","-46.7617584398","-23.442701435"
"44","2017-02-15","0.0","0.0","0.0","0.0","-46.7617584398","-23.442701435"
"44","2017-02-16","","","","-1.0","-46.7617584398","-23.442701435"
"44","2017-02-17","0.0","0.79","0.01","-288.0","-46.7617584398","-23.442701435"
"44","2017-02-18","0.0","0.0","0.0","-287.0","-46.7617584398","-23.442701435"
"44","2017-02-19","0.0","0.0","0.0","0.0","-46.7617584398","-23.442701435"
"44","2017-02-20","0.0","0.0","0.0","0.0","-46.7617584398","-23.442701435"
"44","2017-02-21","","","","-1.0","-46.7617584398","-23.442701435"
"44","2017-02-22","0.27","28.22","3.77","-288.0","-46.7617584398","-23.442701435"
"44","2017-02-23","0.0","0.17","0.0","-288.0","-46.7617584398","-23.442701435"
"44","2017-02-24","3.88","142.91","32.03","-288.0","-46.7617584398","-23.442701435"
"44","2017-02-25","0.1","29.64","4.93","-288.0","-46.7617584398","-23.442701435"
"44","2017-02-26","0.69","106.54","30.81","-288.0","-46.7617584398","-23.442701435"
"44","2017-02-27","0.0","0.21","0.0","-288.0","-46.7617584398","-23.442701435"
"44","2017-02-28","0.0","0.49","0.02","-288.0","-46.7617584398","-23.442701435"
"44","2017-03-01","0.0","9.16","0.75","-288.0","-46.7617584398","-23.442701435"
"44","2017-03-02","0.03","19.65","2.13","-288.0","-46.7617584398","-23.442701435"
"44","2017-03-03","2.49","123.55","23.97","-288.0","-46.7617584398","-23.442701435"
"44","2017-03-04","1.13","38.67","7.57","-288.0","-46.7617584398","-23.442701435"
"44","2017-03-05","0.09","93.42","10.66","-288.0","-46.7617584398","-23.442701435"
"44","2017-03-06","1.68","85.91","17.76","-288.0","-46.7617584398","-23.442701435"
"44","2017-03-07","0.76","98.45","12.43","-288.0","-46.7617584398","-23.442701435"
"44","2017-03-08","0.0","0.97","0.08","-288.0","-46.7617584398","-23.442701435"
"44","2017-03-09","0.0","0.0","0.0","-288.0","-46.7617584398","-23.442701435"
"44","2017-03-10","1.35","53.4","15.84","-288.0","-46.7617584398","-23.442701435"
"44","2017-03-11","0.7","77.04","21.94","-288.0","-46.7617584398","-23.442701435"
"44","2017-03-12","0.0","0.2","0.0","-288.0","-46.7617584398","-23.442701435"
"44","2017-03-13","0.0","3.39","0.03","-288.0","-46.7617584398","-23.442701435"
"44","2017-03-14","0.01","11.69","1.54","-288.0","-46.7617584398","-23.442701435"
"44","2017-03-15","0.36","69.86","7.27","-288.0","-46.7617584398","-23.442701435"
"44","2017-03-16","0.0","0.11","0.0","-288.0","-46.7617584398","-23.442701435"
"44","2017-03-17","0.28","38.86","6.76","-288.0","-46.7617584398","-23.442701435"
"44","2017-03-18","0.04","4.93","1.03","-288.0","-46.7617584398","-23.442701435"
"44","2017-03-19","0.43","9.82","1.87","-288.0","-46.7617584398","-23.442701435"
"44","2017-03-20","0.0","0.01","0.0","-287.0","-46.7617584398","-23.442701435"
"44","2017-03-21","0.0","0.0","0.0","0.0","-46.7617584398","-23.442701435"
"44","2017-03-22","0.0","0.0","0.0","0.0","-46.7617584398","-23.442701435"
"44","2017-03-23","","","","-1.0","-46.7617584398","-23.442701435"
"44","2017-03-24","0.03","82.63","15.46","-288.0","-46.7617584398","-23.442701435"
"44","2017-03-25","0.46","44.26","7.26","-287.0","-46.7617584398","-23.442701435"
"44","2017-03-26","","","","-1.0","-46.7617584398","-23.442701435"
"44","2017-03-27","0.03","7.42","1.37","-288.0","-46.7617584398","-23.442701435"
"44","2017-03-28","0.0","1.17","0.02","-288.0","-46.7617584398","-23.442701435"
"44","2017-03-29","0.0","0.03","0.0","-287.0","-46.7617584398","-23.442701435"
"44","2017-03-30","0.0","0.0","0.0","0.0","-46.7617584398","-23.442701435"
"44","2017-03-31","0.0","0.0","0.0","0.0","-46.7617584398","-23.442701435"
"44","2017-04-01","0.0","0.0","0.0","0.0","-46.7617584398","-23.442701435"
"44","2017-04-02","0.0","0.0","0.0","0.0","-46.7617584398","-23.442701435"
"44","2017-04-03","0.0","0.0","0.0","0.0","-46.7617584398","-23.442701435"
"44","2017-04-04","","","","-1.0","-46.7617584398","-23.442701435"
"44","2017-04-05","0.0","0.0","0.0","-288.0","-46.7617584398","-23.442701435"
"44","2017-04-06","3.78","53.01","15.63","-288.0","-46.7617584398","-23.442701435"
"44","2017-04-07","7.25","215.4","54.55","-288.0","-46.7617584398","-23.442701435"
"44","2017-04-08","0.0","0.0","0.0","-287.0","-46.7617584398","-23.442701435"
"44","2017-04-09","","","","-1.0","-46.7617584398","-23.442701435"
"44","2017-04-10","0.18","65.35","11.64","-288.0","-46.7617584398","-23.442701435"
"44","2017-04-11","0.0","0.16","0.0","-288.0","-46.7617584398","-23.442701435"
"44","2017-04-12","0.0","0.3","0.0","-287.0","-46.7617584398","-23.442701435"
"44","2017-04-13","0.0","0.0","0.0","0.0","-46.7617584398","-23.442701435"
"44","2017-04-14","0.0","0.0","0.0","0.0","-46.7617584398","-23.442701435"
"44","2017-04-15","0.0","0.0","0.0","0.0","-46.7617584398","-23.442701435"
"44","2017-04-16","","","","-1.0","-46.7617584398","-23.442701435"
"44","2017-04-17","0.02","6.92","0.7","-287.0","-46.7617584398","-23.442701435"
"44","2017-04-18","0.0","0.0","0.0","0.0","-46.7617584398","-23.442701435"
"44","2017-04-19","0.0","0.0","0.0","0.0","-46.7617584398","-23.442701435"
"44","2017-04-20","","","","-1.0","-46.7617584398","-23.442701435"
"44","2017-04-21","1.16","69.95","17.09","-288.0","-46.7617584398","-23.442701435"
"44","2017-04-22","0.93","9.25","3.05","-287.0","-46.7617584398","-23.442701435"
"44","2017-04-23","0.0","0.0","0.0","0.0","-46.7617584398","-23.442701435"
"44","2017-04-24","0.0","0.0","0.0","0.0","-46.7617584398","-23.442701435"
"44","2017-04-25","","","","-1.0","-46.7617584398","-23.442701435"
"44","2017-04-26","4.04","55.05","16.49","-288.0","-46.7617584398","-23.442701435"
"44","2017-04-27","0.89","7.66","3.01","-287.0","-46.7617584398","-23.442701435"
"44","2017-04-28","0.0","0.0","0.0","0.0","-46.7617584398","-23.442701435"
"44","2017-04-29","0.0","0.0","0.0","0.0","-46.7617584398","-23.442701435"
"44","2017-04-30","0.0","0.0","0.0","0.0","-46.7617584398","-23.442701435"
"44","2017-05-01","","","","-1.0","-46.7617584398","-23.442701435"
"44","2017-05-02","0.0","4.92","0.05","-287.0","-46.7617584398","-23.442701435"
"44","2017-05-03","0.0","0.0","0.0","0.0","-46.7617584398","-23.442701435"
"44","2017-05-04","","","","-1.0","-46.7617584398","-23.442701435"
"44","2017-05-05","1.81","38.26","11.45","-288.0","-46.7617584398","-23.442701435"
"44","2017-05-06","0.85","16.56","4.14","-288.0","-46.7617584398","-23.442701435"
"44","2017-05-07","0.0","0.35","0.0","-287.0","-46.7617584398","-23.442701435"
"44","2017-05-08","0.0","0.0","0.0","0.0","-46.7617584398","-23.442701435"
"44","2017-05-09","0.0","0.0","0.0","0.0","-46.7617584398","-23.442701435"
"44","2017-05-10","0.0","0.0","0.0","0.0","-46.7617584398","-23.442701435"
"44","2017-05-11","0.0","0.0","0.0","0.0","-46.7617584398","-23.442701435"
"44","2017-05-12","0.0","0.0","0.0","0.0","-46.7617584398","-23.442701435"
"44","2017-05-13","","","","-1.0","-46.7617584398","-23.442701435"
"44","2017-05-14","0.06","1.93","0.51","-287.0","-46.7617584398","-23.442701435"
"44","2017-05-15","0.0","0.0","0.0","0.0","-46.7617584398","-23.442701435"
"44","2017-05-16","0.0","0.0","0.0","0.0","-46.7617584398","-23.442701435"
"44","2017-05-17","","","","-1.0","-46.7617584398","-23.442701435"
"44","2017-05-18","1.45","21.62","6.6","-288.0","-46.7617584398","-23.442701435"
"44","2017-05-19","12.05","170.85","52.36","-288.0","-46.7617584398","-23.442701435"
"44","2017-05-20","0.57","4.58","1.74","-288.0","-46.7617584398","-23.442701435"
"44","2017-05-21","9.82","110.85","35.01","-288.0","-46.7617584398","-23.442701435"
"44","2017-05-22","2.77","42.89","12.81","-287.0","-46.7617584398","-23.442701435"
"44","2017-05-23","0.0","0.0","0.0","0.0","-46.7617584398","-23.442701435"
"44","2017-05-24","0.0","0.0","0.0","0.0","-46.7617584398","-23.442701435"
"44","2017-05-25","0.0","0.0","0.0","0.0","-46.7617584398","-23.442701435"
"44","2017-05-26","0.0","0.0","0.0","0.0","-46.7617584398","-23.442701435"
"44","2017-05-27","0.0","0.0","0.0","0.0","-46.7617584398","-23.442701435"
"44","2017-05-28","0.0","0.0","0.0","0.0","-46.7617584398","-23.442701435"
"44","2017-05-29","0.0","0.0","0.0","0.0","-46.7617584398","-23.442701435"
"44","2017-05-30","0.0","0.0","0.0","0.0","-46.7617584398","-23.442701435"
"44","2017-05-31","0.0","0.0","0.0","0.0","-46.7617584398","-23.442701435"
"44","2017-06-01","0.0","0.0","0.0","0.0","-46.7617584398","-23.442701435"
"44","2017-06-02","0.0","0.0","0.0","0.0","-46.7617584398","-23.442701435"
"44","2017-06-03","0.0","0.0","0.0","0.0","-46.7617584398","-23.442701435"
"44","2017-06-04","","","","-1.0","-46.7617584398","-23.442701435"
"44","2017-06-05","11.57","127.15","44.85","-288.0","-46.7617584398","-23.442701435"
"44","2017-06-06","11.05","126.06","38.79","-288.0","-46.7617584398","-23.442701435"
"44","2017-06-07","3.9","72.0","23.38","-287.0","-46.7617584398","-23.442701435"
"44","2017-06-08","","","","-1.0","-46.7617584398","-23.442701435"
"44","2017-06-09","0.01","5.34","0.64","-288.0","-46.7617584398","-23.442701435"
"44","2017-06-10","0.0","0.0","0.0","-287.0","-46.7617584398","-23.442701435"
"44","2017-06-11","","","","-1.0","-46.7617584398","-23.442701435"
"44","2017-06-12","0.0","0.19","0.0","-288.0","-46.7617584398","-23.442701435"
"44","2017-06-13","5.83","102.97","27.77","-288.0","-46.7617584398","-23.442701435"
"44","2017-06-14","0.44","10.29","2.71","-287.0","-46.7617584398","-23.442701435"
"45","2016-10-31","","","","-1.0","-46.6889254134","-23.448111853"
"45","2016-11-01","0.0","0.01","0.0","-288.0","-46.6889254134","-23.448111853"
"45","2016-11-02","0.0","3.68","0.25","-288.0","-46.6889254134","-23.448111853"
"45","2016-11-03","0.91","66.93","11.8","-288.0","-46.6889254134","-23.448111853"
"45","2016-11-04","0.0","2.41","0.36","-288.0","-46.6889254134","-23.448111853"
"45","2016-11-05","0.0","0.0","0.0","-288.0","-46.6889254134","-23.448111853"
"45","2016-11-06","1.45","99.54","27.28","-288.0","-46.6889254134","-23.448111853"
"45","2016-11-07","0.0","4.22","0.24","-288.0","-46.6889254134","-23.448111853"
"45","2016-11-08","0.0","0.65","0.0","-288.0","-46.6889254134","-23.448111853"
"45","2016-11-09","6.17","121.74","43.0","-288.0","-46.6889254134","-23.448111853"
"45","2016-11-10","1.27","37.97","7.04","-288.0","-46.6889254134","-23.448111853"
"45","2016-11-11","0.0","0.7","0.01","-288.0","-46.6889254134","-23.448111853"
"45","2016-11-12","0.8","36.19","8.82","-288.0","-46.6889254134","-23.448111853"
"45","2016-11-13","5.79","64.44","22.72","-288.0","-46.6889254134","-23.448111853"
"45","2016-11-14","7.79","50.03","21.13","-287.0","-46.6889254134","-23.448111853"
"45","2016-11-15","","","","-1.0","-46.6889254134","-23.448111853"
"45","2016-11-16","0.28","29.0","6.79","-288.0","-46.6889254134","-23.448111853"
"45","2016-11-17","0.18","26.31","4.01","-288.0","-46.6889254134","-23.448111853"
"45","2016-11-18","0.0","2.65","0.29","-287.0","-46.6889254134","-23.448111853"
"45","2016-11-19","0.0","0.0","0.0","0.0","-46.6889254134","-23.448111853"
"45","2016-11-20","0.0","0.0","0.0","0.0","-46.6889254134","-23.448111853"
"45","2016-11-21","0.0","0.0","0.0","0.0","-46.6889254134","-23.448111853"
"45","2016-11-22","","","","-1.0","-46.6889254134","-23.448111853"
"45","2016-11-23","2.66","40.66","10.27","-288.0","-46.6889254134","-23.448111853"
"45","2016-11-24","0.0","0.02","0.0","-287.0","-46.6889254134","-23.448111853"
"45","2016-11-25","0.0","0.0","0.0","0.0","-46.6889254134","-23.448111853"
"45","2016-11-26","","","","-1.0","-46.6889254134","-23.448111853"
"45","2016-11-27","0.21","19.9","1.7","-288.0","-46.6889254134","-23.448111853"
"45","2016-11-28","0.0","2.79","0.25","-288.0","-46.6889254134","-23.448111853"
"45","2016-11-29","1.59","40.49","8.89","-288.0","-46.6889254134","-23.448111853"
"45","2016-11-30","0.0","0.24","0.0","-287.0","-46.6889254134","-23.448111853"
"45","2016-12-01","0.0","0.0","0.0","0.0","-46.6889254134","-23.448111853"
"45","2016-12-02","","","","-1.0","-46.6889254134","-23.448111853"
"45","2016-12-03","6.4","50.87","19.81","-288.0","-46.6889254134","-23.448111853"
"45","2016-12-04","1.4","27.27","6.98","-288.0","-46.6889254134","-23.448111853"
"45","2016-12-05","0.01","10.34","1.19","-287.0","-46.6889254134","-23.448111853"
"45","2016-12-06","","","","-1.0","-46.6889254134","-23.448111853"
"45","2016-12-07","0.16","5.25","1.07","-288.0","-46.6889254134","-23.448111853"
"45","2016-12-08","0.0","0.31","0.01","-288.0","-46.6889254134","-23.448111853"
"45","2016-12-09","0.19","6.0","1.44","-288.0","-46.6889254134","-23.448111853"
"45","2016-12-10","0.8","36.67","9.04","-288.0","-46.6889254134","-23.448111853"
"45","2016-12-11","0.82","38.91","6.38","-288.0","-46.6889254134","-23.448111853"
"45","2016-12-12","2.14","84.11","20.56","-288.0","-46.6889254134","-23.448111853"
"45","2016-12-13","0.0","0.31","0.0","-288.0","-46.6889254134","-23.448111853"
"45","2016-12-14","0.0","1.86","0.01","-288.0","-46.6889254134","-23.448111853"
"45","2016-12-15","0.0","3.1","0.03","-287.0","-46.6889254134","-23.448111853"
"45","2016-12-16","0.0","0.0","0.0","0.0","-46.6889254134","-23.448111853"
"45","2016-12-17","","","","-1.0","-46.6889254134","-23.448111853"
"45","2016-12-18","0.41","83.46","6.99","-288.0","-46.6889254134","-23.448111853"
"45","2016-12-19","0.34","24.8","3.98","-288.0","-46.6889254134","-23.448111853"
"45","2016-12-20","0.58","54.32","6.83","-288.0","-46.6889254134","-23.448111853"
"45","2016-12-21","0.91","67.48","17.28","-288.0","-46.6889254134","-23.448111853"
"45","2016-12-22","0.0","0.12","0.0","-288.0","-46.6889254134","-23.448111853"
"45","2016-12-23","0.24","22.1","4.03","-288.0","-46.6889254134","-23.448111853"
"45","2016-12-24","2.08","56.27","12.75","-288.0","-46.6889254134","-23.448111853"
"45","2016-12-25","0.0","30.59","1.43","-288.0","-46.6889254134","-23.448111853"
"45","2016-12-26","0.0","0.01","0.0","-288.0","-46.6889254134","-23.448111853"
"45","2016-12-27","0.0","0.37","0.0","-288.0","-46.6889254134","-23.448111853"
"45","2016-12-28","0.8","77.07","26.29","-288.0","-46.6889254134","-23.448111853"
"45","2016-12-29","0.04","41.11","5.9","-288.0","-46.6889254134","-23.448111853"
"45","2016-12-30","0.0","0.28","0.0","-288.0","-46.6889254134","-23.448111853"
"45","2016-12-31","0.0","3.25","0.17","-287.0","-46.6889254134","-23.448111853"
"45","2017-01-01","","","","-1.0","-46.6889254134","-23.448111853"
"45","2017-01-02","2.06","28.72","8.4","-288.0","-46.6889254134","-23.448111853"
"45","2017-01-03","2.49","76.22","16.26","-288.0","-46.6889254134","-23.448111853"
"45","2017-01-04","0.0","1.23","0.21","-288.0","-46.6889254134","-23.448111853"
"45","2017-01-05","0.0","1.53","0.06","-288.0","-46.6889254134","-23.448111853"
"45","2017-01-06","0.23","12.11","1.99","-288.0","-46.6889254134","-23.448111853"
"45","2017-01-07","1.76","109.31","33.03","-288.0","-46.6889254134","-23.448111853"
"45","2017-01-08","0.0","32.82","1.63","-288.0","-46.6889254134","-23.448111853"
"45","2017-01-09","1.01","112.09","31.18","-288.0","-46.6889254134","-23.448111853"
"45","2017-01-10","3.11","27.98","9.53","-288.0","-46.6889254134","-23.448111853"
"45","2017-01-11","0.62","35.14","3.9","-288.0","-46.6889254134","-23.448111853"
"45","2017-01-12","0.25","88.09","15.07","-288.0","-46.6889254134","-23.448111853"
"45","2017-01-13","0.18","9.42","2.11","-288.0","-46.6889254134","-23.448111853"
"45","2017-01-14","1.59","94.75","28.34","-288.0","-46.6889254134","-23.448111853"
"45","2017-01-15","0.11","33.05","7.95","-288.0","-46.6889254134","-23.448111853"
"45","2017-01-16","2.77","139.42","30.95","-288.0","-46.6889254134","-23.448111853"
"45","2017-01-17","7.85","96.99","29.38","-288.0","-46.6889254134","-23.448111853"
"45","2017-01-18","6.59","158.93","35.99","-288.0","-46.6889254134","-23.448111853"
"45","2017-01-19","2.92","51.77","15.77","-288.0","-46.6889254134","-23.448111853"
"45","2017-01-20","5.16","92.39","23.33","-288.0","-46.6889254134","-23.448111853"
"45","2017-01-21","5.87","205.05","45.12","-288.0","-46.6889254134","-23.448111853"
"45","2017-01-22","2.69","42.54","13.39","-288.0","-46.6889254134","-23.448111853"
"45","2017-01-23","0.11","19.59","2.32","-288.0","-46.6889254134","-23.448111853"
"45","2017-01-24","0.17","50.42","10.4","-288.0","-46.6889254134","-23.448111853"
"45","2017-01-25","0.19","23.24","3.46","-288.0","-46.6889254134","-23.448111853"
"45","2017-01-26","4.32","45.12","15.21","-288.0","-46.6889254134","-23.448111853"
"45","2017-01-27","1.18","73.85","17.42","-288.0","-46.6889254134","-23.448111853"
"45","2017-01-28","0.0","0.74","0.01","-288.0","-46.6889254134","-23.448111853"
"45","2017-01-29","0.0","1.35","0.01","-288.0","-46.6889254134","-23.448111853"
"45","2017-01-30","2.33","77.47","14.3","-288.0","-46.6889254134","-23.448111853"
"45","2017-01-31","0.82","33.42","4.68","-288.0","-46.6889254134","-23.448111853"
"45","2017-02-01","4.92","133.09","36.07","-288.0","-46.6889254134","-23.448111853"
"45","2017-02-02","1.27","26.11","5.53","-288.0","-46.6889254134","-23.448111853"
"45","2017-02-03","0.54","39.39","7.8","-288.0","-46.6889254134","-23.448111853"
"45","2017-02-04","1.24","77.11","16.59","-288.0","-46.6889254134","-23.448111853"
"45","2017-02-05","0.0","0.21","0.0","-288.0","-46.6889254134","-23.448111853"
"45","2017-02-06","1.77","72.44","10.91","-288.0","-46.6889254134","-23.448111853"
"45","2017-02-07","0.0","19.18","1.43","-288.0","-46.6889254134","-23.448111853"
"45","2017-02-08","0.0","0.01","0.0","-287.0","-46.6889254134","-23.448111853"
"45","2017-02-09","0.0","0.0","0.0","0.0","-46.6889254134","-23.448111853"
"45","2017-02-10","0.0","0.0","0.0","0.0","-46.6889254134","-23.448111853"
"45","2017-02-11","0.0","0.0","0.0","0.0","-46.6889254134","-23.448111853"
"45","2017-02-12","0.0","0.0","0.0","0.0","-46.6889254134","-23.448111853"
"45","2017-02-13","0.0","0.0","0.0","0.0","-46.6889254134","-23.448111853"
"45","2017-02-14","0.0","0.0","0.0","0.0","-46.6889254134","-23.448111853"
"45","2017-02-15","0.0","0.0","0.0","0.0","-46.6889254134","-23.448111853"
"45","2017-02-16","","","","-1.0","-46.6889254134","-23.448111853"
"45","2017-02-17","0.0","0.42","0.0","-288.0","-46.6889254134","-23.448111853"
"45","2017-02-18","0.0","0.0","0.0","-287.0","-46.6889254134","-23.448111853"
"45","2017-02-19","0.0","0.0","0.0","0.0","-46.6889254134","-23.448111853"
"45","2017-02-20","0.0","0.0","0.0","0.0","-46.6889254134","-23.448111853"
"45","2017-02-21","","","","-1.0","-46.6889254134","-23.448111853"
"45","2017-02-22","0.09","71.66","6.11","-288.0","-46.6889254134","-23.448111853"
"45","2017-02-23","0.0","1.58","0.01","-288.0","-46.6889254134","-23.448111853"
"45","2017-02-24","3.63","111.0","24.82","-288.0","-46.6889254134","-23.448111853"
"45","2017-02-25","0.17","21.14","3.77","-288.0","-46.6889254134","-23.448111853"
"45","2017-02-26","0.25","65.88","13.0","-288.0","-46.6889254134","-23.448111853"
"45","2017-02-27","0.0","7.7","0.24","-288.0","-46.6889254134","-23.448111853"
"45","2017-02-28","0.0","0.1","0.0","-288.0","-46.6889254134","-23.448111853"
"45","2017-03-01","0.0","1.85","0.11","-288.0","-46.6889254134","-23.448111853"
"45","2017-03-02","0.01","8.93","1.02","-288.0","-46.6889254134","-23.448111853"
"45","2017-03-03","3.06","88.02","22.92","-288.0","-46.6889254134","-23.448111853"
"45","2017-03-04","0.46","30.37","5.56","-288.0","-46.6889254134","-23.448111853"
"45","2017-03-05","0.19","67.68","8.98","-288.0","-46.6889254134","-23.448111853"
"45","2017-03-06","2.17","66.07","13.02","-288.0","-46.6889254134","-23.448111853"
"45","2017-03-07","0.32","129.65","27.48","-288.0","-46.6889254134","-23.448111853"
"45","2017-03-08","0.0","3.4","0.2","-288.0","-46.6889254134","-23.448111853"
"45","2017-03-09","0.0","0.0","0.0","-288.0","-46.6889254134","-23.448111853"
"45","2017-03-10","3.21","67.91","34.04","-288.0","-46.6889254134","-23.448111853"
"45","2017-03-11","0.26","46.9","12.46","-288.0","-46.6889254134","-23.448111853"
"45","2017-03-12","0.0","0.09","0.0","-288.0","-46.6889254134","-23.448111853"
"45","2017-03-13","0.0","0.6","0.04","-288.0","-46.6889254134","-23.448111853"
"45","2017-03-14","0.12","20.41","2.4","-288.0","-46.6889254134","-23.448111853"
"45","2017-03-15","0.14","13.56","2.04","-288.0","-46.6889254134","-23.448111853"
"45","2017-03-16","0.0","0.03","0.0","-288.0","-46.6889254134","-23.448111853"
"45","2017-03-17","0.05","39.69","4.48","-288.0","-46.6889254134","-23.448111853"
"45","2017-03-18","0.01","4.27","0.73","-288.0","-46.6889254134","-23.448111853"
"45","2017-03-19","0.16","6.31","1.41","-288.0","-46.6889254134","-23.448111853"
"45","2017-03-20","0.0","0.02","0.0","-287.0","-46.6889254134","-23.448111853"
"45","2017-03-21","0.0","0.0","0.0","0.0","-46.6889254134","-23.448111853"
"45","2017-03-22","0.0","0.0","0.0","0.0","-46.6889254134","-23.448111853"
"45","2017-03-23","","","","-1.0","-46.6889254134","-23.448111853"
"45","2017-03-24","0.65","60.35","12.46","-288.0","-46.6889254134","-23.448111853"
"45","2017-03-25","0.06","48.52","5.92","-287.0","-46.6889254134","-23.448111853"
"45","2017-03-26","","","","-1.0","-46.6889254134","-23.448111853"
"45","2017-03-27","0.01","8.44","1.17","-288.0","-46.6889254134","-23.448111853"
"45","2017-03-28","0.0","4.02","0.1","-288.0","-46.6889254134","-23.448111853"
"45","2017-03-29","0.0","0.01","0.0","-287.0","-46.6889254134","-23.448111853"
"45","2017-03-30","0.0","0.0","0.0","0.0","-46.6889254134","-23.448111853"
"45","2017-03-31","0.0","0.0","0.0","0.0","-46.6889254134","-23.448111853"
"45","2017-04-01","0.0","0.0","0.0","0.0","-46.6889254134","-23.448111853"
"45","2017-04-02","0.0","0.0","0.0","0.0","-46.6889254134","-23.448111853"
"45","2017-04-03","0.0","0.0","0.0","0.0","-46.6889254134","-23.448111853"
"45","2017-04-04","","","","-1.0","-46.6889254134","-23.448111853"
"45","2017-04-05","0.0","0.0","0.0","-288.0","-46.6889254134","-23.448111853"
"45","2017-04-06","3.15","45.14","12.75","-288.0","-46.6889254134","-23.448111853"
"45","2017-04-07","7.72","193.34","60.84","-288.0","-46.6889254134","-23.448111853"
"45","2017-04-08","0.0","0.0","0.0","-287.0","-46.6889254134","-23.448111853"
"45","2017-04-09","","","","-1.0","-46.6889254134","-23.448111853"
"45","2017-04-10","0.62","85.53","18.73","-288.0","-46.6889254134","-23.448111853"
"45","2017-04-11","0.0","0.03","0.0","-288.0","-46.6889254134","-23.448111853"
"45","2017-04-12","0.0","1.55","0.17","-287.0","-46.6889254134","-23.448111853"
"45","2017-04-13","0.0","0.0","0.0","0.0","-46.6889254134","-23.448111853"
"45","2017-04-14","0.0","0.0","0.0","0.0","-46.6889254134","-23.448111853"
"45","2017-04-15","0.0","0.0","0.0","0.0","-46.6889254134","-23.448111853"
"45","2017-04-16","","","","-1.0","-46.6889254134","-23.448111853"
"45","2017-04-17","0.01","6.58","0.47","-287.0","-46.6889254134","-23.448111853"
"45","2017-04-18","0.0","0.0","0.0","0.0","-46.6889254134","-23.448111853"
"45","2017-04-19","0.0","0.0","0.0","0.0","-46.6889254134","-23.448111853"
"45","2017-04-20","","","","-1.0","-46.6889254134","-23.448111853"
"45","2017-04-21","2.96","47.24","16.78","-288.0","-46.6889254134","-23.448111853"
"45","2017-04-22","0.63","6.79","2.46","-287.0","-46.6889254134","-23.448111853"
"45","2017-04-23","0.0","0.0","0.0","0.0","-46.6889254134","-23.448111853"
"45","2017-04-24","0.0","0.0","0.0","0.0","-46.6889254134","-23.448111853"
"45","2017-04-25","","","","-1.0","-46.6889254134","-23.448111853"
"45","2017-04-26","3.42","39.86","14.0","-288.0","-46.6889254134","-23.448111853"
"45","2017-04-27","0.96","7.33","3.16","-287.0","-46.6889254134","-23.448111853"
"45","2017-04-28","0.0","0.0","0.0","0.0","-46.6889254134","-23.448111853"
"45","2017-04-29","0.0","0.0","0.0","0.0","-46.6889254134","-23.448111853"
"45","2017-04-30","0.0","0.0","0.0","0.0","-46.6889254134","-23.448111853"
"45","2017-05-01","","","","-1.0","-46.6889254134","-23.448111853"
"45","2017-05-02","0.0","0.56","0.0","-287.0","-46.6889254134","-23.448111853"
"45","2017-05-03","0.0","0.0","0.0","0.0","-46.6889254134","-23.448111853"
"45","2017-05-04","","","","-1.0","-46.6889254134","-23.448111853"
"45","2017-05-05","1.91","41.79","12.36","-288.0","-46.6889254134","-23.448111853"
"45","2017-05-06","1.06","22.57","5.36","-288.0","-46.6889254134","-23.448111853"
"45","2017-05-07","0.0","0.38","0.0","-287.0","-46.6889254134","-23.448111853"
"45","2017-05-08","0.0","0.0","0.0","0.0","-46.6889254134","-23.448111853"
"45","2017-05-09","0.0","0.0","0.0","0.0","-46.6889254134","-23.448111853"
"45","2017-05-10","0.0","0.0","0.0","0.0","-46.6889254134","-23.448111853"
"45","2017-05-11","0.0","0.0","0.0","0.0","-46.6889254134","-23.448111853"
"45","2017-05-12","0.0","0.0","0.0","0.0","-46.6889254134","-23.448111853"
"45","2017-05-13","","","","-1.0","-46.6889254134","-23.448111853"
"45","2017-05-14","0.03","1.4","0.27","-287.0","-46.6889254134","-23.448111853"
"45","2017-05-15","0.0","0.0","0.0","0.0","-46.6889254134","-23.448111853"
"45","2017-05-16","0.0","0.0","0.0","0.0","-46.6889254134","-23.448111853"
"45","2017-05-17","","","","-1.0","-46.6889254134","-23.448111853"
"45","2017-05-18","1.05","15.79","5.2","-288.0","-46.6889254134","-23.448111853"
"45","2017-05-19","10.96","164.28","48.65","-288.0","-46.6889254134","-23.448111853"
"45","2017-05-20","0.43","3.54","1.4","-288.0","-46.6889254134","-23.448111853"
"45","2017-05-21","9.37","100.78","32.96","-288.0","-46.6889254134","-23.448111853"
"45","2017-05-22","2.38","41.14","12.31","-287.0","-46.6889254134","-23.448111853"
"45","2017-05-23","0.0","0.0","0.0","0.0","-46.6889254134","-23.448111853"
"45","2017-05-24","0.0","0.0","0.0","0.0","-46.6889254134","-23.448111853"
"45","2017-05-25","0.0","0.0","0.0","0.0","-46.6889254134","-23.448111853"
"45","2017-05-26","0.0","0.0","0.0","0.0","-46.6889254134","-23.448111853"
"45","2017-05-27","0.0","0.0","0.0","0.0","-46.6889254134","-23.448111853"
"45","2017-05-28","0.0","0.0","0.0","0.0","-46.6889254134","-23.448111853"
"45","2017-05-29","0.0","0.0","0.0","0.0","-46.6889254134","-23.448111853"
"45","2017-05-30","0.0","0.0","0.0","0.0","-46.6889254134","-23.448111853"
"45","2017-05-31","0.0","0.0","0.0","0.0","-46.6889254134","-23.448111853"
"45","2017-06-01","0.0","0.0","0.0","0.0","-46.6889254134","-23.448111853"
"45","2017-06-02","0.0","0.0","0.0","0.0","-46.6889254134","-23.448111853"
"45","2017-06-03","0.0","0.0","0.0","0.0","-46.6889254134","-23.448111853"
"45","2017-06-04","","","","-1.0","-46.6889254134","-23.448111853"
"45","2017-06-05","10.18","143.43","44.36","-288.0","-46.6889254134","-23.448111853"
"45","2017-06-06","9.69","123.19","36.07","-288.0","-46.6889254134","-23.448111853"
"45","2017-06-07","4.08","74.5","21.58","-287.0","-46.6889254134","-23.448111853"
"45","2017-06-08","","","","-1.0","-46.6889254134","-23.448111853"
"45","2017-06-09","0.0","3.99","0.41","-288.0","-46.6889254134","-23.448111853"
"45","2017-06-10","0.0","0.0","0.0","-287.0","-46.6889254134","-23.448111853"
"45","2017-06-11","","","","-1.0","-46.6889254134","-23.448111853"
"45","2017-06-12","0.0","0.4","0.01","-288.0","-46.6889254134","-23.448111853"
"45","2017-06-13","5.34","99.39","25.36","-288.0","-46.6889254134","-23.448111853"
"45","2017-06-14","0.47","11.3","2.44","-287.0","-46.6889254134","-23.448111853"
"46","2016-10-31","","","","-1.0","-46.6123087442","-23.447818434"
"46","2016-11-01","0.0","0.03","0.0","-288.0","-46.6123087442","-23.447818434"
"46","2016-11-02","0.0","17.8","2.05","-288.0","-46.6123087442","-23.447818434"
"46","2016-11-03","1.29","44.78","7.81","-288.0","-46.6123087442","-23.447818434"
"46","2016-11-04","0.04","3.73","0.82","-288.0","-46.6123087442","-23.447818434"
"46","2016-11-05","0.0","0.0","0.0","-288.0","-46.6123087442","-23.447818434"
"46","2016-11-06","5.46","112.76","49.69","-288.0","-46.6123087442","-23.447818434"
"46","2016-11-07","0.01","53.04","7.93","-288.0","-46.6123087442","-23.447818434"
"46","2016-11-08","0.0","5.65","0.1","-288.0","-46.6123087442","-23.447818434"
"46","2016-11-09","3.65","102.72","29.08","-288.0","-46.6123087442","-23.447818434"
"46","2016-11-10","1.42","32.28","7.44","-288.0","-46.6123087442","-23.447818434"
"46","2016-11-11","0.0","0.52","0.0","-288.0","-46.6123087442","-23.447818434"
"46","2016-11-12","0.73","30.11","5.69","-288.0","-46.6123087442","-23.447818434"
"46","2016-11-13","5.29","52.75","21.19","-288.0","-46.6123087442","-23.447818434"
"46","2016-11-14","8.46","48.16","22.54","-287.0","-46.6123087442","-23.447818434"
"46","2016-11-15","","","","-1.0","-46.6123087442","-23.447818434"
"46","2016-11-16","0.02","61.0","12.74","-288.0","-46.6123087442","-23.447818434"
"46","2016-11-17","0.22","25.48","3.27","-288.0","-46.6123087442","-23.447818434"
"46","2016-11-18","0.0","1.72","0.05","-287.0","-46.6123087442","-23.447818434"
"46","2016-11-19","0.0","0.0","0.0","0.0","-46.6123087442","-23.447818434"
"46","2016-11-20","0.0","0.0","0.0","0.0","-46.6123087442","-23.447818434"
"46","2016-11-21","0.0","0.0","0.0","0.0","-46.6123087442","-23.447818434"
"46","2016-11-22","","","","-1.0","-46.6123087442","-23.447818434"
"46","2016-11-23","2.13","37.04","9.69","-288.0","-46.6123087442","-23.447818434"
"46","2016-11-24","0.0","0.0","0.0","-287.0","-46.6123087442","-23.447818434"
"46","2016-11-25","0.0","0.0","0.0","0.0","-46.6123087442","-23.447818434"
"46","2016-11-26","","","","-1.0","-46.6123087442","-23.447818434"
"46","2016-11-27","0.16","27.37","3.46","-288.0","-46.6123087442","-23.447818434"
"46","2016-11-28","0.0","2.91","0.13","-288.0","-46.6123087442","-23.447818434"
"46","2016-11-29","1.31","54.84","10.93","-288.0","-46.6123087442","-23.447818434"
"46","2016-11-30","0.0","0.0","0.0","-287.0","-46.6123087442","-23.447818434"
"46","2016-12-01","0.0","0.0","0.0","0.0","-46.6123087442","-23.447818434"
"46","2016-12-02","","","","-1.0","-46.6123087442","-23.447818434"
"46","2016-12-03","3.32","50.54","16.36","-288.0","-46.6123087442","-23.447818434"
"46","2016-12-04","1.02","23.86","4.7","-288.0","-46.6123087442","-23.447818434"
"46","2016-12-05","0.0","7.8","0.81","-287.0","-46.6123087442","-23.447818434"
"46","2016-12-06","","","","-1.0","-46.6123087442","-23.447818434"
"46","2016-12-07","0.1","26.12","4.04","-288.0","-46.6123087442","-23.447818434"
"46","2016-12-08","0.0","5.08","0.26","-288.0","-46.6123087442","-23.447818434"
"46","2016-12-09","0.32","7.78","1.86","-288.0","-46.6123087442","-23.447818434"
"46","2016-12-10","0.63","34.8","7.22","-288.0","-46.6123087442","-23.447818434"
"46","2016-12-11","0.56","39.82","6.19","-288.0","-46.6123087442","-23.447818434"
"46","2016-12-12","2.2","95.6","21.4","-288.0","-46.6123087442","-23.447818434"
"46","2016-12-13","0.0","0.58","0.0","-288.0","-46.6123087442","-23.447818434"
"46","2016-12-14","0.0","0.19","0.0","-288.0","-46.6123087442","-23.447818434"
"46","2016-12-15","0.0","0.0","0.0","-287.0","-46.6123087442","-23.447818434"
"46","2016-12-16","0.0","0.0","0.0","0.0","-46.6123087442","-23.447818434"
"46","2016-12-17","","","","-1.0","-46.6123087442","-23.447818434"
"46","2016-12-18","0.18","120.91","15.21","-288.0","-46.6123087442","-23.447818434"
"46","2016-12-19","0.02","8.5","1.01","-288.0","-46.6123087442","-23.447818434"
"46","2016-12-20","0.96","62.08","17.93","-288.0","-46.6123087442","-23.447818434"
"46","2016-12-21","0.13","21.85","3.07","-288.0","-46.6123087442","-23.447818434"
"46","2016-12-22","0.0","4.72","0.19","-288.0","-46.6123087442","-23.447818434"
"46","2016-12-23","0.71","50.62","7.19","-288.0","-46.6123087442","-23.447818434"
"46","2016-12-24","1.1","41.91","8.34","-288.0","-46.6123087442","-23.447818434"
"46","2016-12-25","0.0","0.79","0.0","-288.0","-46.6123087442","-23.447818434"
"46","2016-12-26","0.0","0.04","0.0","-288.0","-46.6123087442","-23.447818434"
"46","2016-12-27","0.0","0.8","0.04","-288.0","-46.6123087442","-23.447818434"
"46","2016-12-28","0.13","79.96","16.82","-288.0","-46.6123087442","-23.447818434"
"46","2016-12-29","0.03","17.01","1.1","-288.0","-46.6123087442","-23.447818434"
"46","2016-12-30","0.0","0.37","0.0","-288.0","-46.6123087442","-23.447818434"
"46","2016-12-31","0.0","1.81","0.07","-287.0","-46.6123087442","-23.447818434"
"46","2017-01-01","","","","-1.0","-46.6123087442","-23.447818434"
"46","2017-01-02","0.67","49.3","7.86","-288.0","-46.6123087442","-23.447818434"
"46","2017-01-03","2.22","130.85","30.76","-288.0","-46.6123087442","-23.447818434"
"46","2017-01-04","0.01","3.54","0.73","-288.0","-46.6123087442","-23.447818434"
"46","2017-01-05","0.0","1.64","0.16","-288.0","-46.6123087442","-23.447818434"
"46","2017-01-06","0.34","48.5","5.65","-288.0","-46.6123087442","-23.447818434"
"46","2017-01-07","2.76","111.76","35.15","-288.0","-46.6123087442","-23.447818434"
"46","2017-01-08","0.06","67.12","7.68","-288.0","-46.6123087442","-23.447818434"
"46","2017-01-09","2.49","111.21","32.88","-288.0","-46.6123087442","-23.447818434"
"46","2017-01-10","2.34","35.38","9.12","-288.0","-46.6123087442","-23.447818434"
"46","2017-01-11","0.66","96.54","8.45","-288.0","-46.6123087442","-23.447818434"
"46","2017-01-12","0.14","96.13","11.74","-288.0","-46.6123087442","-23.447818434"
"46","2017-01-13","0.02","13.6","1.89","-288.0","-46.6123087442","-23.447818434"
"46","2017-01-14","0.02","50.44","9.31","-288.0","-46.6123087442","-23.447818434"
"46","2017-01-15","0.02","11.7","1.08","-288.0","-46.6123087442","-23.447818434"
"46","2017-01-16","12.42","216.2","67.85","-288.0","-46.6123087442","-23.447818434"
"46","2017-01-17","8.03","126.98","40.65","-288.0","-46.6123087442","-23.447818434"
"46","2017-01-18","6.06","157.58","41.11","-288.0","-46.6123087442","-23.447818434"
"46","2017-01-19","2.55","50.81","13.35","-288.0","-46.6123087442","-23.447818434"
"46","2017-01-20","5.41","65.29","22.49","-288.0","-46.6123087442","-23.447818434"
"46","2017-01-21","5.28","273.48","60.46","-288.0","-46.6123087442","-23.447818434"
"46","2017-01-22","2.33","42.88","12.81","-288.0","-46.6123087442","-23.447818434"
"46","2017-01-23","0.11","39.27","6.48","-288.0","-46.6123087442","-23.447818434"
"46","2017-01-24","0.29","31.02","3.89","-288.0","-46.6123087442","-23.447818434"
"46","2017-01-25","0.09","21.55","3.29","-288.0","-46.6123087442","-23.447818434"
"46","2017-01-26","2.03","40.2","12.21","-288.0","-46.6123087442","-23.447818434"
"46","2017-01-27","0.14","53.5","6.95","-288.0","-46.6123087442","-23.447818434"
"46","2017-01-28","0.0","0.24","0.0","-288.0","-46.6123087442","-23.447818434"
"46","2017-01-29","0.0","12.47","1.03","-288.0","-46.6123087442","-23.447818434"
"46","2017-01-30","2.6","81.91","18.68","-288.0","-46.6123087442","-23.447818434"
"46","2017-01-31","0.48","44.19","9.86","-288.0","-46.6123087442","-23.447818434"
"46","2017-02-01","3.13","148.09","38.7","-288.0","-46.6123087442","-23.447818434"
"46","2017-02-02","0.89","44.76","7.22","-288.0","-46.6123087442","-23.447818434"
"46","2017-02-03","0.02","26.73","3.71","-288.0","-46.6123087442","-23.447818434"
"46","2017-02-04","0.73","64.38","10.61","-288.0","-46.6123087442","-23.447818434"
"46","2017-02-05","0.0","0.07","0.0","-288.0","-46.6123087442","-23.447818434"
"46","2017-02-06","2.0","110.42","28.16","-288.0","-46.6123087442","-23.447818434"
"46","2017-02-07","0.0","3.41","0.18","-288.0","-46.6123087442","-23.447818434"
"46","2017-02-08","0.0","0.0","0.0","-287.0","-46.6123087442","-23.447818434"
"46","2017-02-09","0.0","0.0","0.0","0.0","-46.6123087442","-23.447818434"
"46","2017-02-10","0.0","0.0","0.0","0.0","-46.6123087442","-23.447818434"
"46","2017-02-11","0.0","0.0","0.0","0.0","-46.6123087442","-23.447818434"
"46","2017-02-12","0.0","0.0","0.0","0.0","-46.6123087442","-23.447818434"
"46","2017-02-13","0.0","0.0","0.0","0.0","-46.6123087442","-23.447818434"
"46","2017-02-14","0.0","0.0","0.0","0.0","-46.6123087442","-23.447818434"
"46","2017-02-15","0.0","0.0","0.0","0.0","-46.6123087442","-23.447818434"
"46","2017-02-16","","","","-1.0","-46.6123087442","-23.447818434"
"46","2017-02-17","0.0","0.2","0.0","-288.0","-46.6123087442","-23.447818434"
"46","2017-02-18","0.0","0.0","0.0","-287.0","-46.6123087442","-23.447818434"
"46","2017-02-19","0.0","0.0","0.0","0.0","-46.6123087442","-23.447818434"
"46","2017-02-20","0.0","0.0","0.0","0.0","-46.6123087442","-23.447818434"
"46","2017-02-21","","","","-1.0","-46.6123087442","-23.447818434"
"46","2017-02-22","0.0","3.13","0.27","-288.0","-46.6123087442","-23.447818434"
"46","2017-02-23","0.0","0.2","0.0","-288.0","-46.6123087442","-23.447818434"
"46","2017-02-24","3.65","107.11","25.02","-288.0","-46.6123087442","-23.447818434"
"46","2017-02-25","0.13","27.62","5.19","-288.0","-46.6123087442","-23.447818434"
"46","2017-02-26","0.04","52.91","4.43","-288.0","-46.6123087442","-23.447818434"
"46","2017-02-27","0.0","32.24","2.32","-288.0","-46.6123087442","-23.447818434"
"46","2017-02-28","0.0","7.81","0.3","-288.0","-46.6123087442","-23.447818434"
"46","2017-03-01","0.0","0.5","0.0","-288.0","-46.6123087442","-23.447818434"
"46","2017-03-02","0.0","71.26","7.12","-288.0","-46.6123087442","-23.447818434"
"46","2017-03-03","2.86","125.46","23.65","-288.0","-46.6123087442","-23.447818434"
"46","2017-03-04","0.16","39.18","4.7","-288.0","-46.6123087442","-23.447818434"
"46","2017-03-05","0.07","24.98","3.44","-288.0","-46.6123087442","-23.447818434"
"46","2017-03-06","2.14","82.69","15.08","-288.0","-46.6123087442","-23.447818434"
"46","2017-03-07","0.84","116.23","29.77","-288.0","-46.6123087442","-23.447818434"
"46","2017-03-08","0.03","5.68","1.02","-288.0","-46.6123087442","-23.447818434"
"46","2017-03-09","0.0","0.0","0.0","-288.0","-46.6123087442","-23.447818434"
"46","2017-03-10","0.79","90.75","23.17","-288.0","-46.6123087442","-23.447818434"
"46","2017-03-11","0.03","26.52","5.21","-288.0","-46.6123087442","-23.447818434"
"46","2017-03-12","0.0","0.17","0.0","-288.0","-46.6123087442","-23.447818434"
"46","2017-03-13","0.0","0.7","0.02","-288.0","-46.6123087442","-23.447818434"
"46","2017-03-14","0.12","43.5","4.2","-288.0","-46.6123087442","-23.447818434"
"46","2017-03-15","0.14","7.7","1.46","-288.0","-46.6123087442","-23.447818434"
"46","2017-03-16","0.0","6.26","0.31","-288.0","-46.6123087442","-23.447818434"
"46","2017-03-17","0.0","32.7","2.17","-288.0","-46.6123087442","-23.447818434"
"46","2017-03-18","0.05","4.27","0.88","-288.0","-46.6123087442","-23.447818434"
"46","2017-03-19","0.06","6.34","1.18","-288.0","-46.6123087442","-23.447818434"
"46","2017-03-20","0.0","0.0","0.0","-287.0","-46.6123087442","-23.447818434"
"46","2017-03-21","0.0","0.0","0.0","0.0","-46.6123087442","-23.447818434"
"46","2017-03-22","0.0","0.0","0.0","0.0","-46.6123087442","-23.447818434"
"46","2017-03-23","","","","-1.0","-46.6123087442","-23.447818434"
"46","2017-03-24","0.81","36.64","5.87","-288.0","-46.6123087442","-23.447818434"
"46","2017-03-25","0.08","43.81","5.81","-287.0","-46.6123087442","-23.447818434"
"46","2017-03-26","","","","-1.0","-46.6123087442","-23.447818434"
"46","2017-03-27","0.02","6.84","1.17","-288.0","-46.6123087442","-23.447818434"
"46","2017-03-28","0.0","0.97","0.05","-288.0","-46.6123087442","-23.447818434"
"46","2017-03-29","0.0","0.04","0.0","-287.0","-46.6123087442","-23.447818434"
"46","2017-03-30","0.0","0.0","0.0","0.0","-46.6123087442","-23.447818434"
"46","2017-03-31","0.0","0.0","0.0","0.0","-46.6123087442","-23.447818434"
"46","2017-04-01","0.0","0.0","0.0","0.0","-46.6123087442","-23.447818434"
"46","2017-04-02","0.0","0.0","0.0","0.0","-46.6123087442","-23.447818434"
"46","2017-04-03","0.0","0.0","0.0","0.0","-46.6123087442","-23.447818434"
"46","2017-04-04","","","","-1.0","-46.6123087442","-23.447818434"
"46","2017-04-05","0.0","0.0","0.0","-288.0","-46.6123087442","-23.447818434"
"46","2017-04-06","2.44","37.5","11.46","-288.0","-46.6123087442","-23.447818434"
"46","2017-04-07","5.59","164.68","38.07","-288.0","-46.6123087442","-23.447818434"
"46","2017-04-08","0.0","0.0","0.0","-287.0","-46.6123087442","-23.447818434"
"46","2017-04-09","","","","-1.0","-46.6123087442","-23.447818434"
"46","2017-04-10","0.03","70.81","11.71","-288.0","-46.6123087442","-23.447818434"
"46","2017-04-11","0.0","0.36","0.01","-288.0","-46.6123087442","-23.447818434"
"46","2017-04-12","0.0","2.21","0.27","-287.0","-46.6123087442","-23.447818434"
"46","2017-04-13","0.0","0.0","0.0","0.0","-46.6123087442","-23.447818434"
"46","2017-04-14","0.0","0.0","0.0","0.0","-46.6123087442","-23.447818434"
"46","2017-04-15","0.0","0.0","0.0","0.0","-46.6123087442","-23.447818434"
"46","2017-04-16","","","","-1.0","-46.6123087442","-23.447818434"
"46","2017-04-17","0.03","4.42","0.65","-287.0","-46.6123087442","-23.447818434"
"46","2017-04-18","0.0","0.0","0.0","0.0","-46.6123087442","-23.447818434"
"46","2017-04-19","0.0","0.0","0.0","0.0","-46.6123087442","-23.447818434"
"46","2017-04-20","","","","-1.0","-46.6123087442","-23.447818434"
"46","2017-04-21","1.09","45.55","12.86","-288.0","-46.6123087442","-23.447818434"
"46","2017-04-22","0.52","6.99","2.38","-287.0","-46.6123087442","-23.447818434"
"46","2017-04-23","0.0","0.0","0.0","0.0","-46.6123087442","-23.447818434"
"46","2017-04-24","0.0","0.0","0.0","0.0","-46.6123087442","-23.447818434"
"46","2017-04-25","","","","-1.0","-46.6123087442","-23.447818434"
"46","2017-04-26","2.81","36.82","12.04","-288.0","-46.6123087442","-23.447818434"
"46","2017-04-27","0.98","7.1","3.05","-287.0","-46.6123087442","-23.447818434"
"46","2017-04-28","0.0","0.0","0.0","0.0","-46.6123087442","-23.447818434"
"46","2017-04-29","0.0","0.0","0.0","0.0","-46.6123087442","-23.447818434"
"46","2017-04-30","0.0","0.0","0.0","0.0","-46.6123087442","-23.447818434"
"46","2017-05-01","","","","-1.0","-46.6123087442","-23.447818434"
"46","2017-05-02","0.0","0.07","0.0","-287.0","-46.6123087442","-23.447818434"
"46","2017-05-03","0.0","0.0","0.0","0.0","-46.6123087442","-23.447818434"
"46","2017-05-04","","","","-1.0","-46.6123087442","-23.447818434"
"46","2017-05-05","2.01","55.26","14.59","-288.0","-46.6123087442","-23.447818434"
"46","2017-05-06","1.08","33.81","8.08","-288.0","-46.6123087442","-23.447818434"
"46","2017-05-07","0.0","0.07","0.0","-287.0","-46.6123087442","-23.447818434"
"46","2017-05-08","0.0","0.0","0.0","0.0","-46.6123087442","-23.447818434"
"46","2017-05-09","0.0","0.0","0.0","0.0","-46.6123087442","-23.447818434"
"46","2017-05-10","0.0","0.0","0.0","0.0","-46.6123087442","-23.447818434"
"46","2017-05-11","0.0","0.0","0.0","0.0","-46.6123087442","-23.447818434"
"46","2017-05-12","0.0","0.0","0.0","0.0","-46.6123087442","-23.447818434"
"46","2017-05-13","","","","-1.0","-46.6123087442","-23.447818434"
"46","2017-05-14","0.0","1.06","0.14","-287.0","-46.6123087442","-23.447818434"
"46","2017-05-15","0.0","0.0","0.0","0.0","-46.6123087442","-23.447818434"
"46","2017-05-16","0.0","0.0","0.0","0.0","-46.6123087442","-23.447818434"
"46","2017-05-17","","","","-1.0","-46.6123087442","-23.447818434"
"46","2017-05-18","0.61","12.44","3.72","-288.0","-46.6123087442","-23.447818434"
"46","2017-05-19","10.1","164.68","47.14","-288.0","-46.6123087442","-23.447818434"
"46","2017-05-20","0.24","3.06","1.03","-288.0","-46.6123087442","-23.447818434"
"46","2017-05-21","8.83","92.4","30.96","-288.0","-46.6123087442","-23.447818434"
"46","2017-05-22","2.42","50.54","12.99","-287.0","-46.6123087442","-23.447818434"
"46","2017-05-23","0.0","0.0","0.0","0.0","-46.6123087442","-23.447818434"
"46","2017-05-24","0.0","0.0","0.0","0.0","-46.6123087442","-23.447818434"
"46","2017-05-25","0.0","0.0","0.0","0.0","-46.6123087442","-23.447818434"
"46","2017-05-26","0.0","0.0","0.0","0.0","-46.6123087442","-23.447818434"
"46","2017-05-27","0.0","0.0","0.0","0.0","-46.6123087442","-23.447818434"
"46","2017-05-28","0.0","0.0","0.0","0.0","-46.6123087442","-23.447818434"
"46","2017-05-29","0.0","0.0","0.0","0.0","-46.6123087442","-23.447818434"
"46","2017-05-30","0.0","0.0","0.0","0.0","-46.6123087442","-23.447818434"
"46","2017-05-31","0.0","0.0","0.0","0.0","-46.6123087442","-23.447818434"
"46","2017-06-01","0.0","0.0","0.0","0.0","-46.6123087442","-23.447818434"
"46","2017-06-02","0.0","0.0","0.0","0.0","-46.6123087442","-23.447818434"
"46","2017-06-03","0.0","0.0","0.0","0.0","-46.6123087442","-23.447818434"
"46","2017-06-04","","","","-1.0","-46.6123087442","-23.447818434"
"46","2017-06-05","8.24","130.17","41.23","-288.0","-46.6123087442","-23.447818434"
"46","2017-06-06","8.86","119.92","34.7","-288.0","-46.6123087442","-23.447818434"
"46","2017-06-07","2.32","58.58","15.17","-287.0","-46.6123087442","-23.447818434"
"46","2017-06-08","","","","-1.0","-46.6123087442","-23.447818434"
"46","2017-06-09","0.0","5.45","0.41","-288.0","-46.6123087442","-23.447818434"
"46","2017-06-10","0.0","0.0","0.0","-287.0","-46.6123087442","-23.447818434"
"46","2017-06-11","","","","-1.0","-46.6123087442","-23.447818434"
"46","2017-06-12","0.0","0.01","0.0","-288.0","-46.6123087442","-23.447818434"
"46","2017-06-13","4.38","121.58","26.03","-288.0","-46.6123087442","-23.447818434"
"46","2017-06-14","0.41","15.24","3.35","-287.0","-46.6123087442","-23.447818434"
"47","2016-10-31","","","","-1.0","-46.5713312816","-23.4458702708"
"47","2016-11-01","0.0","0.0","0.0","-288.0","-46.5713312816","-23.4458702708"
"47","2016-11-02","0.11","11.59","3.52","-288.0","-46.5713312816","-23.4458702708"
"47","2016-11-03","2.38","15.82","6.45","-288.0","-46.5713312816","-23.4458702708"
"47","2016-11-04","0.34","2.2","1.05","-288.0","-46.5713312816","-23.4458702708"
"47","2016-11-05","0.0","0.0","0.0","-288.0","-46.5713312816","-23.4458702708"
"47","2016-11-06","8.74","66.75","42.49","-288.0","-46.5713312816","-23.4458702708"
"47","2016-11-07","1.5","37.3","13.94","-288.0","-46.5713312816","-23.4458702708"
"47","2016-11-08","0.0","8.74","1.06","-288.0","-46.5713312816","-23.4458702708"
"47","2016-11-09","8.49","53.73","24.65","-288.0","-46.5713312816","-23.4458702708"
"47","2016-11-10","2.86","14.82","7.1","-288.0","-46.5713312816","-23.4458702708"
"47","2016-11-11","0.0","0.47","0.05","-288.0","-46.5713312816","-23.4458702708"
"47","2016-11-12","1.94","22.31","10.02","-288.0","-46.5713312816","-23.4458702708"
"47","2016-11-13","11.9","39.84","23.19","-288.0","-46.5713312816","-23.4458702708"
"47","2016-11-14","12.63","36.09","22.91","-287.0","-46.5713312816","-23.4458702708"
"47","2016-11-15","","","","-1.0","-46.5713312816","-23.4458702708"
"47","2016-11-16","4.36","45.55","21.03","-288.0","-46.5713312816","-23.4458702708"
"47","2016-11-17","0.68","8.27","2.98","-288.0","-46.5713312816","-23.4458702708"
"47","2016-11-18","0.0","0.08","0.0","-287.0","-46.5713312816","-23.4458702708"
"47","2016-11-19","0.0","0.0","0.0","0.0","-46.5713312816","-23.4458702708"
"47","2016-11-20","0.0","0.0","0.0","0.0","-46.5713312816","-23.4458702708"
"47","2016-11-21","0.0","0.0","0.0","0.0","-46.5713312816","-23.4458702708"
"47","2016-11-22","","","","-1.0","-46.5713312816","-23.4458702708"
"47","2016-11-23","3.94","22.09","9.9","-288.0","-46.5713312816","-23.4458702708"
"47","2016-11-24","0.0","0.0","0.0","-287.0","-46.5713312816","-23.4458702708"
"47","2016-11-25","0.0","0.0","0.0","0.0","-46.5713312816","-23.4458702708"
"47","2016-11-26","","","","-1.0","-46.5713312816","-23.4458702708"
"47","2016-11-27","0.62","19.47","5.55","-288.0","-46.5713312816","-23.4458702708"
"47","2016-11-28","0.0","0.55","0.09","-288.0","-46.5713312816","-23.4458702708"
"47","2016-11-29","3.38","35.87","13.21","-288.0","-46.5713312816","-23.4458702708"
"47","2016-11-30","0.0","0.0","0.0","-287.0","-46.5713312816","-23.4458702708"
"47","2016-12-01","0.0","0.0","0.0","0.0","-46.5713312816","-23.4458702708"
"47","2016-12-02","","","","-1.0","-46.5713312816","-23.4458702708"
"47","2016-12-03","5.74","28.69","14.49","-288.0","-46.5713312816","-23.4458702708"
"47","2016-12-04","1.46","6.93","3.36","-288.0","-46.5713312816","-23.4458702708"
"47","2016-12-05","0.01","1.42","0.39","-287.0","-46.5713312816","-23.4458702708"
"47","2016-12-06","","","","-1.0","-46.5713312816","-23.4458702708"
"47","2016-12-07","0.32","15.39","6.43","-288.0","-46.5713312816","-23.4458702708"
"47","2016-12-08","0.1","5.64","2.24","-288.0","-46.5713312816","-23.4458702708"
"47","2016-12-09","0.8","4.94","1.93","-288.0","-46.5713312816","-23.4458702708"
"47","2016-12-10","1.7","10.94","5.1","-288.0","-46.5713312816","-23.4458702708"
"47","2016-12-11","1.52","22.83","6.55","-288.0","-46.5713312816","-23.4458702708"
"47","2016-12-12","5.29","46.43","18.83","-288.0","-46.5713312816","-23.4458702708"
"47","2016-12-13","0.0","0.32","0.06","-288.0","-46.5713312816","-23.4458702708"
"47","2016-12-14","0.0","0.13","0.0","-288.0","-46.5713312816","-23.4458702708"
"47","2016-12-15","0.0","0.0","0.0","-287.0","-46.5713312816","-23.4458702708"
"47","2016-12-16","0.0","0.0","0.0","0.0","-46.5713312816","-23.4458702708"
"47","2016-12-17","","","","-1.0","-46.5713312816","-23.4458702708"
"47","2016-12-18","7.03","79.88","24.68","-288.0","-46.5713312816","-23.4458702708"
"47","2016-12-19","0.33","6.88","2.07","-288.0","-46.5713312816","-23.4458702708"
"47","2016-12-20","3.22","31.15","13.32","-288.0","-46.5713312816","-23.4458702708"
"47","2016-12-21","0.35","11.44","2.66","-288.0","-46.5713312816","-23.4458702708"
"47","2016-12-22","0.04","1.05","0.32","-288.0","-46.5713312816","-23.4458702708"
"47","2016-12-23","1.71","26.62","9.86","-288.0","-46.5713312816","-23.4458702708"
"47","2016-12-24","2.4","13.76","6.45","-288.0","-46.5713312816","-23.4458702708"
"47","2016-12-25","0.0","0.17","0.0","-288.0","-46.5713312816","-23.4458702708"
"47","2016-12-26","0.0","0.0","0.0","-288.0","-46.5713312816","-23.4458702708"
"47","2016-12-27","0.0","0.61","0.21","-288.0","-46.5713312816","-23.4458702708"
"47","2016-12-28","1.09","55.7","21.22","-288.0","-46.5713312816","-23.4458702708"
"47","2016-12-29","0.13","5.29","0.68","-288.0","-46.5713312816","-23.4458702708"
"47","2016-12-30","0.0","0.12","0.0","-288.0","-46.5713312816","-23.4458702708"
"47","2016-12-31","0.0","0.0","0.0","-287.0","-46.5713312816","-23.4458702708"
"47","2017-01-01","","","","-1.0","-46.5713312816","-23.4458702708"
"47","2017-01-02","1.31","14.15","5.15","-288.0","-46.5713312816","-23.4458702708"
"47","2017-01-03","10.19","66.68","31.64","-288.0","-46.5713312816","-23.4458702708"
"47","2017-01-04","0.43","1.94","1.14","-288.0","-46.5713312816","-23.4458702708"
"47","2017-01-05","0.02","0.93","0.32","-288.0","-46.5713312816","-23.4458702708"
"47","2017-01-06","0.71","32.55","9.11","-288.0","-46.5713312816","-23.4458702708"
"47","2017-01-07","6.6","74.42","31.47","-288.0","-46.5713312816","-23.4458702708"
"47","2017-01-08","1.12","34.01","8.09","-288.0","-46.5713312816","-23.4458702708"
"47","2017-01-09","4.02","64.54","26.84","-288.0","-46.5713312816","-23.4458702708"
"47","2017-01-10","3.33","22.66","9.63","-288.0","-46.5713312816","-23.4458702708"
"47","2017-01-11","1.29","46.22","10.63","-288.0","-46.5713312816","-23.4458702708"
"47","2017-01-12","0.98","79.71","21.36","-288.0","-46.5713312816","-23.4458702708"
"47","2017-01-13","0.09","6.46","1.48","-288.0","-46.5713312816","-23.4458702708"
"47","2017-01-14","0.0","3.5","0.88","-288.0","-46.5713312816","-23.4458702708"
"47","2017-01-15","0.0","3.62","0.56","-288.0","-46.5713312816","-23.4458702708"
"47","2017-01-16","22.81","130.91","63.32","-288.0","-46.5713312816","-23.4458702708"
"47","2017-01-17","19.79","88.9","46.68","-288.0","-46.5713312816","-23.4458702708"
"47","2017-01-18","12.92","79.61","36.31","-288.0","-46.5713312816","-23.4458702708"
"47","2017-01-19","5.02","23.38","11.89","-288.0","-46.5713312816","-23.4458702708"
"47","2017-01-20","10.25","38.16","21.25","-288.0","-46.5713312816","-23.4458702708"
"47","2017-01-21","16.87","152.98","62.94","-288.0","-46.5713312816","-23.4458702708"
"47","2017-01-22","4.78","26.11","12.58","-288.0","-46.5713312816","-23.4458702708"
"47","2017-01-23","0.76","13.95","4.73","-288.0","-46.5713312816","-23.4458702708"
"47","2017-01-24","0.68","8.07","2.96","-288.0","-46.5713312816","-23.4458702708"
"47","2017-01-25","1.26","15.96","5.5","-288.0","-46.5713312816","-23.4458702708"
"47","2017-01-26","3.31","28.84","10.8","-288.0","-46.5713312816","-23.4458702708"
"47","2017-01-27","1.07","15.16","5.37","-288.0","-46.5713312816","-23.4458702708"
"47","2017-01-28","0.0","0.02","0.0","-288.0","-46.5713312816","-23.4458702708"
"47","2017-01-29","0.04","3.65","0.93","-288.0","-46.5713312816","-23.4458702708"
"47","2017-01-30","4.34","43.92","19.27","-288.0","-46.5713312816","-23.4458702708"
"47","2017-01-31","0.86","15.61","4.56","-288.0","-46.5713312816","-23.4458702708"
"47","2017-02-01","9.04","74.37","31.03","-288.0","-46.5713312816","-23.4458702708"
"47","2017-02-02","2.0","22.69","7.76","-288.0","-46.5713312816","-23.4458702708"
"47","2017-02-03","0.14","4.59","1.25","-288.0","-46.5713312816","-23.4458702708"
"47","2017-02-04","1.85","25.3","8.52","-288.0","-46.5713312816","-23.4458702708"
"47","2017-02-05","0.0","0.01","0.0","-288.0","-46.5713312816","-23.4458702708"
"47","2017-02-06","9.56","73.1","31.76","-288.0","-46.5713312816","-23.4458702708"
"47","2017-02-07","0.0","0.28","0.03","-288.0","-46.5713312816","-23.4458702708"
"47","2017-02-08","0.0","0.0","0.0","-287.0","-46.5713312816","-23.4458702708"
"47","2017-02-09","0.0","0.0","0.0","0.0","-46.5713312816","-23.4458702708"
"47","2017-02-10","0.0","0.0","0.0","0.0","-46.5713312816","-23.4458702708"
"47","2017-02-11","0.0","0.0","0.0","0.0","-46.5713312816","-23.4458702708"
"47","2017-02-12","0.0","0.0","0.0","0.0","-46.5713312816","-23.4458702708"
"47","2017-02-13","0.0","0.0","0.0","0.0","-46.5713312816","-23.4458702708"
"47","2017-02-14","0.0","0.0","0.0","0.0","-46.5713312816","-23.4458702708"
"47","2017-02-15","0.0","0.0","0.0","0.0","-46.5713312816","-23.4458702708"
"47","2017-02-16","","","","-1.0","-46.5713312816","-23.4458702708"
"47","2017-02-17","0.0","0.06","0.0","-288.0","-46.5713312816","-23.4458702708"
"47","2017-02-18","0.0","0.0","0.0","-287.0","-46.5713312816","-23.4458702708"
"47","2017-02-19","0.0","0.0","0.0","0.0","-46.5713312816","-23.4458702708"
"47","2017-02-20","0.0","0.0","0.0","0.0","-46.5713312816","-23.4458702708"
"47","2017-02-21","","","","-1.0","-46.5713312816","-23.4458702708"
"47","2017-02-22","0.03","0.68","0.21","-288.0","-46.5713312816","-23.4458702708"
"47","2017-02-23","0.0","0.37","0.04","-288.0","-46.5713312816","-23.4458702708"
"47","2017-02-24","8.17","56.98","24.53","-288.0","-46.5713312816","-23.4458702708"
"47","2017-02-25","1.45","18.13","6.89","-288.0","-46.5713312816","-23.4458702708"
"47","2017-02-26","0.16","14.36","3.22","-288.0","-46.5713312816","-23.4458702708"
"47","2017-02-27","0.01","11.32","1.05","-288.0","-46.5713312816","-23.4458702708"
"47","2017-02-28","0.0","0.91","0.18","-288.0","-46.5713312816","-23.4458702708"
"47","2017-03-01","0.0","0.42","0.07","-288.0","-46.5713312816","-23.4458702708"
"47","2017-03-02","0.62","32.74","10.56","-288.0","-46.5713312816","-23.4458702708"
"47","2017-03-03","7.29","70.62","26.41","-288.0","-46.5713312816","-23.4458702708"
"47","2017-03-04","0.52","13.59","4.03","-288.0","-46.5713312816","-23.4458702708"
"47","2017-03-05","0.61","12.79","3.87","-288.0","-46.5713312816","-23.4458702708"
"47","2017-03-06","4.5","55.23","14.89","-288.0","-46.5713312816","-23.4458702708"
"47","2017-03-07","5.4","66.41","24.94","-288.0","-46.5713312816","-23.4458702708"
"47","2017-03-08","1.06","5.19","2.51","-288.0","-46.5713312816","-23.4458702708"
"47","2017-03-09","0.0","0.0","0.0","-288.0","-46.5713312816","-23.4458702708"
"47","2017-03-10","5.74","69.75","35.84","-288.0","-46.5713312816","-23.4458702708"
"47","2017-03-11","1.1","15.74","6.5","-288.0","-46.5713312816","-23.4458702708"
"47","2017-03-12","0.0","0.03","0.0","-288.0","-46.5713312816","-23.4458702708"
"47","2017-03-13","0.0","6.52","1.27","-288.0","-46.5713312816","-23.4458702708"
"47","2017-03-14","0.49","9.71","2.7","-288.0","-46.5713312816","-23.4458702708"
"47","2017-03-15","0.73","4.85","2.16","-288.0","-46.5713312816","-23.4458702708"
"47","2017-03-16","0.0","0.93","0.29","-288.0","-46.5713312816","-23.4458702708"
"47","2017-03-17","0.11","3.53","0.86","-288.0","-46.5713312816","-23.4458702708"
"47","2017-03-18","0.09","1.2","0.46","-288.0","-46.5713312816","-23.4458702708"
"47","2017-03-19","0.21","4.11","1.5","-288.0","-46.5713312816","-23.4458702708"
"47","2017-03-20","0.0","0.0","0.0","-287.0","-46.5713312816","-23.4458702708"
"47","2017-03-21","0.0","0.0","0.0","0.0","-46.5713312816","-23.4458702708"
"47","2017-03-22","0.0","0.0","0.0","0.0","-46.5713312816","-23.4458702708"
"47","2017-03-23","","","","-1.0","-46.5713312816","-23.4458702708"
"47","2017-03-24","0.96","12.01","3.83","-288.0","-46.5713312816","-23.4458702708"
"47","2017-03-25","0.45","14.35","3.51","-287.0","-46.5713312816","-23.4458702708"
"47","2017-03-26","","","","-1.0","-46.5713312816","-23.4458702708"
"47","2017-03-27","0.21","3.15","1.11","-288.0","-46.5713312816","-23.4458702708"
"47","2017-03-28","0.0","0.34","0.09","-288.0","-46.5713312816","-23.4458702708"
"47","2017-03-29","0.0","0.04","0.01","-287.0","-46.5713312816","-23.4458702708"
"47","2017-03-30","0.0","0.0","0.0","0.0","-46.5713312816","-23.4458702708"
"47","2017-03-31","0.0","0.0","0.0","0.0","-46.5713312816","-23.4458702708"
"47","2017-04-01","0.0","0.0","0.0","0.0","-46.5713312816","-23.4458702708"
"47","2017-04-02","0.0","0.0","0.0","0.0","-46.5713312816","-23.4458702708"
"47","2017-04-03","0.0","0.0","0.0","0.0","-46.5713312816","-23.4458702708"
"47","2017-04-04","","","","-1.0","-46.5713312816","-23.4458702708"
"47","2017-04-05","0.0","0.0","0.0","-288.0","-46.5713312816","-23.4458702708"
"47","2017-04-06","5.22","22.09","11.65","-288.0","-46.5713312816","-23.4458702708"
"47","2017-04-07","9.88","70.68","28.2","-288.0","-46.5713312816","-23.4458702708"
"47","2017-04-08","0.0","0.0","0.0","-287.0","-46.5713312816","-23.4458702708"
"47","2017-04-09","","","","-1.0","-46.5713312816","-23.4458702708"
"47","2017-04-10","0.0","25.61","5.25","-288.0","-46.5713312816","-23.4458702708"
"47","2017-04-11","0.0","0.49","0.04","-288.0","-46.5713312816","-23.4458702708"
"47","2017-04-12","0.01","1.25","0.41","-287.0","-46.5713312816","-23.4458702708"
"47","2017-04-13","0.0","0.0","0.0","0.0","-46.5713312816","-23.4458702708"
"47","2017-04-14","0.0","0.0","0.0","0.0","-46.5713312816","-23.4458702708"
"47","2017-04-15","0.0","0.0","0.0","0.0","-46.5713312816","-23.4458702708"
"47","2017-04-16","","","","-1.0","-46.5713312816","-23.4458702708"
"47","2017-04-17","0.08","1.7","0.57","-287.0","-46.5713312816","-23.4458702708"
"47","2017-04-18","0.0","0.0","0.0","0.0","-46.5713312816","-23.4458702708"
"47","2017-04-19","0.0","0.0","0.0","0.0","-46.5713312816","-23.4458702708"
"47","2017-04-20","","","","-1.0","-46.5713312816","-23.4458702708"
"47","2017-04-21","6.29","26.2","13.45","-288.0","-46.5713312816","-23.4458702708"
"47","2017-04-22","1.05","4.71","2.41","-287.0","-46.5713312816","-23.4458702708"
"47","2017-04-23","0.0","0.0","0.0","0.0","-46.5713312816","-23.4458702708"
"47","2017-04-24","0.0","0.0","0.0","0.0","-46.5713312816","-23.4458702708"
"47","2017-04-25","","","","-1.0","-46.5713312816","-23.4458702708"
"47","2017-04-26","4.49","21.93","10.92","-288.0","-46.5713312816","-23.4458702708"
"47","2017-04-27","1.46","3.99","2.54","-287.0","-46.5713312816","-23.4458702708"
"47","2017-04-28","0.0","0.0","0.0","0.0","-46.5713312816","-23.4458702708"
"47","2017-04-29","0.0","0.0","0.0","0.0","-46.5713312816","-23.4458702708"
"47","2017-04-30","0.0","0.0","0.0","0.0","-46.5713312816","-23.4458702708"
"47","2017-05-01","","","","-1.0","-46.5713312816","-23.4458702708"
"47","2017-05-02","0.0","0.03","0.01","-287.0","-46.5713312816","-23.4458702708"
"47","2017-05-03","0.0","0.0","0.0","0.0","-46.5713312816","-23.4458702708"
"47","2017-05-04","","","","-1.0","-46.5713312816","-23.4458702708"
"47","2017-05-05","3.94","28.64","11.36","-288.0","-46.5713312816","-23.4458702708"
"47","2017-05-06","2.81","18.44","8.49","-288.0","-46.5713312816","-23.4458702708"
"47","2017-05-07","0.0","0.11","0.02","-287.0","-46.5713312816","-23.4458702708"
"47","2017-05-08","0.0","0.0","0.0","0.0","-46.5713312816","-23.4458702708"
"47","2017-05-09","0.0","0.0","0.0","0.0","-46.5713312816","-23.4458702708"
"47","2017-05-10","0.0","0.0","0.0","0.0","-46.5713312816","-23.4458702708"
"47","2017-05-11","0.0","0.0","0.0","0.0","-46.5713312816","-23.4458702708"
"47","2017-05-12","0.0","0.0","0.0","0.0","-46.5713312816","-23.4458702708"
"47","2017-05-13","","","","-1.0","-46.5713312816","-23.4458702708"
"47","2017-05-14","0.02","0.42","0.13","-287.0","-46.5713312816","-23.4458702708"
"47","2017-05-15","0.0","0.0","0.0","0.0","-46.5713312816","-23.4458702708"
"47","2017-05-16","0.0","0.0","0.0","0.0","-46.5713312816","-23.4458702708"
"47","2017-05-17","","","","-1.0","-46.5713312816","-23.4458702708"
"47","2017-05-18","1.01","6.04","3.04","-288.0","-46.5713312816","-23.4458702708"
"47","2017-05-19","19.2","101.99","47.35","-288.0","-46.5713312816","-23.4458702708"
"47","2017-05-20","0.37","1.7","0.96","-288.0","-46.5713312816","-23.4458702708"
"47","2017-05-21","15.0","59.94","30.83","-288.0","-46.5713312816","-23.4458702708"
"47","2017-05-22","6.06","28.04","13.87","-287.0","-46.5713312816","-23.4458702708"
"47","2017-05-23","0.0","0.0","0.0","0.0","-46.5713312816","-23.4458702708"
"47","2017-05-24","0.0","0.0","0.0","0.0","-46.5713312816","-23.4458702708"
"47","2017-05-25","0.0","0.0","0.0","0.0","-46.5713312816","-23.4458702708"
"47","2017-05-26","0.0","0.0","0.0","0.0","-46.5713312816","-23.4458702708"
"47","2017-05-27","0.0","0.0","0.0","0.0","-46.5713312816","-23.4458702708"
"47","2017-05-28","0.0","0.0","0.0","0.0","-46.5713312816","-23.4458702708"
"47","2017-05-29","0.0","0.0","0.0","0.0","-46.5713312816","-23.4458702708"
"47","2017-05-30","0.0","0.0","0.0","0.0","-46.5713312816","-23.4458702708"
"47","2017-05-31","0.0","0.0","0.0","0.0","-46.5713312816","-23.4458702708"
"47","2017-06-01","0.0","0.0","0.0","0.0","-46.5713312816","-23.4458702708"
"47","2017-06-02","0.0","0.0","0.0","0.0","-46.5713312816","-23.4458702708"
"47","2017-06-03","0.0","0.0","0.0","0.0","-46.5713312816","-23.4458702708"
"47","2017-06-04","","","","-1.0","-46.5713312816","-23.4458702708"
"47","2017-06-05","16.61","87.03","42.06","-288.0","-46.5713312816","-23.4458702708"
"47","2017-06-06","15.1","70.27","34.99","-288.0","-46.5713312816","-23.4458702708"
"47","2017-06-07","4.56","33.08","14.81","-287.0","-46.5713312816","-23.4458702708"
"47","2017-06-08","","","","-1.0","-46.5713312816","-23.4458702708"
"47","2017-06-09","0.06","1.88","0.48","-288.0","-46.5713312816","-23.4458702708"
"47","2017-06-10","0.0","0.0","0.0","-287.0","-46.5713312816","-23.4458702708"
"47","2017-06-11","","","","-1.0","-46.5713312816","-23.4458702708"
"47","2017-06-12","0.0","0.0","0.0","-288.0","-46.5713312816","-23.4458702708"
"47","2017-06-13","9.13","61.58","24.66","-288.0","-46.5713312816","-23.4458702708"
"47","2017-06-14","1.09","9.05","3.86","-287.0","-46.5713312816","-23.4458702708"
"48","2016-10-31","","","","-1.0","-46.4687843966","-23.4818035779"
"48","2016-11-01","0.0","0.01","0.0","-288.0","-46.4687843966","-23.4818035779"
"48","2016-11-02","0.49","5.05","2.34","-288.0","-46.4687843966","-23.4818035779"
"48","2016-11-03","4.93","9.72","7.24","-288.0","-46.4687843966","-23.4818035779"
"48","2016-11-04","1.07","2.06","1.55","-288.0","-46.4687843966","-23.4818035779"
"48","2016-11-05","0.0","0.0","0.0","-288.0","-46.4687843966","-23.4818035779"
"48","2016-11-06","1.46","5.5","3.19","-288.0","-46.4687843966","-23.4818035779"
"48","2016-11-07","0.02","0.22","0.1","-288.0","-46.4687843966","-23.4818035779"
"48","2016-11-08","0.55","3.54","1.48","-288.0","-46.4687843966","-23.4818035779"
"48","2016-11-09","13.21","25.25","18.88","-288.0","-46.4687843966","-23.4818035779"
"48","2016-11-10","4.36","9.08","6.66","-288.0","-46.4687843966","-23.4818035779"
"48","2016-11-11","0.07","0.39","0.15","-288.0","-46.4687843966","-23.4818035779"
"48","2016-11-12","1.26","2.62","1.88","-288.0","-46.4687843966","-23.4818035779"
"48","2016-11-13","16.4","34.13","24.89","-288.0","-46.4687843966","-23.4818035779"
"48","2016-11-14","15.05","26.74","20.84","-287.0","-46.4687843966","-23.4818035779"
"48","2016-11-15","","","","-1.0","-46.4687843966","-23.4818035779"
"48","2016-11-16","20.39","40.44","29.89","-288.0","-46.4687843966","-23.4818035779"
"48","2016-11-17","0.64","1.84","1.15","-288.0","-46.4687843966","-23.4818035779"
"48","2016-11-18","0.03","0.14","0.06","-287.0","-46.4687843966","-23.4818035779"
"48","2016-11-19","0.0","0.0","0.0","0.0","-46.4687843966","-23.4818035779"
"48","2016-11-20","0.0","0.0","0.0","0.0","-46.4687843966","-23.4818035779"
"48","2016-11-21","0.0","0.0","0.0","0.0","-46.4687843966","-23.4818035779"
"48","2016-11-22","","","","-1.0","-46.4687843966","-23.4818035779"
"48","2016-11-23","5.73","11.05","8.14","-288.0","-46.4687843966","-23.4818035779"
"48","2016-11-24","0.0","0.0","0.0","-287.0","-46.4687843966","-23.4818035779"
"48","2016-11-25","0.0","0.0","0.0","0.0","-46.4687843966","-23.4818035779"
"48","2016-11-26","","","","-1.0","-46.4687843966","-23.4818035779"
"48","2016-11-27","0.89","2.95","1.76","-288.0","-46.4687843966","-23.4818035779"
"48","2016-11-28","0.29","1.14","0.64","-288.0","-46.4687843966","-23.4818035779"
"48","2016-11-29","18.64","38.91","28.42","-288.0","-46.4687843966","-23.4818035779"
"48","2016-11-30","0.0","0.0","0.0","-287.0","-46.4687843966","-23.4818035779"
"48","2016-12-01","0.0","0.0","0.0","0.0","-46.4687843966","-23.4818035779"
"48","2016-12-02","","","","-1.0","-46.4687843966","-23.4818035779"
"48","2016-12-03","11.53","22.27","16.83","-288.0","-46.4687843966","-23.4818035779"
"48","2016-12-04","1.35","2.44","1.84","-288.0","-46.4687843966","-23.4818035779"
"48","2016-12-05","0.18","0.41","0.27","-287.0","-46.4687843966","-23.4818035779"
"48","2016-12-06","","","","-1.0","-46.4687843966","-23.4818035779"
"48","2016-12-07","8.0","16.14","11.78","-288.0","-46.4687843966","-23.4818035779"
"48","2016-12-08","0.02","0.12","0.06","-288.0","-46.4687843966","-23.4818035779"
"48","2016-12-09","1.98","4.32","3.05","-288.0","-46.4687843966","-23.4818035779"
"48","2016-12-10","1.68","4.14","2.6","-288.0","-46.4687843966","-23.4818035779"
"48","2016-12-11","16.94","32.01","24.95","-288.0","-46.4687843966","-23.4818035779"
"48","2016-12-12","9.77","21.8","15.57","-288.0","-46.4687843966","-23.4818035779"
"48","2016-12-13","0.77","2.32","1.55","-288.0","-46.4687843966","-23.4818035779"
"48","2016-12-14","0.0","0.02","0.0","-288.0","-46.4687843966","-23.4818035779"
"48","2016-12-15","0.0","0.0","0.0","-287.0","-46.4687843966","-23.4818035779"
"48","2016-12-16","0.0","0.0","0.0","0.0","-46.4687843966","-23.4818035779"
"48","2016-12-17","","","","-1.0","-46.4687843966","-23.4818035779"
"48","2016-12-18","8.6","28.91","18.34","-288.0","-46.4687843966","-23.4818035779"
"48","2016-12-19","0.61","4.49","1.96","-288.0","-46.4687843966","-23.4818035779"
"48","2016-12-20","2.73","9.66","5.37","-288.0","-46.4687843966","-23.4818035779"
"48","2016-12-21","1.12","2.43","1.72","-288.0","-46.4687843966","-23.4818035779"
"48","2016-12-22","0.1","0.37","0.22","-288.0","-46.4687843966","-23.4818035779"
"48","2016-12-23","10.77","28.65","18.19","-288.0","-46.4687843966","-23.4818035779"
"48","2016-12-24","2.32","5.21","3.71","-288.0","-46.4687843966","-23.4818035779"
"48","2016-12-25","0.0","0.0","0.0","-288.0","-46.4687843966","-23.4818035779"
"48","2016-12-26","0.0","0.0","0.0","-288.0","-46.4687843966","-23.4818035779"
"48","2016-12-27","0.0","0.05","0.01","-288.0","-46.4687843966","-23.4818035779"
"48","2016-12-28","0.05","0.31","0.15","-288.0","-46.4687843966","-23.4818035779"
"48","2016-12-29","1.38","7.0","3.23","-288.0","-46.4687843966","-23.4818035779"
"48","2016-12-30","0.0","0.07","0.01","-288.0","-46.4687843966","-23.4818035779"
"48","2016-12-31","1.73","3.48","2.34","-287.0","-46.4687843966","-23.4818035779"
"48","2017-01-01","","","","-1.0","-46.4687843966","-23.4818035779"
"48","2017-01-02","13.29","32.85","22.49","-288.0","-46.4687843966","-23.4818035779"
"48","2017-01-03","9.69","26.7","16.99","-288.0","-46.4687843966","-23.4818035779"
"48","2017-01-04","1.07","1.72","1.38","-288.0","-46.4687843966","-23.4818035779"
"48","2017-01-05","0.07","0.24","0.13","-288.0","-46.4687843966","-23.4818035779"
"48","2017-01-06","1.72","3.46","2.48","-288.0","-46.4687843966","-23.4818035779"
"48","2017-01-07","4.42","8.5","6.43","-288.0","-46.4687843966","-23.4818035779"
"48","2017-01-08","4.0","10.53","6.81","-288.0","-46.4687843966","-23.4818035779"
"48","2017-01-09","3.3","10.57","6.65","-288.0","-46.4687843966","-23.4818035779"
"48","2017-01-10","3.09","7.49","5.04","-288.0","-46.4687843966","-23.4818035779"
"48","2017-01-11","4.0","7.75","5.81","-288.0","-46.4687843966","-23.4818035779"
"48","2017-01-12","4.2","24.14","11.77","-288.0","-46.4687843966","-23.4818035779"
"48","2017-01-13","0.1","0.52","0.31","-288.0","-46.4687843966","-23.4818035779"
"48","2017-01-14","0.17","0.46","0.3","-288.0","-46.4687843966","-23.4818035779"
"48","2017-01-15","0.58","2.1","1.19","-288.0","-46.4687843966","-23.4818035779"
"48","2017-01-16","25.59","48.71","35.87","-288.0","-46.4687843966","-23.4818035779"
"48","2017-01-17","25.44","50.4","36.97","-288.0","-46.4687843966","-23.4818035779"
"48","2017-01-18","19.66","46.61","32.34","-288.0","-46.4687843966","-23.4818035779"
"48","2017-01-19","8.14","15.16","11.25","-288.0","-46.4687843966","-23.4818035779"
"48","2017-01-20","14.54","25.51","19.99","-288.0","-46.4687843966","-23.4818035779"
"48","2017-01-21","29.89","73.85","50.18","-288.0","-46.4687843966","-23.4818035779"
"48","2017-01-22","8.96","18.83","13.7","-288.0","-46.4687843966","-23.4818035779"
"48","2017-01-23","2.24","9.03","5.19","-288.0","-46.4687843966","-23.4818035779"
"48","2017-01-24","0.84","2.14","1.48","-288.0","-46.4687843966","-23.4818035779"
"48","2017-01-25","3.82","9.78","6.57","-288.0","-46.4687843966","-23.4818035779"
"48","2017-01-26","15.55","24.3","20.02","-288.0","-46.4687843966","-23.4818035779"
"48","2017-01-27","2.83","8.16","5.04","-288.0","-46.4687843966","-23.4818035779"
"48","2017-01-28","0.0","0.0","0.0","-288.0","-46.4687843966","-23.4818035779"
"48","2017-01-29","0.0","0.02","0.0","-288.0","-46.4687843966","-23.4818035779"
"48","2017-01-30","2.85","5.59","4.1","-288.0","-46.4687843966","-23.4818035779"
"48","2017-01-31","0.85","2.68","1.63","-288.0","-46.4687843966","-23.4818035779"
"48","2017-02-01","12.8","38.19","24.22","-288.0","-46.4687843966","-23.4818035779"
"48","2017-02-02","2.8","6.81","4.6","-288.0","-46.4687843966","-23.4818035779"
"48","2017-02-03","0.99","1.83","1.4","-288.0","-46.4687843966","-23.4818035779"
"48","2017-02-04","2.97","8.2","5.39","-288.0","-46.4687843966","-23.4818035779"
"48","2017-02-05","0.0","0.0","0.0","-288.0","-46.4687843966","-23.4818035779"
"48","2017-02-06","27.54","56.44","40.58","-288.0","-46.4687843966","-23.4818035779"
"48","2017-02-07","0.03","0.18","0.09","-288.0","-46.4687843966","-23.4818035779"
"48","2017-02-08","0.0","0.0","0.0","-287.0","-46.4687843966","-23.4818035779"
"48","2017-02-09","0.0","0.0","0.0","0.0","-46.4687843966","-23.4818035779"
"48","2017-02-10","0.0","0.0","0.0","0.0","-46.4687843966","-23.4818035779"
"48","2017-02-11","0.0","0.0","0.0","0.0","-46.4687843966","-23.4818035779"
"48","2017-02-12","0.0","0.0","0.0","0.0","-46.4687843966","-23.4818035779"
"48","2017-02-13","0.0","0.0","0.0","0.0","-46.4687843966","-23.4818035779"
"48","2017-02-14","0.0","0.0","0.0","0.0","-46.4687843966","-23.4818035779"
"48","2017-02-15","0.0","0.0","0.0","0.0","-46.4687843966","-23.4818035779"
"48","2017-02-16","","","","-1.0","-46.4687843966","-23.4818035779"
"48","2017-02-17","0.0","0.02","0.0","-288.0","-46.4687843966","-23.4818035779"
"48","2017-02-18","0.0","0.0","0.0","-287.0","-46.4687843966","-23.4818035779"
"48","2017-02-19","0.0","0.0","0.0","0.0","-46.4687843966","-23.4818035779"
"48","2017-02-20","0.0","0.0","0.0","0.0","-46.4687843966","-23.4818035779"
"48","2017-02-21","","","","-1.0","-46.4687843966","-23.4818035779"
"48","2017-02-22","2.15","5.98","3.95","-288.0","-46.4687843966","-23.4818035779"
"48","2017-02-23","0.0","0.0","0.0","-288.0","-46.4687843966","-23.4818035779"
"48","2017-02-24","13.62","29.04","21.36","-288.0","-46.4687843966","-23.4818035779"
"48","2017-02-25","5.83","13.79","9.16","-288.0","-46.4687843966","-23.4818035779"
"48","2017-02-26","4.2","17.77","10.46","-288.0","-46.4687843966","-23.4818035779"
"48","2017-02-27","0.13","0.47","0.25","-288.0","-46.4687843966","-23.4818035779"
"48","2017-02-28","1.63","8.14","4.1","-288.0","-46.4687843966","-23.4818035779"
"48","2017-03-01","0.0","0.03","0.0","-288.0","-46.4687843966","-23.4818035779"
"48","2017-03-02","5.8","15.96","10.67","-288.0","-46.4687843966","-23.4818035779"
"48","2017-03-03","15.89","32.81","23.89","-288.0","-46.4687843966","-23.4818035779"
"48","2017-03-04","1.13","6.59","3.63","-288.0","-46.4687843966","-23.4818035779"
"48","2017-03-05","1.04","3.86","2.21","-288.0","-46.4687843966","-23.4818035779"
"48","2017-03-06","22.21","46.24","33.63","-288.0","-46.4687843966","-23.4818035779"
"48","2017-03-07","8.55","20.82","14.28","-288.0","-46.4687843966","-23.4818035779"
"48","2017-03-08","4.2","7.57","5.79","-288.0","-46.4687843966","-23.4818035779"
"48","2017-03-09","0.0","0.0","0.0","-288.0","-46.4687843966","-23.4818035779"
"48","2017-03-10","2.74","10.83","5.57","-288.0","-46.4687843966","-23.4818035779"
"48","2017-03-11","1.05","9.4","4.69","-288.0","-46.4687843966","-23.4818035779"
"48","2017-03-12","0.0","0.07","0.04","-288.0","-46.4687843966","-23.4818035779"
"48","2017-03-13","0.03","0.09","0.06","-288.0","-46.4687843966","-23.4818035779"
"48","2017-03-14","3.71","8.17","5.81","-288.0","-46.4687843966","-23.4818035779"
"48","2017-03-15","1.45","2.92","2.11","-288.0","-46.4687843966","-23.4818035779"
"48","2017-03-16","0.0","0.03","0.01","-288.0","-46.4687843966","-23.4818035779"
"48","2017-03-17","1.74","4.15","2.98","-288.0","-46.4687843966","-23.4818035779"
"48","2017-03-18","0.06","0.29","0.13","-288.0","-46.4687843966","-23.4818035779"
"48","2017-03-19","1.09","2.38","1.69","-288.0","-46.4687843966","-23.4818035779"
"48","2017-03-20","0.0","0.01","0.01","-287.0","-46.4687843966","-23.4818035779"
"48","2017-03-21","0.0","0.0","0.0","0.0","-46.4687843966","-23.4818035779"
"48","2017-03-22","0.0","0.0","0.0","0.0","-46.4687843966","-23.4818035779"
"48","2017-03-23","","","","-1.0","-46.4687843966","-23.4818035779"
"48","2017-03-24","4.77","10.87","7.38","-288.0","-46.4687843966","-23.4818035779"
"48","2017-03-25","0.41","1.46","0.85","-287.0","-46.4687843966","-23.4818035779"
"48","2017-03-26","","","","-1.0","-46.4687843966","-23.4818035779"
"48","2017-03-27","0.67","1.5","1.02","-288.0","-46.4687843966","-23.4818035779"
"48","2017-03-28","0.02","0.14","0.06","-288.0","-46.4687843966","-23.4818035779"
"48","2017-03-29","0.01","0.01","0.01","-287.0","-46.4687843966","-23.4818035779"
"48","2017-03-30","0.0","0.0","0.0","0.0","-46.4687843966","-23.4818035779"
"48","2017-03-31","0.0","0.0","0.0","0.0","-46.4687843966","-23.4818035779"
"48","2017-04-01","0.0","0.0","0.0","0.0","-46.4687843966","-23.4818035779"
"48","2017-04-02","0.0","0.0","0.0","0.0","-46.4687843966","-23.4818035779"
"48","2017-04-03","0.0","0.0","0.0","0.0","-46.4687843966","-23.4818035779"
"48","2017-04-04","","","","-1.0","-46.4687843966","-23.4818035779"
"48","2017-04-05","0.0","0.0","0.0","-288.0","-46.4687843966","-23.4818035779"
"48","2017-04-06","7.47","13.03","10.15","-288.0","-46.4687843966","-23.4818035779"
"48","2017-04-07","13.58","26.56","19.5","-288.0","-46.4687843966","-23.4818035779"
"48","2017-04-08","0.0","0.0","0.0","-287.0","-46.4687843966","-23.4818035779"
"48","2017-04-09","","","","-1.0","-46.4687843966","-23.4818035779"
"48","2017-04-10","0.0","0.07","0.04","-288.0","-46.4687843966","-23.4818035779"
"48","2017-04-11","0.35","1.13","0.71","-288.0","-46.4687843966","-23.4818035779"
"48","2017-04-12","0.32","0.69","0.5","-287.0","-46.4687843966","-23.4818035779"
"48","2017-04-13","0.0","0.0","0.0","0.0","-46.4687843966","-23.4818035779"
"48","2017-04-14","0.0","0.0","0.0","0.0","-46.4687843966","-23.4818035779"
"48","2017-04-15","0.0","0.0","0.0","0.0","-46.4687843966","-23.4818035779"
"48","2017-04-16","","","","-1.0","-46.4687843966","-23.4818035779"
"48","2017-04-17","0.35","0.81","0.53","-287.0","-46.4687843966","-23.4818035779"
"48","2017-04-18","0.0","0.0","0.0","0.0","-46.4687843966","-23.4818035779"
"48","2017-04-19","0.0","0.0","0.0","0.0","-46.4687843966","-23.4818035779"
"48","2017-04-20","","","","-1.0","-46.4687843966","-23.4818035779"
"48","2017-04-21","10.84","19.36","14.96","-288.0","-46.4687843966","-23.4818035779"
"48","2017-04-22","1.03","1.99","1.42","-287.0","-46.4687843966","-23.4818035779"
"48","2017-04-23","0.0","0.0","0.0","0.0","-46.4687843966","-23.4818035779"
"48","2017-04-24","0.0","0.0","0.0","0.0","-46.4687843966","-23.4818035779"
"48","2017-04-25","","","","-1.0","-46.4687843966","-23.4818035779"
"48","2017-04-26","7.14","12.81","9.86","-288.0","-46.4687843966","-23.4818035779"
"48","2017-04-27","1.89","2.97","2.39","-287.0","-46.4687843966","-23.4818035779"
"48","2017-04-28","0.0","0.0","0.0","0.0","-46.4687843966","-23.4818035779"
"48","2017-04-29","0.0","0.0","0.0","0.0","-46.4687843966","-23.4818035779"
"48","2017-04-30","0.0","0.0","0.0","0.0","-46.4687843966","-23.4818035779"
"48","2017-05-01","","","","-1.0","-46.4687843966","-23.4818035779"
"48","2017-05-02","0.0","0.01","0.0","-287.0","-46.4687843966","-23.4818035779"
"48","2017-05-03","0.0","0.0","0.0","0.0","-46.4687843966","-23.4818035779"
"48","2017-05-04","","","","-1.0","-46.4687843966","-23.4818035779"
"48","2017-05-05","6.41","11.46","9.24","-288.0","-46.4687843966","-23.4818035779"
"48","2017-05-06","5.57","15.65","9.92","-288.0","-46.4687843966","-23.4818035779"
"48","2017-05-07","0.0","0.0","0.0","-287.0","-46.4687843966","-23.4818035779"
"48","2017-05-08","0.0","0.0","0.0","0.0","-46.4687843966","-23.4818035779"
"48","2017-05-09","0.0","0.0","0.0","0.0","-46.4687843966","-23.4818035779"
"48","2017-05-10","0.0","0.0","0.0","0.0","-46.4687843966","-23.4818035779"
"48","2017-05-11","0.0","0.0","0.0","0.0","-46.4687843966","-23.4818035779"
"48","2017-05-12","0.0","0.0","0.0","0.0","-46.4687843966","-23.4818035779"
"48","2017-05-13","","","","-1.0","-46.4687843966","-23.4818035779"
"48","2017-05-14","0.17","0.49","0.33","-287.0","-46.4687843966","-23.4818035779"
"48","2017-05-15","0.0","0.0","0.0","0.0","-46.4687843966","-23.4818035779"
"48","2017-05-16","0.0","0.0","0.0","0.0","-46.4687843966","-23.4818035779"
"48","2017-05-17","","","","-1.0","-46.4687843966","-23.4818035779"
"48","2017-05-18","1.07","2.9","1.96","-288.0","-46.4687843966","-23.4818035779"
"48","2017-05-19","30.59","58.03","43.76","-288.0","-46.4687843966","-23.4818035779"
"48","2017-05-20","0.59","1.12","0.83","-288.0","-46.4687843966","-23.4818035779"
"48","2017-05-21","23.64","42.41","32.61","-288.0","-46.4687843966","-23.4818035779"
"48","2017-05-22","7.11","12.75","9.62","-287.0","-46.4687843966","-23.4818035779"
"48","2017-05-23","0.0","0.0","0.0","0.0","-46.4687843966","-23.4818035779"
"48","2017-05-24","0.0","0.0","0.0","0.0","-46.4687843966","-23.4818035779"
"48","2017-05-25","0.0","0.0","0.0","0.0","-46.4687843966","-23.4818035779"
"48","2017-05-26","0.0","0.0","0.0","0.0","-46.4687843966","-23.4818035779"
"48","2017-05-27","0.0","0.0","0.0","0.0","-46.4687843966","-23.4818035779"
"48","2017-05-28","0.0","0.0","0.0","0.0","-46.4687843966","-23.4818035779"
"48","2017-05-29","0.0","0.0","0.0","0.0","-46.4687843966","-23.4818035779"
"48","2017-05-30","0.0","0.0","0.0","0.0","-46.4687843966","-23.4818035779"
"48","2017-05-31","0.0","0.0","0.0","0.0","-46.4687843966","-23.4818035779"
"48","2017-06-01","0.0","0.0","0.0","0.0","-46.4687843966","-23.4818035779"
"48","2017-06-02","0.0","0.0","0.0","0.0","-46.4687843966","-23.4818035779"
"48","2017-06-03","0.0","0.0","0.0","0.0","-46.4687843966","-23.4818035779"
"48","2017-06-04","","","","-1.0","-46.4687843966","-23.4818035779"
"48","2017-06-05","25.63","57.51","40.75","-288.0","-46.4687843966","-23.4818035779"
"48","2017-06-06","19.62","40.72","29.2","-288.0","-46.4687843966","-23.4818035779"
"48","2017-06-07","8.66","21.65","14.2","-287.0","-46.4687843966","-23.4818035779"
"48","2017-06-08","","","","-1.0","-46.4687843966","-23.4818035779"
"48","2017-06-09","0.42","0.93","0.62","-288.0","-46.4687843966","-23.4818035779"
"48","2017-06-10","0.0","0.0","0.0","-287.0","-46.4687843966","-23.4818035779"
"48","2017-06-11","","","","-1.0","-46.4687843966","-23.4818035779"
"48","2017-06-12","0.0","0.0","0.0","-288.0","-46.4687843966","-23.4818035779"
"48","2017-06-13","14.82","40.05","25.81","-288.0","-46.4687843966","-23.4818035779"
"48","2017-06-14","1.68","3.93","2.65","-287.0","-46.4687843966","-23.4818035779"
"49","2016-10-31","","","","-1.0","-46.3924263462","-23.4790097113"
"49","2016-11-01","0.0","0.01","0.0","-288.0","-46.3924263462","-23.4790097113"
"49","2016-11-02","0.92","5.36","2.1","-288.0","-46.3924263462","-23.4790097113"
"49","2016-11-03","2.94","15.96","8.1","-288.0","-46.3924263462","-23.4790097113"
"49","2016-11-04","1.04","3.84","2.35","-288.0","-46.3924263462","-23.4790097113"
"49","2016-11-05","0.0","0.0","0.0","-288.0","-46.3924263462","-23.4790097113"
"49","2016-11-06","2.12","19.83","9.46","-288.0","-46.3924263462","-23.4790097113"
"49","2016-11-07","0.0","0.29","0.05","-288.0","-46.3924263462","-23.4790097113"
"49","2016-11-08","0.09","5.81","1.68","-288.0","-46.3924263462","-23.4790097113"
"49","2016-11-09","16.33","40.0","28.86","-288.0","-46.3924263462","-23.4790097113"
"49","2016-11-10","2.66","10.52","5.99","-288.0","-46.3924263462","-23.4790097113"
"49","2016-11-11","0.03","0.66","0.12","-288.0","-46.3924263462","-23.4790097113"
"49","2016-11-12","2.31","11.53","5.97","-288.0","-46.3924263462","-23.4790097113"
"49","2016-11-13","13.64","38.53","23.87","-288.0","-46.3924263462","-23.4790097113"
"49","2016-11-14","14.06","30.37","21.49","-287.0","-46.3924263462","-23.4790097113"
"49","2016-11-15","","","","-1.0","-46.3924263462","-23.4790097113"
"49","2016-11-16","3.36","26.7","12.73","-288.0","-46.3924263462","-23.4790097113"
"49","2016-11-17","0.14","3.31","1.17","-288.0","-46.3924263462","-23.4790097113"
"49","2016-11-18","0.04","1.11","0.39","-287.0","-46.3924263462","-23.4790097113"
"49","2016-11-19","0.0","0.0","0.0","0.0","-46.3924263462","-23.4790097113"
"49","2016-11-20","0.0","0.0","0.0","0.0","-46.3924263462","-23.4790097113"
"49","2016-11-21","0.0","0.0","0.0","0.0","-46.3924263462","-23.4790097113"
"49","2016-11-22","","","","-1.0","-46.3924263462","-23.4790097113"
"49","2016-11-23","4.74","16.64","9.54","-288.0","-46.3924263462","-23.4790097113"
"49","2016-11-24","0.0","0.01","0.0","-287.0","-46.3924263462","-23.4790097113"
"49","2016-11-25","0.0","0.0","0.0","0.0","-46.3924263462","-23.4790097113"
"49","2016-11-26","","","","-1.0","-46.3924263462","-23.4790097113"
"49","2016-11-27","0.18","7.15","2.29","-288.0","-46.3924263462","-23.4790097113"
"49","2016-11-28","0.02","2.93","1.01","-288.0","-46.3924263462","-23.4790097113"
"49","2016-11-29","5.93","32.21","15.51","-288.0","-46.3924263462","-23.4790097113"
"49","2016-11-30","0.0","0.0","0.0","-287.0","-46.3924263462","-23.4790097113"
"49","2016-12-01","0.0","0.0","0.0","0.0","-46.3924263462","-23.4790097113"
"49","2016-12-02","","","","-1.0","-46.3924263462","-23.4790097113"
"49","2016-12-03","16.01","42.33","27.96","-288.0","-46.3924263462","-23.4790097113"
"49","2016-12-04","1.26","2.8","1.93","-288.0","-46.3924263462","-23.4790097113"
"49","2016-12-05","0.05","0.51","0.17","-287.0","-46.3924263462","-23.4790097113"
"49","2016-12-06","","","","-1.0","-46.3924263462","-23.4790097113"
"49","2016-12-07","2.8","21.38","8.86","-288.0","-46.3924263462","-23.4790097113"
"49","2016-12-08","0.0","0.15","0.03","-288.0","-46.3924263462","-23.4790097113"
"49","2016-12-09","1.44","4.81","2.77","-288.0","-46.3924263462","-23.4790097113"
"49","2016-12-10","0.94","4.54","2.25","-288.0","-46.3924263462","-23.4790097113"
"49","2016-12-11","2.53","22.39","10.42","-288.0","-46.3924263462","-23.4790097113"
"49","2016-12-12","4.47","26.65","13.31","-288.0","-46.3924263462","-23.4790097113"
"49","2016-12-13","0.0","0.19","0.01","-288.0","-46.3924263462","-23.4790097113"
"49","2016-12-14","0.0","0.02","0.0","-288.0","-46.3924263462","-23.4790097113"
"49","2016-12-15","0.0","0.0","0.0","-287.0","-46.3924263462","-23.4790097113"
"49","2016-12-16","0.0","0.0","0.0","0.0","-46.3924263462","-23.4790097113"
"49","2016-12-17","","","","-1.0","-46.3924263462","-23.4790097113"
"49","2016-12-18","9.56","57.75","28.31","-288.0","-46.3924263462","-23.4790097113"
"49","2016-12-19","2.17","40.73","18.0","-288.0","-46.3924263462","-23.4790097113"
"49","2016-12-20","3.99","22.43","10.77","-288.0","-46.3924263462","-23.4790097113"
"49","2016-12-21","0.89","6.18","2.81","-288.0","-46.3924263462","-23.4790097113"
"49","2016-12-22","0.53","2.61","1.35","-288.0","-46.3924263462","-23.4790097113"
"49","2016-12-23","8.8","34.37","18.9","-288.0","-46.3924263462","-23.4790097113"
"49","2016-12-24","1.33","4.81","2.73","-288.0","-46.3924263462","-23.4790097113"
"49","2016-12-25","0.0","0.06","0.0","-288.0","-46.3924263462","-23.4790097113"
"49","2016-12-26","0.0","0.05","0.0","-288.0","-46.3924263462","-23.4790097113"
"49","2016-12-27","0.0","0.17","0.01","-288.0","-46.3924263462","-23.4790097113"
"49","2016-12-28","0.0","0.64","0.17","-288.0","-46.3924263462","-23.4790097113"
"49","2016-12-29","0.0","0.71","0.12","-288.0","-46.3924263462","-23.4790097113"
"49","2016-12-30","0.0","0.23","0.04","-288.0","-46.3924263462","-23.4790097113"
"49","2016-12-31","0.02","2.19","0.49","-287.0","-46.3924263462","-23.4790097113"
"49","2017-01-01","","","","-1.0","-46.3924263462","-23.4790097113"
"49","2017-01-02","13.35","49.68","31.35","-288.0","-46.3924263462","-23.4790097113"
"49","2017-01-03","9.26","36.91","19.43","-288.0","-46.3924263462","-23.4790097113"
"49","2017-01-04","0.39","1.29","0.77","-288.0","-46.3924263462","-23.4790097113"
"49","2017-01-05","0.08","0.47","0.23","-288.0","-46.3924263462","-23.4790097113"
"49","2017-01-06","1.37","3.51","2.18","-288.0","-46.3924263462","-23.4790097113"
"49","2017-01-07","4.25","15.19","8.9","-288.0","-46.3924263462","-23.4790097113"
"49","2017-01-08","3.57","15.31","8.19","-288.0","-46.3924263462","-23.4790097113"
"49","2017-01-09","3.1","19.3","8.35","-288.0","-46.3924263462","-23.4790097113"
"49","2017-01-10","1.47","10.97","5.31","-288.0","-46.3924263462","-23.4790097113"
"49","2017-01-11","4.21","13.36","7.74","-288.0","-46.3924263462","-23.4790097113"
"49","2017-01-12","3.7","15.0","8.29","-288.0","-46.3924263462","-23.4790097113"
"49","2017-01-13","0.42","1.51","0.79","-288.0","-46.3924263462","-23.4790097113"
"49","2017-01-14","0.0","0.11","0.01","-288.0","-46.3924263462","-23.4790097113"
"49","2017-01-15","0.19","3.26","1.26","-288.0","-46.3924263462","-23.4790097113"
"49","2017-01-16","10.76","75.63","33.34","-288.0","-46.3924263462","-23.4790097113"
"49","2017-01-17","16.32","54.72","31.47","-288.0","-46.3924263462","-23.4790097113"
"49","2017-01-18","14.33","48.18","28.3","-288.0","-46.3924263462","-23.4790097113"
"49","2017-01-19","6.14","24.94","14.01","-288.0","-46.3924263462","-23.4790097113"
"49","2017-01-20","13.32","35.36","23.33","-288.0","-46.3924263462","-23.4790097113"
"49","2017-01-21","17.11","68.97","37.34","-288.0","-46.3924263462","-23.4790097113"
"49","2017-01-22","8.16","31.89","17.81","-288.0","-46.3924263462","-23.4790097113"
"49","2017-01-23","2.49","11.81","5.91","-288.0","-46.3924263462","-23.4790097113"
"49","2017-01-24","0.17","3.09","0.93","-288.0","-46.3924263462","-23.4790097113"
"49","2017-01-25","2.11","9.53","5.06","-288.0","-46.3924263462","-23.4790097113"
"49","2017-01-26","8.41","22.69","14.22","-288.0","-46.3924263462","-23.4790097113"
"49","2017-01-27","2.65","23.36","11.31","-288.0","-46.3924263462","-23.4790097113"
"49","2017-01-28","0.0","0.01","0.0","-288.0","-46.3924263462","-23.4790097113"
"49","2017-01-29","0.0","0.08","0.0","-288.0","-46.3924263462","-23.4790097113"
"49","2017-01-30","1.5","5.44","3.17","-288.0","-46.3924263462","-23.4790097113"
"49","2017-01-31","0.22","1.0","0.51","-288.0","-46.3924263462","-23.4790097113"
"49","2017-02-01","14.0","79.74","41.21","-288.0","-46.3924263462","-23.4790097113"
"49","2017-02-02","1.48","5.91","3.11","-288.0","-46.3924263462","-23.4790097113"
"49","2017-02-03","0.98","5.79","2.86","-288.0","-46.3924263462","-23.4790097113"
"49","2017-02-04","2.18","11.72","5.55","-288.0","-46.3924263462","-23.4790097113"
"49","2017-02-05","0.0","0.02","0.0","-288.0","-46.3924263462","-23.4790097113"
"49","2017-02-06","20.61","61.35","39.47","-288.0","-46.3924263462","-23.4790097113"
"49","2017-02-07","0.41","1.73","0.96","-288.0","-46.3924263462","-23.4790097113"
"49","2017-02-08","0.0","0.0","0.0","-287.0","-46.3924263462","-23.4790097113"
"49","2017-02-09","0.0","0.0","0.0","0.0","-46.3924263462","-23.4790097113"
"49","2017-02-10","0.0","0.0","0.0","0.0","-46.3924263462","-23.4790097113"
"49","2017-02-11","0.0","0.0","0.0","0.0","-46.3924263462","-23.4790097113"
"49","2017-02-12","0.0","0.0","0.0","0.0","-46.3924263462","-23.4790097113"
"49","2017-02-13","0.0","0.0","0.0","0.0","-46.3924263462","-23.4790097113"
"49","2017-02-14","0.0","0.0","0.0","0.0","-46.3924263462","-23.4790097113"
"49","2017-02-15","0.0","0.0","0.0","0.0","-46.3924263462","-23.4790097113"
"49","2017-02-16","","","","-1.0","-46.3924263462","-23.4790097113"
"49","2017-02-17","0.0","0.04","0.0","-288.0","-46.3924263462","-23.4790097113"
"49","2017-02-18","0.0","0.0","0.0","-287.0","-46.3924263462","-23.4790097113"
"49","2017-02-19","0.0","0.0","0.0","0.0","-46.3924263462","-23.4790097113"
"49","2017-02-20","0.0","0.0","0.0","0.0","-46.3924263462","-23.4790097113"
"49","2017-02-21","","","","-1.0","-46.3924263462","-23.4790097113"
"49","2017-02-22","1.59","15.45","6.21","-288.0","-46.3924263462","-23.4790097113"
"49","2017-02-23","0.0","9.52","3.53","-288.0","-46.3924263462","-23.4790097113"
"49","2017-02-24","13.4","61.68","35.46","-288.0","-46.3924263462","-23.4790097113"
"49","2017-02-25","4.83","14.72","8.82","-288.0","-46.3924263462","-23.4790097113"
"49","2017-02-26","1.1","5.67","2.68","-288.0","-46.3924263462","-23.4790097113"
"49","2017-02-27","0.49","5.28","2.53","-288.0","-46.3924263462","-23.4790097113"
"49","2017-02-28","0.13","1.99","0.79","-288.0","-46.3924263462","-23.4790097113"
"49","2017-03-01","0.0","3.23","0.62","-288.0","-46.3924263462","-23.4790097113"
"49","2017-03-02","1.88","21.07","11.17","-288.0","-46.3924263462","-23.4790097113"
"49","2017-03-03","8.87","39.3","21.52","-288.0","-46.3924263462","-23.4790097113"
"49","2017-03-04","0.95","9.94","3.97","-288.0","-46.3924263462","-23.4790097113"
"49","2017-03-05","1.3","9.8","4.9","-288.0","-46.3924263462","-23.4790097113"
"49","2017-03-06","8.12","38.25","18.82","-288.0","-46.3924263462","-23.4790097113"
"49","2017-03-07","2.83","15.86","8.65","-288.0","-46.3924263462","-23.4790097113"
"49","2017-03-08","4.05","23.51","10.9","-288.0","-46.3924263462","-23.4790097113"
"49","2017-03-09","0.0","0.0","0.0","-288.0","-46.3924263462","-23.4790097113"
"49","2017-03-10","2.49","15.9","7.11","-288.0","-46.3924263462","-23.4790097113"
"49","2017-03-11","0.07","0.69","0.28","-288.0","-46.3924263462","-23.4790097113"
"49","2017-03-12","0.0","0.27","0.06","-288.0","-46.3924263462","-23.4790097113"
"49","2017-03-13","0.0","0.0","0.0","-288.0","-46.3924263462","-23.4790097113"
"49","2017-03-14","5.93","42.19","21.61","-288.0","-46.3924263462","-23.4790097113"
"49","2017-03-15","0.53","1.92","1.13","-288.0","-46.3924263462","-23.4790097113"
"49","2017-03-16","0.0","0.12","0.01","-288.0","-46.3924263462","-23.4790097113"
"49","2017-03-17","1.02","7.33","3.58","-288.0","-46.3924263462","-23.4790097113"
"49","2017-03-18","0.04","0.79","0.38","-288.0","-46.3924263462","-23.4790097113"
"49","2017-03-19","1.24","5.24","2.84","-288.0","-46.3924263462","-23.4790097113"
"49","2017-03-20","0.07","0.31","0.17","-287.0","-46.3924263462","-23.4790097113"
"49","2017-03-21","0.0","0.0","0.0","0.0","-46.3924263462","-23.4790097113"
"49","2017-03-22","0.0","0.0","0.0","0.0","-46.3924263462","-23.4790097113"
"49","2017-03-23","","","","-1.0","-46.3924263462","-23.4790097113"
"49","2017-03-24","0.51","5.49","1.93","-288.0","-46.3924263462","-23.4790097113"
"49","2017-03-25","0.11","1.07","0.44","-287.0","-46.3924263462","-23.4790097113"
"49","2017-03-26","","","","-1.0","-46.3924263462","-23.4790097113"
"49","2017-03-27","0.34","2.04","0.87","-288.0","-46.3924263462","-23.4790097113"
"49","2017-03-28","0.0","0.18","0.04","-288.0","-46.3924263462","-23.4790097113"
"49","2017-03-29","0.0","0.0","0.0","-287.0","-46.3924263462","-23.4790097113"
"49","2017-03-30","0.0","0.0","0.0","0.0","-46.3924263462","-23.4790097113"
"49","2017-03-31","0.0","0.0","0.0","0.0","-46.3924263462","-23.4790097113"
"49","2017-04-01","0.0","0.0","0.0","0.0","-46.3924263462","-23.4790097113"
"49","2017-04-02","0.0","0.0","0.0","0.0","-46.3924263462","-23.4790097113"
"49","2017-04-03","0.0","0.0","0.0","0.0","-46.3924263462","-23.4790097113"
"49","2017-04-04","","","","-1.0","-46.3924263462","-23.4790097113"
"49","2017-04-05","0.0","0.0","0.0","-288.0","-46.3924263462","-23.4790097113"
"49","2017-04-06","4.48","14.57","8.92","-288.0","-46.3924263462","-23.4790097113"
"49","2017-04-07","9.06","36.01","19.72","-288.0","-46.3924263462","-23.4790097113"
"49","2017-04-08","0.0","0.0","0.0","-287.0","-46.3924263462","-23.4790097113"
"49","2017-04-09","","","","-1.0","-46.3924263462","-23.4790097113"
"49","2017-04-10","0.0","0.32","0.07","-288.0","-46.3924263462","-23.4790097113"
"49","2017-04-11","0.01","0.07","0.02","-288.0","-46.3924263462","-23.4790097113"
"49","2017-04-12","0.0","0.11","0.02","-287.0","-46.3924263462","-23.4790097113"
"49","2017-04-13","0.0","0.0","0.0","0.0","-46.3924263462","-23.4790097113"
"49","2017-04-14","0.0","0.0","0.0","0.0","-46.3924263462","-23.4790097113"
"49","2017-04-15","0.0","0.0","0.0","0.0","-46.3924263462","-23.4790097113"
"49","2017-04-16","","","","-1.0","-46.3924263462","-23.4790097113"
"49","2017-04-17","0.2","1.08","0.56","-287.0","-46.3924263462","-23.4790097113"
"49","2017-04-18","0.0","0.0","0.0","0.0","-46.3924263462","-23.4790097113"
"49","2017-04-19","0.0","0.0","0.0","0.0","-46.3924263462","-23.4790097113"
"49","2017-04-20","","","","-1.0","-46.3924263462","-23.4790097113"
"49","2017-04-21","9.38","23.51","15.3","-288.0","-46.3924263462","-23.4790097113"
"49","2017-04-22","0.67","2.95","1.54","-287.0","-46.3924263462","-23.4790097113"
"49","2017-04-23","0.0","0.0","0.0","0.0","-46.3924263462","-23.4790097113"
"49","2017-04-24","0.0","0.0","0.0","0.0","-46.3924263462","-23.4790097113"
"49","2017-04-25","","","","-1.0","-46.3924263462","-23.4790097113"
"49","2017-04-26","7.09","23.14","13.56","-288.0","-46.3924263462","-23.4790097113"
"49","2017-04-27","1.15","2.74","1.87","-287.0","-46.3924263462","-23.4790097113"
"49","2017-04-28","0.0","0.0","0.0","0.0","-46.3924263462","-23.4790097113"
"49","2017-04-29","0.0","0.0","0.0","0.0","-46.3924263462","-23.4790097113"
"49","2017-04-30","0.0","0.0","0.0","0.0","-46.3924263462","-23.4790097113"
"49","2017-05-01","","","","-1.0","-46.3924263462","-23.4790097113"
"49","2017-05-02","0.0","0.06","0.01","-287.0","-46.3924263462","-23.4790097113"
"49","2017-05-03","0.0","0.0","0.0","0.0","-46.3924263462","-23.4790097113"
"49","2017-05-04","","","","-1.0","-46.3924263462","-23.4790097113"
"49","2017-05-05","2.47","6.03","3.82","-288.0","-46.3924263462","-23.4790097113"
"49","2017-05-06","2.56","9.0","5.06","-288.0","-46.3924263462","-23.4790097113"
"49","2017-05-07","0.0","0.0","0.0","-287.0","-46.3924263462","-23.4790097113"
"49","2017-05-08","0.0","0.0","0.0","0.0","-46.3924263462","-23.4790097113"
"49","2017-05-09","0.0","0.0","0.0","0.0","-46.3924263462","-23.4790097113"
"49","2017-05-10","0.0","0.0","0.0","0.0","-46.3924263462","-23.4790097113"
"49","2017-05-11","0.0","0.0","0.0","0.0","-46.3924263462","-23.4790097113"
"49","2017-05-12","0.0","0.0","0.0","0.0","-46.3924263462","-23.4790097113"
"49","2017-05-13","","","","-1.0","-46.3924263462","-23.4790097113"
"49","2017-05-14","0.19","0.93","0.51","-287.0","-46.3924263462","-23.4790097113"
"49","2017-05-15","0.0","0.0","0.0","0.0","-46.3924263462","-23.4790097113"
"49","2017-05-16","0.0","0.0","0.0","0.0","-46.3924263462","-23.4790097113"
"49","2017-05-17","","","","-1.0","-46.3924263462","-23.4790097113"
"49","2017-05-18","1.33","3.73","2.41","-288.0","-46.3924263462","-23.4790097113"
"49","2017-05-19","24.25","88.85","50.07","-288.0","-46.3924263462","-23.4790097113"
"49","2017-05-20","0.27","1.31","0.7","-288.0","-46.3924263462","-23.4790097113"
"49","2017-05-21","17.24","51.83","30.97","-288.0","-46.3924263462","-23.4790097113"
"49","2017-05-22","5.9","17.76","10.91","-287.0","-46.3924263462","-23.4790097113"
"49","2017-05-23","0.0","0.0","0.0","0.0","-46.3924263462","-23.4790097113"
"49","2017-05-24","0.0","0.0","0.0","0.0","-46.3924263462","-23.4790097113"
"49","2017-05-25","0.0","0.0","0.0","0.0","-46.3924263462","-23.4790097113"
"49","2017-05-26","0.0","0.0","0.0","0.0","-46.3924263462","-23.4790097113"
"49","2017-05-27","0.0","0.0","0.0","0.0","-46.3924263462","-23.4790097113"
"49","2017-05-28","0.0","0.0","0.0","0.0","-46.3924263462","-23.4790097113"
"49","2017-05-29","0.0","0.0","0.0","0.0","-46.3924263462","-23.4790097113"
"49","2017-05-30","0.0","0.0","0.0","0.0","-46.3924263462","-23.4790097113"
"49","2017-05-31","0.0","0.0","0.0","0.0","-46.3924263462","-23.4790097113"
"49","2017-06-01","0.0","0.0","0.0","0.0","-46.3924263462","-23.4790097113"
"49","2017-06-02","0.0","0.0","0.0","0.0","-46.3924263462","-23.4790097113"
"49","2017-06-03","0.0","0.0","0.0","0.0","-46.3924263462","-23.4790097113"
"49","2017-06-04","","","","-1.0","-46.3924263462","-23.4790097113"
"49","2017-06-05","20.21","63.66","39.88","-288.0","-46.3924263462","-23.4790097113"
"49","2017-06-06","17.47","52.04","31.26","-288.0","-46.3924263462","-23.4790097113"
"49","2017-06-07","4.59","19.7","11.91","-287.0","-46.3924263462","-23.4790097113"
"49","2017-06-08","","","","-1.0","-46.3924263462","-23.4790097113"
"49","2017-06-09","0.06","0.67","0.27","-288.0","-46.3924263462","-23.4790097113"
"49","2017-06-10","0.0","0.0","0.0","-287.0","-46.3924263462","-23.4790097113"
"49","2017-06-11","","","","-1.0","-46.3924263462","-23.4790097113"
"49","2017-06-12","0.0","0.01","0.0","-288.0","-46.3924263462","-23.4790097113"
"49","2017-06-13","12.98","46.84","26.19","-288.0","-46.3924263462","-23.4790097113"
"49","2017-06-14","1.11","10.89","3.61","-287.0","-46.3924263462","-23.4790097113"
"50","2016-10-31","","","","-1.0","-46.7929517101","-23.4067079708"
"50","2016-11-01","0.0","0.01","0.0","-288.0","-46.7929517101","-23.4067079708"
"50","2016-11-02","0.05","2.04","0.55","-288.0","-46.7929517101","-23.4067079708"
"50","2016-11-03","1.11","20.06","5.31","-288.0","-46.7929517101","-23.4067079708"
"50","2016-11-04","0.01","1.52","0.29","-288.0","-46.7929517101","-23.4067079708"
"50","2016-11-05","0.0","0.0","0.0","-288.0","-46.7929517101","-23.4067079708"
"50","2016-11-06","0.39","14.74","3.27","-288.0","-46.7929517101","-23.4067079708"
"50","2016-11-07","0.03","4.03","0.51","-288.0","-46.7929517101","-23.4067079708"
"50","2016-11-08","0.0","0.06","0.0","-288.0","-46.7929517101","-23.4067079708"
"50","2016-11-09","5.42","57.33","20.41","-288.0","-46.7929517101","-23.4067079708"
"50","2016-11-10","2.79","30.73","10.45","-288.0","-46.7929517101","-23.4067079708"
"50","2016-11-11","0.15","10.85","2.61","-288.0","-46.7929517101","-23.4067079708"
"50","2016-11-12","2.69","26.92","13.67","-288.0","-46.7929517101","-23.4067079708"
"50","2016-11-13","10.77","47.97","24.89","-288.0","-46.7929517101","-23.4067079708"
"50","2016-11-14","10.11","38.58","20.29","-287.0","-46.7929517101","-23.4067079708"
"50","2016-11-15","","","","-1.0","-46.7929517101","-23.4067079708"
"50","2016-11-16","0.06","4.89","1.08","-288.0","-46.7929517101","-23.4067079708"
"50","2016-11-17","1.18","30.79","7.94","-288.0","-46.7929517101","-23.4067079708"
"50","2016-11-18","0.0","2.19","0.16","-287.0","-46.7929517101","-23.4067079708"
"50","2016-11-19","0.0","0.0","0.0","0.0","-46.7929517101","-23.4067079708"
"50","2016-11-20","0.0","0.0","0.0","0.0","-46.7929517101","-23.4067079708"
"50","2016-11-21","0.0","0.0","0.0","0.0","-46.7929517101","-23.4067079708"
"50","2016-11-22","","","","-1.0","-46.7929517101","-23.4067079708"
"50","2016-11-23","6.16","51.57","20.67","-288.0","-46.7929517101","-23.4067079708"
"50","2016-11-24","0.0","0.02","0.0","-287.0","-46.7929517101","-23.4067079708"
"50","2016-11-25","0.0","0.0","0.0","0.0","-46.7929517101","-23.4067079708"
"50","2016-11-26","","","","-1.0","-46.7929517101","-23.4067079708"
"50","2016-11-27","0.77","28.79","6.45","-288.0","-46.7929517101","-23.4067079708"
"50","2016-11-28","0.0","3.53","0.61","-288.0","-46.7929517101","-23.4067079708"
"50","2016-11-29","2.38","16.91","6.77","-288.0","-46.7929517101","-23.4067079708"
"50","2016-11-30","0.0","0.0","0.0","-287.0","-46.7929517101","-23.4067079708"
"50","2016-12-01","0.0","0.0","0.0","0.0","-46.7929517101","-23.4067079708"
"50","2016-12-02","","","","-1.0","-46.7929517101","-23.4067079708"
"50","2016-12-03","5.33","48.3","19.4","-288.0","-46.7929517101","-23.4067079708"
"50","2016-12-04","2.25","27.22","10.4","-288.0","-46.7929517101","-23.4067079708"
"50","2016-12-05","0.02","3.58","0.64","-287.0","-46.7929517101","-23.4067079708"
"50","2016-12-06","","","","-1.0","-46.7929517101","-23.4067079708"
"50","2016-12-07","1.37","11.65","4.04","-288.0","-46.7929517101","-23.4067079708"
"50","2016-12-08","0.0","0.16","0.02","-288.0","-46.7929517101","-23.4067079708"
"50","2016-12-09","0.83","25.15","5.65","-288.0","-46.7929517101","-23.4067079708"
"50","2016-12-10","0.92","18.04","5.0","-288.0","-46.7929517101","-23.4067079708"
"50","2016-12-11","0.8","17.25","4.5","-288.0","-46.7929517101","-23.4067079708"
"50","2016-12-12","1.34","49.72","12.59","-288.0","-46.7929517101","-23.4067079708"
"50","2016-12-13","0.0","0.4","0.01","-288.0","-46.7929517101","-23.4067079708"
"50","2016-12-14","0.0","0.55","0.02","-288.0","-46.7929517101","-23.4067079708"
"50","2016-12-15","0.0","0.0","0.0","-287.0","-46.7929517101","-23.4067079708"
"50","2016-12-16","0.0","0.0","0.0","0.0","-46.7929517101","-23.4067079708"
"50","2016-12-17","","","","-1.0","-46.7929517101","-23.4067079708"
"50","2016-12-18","0.95","29.79","6.53","-288.0","-46.7929517101","-23.4067079708"
"50","2016-12-19","1.86","51.72","14.93","-288.0","-46.7929517101","-23.4067079708"
"50","2016-12-20","1.09","20.86","5.55","-288.0","-46.7929517101","-23.4067079708"
"50","2016-12-21","0.03","36.79","7.03","-288.0","-46.7929517101","-23.4067079708"
"50","2016-12-22","0.0","0.0","0.0","-288.0","-46.7929517101","-23.4067079708"
"50","2016-12-23","0.72","22.05","6.99","-288.0","-46.7929517101","-23.4067079708"
"50","2016-12-24","1.82","16.47","6.31","-288.0","-46.7929517101","-23.4067079708"
"50","2016-12-25","0.0","2.99","0.39","-288.0","-46.7929517101","-23.4067079708"
"50","2016-12-26","0.0","0.02","0.0","-288.0","-46.7929517101","-23.4067079708"
"50","2016-12-27","0.0","0.46","0.01","-288.0","-46.7929517101","-23.4067079708"
"50","2016-12-28","1.14","16.6","5.4","-288.0","-46.7929517101","-23.4067079708"
"50","2016-12-29","0.0","0.51","0.11","-288.0","-46.7929517101","-23.4067079708"
"50","2016-12-30","0.0","1.05","0.1","-288.0","-46.7929517101","-23.4067079708"
"50","2016-12-31","0.0","1.74","0.16","-287.0","-46.7929517101","-23.4067079708"
"50","2017-01-01","","","","-1.0","-46.7929517101","-23.4067079708"
"50","2017-01-02","2.94","21.36","8.31","-288.0","-46.7929517101","-23.4067079708"
"50","2017-01-03","2.16","17.54","6.76","-288.0","-46.7929517101","-23.4067079708"
"50","2017-01-04","0.0","0.48","0.14","-288.0","-46.7929517101","-23.4067079708"
"50","2017-01-05","0.0","1.27","0.18","-288.0","-46.7929517101","-23.4067079708"
"50","2017-01-06","0.82","23.44","7.09","-288.0","-46.7929517101","-23.4067079708"
"50","2017-01-07","0.39","31.39","4.32","-288.0","-46.7929517101","-23.4067079708"
"50","2017-01-08","0.0","1.42","0.07","-288.0","-46.7929517101","-23.4067079708"
"50","2017-01-09","3.58","87.18","28.47","-288.0","-46.7929517101","-23.4067079708"
"50","2017-01-10","3.91","24.02","10.09","-288.0","-46.7929517101","-23.4067079708"
"50","2017-01-11","0.86","30.79","8.34","-288.0","-46.7929517101","-23.4067079708"
"50","2017-01-12","0.8","53.76","9.04","-288.0","-46.7929517101","-23.4067079708"
"50","2017-01-13","0.03","1.7","0.42","-288.0","-46.7929517101","-23.4067079708"
"50","2017-01-14","0.03","13.05","1.28","-288.0","-46.7929517101","-23.4067079708"
"50","2017-01-15","1.1","53.81","12.11","-288.0","-46.7929517101","-23.4067079708"
"50","2017-01-16","5.73","102.25","27.95","-288.0","-46.7929517101","-23.4067079708"
"50","2017-01-17","12.39","73.36","32.58","-288.0","-46.7929517101","-23.4067079708"
"50","2017-01-18","8.52","102.49","34.92","-288.0","-46.7929517101","-23.4067079708"
"50","2017-01-19","5.12","34.95","15.55","-288.0","-46.7929517101","-23.4067079708"
"50","2017-01-20","9.06","87.01","26.39","-288.0","-46.7929517101","-23.4067079708"
"50","2017-01-21","6.88","126.81","38.28","-288.0","-46.7929517101","-23.4067079708"
"50","2017-01-22","4.2","28.29","12.33","-288.0","-46.7929517101","-23.4067079708"
"50","2017-01-23","0.46","6.38","1.82","-288.0","-46.7929517101","-23.4067079708"
"50","2017-01-24","0.48","33.68","9.24","-288.0","-46.7929517101","-23.4067079708"
"50","2017-01-25","0.11","8.68","2.22","-288.0","-46.7929517101","-23.4067079708"
"50","2017-01-26","10.61","45.21","24.02","-288.0","-46.7929517101","-23.4067079708"
"50","2017-01-27","2.49","34.41","11.0","-288.0","-46.7929517101","-23.4067079708"
"50","2017-01-28","0.01","1.26","0.19","-288.0","-46.7929517101","-23.4067079708"
"50","2017-01-29","0.0","1.47","0.09","-288.0","-46.7929517101","-23.4067079708"
"50","2017-01-30","3.65","70.28","26.23","-288.0","-46.7929517101","-23.4067079708"
"50","2017-01-31","1.98","14.79","5.43","-288.0","-46.7929517101","-23.4067079708"
"50","2017-02-01","10.66","117.92","44.96","-288.0","-46.7929517101","-23.4067079708"
"50","2017-02-02","2.28","27.74","8.89","-288.0","-46.7929517101","-23.4067079708"
"50","2017-02-03","1.29","32.02","8.85","-288.0","-46.7929517101","-23.4067079708"
"50","2017-02-04","2.8","79.28","24.52","-288.0","-46.7929517101","-23.4067079708"
"50","2017-02-05","0.0","0.26","0.07","-288.0","-46.7929517101","-23.4067079708"
"50","2017-02-06","2.48","42.86","15.03","-288.0","-46.7929517101","-23.4067079708"
"50","2017-02-07","0.05","16.22","3.53","-288.0","-46.7929517101","-23.4067079708"
"50","2017-02-08","0.0","0.0","0.0","-287.0","-46.7929517101","-23.4067079708"
"50","2017-02-09","0.0","0.0","0.0","0.0","-46.7929517101","-23.4067079708"
"50","2017-02-10","0.0","0.0","0.0","0.0","-46.7929517101","-23.4067079708"
"50","2017-02-11","0.0","0.0","0.0","0.0","-46.7929517101","-23.4067079708"
"50","2017-02-12","0.0","0.0","0.0","0.0","-46.7929517101","-23.4067079708"
"50","2017-02-13","0.0","0.0","0.0","0.0","-46.7929517101","-23.4067079708"
"50","2017-02-14","0.0","0.0","0.0","0.0","-46.7929517101","-23.4067079708"
"50","2017-02-15","0.0","0.0","0.0","0.0","-46.7929517101","-23.4067079708"
"50","2017-02-16","","","","-1.0","-46.7929517101","-23.4067079708"
"50","2017-02-17","0.0","1.91","0.19","-288.0","-46.7929517101","-23.4067079708"
"50","2017-02-18","0.0","0.0","0.0","-287.0","-46.7929517101","-23.4067079708"
"50","2017-02-19","0.0","0.0","0.0","0.0","-46.7929517101","-23.4067079708"
"50","2017-02-20","0.0","0.0","0.0","0.0","-46.7929517101","-23.4067079708"
"50","2017-02-21","","","","-1.0","-46.7929517101","-23.4067079708"
"50","2017-02-22","0.15","3.11","0.86","-288.0","-46.7929517101","-23.4067079708"
"50","2017-02-23","0.0","0.09","0.0","-288.0","-46.7929517101","-23.4067079708"
"50","2017-02-24","4.8","90.4","29.21","-288.0","-46.7929517101","-23.4067079708"
"50","2017-02-25","1.7","20.41","7.37","-288.0","-46.7929517101","-23.4067079708"
"50","2017-02-26","2.31","54.11","18.94","-288.0","-46.7929517101","-23.4067079708"
"50","2017-02-27","0.0","0.03","0.0","-288.0","-46.7929517101","-23.4067079708"
"50","2017-02-28","0.0","0.15","0.0","-288.0","-46.7929517101","-23.4067079708"
"50","2017-03-01","0.08","2.44","0.58","-288.0","-46.7929517101","-23.4067079708"
"50","2017-03-02","0.3","6.8","2.16","-288.0","-46.7929517101","-23.4067079708"
"50","2017-03-03","6.46","78.92","28.82","-288.0","-46.7929517101","-23.4067079708"
"50","2017-03-04","2.36","41.48","13.95","-288.0","-46.7929517101","-23.4067079708"
"50","2017-03-05","0.83","83.49","19.78","-288.0","-46.7929517101","-23.4067079708"
"50","2017-03-06","3.12","42.46","12.49","-288.0","-46.7929517101","-23.4067079708"
"50","2017-03-07","1.25","56.9","13.52","-288.0","-46.7929517101","-23.4067079708"
"50","2017-03-08","0.0","0.16","0.0","-288.0","-46.7929517101","-23.4067079708"
"50","2017-03-09","0.0","0.0","0.0","-288.0","-46.7929517101","-23.4067079708"
"50","2017-03-10","0.95","13.02","6.26","-288.0","-46.7929517101","-23.4067079708"
"50","2017-03-11","2.07","27.74","9.7","-288.0","-46.7929517101","-23.4067079708"
"50","2017-03-12","0.0","0.14","0.0","-288.0","-46.7929517101","-23.4067079708"
"50","2017-03-13","0.0","0.27","0.03","-288.0","-46.7929517101","-23.4067079708"
"50","2017-03-14","0.13","7.97","1.89","-288.0","-46.7929517101","-23.4067079708"
"50","2017-03-15","0.4","9.04","2.18","-288.0","-46.7929517101","-23.4067079708"
"50","2017-03-16","0.0","0.03","0.0","-288.0","-46.7929517101","-23.4067079708"
"50","2017-03-17","2.74","44.55","17.58","-288.0","-46.7929517101","-23.4067079708"
"50","2017-03-18","0.14","3.37","1.06","-288.0","-46.7929517101","-23.4067079708"
"50","2017-03-19","0.65","3.46","1.62","-288.0","-46.7929517101","-23.4067079708"
"50","2017-03-20","0.0","0.0","0.0","-287.0","-46.7929517101","-23.4067079708"
"50","2017-03-21","0.0","0.0","0.0","0.0","-46.7929517101","-23.4067079708"
"50","2017-03-22","0.0","0.0","0.0","0.0","-46.7929517101","-23.4067079708"
"50","2017-03-23","","","","-1.0","-46.7929517101","-23.4067079708"
"50","2017-03-24","0.0","1.24","0.08","-288.0","-46.7929517101","-23.4067079708"
"50","2017-03-25","0.53","11.54","3.9","-287.0","-46.7929517101","-23.4067079708"
"50","2017-03-26","","","","-1.0","-46.7929517101","-23.4067079708"
"50","2017-03-27","0.21","5.86","1.8","-288.0","-46.7929517101","-23.4067079708"
"50","2017-03-28","0.0","1.59","0.2","-288.0","-46.7929517101","-23.4067079708"
"50","2017-03-29","0.0","0.01","0.0","-287.0","-46.7929517101","-23.4067079708"
"50","2017-03-30","0.0","0.0","0.0","0.0","-46.7929517101","-23.4067079708"
"50","2017-03-31","0.0","0.0","0.0","0.0","-46.7929517101","-23.4067079708"
"50","2017-04-01","0.0","0.0","0.0","0.0","-46.7929517101","-23.4067079708"
"50","2017-04-02","0.0","0.0","0.0","0.0","-46.7929517101","-23.4067079708"
"50","2017-04-03","0.0","0.0","0.0","0.0","-46.7929517101","-23.4067079708"
"50","2017-04-04","","","","-1.0","-46.7929517101","-23.4067079708"
"50","2017-04-05","0.0","0.0","0.0","-288.0","-46.7929517101","-23.4067079708"
"50","2017-04-06","4.94","46.46","16.48","-288.0","-46.7929517101","-23.4067079708"
"50","2017-04-07","7.47","123.49","37.86","-288.0","-46.7929517101","-23.4067079708"
"50","2017-04-08","0.0","0.0","0.0","-287.0","-46.7929517101","-23.4067079708"
"50","2017-04-09","","","","-1.0","-46.7929517101","-23.4067079708"
"50","2017-04-10","0.0","4.46","0.93","-288.0","-46.7929517101","-23.4067079708"
"50","2017-04-11","0.0","0.0","0.0","-288.0","-46.7929517101","-23.4067079708"
"50","2017-04-12","0.0","0.09","0.0","-287.0","-46.7929517101","-23.4067079708"
"50","2017-04-13","0.0","0.0","0.0","0.0","-46.7929517101","-23.4067079708"
"50","2017-04-14","0.0","0.0","0.0","0.0","-46.7929517101","-23.4067079708"
"50","2017-04-15","0.0","0.0","0.0","0.0","-46.7929517101","-23.4067079708"
"50","2017-04-16","","","","-1.0","-46.7929517101","-23.4067079708"
"50","2017-04-17","0.03","0.76","0.18","-287.0","-46.7929517101","-23.4067079708"
"50","2017-04-18","0.0","0.0","0.0","0.0","-46.7929517101","-23.4067079708"
"50","2017-04-19","0.0","0.0","0.0","0.0","-46.7929517101","-23.4067079708"
"50","2017-04-20","","","","-1.0","-46.7929517101","-23.4067079708"
"50","2017-04-21","1.5","43.59","15.4","-288.0","-46.7929517101","-23.4067079708"
"50","2017-04-22","1.34","7.1","3.46","-287.0","-46.7929517101","-23.4067079708"
"50","2017-04-23","0.0","0.0","0.0","0.0","-46.7929517101","-23.4067079708"
"50","2017-04-24","0.0","0.0","0.0","0.0","-46.7929517101","-23.4067079708"
"50","2017-04-25","","","","-1.0","-46.7929517101","-23.4067079708"
"50","2017-04-26","5.24","43.03","16.44","-288.0","-46.7929517101","-23.4067079708"
"50","2017-04-27","1.25","6.49","3.16","-287.0","-46.7929517101","-23.4067079708"
"50","2017-04-28","0.0","0.0","0.0","0.0","-46.7929517101","-23.4067079708"
"50","2017-04-29","0.0","0.0","0.0","0.0","-46.7929517101","-23.4067079708"
"50","2017-04-30","0.0","0.0","0.0","0.0","-46.7929517101","-23.4067079708"
"50","2017-05-01","","","","-1.0","-46.7929517101","-23.4067079708"
"50","2017-05-02","0.02","0.31","0.07","-287.0","-46.7929517101","-23.4067079708"
"50","2017-05-03","0.0","0.0","0.0","0.0","-46.7929517101","-23.4067079708"
"50","2017-05-04","","","","-1.0","-46.7929517101","-23.4067079708"
"50","2017-05-05","2.6","26.49","9.63","-288.0","-46.7929517101","-23.4067079708"
"50","2017-05-06","1.11","15.13","4.35","-288.0","-46.7929517101","-23.4067079708"
"50","2017-05-07","0.0","0.05","0.0","-287.0","-46.7929517101","-23.4067079708"
"50","2017-05-08","0.0","0.0","0.0","0.0","-46.7929517101","-23.4067079708"
"50","2017-05-09","0.0","0.0","0.0","0.0","-46.7929517101","-23.4067079708"
"50","2017-05-10","0.0","0.0","0.0","0.0","-46.7929517101","-23.4067079708"
"50","2017-05-11","0.0","0.0","0.0","0.0","-46.7929517101","-23.4067079708"
"50","2017-05-12","0.0","0.0","0.0","0.0","-46.7929517101","-23.4067079708"
"50","2017-05-13","","","","-1.0","-46.7929517101","-23.4067079708"
"50","2017-05-14","0.18","1.9","0.68","-287.0","-46.7929517101","-23.4067079708"
"50","2017-05-15","0.0","0.0","0.0","0.0","-46.7929517101","-23.4067079708"
"50","2017-05-16","0.0","0.0","0.0","0.0","-46.7929517101","-23.4067079708"
"50","2017-05-17","","","","-1.0","-46.7929517101","-23.4067079708"
"50","2017-05-18","2.28","16.0","7.04","-288.0","-46.7929517101","-23.4067079708"
"50","2017-05-19","19.29","140.85","59.11","-288.0","-46.7929517101","-23.4067079708"
"50","2017-05-20","0.93","4.07","2.21","-288.0","-46.7929517101","-23.4067079708"
"50","2017-05-21","13.77","76.0","33.71","-288.0","-46.7929517101","-23.4067079708"
"50","2017-05-22","3.8","29.76","12.03","-287.0","-46.7929517101","-23.4067079708"
"50","2017-05-23","0.0","0.0","0.0","0.0","-46.7929517101","-23.4067079708"
"50","2017-05-24","0.0","0.0","0.0","0.0","-46.7929517101","-23.4067079708"
"50","2017-05-25","0.0","0.0","0.0","0.0","-46.7929517101","-23.4067079708"
"50","2017-05-26","0.0","0.0","0.0","0.0","-46.7929517101","-23.4067079708"
"50","2017-05-27","0.0","0.0","0.0","0.0","-46.7929517101","-23.4067079708"
"50","2017-05-28","0.0","0.0","0.0","0.0","-46.7929517101","-23.4067079708"
"50","2017-05-29","0.0","0.0","0.0","0.0","-46.7929517101","-23.4067079708"
"50","2017-05-30","0.0","0.0","0.0","0.0","-46.7929517101","-23.4067079708"
"50","2017-05-31","0.0","0.0","0.0","0.0","-46.7929517101","-23.4067079708"
"50","2017-06-01","0.0","0.0","0.0","0.0","-46.7929517101","-23.4067079708"
"50","2017-06-02","0.0","0.0","0.0","0.0","-46.7929517101","-23.4067079708"
"50","2017-06-03","0.0","0.0","0.0","0.0","-46.7929517101","-23.4067079708"
"50","2017-06-04","","","","-1.0","-46.7929517101","-23.4067079708"
"50","2017-06-05","15.09","101.91","46.02","-288.0","-46.7929517101","-23.4067079708"
"50","2017-06-06","14.78","98.47","39.72","-288.0","-46.7929517101","-23.4067079708"
"50","2017-06-07","6.22","51.74","23.06","-287.0","-46.7929517101","-23.4067079708"
"50","2017-06-08","","","","-1.0","-46.7929517101","-23.4067079708"
"50","2017-06-09","0.04","2.69","0.53","-288.0","-46.7929517101","-23.4067079708"
"50","2017-06-10","0.0","0.0","0.0","-287.0","-46.7929517101","-23.4067079708"
"50","2017-06-11","","","","-1.0","-46.7929517101","-23.4067079708"
"50","2017-06-12","0.0","0.0","0.0","-288.0","-46.7929517101","-23.4067079708"
"50","2017-06-13","8.03","79.7","28.66","-288.0","-46.7929517101","-23.4067079708"
"50","2017-06-14","0.71","7.62","2.63","-287.0","-46.7929517101","-23.4067079708"
"51","2016-10-31","","","","-1.0","-46.7358004897","-23.4045434311"
"51","2016-11-01","0.0","0.01","0.0","-288.0","-46.7358004897","-23.4045434311"
"51","2016-11-02","0.0","0.75","0.1","-288.0","-46.7358004897","-23.4045434311"
"51","2016-11-03","1.83","31.21","8.62","-288.0","-46.7358004897","-23.4045434311"
"51","2016-11-04","0.01","9.37","0.48","-288.0","-46.7358004897","-23.4045434311"
"51","2016-11-05","0.0","0.0","0.0","-288.0","-46.7358004897","-23.4045434311"
"51","2016-11-06","1.81","25.86","7.78","-288.0","-46.7358004897","-23.4045434311"
"51","2016-11-07","0.0","0.6","0.06","-288.0","-46.7358004897","-23.4045434311"
"51","2016-11-08","0.0","0.04","0.0","-288.0","-46.7358004897","-23.4045434311"
"51","2016-11-09","6.5","73.59","27.25","-288.0","-46.7358004897","-23.4045434311"
"51","2016-11-10","2.37","25.42","8.34","-288.0","-46.7358004897","-23.4045434311"
"51","2016-11-11","0.0","0.43","0.05","-288.0","-46.7358004897","-23.4045434311"
"51","2016-11-12","2.44","32.04","11.38","-288.0","-46.7358004897","-23.4045434311"
"51","2016-11-13","10.12","45.53","23.77","-288.0","-46.7358004897","-23.4045434311"
"51","2016-11-14","11.55","39.44","22.69","-287.0","-46.7358004897","-23.4045434311"
"51","2016-11-15","","","","-1.0","-46.7358004897","-23.4045434311"
"51","2016-11-16","0.2","8.35","1.65","-288.0","-46.7358004897","-23.4045434311"
"51","2016-11-17","1.16","33.32","7.02","-288.0","-46.7358004897","-23.4045434311"
"51","2016-11-18","0.0","0.51","0.08","-287.0","-46.7358004897","-23.4045434311"
"51","2016-11-19","0.0","0.0","0.0","0.0","-46.7358004897","-23.4045434311"
"51","2016-11-20","0.0","0.0","0.0","0.0","-46.7358004897","-23.4045434311"
"51","2016-11-21","0.0","0.0","0.0","0.0","-46.7358004897","-23.4045434311"
"51","2016-11-22","","","","-1.0","-46.7358004897","-23.4045434311"
"51","2016-11-23","5.92","42.62","16.94","-288.0","-46.7358004897","-23.4045434311"
"51","2016-11-24","0.0","0.01","0.0","-287.0","-46.7358004897","-23.4045434311"
"51","2016-11-25","0.0","0.0","0.0","0.0","-46.7358004897","-23.4045434311"
"51","2016-11-26","","","","-1.0","-46.7358004897","-23.4045434311"
"51","2016-11-27","0.56","29.48","6.26","-288.0","-46.7358004897","-23.4045434311"
"51","2016-11-28","0.0","7.21","0.97","-288.0","-46.7358004897","-23.4045434311"
"51","2016-11-29","2.64","21.22","7.45","-288.0","-46.7358004897","-23.4045434311"
"51","2016-11-30","0.0","0.0","0.0","-287.0","-46.7358004897","-23.4045434311"
"51","2016-12-01","0.0","0.0","0.0","0.0","-46.7358004897","-23.4045434311"
"51","2016-12-02","","","","-1.0","-46.7358004897","-23.4045434311"
"51","2016-12-03","8.98","51.42","23.58","-288.0","-46.7358004897","-23.4045434311"
"51","2016-12-04","3.9","21.22","11.1","-288.0","-46.7358004897","-23.4045434311"
"51","2016-12-05","0.01","4.87","0.49","-287.0","-46.7358004897","-23.4045434311"
"51","2016-12-06","","","","-1.0","-46.7358004897","-23.4045434311"
"51","2016-12-07","0.83","7.04","2.57","-288.0","-46.7358004897","-23.4045434311"
"51","2016-12-08","0.0","0.16","0.01","-288.0","-46.7358004897","-23.4045434311"
"51","2016-12-09","0.92","19.04","4.81","-288.0","-46.7358004897","-23.4045434311"
"51","2016-12-10","0.88","16.99","4.33","-288.0","-46.7358004897","-23.4045434311"
"51","2016-12-11","0.95","13.26","3.95","-288.0","-46.7358004897","-23.4045434311"
"51","2016-12-12","2.84","52.95","15.06","-288.0","-46.7358004897","-23.4045434311"
"51","2016-12-13","0.0","0.21","0.0","-288.0","-46.7358004897","-23.4045434311"
"51","2016-12-14","0.0","1.39","0.04","-288.0","-46.7358004897","-23.4045434311"
"51","2016-12-15","0.0","0.03","0.0","-287.0","-46.7358004897","-23.4045434311"
"51","2016-12-16","0.0","0.0","0.0","0.0","-46.7358004897","-23.4045434311"
"51","2016-12-17","","","","-1.0","-46.7358004897","-23.4045434311"
"51","2016-12-18","1.08","18.45","4.9","-288.0","-46.7358004897","-23.4045434311"
"51","2016-12-19","1.28","31.81","8.57","-288.0","-46.7358004897","-23.4045434311"
"51","2016-12-20","1.75","15.9","5.31","-288.0","-46.7358004897","-23.4045434311"
"51","2016-12-21","2.14","45.15","15.51","-288.0","-46.7358004897","-23.4045434311"
"51","2016-12-22","0.0","0.0","0.0","-288.0","-46.7358004897","-23.4045434311"
"51","2016-12-23","0.85","13.63","4.96","-288.0","-46.7358004897","-23.4045434311"
"51","2016-12-24","2.2","25.6","7.61","-288.0","-46.7358004897","-23.4045434311"
"51","2016-12-25","1.52","32.68","10.95","-288.0","-46.7358004897","-23.4045434311"
"51","2016-12-26","0.0","0.0","0.0","-288.0","-46.7358004897","-23.4045434311"
"51","2016-12-27","0.0","0.81","0.04","-288.0","-46.7358004897","-23.4045434311"
"51","2016-12-28","1.6","23.98","7.08","-288.0","-46.7358004897","-23.4045434311"
"51","2016-12-29","0.01","7.96","1.0","-288.0","-46.7358004897","-23.4045434311"
"51","2016-12-30","0.0","2.19","0.38","-288.0","-46.7358004897","-23.4045434311"
"51","2016-12-31","0.03","8.96","0.94","-287.0","-46.7358004897","-23.4045434311"
"51","2017-01-01","","","","-1.0","-46.7358004897","-23.4045434311"
"51","2017-01-02","3.22","21.26","8.52","-288.0","-46.7358004897","-23.4045434311"
"51","2017-01-03","3.43","37.99","11.63","-288.0","-46.7358004897","-23.4045434311"
"51","2017-01-04","0.02","0.79","0.26","-288.0","-46.7358004897","-23.4045434311"
"51","2017-01-05","0.0","0.71","0.03","-288.0","-46.7358004897","-23.4045434311"
"51","2017-01-06","0.45","14.0","3.6","-288.0","-46.7358004897","-23.4045434311"
"51","2017-01-07","0.85","61.45","13.97","-288.0","-46.7358004897","-23.4045434311"
"51","2017-01-08","0.0","0.78","0.02","-288.0","-46.7358004897","-23.4045434311"
"51","2017-01-09","1.56","67.56","18.3","-288.0","-46.7358004897","-23.4045434311"
"51","2017-01-10","4.57","25.5","11.02","-288.0","-46.7358004897","-23.4045434311"
"51","2017-01-11","0.71","7.82","2.49","-288.0","-46.7358004897","-23.4045434311"
"51","2017-01-12","2.46","59.2","20.08","-288.0","-46.7358004897","-23.4045434311"
"51","2017-01-13","0.06","4.05","1.08","-288.0","-46.7358004897","-23.4045434311"
"51","2017-01-14","0.37","62.63","14.01","-288.0","-46.7358004897","-23.4045434311"
"51","2017-01-15","2.05","57.59","15.91","-288.0","-46.7358004897","-23.4045434311"
"51","2017-01-16","5.17","74.6","24.57","-288.0","-46.7358004897","-23.4045434311"
"51","2017-01-17","12.23","80.72","33.42","-288.0","-46.7358004897","-23.4045434311"
"51","2017-01-18","9.99","96.65","35.15","-288.0","-46.7358004897","-23.4045434311"
"51","2017-01-19","5.8","43.77","18.56","-288.0","-46.7358004897","-23.4045434311"
"51","2017-01-20","9.09","89.04","35.34","-288.0","-46.7358004897","-23.4045434311"
"51","2017-01-21","8.32","134.11","42.2","-288.0","-46.7358004897","-23.4045434311"
"51","2017-01-22","4.88","31.28","13.94","-288.0","-46.7358004897","-23.4045434311"
"51","2017-01-23","0.47","5.45","1.74","-288.0","-46.7358004897","-23.4045434311"
"51","2017-01-24","2.97","33.48","12.88","-288.0","-46.7358004897","-23.4045434311"
"51","2017-01-25","1.31","23.96","6.6","-288.0","-46.7358004897","-23.4045434311"
"51","2017-01-26","6.3","36.63","18.37","-288.0","-46.7358004897","-23.4045434311"
"51","2017-01-27","5.19","53.11","20.82","-288.0","-46.7358004897","-23.4045434311"
"51","2017-01-28","0.0","0.19","0.02","-288.0","-46.7358004897","-23.4045434311"
"51","2017-01-29","0.0","0.17","0.0","-288.0","-46.7358004897","-23.4045434311"
"51","2017-01-30","4.85","102.14","29.41","-288.0","-46.7358004897","-23.4045434311"
"51","2017-01-31","1.69","9.43","4.16","-288.0","-46.7358004897","-23.4045434311"
"51","2017-02-01","11.17","80.95","36.01","-288.0","-46.7358004897","-23.4045434311"
"51","2017-02-02","1.93","13.26","5.57","-288.0","-46.7358004897","-23.4045434311"
"51","2017-02-03","1.32","21.81","6.68","-288.0","-46.7358004897","-23.4045434311"
"51","2017-02-04","6.01","81.75","26.35","-288.0","-46.7358004897","-23.4045434311"
"51","2017-02-05","0.0","1.55","0.1","-288.0","-46.7358004897","-23.4045434311"
"51","2017-02-06","2.72","44.35","17.41","-288.0","-46.7358004897","-23.4045434311"
"51","2017-02-07","0.44","17.73","5.83","-288.0","-46.7358004897","-23.4045434311"
"51","2017-02-08","0.0","0.0","0.0","-287.0","-46.7358004897","-23.4045434311"
"51","2017-02-09","0.0","0.0","0.0","0.0","-46.7358004897","-23.4045434311"
"51","2017-02-10","0.0","0.0","0.0","0.0","-46.7358004897","-23.4045434311"
"51","2017-02-11","0.0","0.0","0.0","0.0","-46.7358004897","-23.4045434311"
"51","2017-02-12","0.0","0.0","0.0","0.0","-46.7358004897","-23.4045434311"
"51","2017-02-13","0.0","0.0","0.0","0.0","-46.7358004897","-23.4045434311"
"51","2017-02-14","0.0","0.0","0.0","0.0","-46.7358004897","-23.4045434311"
"51","2017-02-15","0.0","0.0","0.0","0.0","-46.7358004897","-23.4045434311"
"51","2017-02-16","","","","-1.0","-46.7358004897","-23.4045434311"
"51","2017-02-17","0.0","0.27","0.01","-288.0","-46.7358004897","-23.4045434311"
"51","2017-02-18","0.0","0.0","0.0","-287.0","-46.7358004897","-23.4045434311"
"51","2017-02-19","0.0","0.0","0.0","0.0","-46.7358004897","-23.4045434311"
"51","2017-02-20","0.0","0.0","0.0","0.0","-46.7358004897","-23.4045434311"
"51","2017-02-21","","","","-1.0","-46.7358004897","-23.4045434311"
"51","2017-02-22","0.14","2.91","0.69","-288.0","-46.7358004897","-23.4045434311"
"51","2017-02-23","0.0","0.01","0.0","-288.0","-46.7358004897","-23.4045434311"
"51","2017-02-24","6.54","103.9","38.46","-288.0","-46.7358004897","-23.4045434311"
"51","2017-02-25","1.55","20.99","7.28","-288.0","-46.7358004897","-23.4045434311"
"51","2017-02-26","2.64","64.78","24.33","-288.0","-46.7358004897","-23.4045434311"
"51","2017-02-27","0.0","0.01","0.0","-288.0","-46.7358004897","-23.4045434311"
"51","2017-02-28","0.0","0.48","0.04","-288.0","-46.7358004897","-23.4045434311"
"51","2017-03-01","0.0","1.32","0.22","-288.0","-46.7358004897","-23.4045434311"
"51","2017-03-02","0.09","6.83","1.28","-288.0","-46.7358004897","-23.4045434311"
"51","2017-03-03","6.17","85.2","26.47","-288.0","-46.7358004897","-23.4045434311"
"51","2017-03-04","3.83","47.78","18.31","-288.0","-46.7358004897","-23.4045434311"
"51","2017-03-05","0.84","54.48","11.07","-288.0","-46.7358004897","-23.4045434311"
"51","2017-03-06","3.7","44.04","12.67","-288.0","-46.7358004897","-23.4045434311"
"51","2017-03-07","8.45","82.46","33.61","-288.0","-46.7358004897","-23.4045434311"
"51","2017-03-08","0.0","0.45","0.04","-288.0","-46.7358004897","-23.4045434311"
"51","2017-03-09","0.0","0.0","0.0","-288.0","-46.7358004897","-23.4045434311"
"51","2017-03-10","2.9","36.11","14.99","-288.0","-46.7358004897","-23.4045434311"
"51","2017-03-11","0.31","21.66","4.38","-288.0","-46.7358004897","-23.4045434311"
"51","2017-03-12","0.0","0.09","0.0","-288.0","-46.7358004897","-23.4045434311"
"51","2017-03-13","0.0","0.02","0.0","-288.0","-46.7358004897","-23.4045434311"
"51","2017-03-14","0.0","5.66","1.27","-288.0","-46.7358004897","-23.4045434311"
"51","2017-03-15","0.42","15.04","1.9","-288.0","-46.7358004897","-23.4045434311"
"51","2017-03-16","0.0","0.0","0.0","-288.0","-46.7358004897","-23.4045434311"
"51","2017-03-17","0.31","24.06","7.06","-288.0","-46.7358004897","-23.4045434311"
"51","2017-03-18","0.03","2.27","0.42","-288.0","-46.7358004897","-23.4045434311"
"51","2017-03-19","0.43","3.67","1.42","-288.0","-46.7358004897","-23.4045434311"
"51","2017-03-20","0.0","0.2","0.01","-287.0","-46.7358004897","-23.4045434311"
"51","2017-03-21","0.0","0.0","0.0","0.0","-46.7358004897","-23.4045434311"
"51","2017-03-22","0.0","0.0","0.0","0.0","-46.7358004897","-23.4045434311"
"51","2017-03-23","","","","-1.0","-46.7358004897","-23.4045434311"
"51","2017-03-24","0.01","12.22","1.98","-288.0","-46.7358004897","-23.4045434311"
"51","2017-03-25","0.49","10.29","2.94","-287.0","-46.7358004897","-23.4045434311"
"51","2017-03-26","","","","-1.0","-46.7358004897","-23.4045434311"
"51","2017-03-27","0.3","7.44","2.08","-288.0","-46.7358004897","-23.4045434311"
"51","2017-03-28","0.0","1.48","0.12","-288.0","-46.7358004897","-23.4045434311"
"51","2017-03-29","0.0","0.0","0.0","-287.0","-46.7358004897","-23.4045434311"
"51","2017-03-30","0.0","0.0","0.0","0.0","-46.7358004897","-23.4045434311"
"51","2017-03-31","0.0","0.0","0.0","0.0","-46.7358004897","-23.4045434311"
"51","2017-04-01","0.0","0.0","0.0","0.0","-46.7358004897","-23.4045434311"
"51","2017-04-02","0.0","0.0","0.0","0.0","-46.7358004897","-23.4045434311"
"51","2017-04-03","0.0","0.0","0.0","0.0","-46.7358004897","-23.4045434311"
"51","2017-04-04","","","","-1.0","-46.7358004897","-23.4045434311"
"51","2017-04-05","0.0","0.0","0.0","-288.0","-46.7358004897","-23.4045434311"
"51","2017-04-06","5.15","36.26","15.66","-288.0","-46.7358004897","-23.4045434311"
"51","2017-04-07","9.15","131.12","39.86","-288.0","-46.7358004897","-23.4045434311"
"51","2017-04-08","0.0","0.0","0.0","-287.0","-46.7358004897","-23.4045434311"
"51","2017-04-09","","","","-1.0","-46.7358004897","-23.4045434311"
"51","2017-04-10","0.09","18.23","2.85","-288.0","-46.7358004897","-23.4045434311"
"51","2017-04-11","0.0","0.0","0.0","-288.0","-46.7358004897","-23.4045434311"
"51","2017-04-12","0.0","0.58","0.06","-287.0","-46.7358004897","-23.4045434311"
"51","2017-04-13","0.0","0.0","0.0","0.0","-46.7358004897","-23.4045434311"
"51","2017-04-14","0.0","0.0","0.0","0.0","-46.7358004897","-23.4045434311"
"51","2017-04-15","0.0","0.0","0.0","0.0","-46.7358004897","-23.4045434311"
"51","2017-04-16","","","","-1.0","-46.7358004897","-23.4045434311"
"51","2017-04-17","0.03","0.89","0.23","-287.0","-46.7358004897","-23.4045434311"
"51","2017-04-18","0.0","0.0","0.0","0.0","-46.7358004897","-23.4045434311"
"51","2017-04-19","0.0","0.0","0.0","0.0","-46.7358004897","-23.4045434311"
"51","2017-04-20","","","","-1.0","-46.7358004897","-23.4045434311"
"51","2017-04-21","5.37","38.62","17.87","-288.0","-46.7358004897","-23.4045434311"
"51","2017-04-22","0.98","5.85","2.58","-287.0","-46.7358004897","-23.4045434311"
"51","2017-04-23","0.0","0.0","0.0","0.0","-46.7358004897","-23.4045434311"
"51","2017-04-24","0.0","0.0","0.0","0.0","-46.7358004897","-23.4045434311"
"51","2017-04-25","","","","-1.0","-46.7358004897","-23.4045434311"
"51","2017-04-26","5.82","29.74","13.93","-288.0","-46.7358004897","-23.4045434311"
"51","2017-04-27","1.52","6.06","3.27","-287.0","-46.7358004897","-23.4045434311"
"51","2017-04-28","0.0","0.0","0.0","0.0","-46.7358004897","-23.4045434311"
"51","2017-04-29","0.0","0.0","0.0","0.0","-46.7358004897","-23.4045434311"
"51","2017-04-30","0.0","0.0","0.0","0.0","-46.7358004897","-23.4045434311"
"51","2017-05-01","","","","-1.0","-46.7358004897","-23.4045434311"
"51","2017-05-02","0.01","3.27","0.09","-287.0","-46.7358004897","-23.4045434311"
"51","2017-05-03","0.0","0.0","0.0","0.0","-46.7358004897","-23.4045434311"
"51","2017-05-04","","","","-1.0","-46.7358004897","-23.4045434311"
"51","2017-05-05","4.56","34.46","14.22","-288.0","-46.7358004897","-23.4045434311"
"51","2017-05-06","1.95","14.37","6.08","-288.0","-46.7358004897","-23.4045434311"
"51","2017-05-07","0.0","0.03","0.0","-287.0","-46.7358004897","-23.4045434311"
"51","2017-05-08","0.0","0.0","0.0","0.0","-46.7358004897","-23.4045434311"
"51","2017-05-09","0.0","0.0","0.0","0.0","-46.7358004897","-23.4045434311"
"51","2017-05-10","0.0","0.0","0.0","0.0","-46.7358004897","-23.4045434311"
"51","2017-05-11","0.0","0.0","0.0","0.0","-46.7358004897","-23.4045434311"
"51","2017-05-12","0.0","0.0","0.0","0.0","-46.7358004897","-23.4045434311"
"51","2017-05-13","","","","-1.0","-46.7358004897","-23.4045434311"
"51","2017-05-14","0.11","1.43","0.52","-287.0","-46.7358004897","-23.4045434311"
"51","2017-05-15","0.0","0.0","0.0","0.0","-46.7358004897","-23.4045434311"
"51","2017-05-16","0.0","0.0","0.0","0.0","-46.7358004897","-23.4045434311"
"51","2017-05-17","","","","-1.0","-46.7358004897","-23.4045434311"
"51","2017-05-18","2.07","13.77","6.08","-288.0","-46.7358004897","-23.4045434311"
"51","2017-05-19","21.34","133.29","58.37","-288.0","-46.7358004897","-23.4045434311"
"51","2017-05-20","0.85","4.17","1.98","-288.0","-46.7358004897","-23.4045434311"
"51","2017-05-21","13.6","72.73","33.34","-288.0","-46.7358004897","-23.4045434311"
"51","2017-05-22","4.34","33.23","13.61","-287.0","-46.7358004897","-23.4045434311"
"51","2017-05-23","0.0","0.0","0.0","0.0","-46.7358004897","-23.4045434311"
"51","2017-05-24","0.0","0.0","0.0","0.0","-46.7358004897","-23.4045434311"
"51","2017-05-25","0.0","0.0","0.0","0.0","-46.7358004897","-23.4045434311"
"51","2017-05-26","0.0","0.0","0.0","0.0","-46.7358004897","-23.4045434311"
"51","2017-05-27","0.0","0.0","0.0","0.0","-46.7358004897","-23.4045434311"
"51","2017-05-28","0.0","0.0","0.0","0.0","-46.7358004897","-23.4045434311"
"51","2017-05-29","0.0","0.0","0.0","0.0","-46.7358004897","-23.4045434311"
"51","2017-05-30","0.0","0.0","0.0","0.0","-46.7358004897","-23.4045434311"
"51","2017-05-31","0.0","0.0","0.0","0.0","-46.7358004897","-23.4045434311"
"51","2017-06-01","0.0","0.0","0.0","0.0","-46.7358004897","-23.4045434311"
"51","2017-06-02","0.0","0.0","0.0","0.0","-46.7358004897","-23.4045434311"
"51","2017-06-03","0.0","0.0","0.0","0.0","-46.7358004897","-23.4045434311"
"51","2017-06-04","","","","-1.0","-46.7358004897","-23.4045434311"
"51","2017-06-05","14.84","106.81","45.5","-288.0","-46.7358004897","-23.4045434311"
"51","2017-06-06","14.99","98.48","40.91","-288.0","-46.7358004897","-23.4045434311"
"51","2017-06-07","7.42","52.28","23.56","-287.0","-46.7358004897","-23.4045434311"
"51","2017-06-08","","","","-1.0","-46.7358004897","-23.4045434311"
"51","2017-06-09","0.01","1.06","0.22","-288.0","-46.7358004897","-23.4045434311"
"51","2017-06-10","0.0","0.0","0.0","-287.0","-46.7358004897","-23.4045434311"
"51","2017-06-11","","","","-1.0","-46.7358004897","-23.4045434311"
"51","2017-06-12","0.0","0.0","0.0","-288.0","-46.7358004897","-23.4045434311"
"51","2017-06-13","9.0","70.55","27.4","-288.0","-46.7358004897","-23.4045434311"
"51","2017-06-14","0.87","6.61","2.81","-287.0","-46.7358004897","-23.4045434311"
"52","2016-10-31","","","","-1.0","-46.5734627561","-23.3942921109"
"52","2016-11-01","0.0","0.05","0.0","-288.0","-46.5734627561","-23.3942921109"
"52","2016-11-02","0.0","5.79","0.4","-288.0","-46.5734627561","-23.3942921109"
"52","2016-11-03","1.32","35.07","9.14","-288.0","-46.5734627561","-23.3942921109"
"52","2016-11-04","0.15","3.03","0.97","-288.0","-46.5734627561","-23.3942921109"
"52","2016-11-05","0.0","0.0","0.0","-288.0","-46.5734627561","-23.3942921109"
"52","2016-11-06","2.67","86.55","23.45","-288.0","-46.5734627561","-23.3942921109"
"52","2016-11-07","0.0","40.36","6.59","-288.0","-46.5734627561","-23.3942921109"
"52","2016-11-08","0.0","0.29","0.0","-288.0","-46.5734627561","-23.3942921109"
"52","2016-11-09","3.95","62.65","19.49","-288.0","-46.5734627561","-23.3942921109"
"52","2016-11-10","1.52","25.51","6.19","-288.0","-46.5734627561","-23.3942921109"
"52","2016-11-11","0.0","0.51","0.0","-288.0","-46.5734627561","-23.3942921109"
"52","2016-11-12","0.77","16.78","4.55","-288.0","-46.5734627561","-23.3942921109"
"52","2016-11-13","6.33","49.03","20.5","-288.0","-46.5734627561","-23.3942921109"
"52","2016-11-14","9.05","45.55","22.49","-287.0","-46.5734627561","-23.3942921109"
"52","2016-11-15","","","","-1.0","-46.5734627561","-23.3942921109"
"52","2016-11-16","1.43","36.47","11.82","-288.0","-46.5734627561","-23.3942921109"
"52","2016-11-17","0.51","38.87","4.67","-288.0","-46.5734627561","-23.3942921109"
"52","2016-11-18","0.0","0.61","0.02","-287.0","-46.5734627561","-23.3942921109"
"52","2016-11-19","0.0","0.0","0.0","0.0","-46.5734627561","-23.3942921109"
"52","2016-11-20","0.0","0.0","0.0","0.0","-46.5734627561","-23.3942921109"
"52","2016-11-21","0.0","0.0","0.0","0.0","-46.5734627561","-23.3942921109"
"52","2016-11-22","","","","-1.0","-46.5734627561","-23.3942921109"
"52","2016-11-23","3.46","35.87","12.38","-288.0","-46.5734627561","-23.3942921109"
"52","2016-11-24","0.0","0.02","0.0","-287.0","-46.5734627561","-23.3942921109"
"52","2016-11-25","0.0","0.0","0.0","0.0","-46.5734627561","-23.3942921109"
"52","2016-11-26","","","","-1.0","-46.5734627561","-23.3942921109"
"52","2016-11-27","0.36","40.07","5.54","-288.0","-46.5734627561","-23.3942921109"
"52","2016-11-28","0.0","2.56","0.33","-288.0","-46.5734627561","-23.3942921109"
"52","2016-11-29","1.22","75.22","14.08","-288.0","-46.5734627561","-23.3942921109"
"52","2016-11-30","0.0","0.0","0.0","-287.0","-46.5734627561","-23.3942921109"
"52","2016-12-01","0.0","0.0","0.0","0.0","-46.5734627561","-23.3942921109"
"52","2016-12-02","","","","-1.0","-46.5734627561","-23.3942921109"
"52","2016-12-03","4.17","53.41","17.79","-288.0","-46.5734627561","-23.3942921109"
"52","2016-12-04","1.25","22.32","5.96","-288.0","-46.5734627561","-23.3942921109"
"52","2016-12-05","0.01","4.96","0.49","-287.0","-46.5734627561","-23.3942921109"
"52","2016-12-06","","","","-1.0","-46.5734627561","-23.3942921109"
"52","2016-12-07","0.15","12.65","1.7","-288.0","-46.5734627561","-23.3942921109"
"52","2016-12-08","0.0","1.97","0.09","-288.0","-46.5734627561","-23.3942921109"
"52","2016-12-09","0.7","14.83","3.63","-288.0","-46.5734627561","-23.3942921109"
"52","2016-12-10","0.44","19.22","3.65","-288.0","-46.5734627561","-23.3942921109"
"52","2016-12-11","0.36","23.33","3.93","-288.0","-46.5734627561","-23.3942921109"
"52","2016-12-12","1.41","57.63","13.7","-288.0","-46.5734627561","-23.3942921109"
"52","2016-12-13","0.0","0.18","0.0","-288.0","-46.5734627561","-23.3942921109"
"52","2016-12-14","0.0","0.32","0.0","-288.0","-46.5734627561","-23.3942921109"
"52","2016-12-15","0.0","0.0","0.0","-287.0","-46.5734627561","-23.3942921109"
"52","2016-12-16","0.0","0.0","0.0","0.0","-46.5734627561","-23.3942921109"
"52","2016-12-17","","","","-1.0","-46.5734627561","-23.3942921109"
"52","2016-12-18","0.71","65.04","12.0","-288.0","-46.5734627561","-23.3942921109"
"52","2016-12-19","0.2","20.58","3.24","-288.0","-46.5734627561","-23.3942921109"
"52","2016-12-20","2.65","72.47","20.87","-288.0","-46.5734627561","-23.3942921109"
"52","2016-12-21","0.01","20.71","2.66","-288.0","-46.5734627561","-23.3942921109"
"52","2016-12-22","0.01","5.03","0.52","-288.0","-46.5734627561","-23.3942921109"
"52","2016-12-23","2.83","62.38","20.09","-288.0","-46.5734627561","-23.3942921109"
"52","2016-12-24","0.79","16.99","4.52","-288.0","-46.5734627561","-23.3942921109"
"52","2016-12-25","0.0","1.61","0.08","-288.0","-46.5734627561","-23.3942921109"
"52","2016-12-26","0.0","0.0","0.0","-288.0","-46.5734627561","-23.3942921109"
"52","2016-12-27","0.0","0.67","0.03","-288.0","-46.5734627561","-23.3942921109"
"52","2016-12-28","2.01","92.69","20.7","-288.0","-46.5734627561","-23.3942921109"
"52","2016-12-29","0.0","2.62","0.14","-288.0","-46.5734627561","-23.3942921109"
"52","2016-12-30","0.0","0.3","0.0","-288.0","-46.5734627561","-23.3942921109"
"52","2016-12-31","0.0","0.16","0.0","-287.0","-46.5734627561","-23.3942921109"
"52","2017-01-01","","","","-1.0","-46.5734627561","-23.3942921109"
"52","2017-01-02","1.08","23.43","5.32","-288.0","-46.5734627561","-23.3942921109"
"52","2017-01-03","5.83","142.44","54.09","-288.0","-46.5734627561","-23.3942921109"
"52","2017-01-04","0.18","2.72","0.94","-288.0","-46.5734627561","-23.3942921109"
"52","2017-01-05","0.04","9.25","1.65","-288.0","-46.5734627561","-23.3942921109"
"52","2017-01-06","2.22","59.38","16.24","-288.0","-46.5734627561","-23.3942921109"
"52","2017-01-07","0.9","35.54","7.29","-288.0","-46.5734627561","-23.3942921109"
"52","2017-01-08","0.0","6.35","0.83","-288.0","-46.5734627561","-23.3942921109"
"52","2017-01-09","3.39","91.37","35.59","-288.0","-46.5734627561","-23.3942921109"
"52","2017-01-10","3.55","52.68","15.06","-288.0","-46.5734627561","-23.3942921109"
"52","2017-01-11","2.81","171.02","51.63","-288.0","-46.5734627561","-23.3942921109"
"52","2017-01-12","1.1","132.04","32.91","-288.0","-46.5734627561","-23.3942921109"
"52","2017-01-13","0.09","47.03","11.09","-288.0","-46.5734627561","-23.3942921109"
"52","2017-01-14","0.42","57.26","8.58","-288.0","-46.5734627561","-23.3942921109"
"52","2017-01-15","0.0","25.58","2.14","-288.0","-46.5734627561","-23.3942921109"
"52","2017-01-16","5.88","173.15","44.22","-288.0","-46.5734627561","-23.3942921109"
"52","2017-01-17","8.84","109.02","39.9","-288.0","-46.5734627561","-23.3942921109"
"52","2017-01-18","8.35","124.68","39.67","-288.0","-46.5734627561","-23.3942921109"
"52","2017-01-19","2.98","42.41","12.27","-288.0","-46.5734627561","-23.3942921109"
"52","2017-01-20","6.37","62.41","21.94","-288.0","-46.5734627561","-23.3942921109"
"52","2017-01-21","8.36","228.05","65.93","-288.0","-46.5734627561","-23.3942921109"
"52","2017-01-22","2.8","36.46","12.4","-288.0","-46.5734627561","-23.3942921109"
"52","2017-01-23","0.22","26.49","5.13","-288.0","-46.5734627561","-23.3942921109"
"52","2017-01-24","0.24","18.12","3.17","-288.0","-46.5734627561","-23.3942921109"
"52","2017-01-25","0.88","63.89","11.89","-288.0","-46.5734627561","-23.3942921109"
"52","2017-01-26","2.12","40.53","12.65","-288.0","-46.5734627561","-23.3942921109"
"52","2017-01-27","0.23","32.08","6.17","-288.0","-46.5734627561","-23.3942921109"
"52","2017-01-28","0.0","1.17","0.04","-288.0","-46.5734627561","-23.3942921109"
"52","2017-01-29","0.0","22.22","3.37","-288.0","-46.5734627561","-23.3942921109"
"52","2017-01-30","6.36","143.32","53.72","-288.0","-46.5734627561","-23.3942921109"
"52","2017-01-31","0.37","30.75","5.84","-288.0","-46.5734627561","-23.3942921109"
"52","2017-02-01","3.04","116.63","27.97","-288.0","-46.5734627561","-23.3942921109"
"52","2017-02-02","1.46","29.91","7.32","-288.0","-46.5734627561","-23.3942921109"
"52","2017-02-03","0.09","4.5","0.51","-288.0","-46.5734627561","-23.3942921109"
"52","2017-02-04","2.13","80.49","16.84","-288.0","-46.5734627561","-23.3942921109"
"52","2017-02-05","0.0","0.07","0.0","-288.0","-46.5734627561","-23.3942921109"
"52","2017-02-06","1.85","83.72","21.91","-288.0","-46.5734627561","-23.3942921109"
"52","2017-02-07","0.0","45.82","12.65","-288.0","-46.5734627561","-23.3942921109"
"52","2017-02-08","0.0","0.0","0.0","-287.0","-46.5734627561","-23.3942921109"
"52","2017-02-09","0.0","0.0","0.0","0.0","-46.5734627561","-23.3942921109"
"52","2017-02-10","0.0","0.0","0.0","0.0","-46.5734627561","-23.3942921109"
"52","2017-02-11","0.0","0.0","0.0","0.0","-46.5734627561","-23.3942921109"
"52","2017-02-12","0.0","0.0","0.0","0.0","-46.5734627561","-23.3942921109"
"52","2017-02-13","0.0","0.0","0.0","0.0","-46.5734627561","-23.3942921109"
"52","2017-02-14","0.0","0.0","0.0","0.0","-46.5734627561","-23.3942921109"
"52","2017-02-15","0.0","0.0","0.0","0.0","-46.5734627561","-23.3942921109"
"52","2017-02-16","","","","-1.0","-46.5734627561","-23.3942921109"
"52","2017-02-17","0.0","0.13","0.0","-288.0","-46.5734627561","-23.3942921109"
"52","2017-02-18","0.0","0.0","0.0","-287.0","-46.5734627561","-23.3942921109"
"52","2017-02-19","0.0","0.0","0.0","0.0","-46.5734627561","-23.3942921109"
"52","2017-02-20","0.0","0.0","0.0","0.0","-46.5734627561","-23.3942921109"
"52","2017-02-21","","","","-1.0","-46.5734627561","-23.3942921109"
"52","2017-02-22","0.0","0.19","0.01","-288.0","-46.5734627561","-23.3942921109"
"52","2017-02-23","0.0","0.45","0.03","-288.0","-46.5734627561","-23.3942921109"
"52","2017-02-24","3.19","53.17","15.0","-288.0","-46.5734627561","-23.3942921109"
"52","2017-02-25","1.95","45.23","13.17","-288.0","-46.5734627561","-23.3942921109"
"52","2017-02-26","0.57","44.84","8.43","-288.0","-46.5734627561","-23.3942921109"
"52","2017-02-27","0.22","76.83","23.31","-288.0","-46.5734627561","-23.3942921109"
"52","2017-02-28","0.0","5.54","0.55","-288.0","-46.5734627561","-23.3942921109"
"52","2017-03-01","0.0","0.29","0.0","-288.0","-46.5734627561","-23.3942921109"
"52","2017-03-02","0.01","36.43","6.1","-288.0","-46.5734627561","-23.3942921109"
"52","2017-03-03","3.22","93.01","24.78","-288.0","-46.5734627561","-23.3942921109"
"52","2017-03-04","1.04","44.12","9.47","-288.0","-46.5734627561","-23.3942921109"
"52","2017-03-05","0.22","45.52","9.81","-288.0","-46.5734627561","-23.3942921109"
"52","2017-03-06","2.84","108.45","23.51","-288.0","-46.5734627561","-23.3942921109"
"52","2017-03-07","4.92","137.63","38.43","-288.0","-46.5734627561","-23.3942921109"
"52","2017-03-08","0.18","18.96","2.53","-288.0","-46.5734627561","-23.3942921109"
"52","2017-03-09","0.0","0.0","0.0","-288.0","-46.5734627561","-23.3942921109"
"52","2017-03-10","0.43","48.87","8.09","-288.0","-46.5734627561","-23.3942921109"
"52","2017-03-11","0.0","10.14","0.43","-288.0","-46.5734627561","-23.3942921109"
"52","2017-03-12","0.0","0.23","0.0","-288.0","-46.5734627561","-23.3942921109"
"52","2017-03-13","0.0","16.92","1.71","-288.0","-46.5734627561","-23.3942921109"
"52","2017-03-14","0.0","13.01","1.71","-288.0","-46.5734627561","-23.3942921109"
"52","2017-03-15","0.2","21.0","3.24","-288.0","-46.5734627561","-23.3942921109"
"52","2017-03-16","0.0","2.79","0.16","-288.0","-46.5734627561","-23.3942921109"
"52","2017-03-17","0.0","3.39","0.28","-288.0","-46.5734627561","-23.3942921109"
"52","2017-03-18","0.0","1.84","0.24","-288.0","-46.5734627561","-23.3942921109"
"52","2017-03-19","0.36","14.01","3.66","-288.0","-46.5734627561","-23.3942921109"
"52","2017-03-20","0.0","0.05","0.01","-287.0","-46.5734627561","-23.3942921109"
"52","2017-03-21","0.0","0.0","0.0","0.0","-46.5734627561","-23.3942921109"
"52","2017-03-22","0.0","0.0","0.0","0.0","-46.5734627561","-23.3942921109"
"52","2017-03-23","","","","-1.0","-46.5734627561","-23.3942921109"
"52","2017-03-24","0.0","9.43","1.57","-288.0","-46.5734627561","-23.3942921109"
"52","2017-03-25","0.06","14.56","2.35","-287.0","-46.5734627561","-23.3942921109"
"52","2017-03-26","","","","-1.0","-46.5734627561","-23.3942921109"
"52","2017-03-27","0.12","7.92","1.95","-288.0","-46.5734627561","-23.3942921109"
"52","2017-03-28","0.0","1.74","0.1","-288.0","-46.5734627561","-23.3942921109"
"52","2017-03-29","0.0","0.13","0.0","-287.0","-46.5734627561","-23.3942921109"
"52","2017-03-30","0.0","0.0","0.0","0.0","-46.5734627561","-23.3942921109"
"52","2017-03-31","0.0","0.0","0.0","0.0","-46.5734627561","-23.3942921109"
"52","2017-04-01","0.0","0.0","0.0","0.0","-46.5734627561","-23.3942921109"
"52","2017-04-02","0.0","0.0","0.0","0.0","-46.5734627561","-23.3942921109"
"52","2017-04-03","0.0","0.0","0.0","0.0","-46.5734627561","-23.3942921109"
"52","2017-04-04","","","","-1.0","-46.5734627561","-23.3942921109"
"52","2017-04-05","0.0","0.0","0.0","-288.0","-46.5734627561","-23.3942921109"
"52","2017-04-06","2.22","28.8","9.42","-288.0","-46.5734627561","-23.3942921109"
"52","2017-04-07","4.72","110.96","25.55","-288.0","-46.5734627561","-23.3942921109"
"52","2017-04-08","0.0","0.0","0.0","-287.0","-46.5734627561","-23.3942921109"
"52","2017-04-09","","","","-1.0","-46.5734627561","-23.3942921109"
"52","2017-04-10","0.34","63.6","16.25","-288.0","-46.5734627561","-23.3942921109"
"52","2017-04-11","0.0","0.07","0.0","-288.0","-46.5734627561","-23.3942921109"
"52","2017-04-12","0.01","2.18","0.29","-287.0","-46.5734627561","-23.3942921109"
"52","2017-04-13","0.0","0.0","0.0","0.0","-46.5734627561","-23.3942921109"
"52","2017-04-14","0.0","0.0","0.0","0.0","-46.5734627561","-23.3942921109"
"52","2017-04-15","0.0","0.0","0.0","0.0","-46.5734627561","-23.3942921109"
"52","2017-04-16","","","","-1.0","-46.5734627561","-23.3942921109"
"52","2017-04-17","0.05","1.58","0.32","-287.0","-46.5734627561","-23.3942921109"
"52","2017-04-18","0.0","0.0","0.0","0.0","-46.5734627561","-23.3942921109"
"52","2017-04-19","0.0","0.0","0.0","0.0","-46.5734627561","-23.3942921109"
"52","2017-04-20","","","","-1.0","-46.5734627561","-23.3942921109"
"52","2017-04-21","1.22","46.13","15.36","-288.0","-46.5734627561","-23.3942921109"
"52","2017-04-22","0.46","6.18","2.05","-287.0","-46.5734627561","-23.3942921109"
"52","2017-04-23","0.0","0.0","0.0","0.0","-46.5734627561","-23.3942921109"
"52","2017-04-24","0.0","0.0","0.0","0.0","-46.5734627561","-23.3942921109"
"52","2017-04-25","","","","-1.0","-46.5734627561","-23.3942921109"
"52","2017-04-26","4.5","57.44","18.08","-288.0","-46.5734627561","-23.3942921109"
"52","2017-04-27","0.69","6.7","2.43","-287.0","-46.5734627561","-23.3942921109"
"52","2017-04-28","0.0","0.0","0.0","0.0","-46.5734627561","-23.3942921109"
"52","2017-04-29","0.0","0.0","0.0","0.0","-46.5734627561","-23.3942921109"
"52","2017-04-30","0.0","0.0","0.0","0.0","-46.5734627561","-23.3942921109"
"52","2017-05-01","","","","-1.0","-46.5734627561","-23.3942921109"
"52","2017-05-02","0.0","1.61","0.05","-287.0","-46.5734627561","-23.3942921109"
"52","2017-05-03","0.0","0.0","0.0","0.0","-46.5734627561","-23.3942921109"
"52","2017-05-04","","","","-1.0","-46.5734627561","-23.3942921109"
"52","2017-05-05","2.07","41.77","13.01","-288.0","-46.5734627561","-23.3942921109"
"52","2017-05-06","1.52","28.4","7.12","-288.0","-46.5734627561","-23.3942921109"
"52","2017-05-07","0.0","0.25","0.07","-287.0","-46.5734627561","-23.3942921109"
"52","2017-05-08","0.0","0.0","0.0","0.0","-46.5734627561","-23.3942921109"
"52","2017-05-09","0.0","0.0","0.0","0.0","-46.5734627561","-23.3942921109"
"52","2017-05-10","0.0","0.0","0.0","0.0","-46.5734627561","-23.3942921109"
"52","2017-05-11","0.0","0.0","0.0","0.0","-46.5734627561","-23.3942921109"
"52","2017-05-12","0.0","0.0","0.0","0.0","-46.5734627561","-23.3942921109"
"52","2017-05-13","","","","-1.0","-46.5734627561","-23.3942921109"
"52","2017-05-14","0.01","1.41","0.3","-287.0","-46.5734627561","-23.3942921109"
"52","2017-05-15","0.0","0.0","0.0","0.0","-46.5734627561","-23.3942921109"
"52","2017-05-16","0.0","0.0","0.0","0.0","-46.5734627561","-23.3942921109"
"52","2017-05-17","","","","-1.0","-46.5734627561","-23.3942921109"
"52","2017-05-18","0.6","10.65","3.21","-288.0","-46.5734627561","-23.3942921109"
"52","2017-05-19","10.82","145.56","47.65","-288.0","-46.5734627561","-23.3942921109"
"52","2017-05-20","0.21","2.48","0.93","-288.0","-46.5734627561","-23.3942921109"
"52","2017-05-21","9.7","79.3","30.78","-288.0","-46.5734627561","-23.3942921109"
"52","2017-05-22","3.28","55.39","15.05","-287.0","-46.5734627561","-23.3942921109"
"52","2017-05-23","0.0","0.0","0.0","0.0","-46.5734627561","-23.3942921109"
"52","2017-05-24","0.0","0.0","0.0","0.0","-46.5734627561","-23.3942921109"
"52","2017-05-25","0.0","0.0","0.0","0.0","-46.5734627561","-23.3942921109"
"52","2017-05-26","0.0","0.0","0.0","0.0","-46.5734627561","-23.3942921109"
"52","2017-05-27","0.0","0.0","0.0","0.0","-46.5734627561","-23.3942921109"
"52","2017-05-28","0.0","0.0","0.0","0.0","-46.5734627561","-23.3942921109"
"52","2017-05-29","0.0","0.0","0.0","0.0","-46.5734627561","-23.3942921109"
"52","2017-05-30","0.0","0.0","0.0","0.0","-46.5734627561","-23.3942921109"
"52","2017-05-31","0.0","0.0","0.0","0.0","-46.5734627561","-23.3942921109"
"52","2017-06-01","0.0","0.0","0.0","0.0","-46.5734627561","-23.3942921109"
"52","2017-06-02","0.0","0.0","0.0","0.0","-46.5734627561","-23.3942921109"
"52","2017-06-03","0.0","0.0","0.0","0.0","-46.5734627561","-23.3942921109"
"52","2017-06-04","","","","-1.0","-46.5734627561","-23.3942921109"
"52","2017-06-05","8.78","108.85","36.47","-288.0","-46.5734627561","-23.3942921109"
"52","2017-06-06","9.94","102.85","34.27","-288.0","-46.5734627561","-23.3942921109"
"52","2017-06-07","2.61","34.89","11.61","-287.0","-46.5734627561","-23.3942921109"
"52","2017-06-08","","","","-1.0","-46.5734627561","-23.3942921109"
"52","2017-06-09","0.04","6.49","0.81","-288.0","-46.5734627561","-23.3942921109"
"52","2017-06-10","0.0","0.0","0.0","-287.0","-46.5734627561","-23.3942921109"
"52","2017-06-11","","","","-1.0","-46.5734627561","-23.3942921109"
"52","2017-06-12","0.0","0.64","0.01","-288.0","-46.5734627561","-23.3942921109"
"52","2017-06-13","5.41","98.68","25.62","-288.0","-46.5734627561","-23.3942921109"
"52","2017-06-14","0.68","25.21","4.12","-287.0","-46.5734627561","-23.3942921109"
"54","2016-10-31","","","","-1.0","-46.5432608098","-23.362107441"
"54","2016-11-01","0.0","0.0","0.0","-288.0","-46.5432608098","-23.362107441"
"54","2016-11-02","0.37","1.2","0.77","-288.0","-46.5432608098","-23.362107441"
"54","2016-11-03","8.85","21.87","15.21","-288.0","-46.5432608098","-23.362107441"
"54","2016-11-04","0.76","1.54","1.1","-288.0","-46.5432608098","-23.362107441"
"54","2016-11-05","0.0","0.0","0.0","-288.0","-46.5432608098","-23.362107441"
"54","2016-11-06","15.25","35.8","25.91","-288.0","-46.5432608098","-23.362107441"
"54","2016-11-07","0.02","6.88","2.31","-288.0","-46.5432608098","-23.362107441"
"54","2016-11-08","0.01","0.07","0.03","-288.0","-46.5432608098","-23.362107441"
"54","2016-11-09","11.38","27.82","19.22","-288.0","-46.5432608098","-23.362107441"
"54","2016-11-10","4.2","7.91","6.07","-288.0","-46.5432608098","-23.362107441"
"54","2016-11-11","0.0","0.06","0.01","-288.0","-46.5432608098","-23.362107441"
"54","2016-11-12","1.09","2.22","1.63","-288.0","-46.5432608098","-23.362107441"
"54","2016-11-13","14.02","27.16","20.33","-288.0","-46.5432608098","-23.362107441"
"54","2016-11-14","16.44","27.99","22.03","-287.0","-46.5432608098","-23.362107441"
"54","2016-11-15","","","","-1.0","-46.5432608098","-23.362107441"
"54","2016-11-16","7.26","12.9","9.86","-288.0","-46.5432608098","-23.362107441"
"54","2016-11-17","4.24","10.45","7.33","-288.0","-46.5432608098","-23.362107441"
"54","2016-11-18","0.04","0.19","0.1","-287.0","-46.5432608098","-23.362107441"
"54","2016-11-19","0.0","0.0","0.0","0.0","-46.5432608098","-23.362107441"
"54","2016-11-20","0.0","0.0","0.0","0.0","-46.5432608098","-23.362107441"
"54","2016-11-21","0.0","0.0","0.0","0.0","-46.5432608098","-23.362107441"
"54","2016-11-22","","","","-1.0","-46.5432608098","-23.362107441"
"54","2016-11-23","9.35","21.3","15.32","-288.0","-46.5432608098","-23.362107441"
"54","2016-11-24","0.0","0.0","0.0","-287.0","-46.5432608098","-23.362107441"
"54","2016-11-25","0.0","0.0","0.0","0.0","-46.5432608098","-23.362107441"
"54","2016-11-26","","","","-1.0","-46.5432608098","-23.362107441"
"54","2016-11-27","3.06","12.3","6.74","-288.0","-46.5432608098","-23.362107441"
"54","2016-11-28","0.0","0.07","0.02","-288.0","-46.5432608098","-23.362107441"
"54","2016-11-29","5.11","12.49","8.45","-288.0","-46.5432608098","-23.362107441"
"54","2016-11-30","0.0","0.0","0.0","-287.0","-46.5432608098","-23.362107441"
"54","2016-12-01","0.0","0.0","0.0","0.0","-46.5432608098","-23.362107441"
"54","2016-12-02","","","","-1.0","-46.5432608098","-23.362107441"
"54","2016-12-03","10.98","22.02","16.53","-288.0","-46.5432608098","-23.362107441"
"54","2016-12-04","3.81","7.97","5.97","-288.0","-46.5432608098","-23.362107441"
"54","2016-12-05","1.09","2.61","1.64","-287.0","-46.5432608098","-23.362107441"
"54","2016-12-06","","","","-1.0","-46.5432608098","-23.362107441"
"54","2016-12-07","1.08","2.06","1.52","-288.0","-46.5432608098","-23.362107441"
"54","2016-12-08","0.0","0.0","0.0","-288.0","-46.5432608098","-23.362107441"
"54","2016-12-09","3.75","6.7","5.16","-288.0","-46.5432608098","-23.362107441"
"54","2016-12-10","2.22","6.87","4.22","-288.0","-46.5432608098","-23.362107441"
"54","2016-12-11","5.22","13.68","8.85","-288.0","-46.5432608098","-23.362107441"
"54","2016-12-12","5.07","12.68","8.24","-288.0","-46.5432608098","-23.362107441"
"54","2016-12-13","0.0","0.06","0.0","-288.0","-46.5432608098","-23.362107441"
"54","2016-12-14","0.0","0.03","0.0","-288.0","-46.5432608098","-23.362107441"
"54","2016-12-15","0.0","0.0","0.0","-287.0","-46.5432608098","-23.362107441"
"54","2016-12-16","0.0","0.0","0.0","0.0","-46.5432608098","-23.362107441"
"54","2016-12-17","","","","-1.0","-46.5432608098","-23.362107441"
"54","2016-12-18","5.58","14.63","9.53","-288.0","-46.5432608098","-23.362107441"
"54","2016-12-19","1.45","4.11","2.83","-288.0","-46.5432608098","-23.362107441"
"54","2016-12-20","16.46","36.88","24.88","-288.0","-46.5432608098","-23.362107441"
"54","2016-12-21","0.16","1.26","0.57","-288.0","-46.5432608098","-23.362107441"
"54","2016-12-22","3.77","6.79","5.13","-288.0","-46.5432608098","-23.362107441"
"54","2016-12-23","7.34","21.68","13.19","-288.0","-46.5432608098","-23.362107441"
"54","2016-12-24","1.72","4.07","2.85","-288.0","-46.5432608098","-23.362107441"
"54","2016-12-25","0.11","2.25","0.83","-288.0","-46.5432608098","-23.362107441"
"54","2016-12-26","0.0","0.01","0.0","-288.0","-46.5432608098","-23.362107441"
"54","2016-12-27","0.01","0.04","0.01","-288.0","-46.5432608098","-23.362107441"
"54","2016-12-28","4.8","13.11","8.61","-288.0","-46.5432608098","-23.362107441"
"54","2016-12-29","0.02","0.08","0.04","-288.0","-46.5432608098","-23.362107441"
"54","2016-12-30","0.0","0.12","0.03","-288.0","-46.5432608098","-23.362107441"
"54","2016-12-31","0.0","0.02","0.01","-287.0","-46.5432608098","-23.362107441"
"54","2017-01-01","","","","-1.0","-46.5432608098","-23.362107441"
"54","2017-01-02","2.46","5.87","4.09","-288.0","-46.5432608098","-23.362107441"
"54","2017-01-03","45.32","83.1","63.7","-288.0","-46.5432608098","-23.362107441"
"54","2017-01-04","0.55","0.97","0.73","-288.0","-46.5432608098","-23.362107441"
"54","2017-01-05","0.54","1.79","1.04","-288.0","-46.5432608098","-23.362107441"
"54","2017-01-06","8.2","22.86","15.38","-288.0","-46.5432608098","-23.362107441"
"54","2017-01-07","1.75","3.83","2.77","-288.0","-46.5432608098","-23.362107441"
"54","2017-01-08","0.19","0.66","0.42","-288.0","-46.5432608098","-23.362107441"
"54","2017-01-09","23.94","38.34","32.16","-288.0","-46.5432608098","-23.362107441"
"54","2017-01-10","12.15","25.93","18.4","-288.0","-46.5432608098","-23.362107441"
"54","2017-01-11","28.13","53.75","39.81","-288.0","-46.5432608098","-23.362107441"
"54","2017-01-12","5.81","13.25","9.15","-288.0","-46.5432608098","-23.362107441"
"54","2017-01-13","1.98","6.43","3.8","-288.0","-46.5432608098","-23.362107441"
"54","2017-01-14","7.44","14.9","11.06","-288.0","-46.5432608098","-23.362107441"
"54","2017-01-15","2.72","9.27","6.11","-288.0","-46.5432608098","-23.362107441"
"54","2017-01-16","19.45","49.39","33.03","-288.0","-46.5432608098","-23.362107441"
"54","2017-01-17","24.1","47.66","34.9","-288.0","-46.5432608098","-23.362107441"
"54","2017-01-18","27.19","49.84","37.9","-288.0","-46.5432608098","-23.362107441"
"54","2017-01-19","8.6","15.91","12.1","-288.0","-46.5432608098","-23.362107441"
"54","2017-01-20","16.71","33.09","24.38","-288.0","-46.5432608098","-23.362107441"
"54","2017-01-21","45.31","91.04","68.21","-288.0","-46.5432608098","-23.362107441"
"54","2017-01-22","9.43","18.24","13.68","-288.0","-46.5432608098","-23.362107441"
"54","2017-01-23","1.21","2.75","1.99","-288.0","-46.5432608098","-23.362107441"
"54","2017-01-24","1.25","4.66","2.86","-288.0","-46.5432608098","-23.362107441"
"54","2017-01-25","7.33","20.55","14.3","-288.0","-46.5432608098","-23.362107441"
"54","2017-01-26","12.55","17.24","15.08","-288.0","-46.5432608098","-23.362107441"
"54","2017-01-27","2.56","11.2","6.54","-288.0","-46.5432608098","-23.362107441"
"54","2017-01-28","0.12","0.62","0.36","-288.0","-46.5432608098","-23.362107441"
"54","2017-01-29","0.0","0.02","0.0","-288.0","-46.5432608098","-23.362107441"
"54","2017-01-30","32.88","53.62","42.1","-288.0","-46.5432608098","-23.362107441"
"54","2017-01-31","3.46","6.17","4.71","-288.0","-46.5432608098","-23.362107441"
"54","2017-02-01","8.93","26.6","17.36","-288.0","-46.5432608098","-23.362107441"
"54","2017-02-02","5.7","12.62","9.27","-288.0","-46.5432608098","-23.362107441"
"54","2017-02-03","0.18","0.46","0.3","-288.0","-46.5432608098","-23.362107441"
"54","2017-02-04","12.38","31.04","20.22","-288.0","-46.5432608098","-23.362107441"
"54","2017-02-05","0.01","0.12","0.04","-288.0","-46.5432608098","-23.362107441"
"54","2017-02-06","10.34","23.68","17.38","-288.0","-46.5432608098","-23.362107441"
"54","2017-02-07","13.78","28.94","20.74","-288.0","-46.5432608098","-23.362107441"
"54","2017-02-08","0.0","0.0","0.0","-287.0","-46.5432608098","-23.362107441"
"54","2017-02-09","0.0","0.0","0.0","0.0","-46.5432608098","-23.362107441"
"54","2017-02-10","0.0","0.0","0.0","0.0","-46.5432608098","-23.362107441"
"54","2017-02-11","0.0","0.0","0.0","0.0","-46.5432608098","-23.362107441"
"54","2017-02-12","0.0","0.0","0.0","0.0","-46.5432608098","-23.362107441"
"54","2017-02-13","0.0","0.0","0.0","0.0","-46.5432608098","-23.362107441"
"54","2017-02-14","0.0","0.0","0.0","0.0","-46.5432608098","-23.362107441"
"54","2017-02-15","0.0","0.0","0.0","0.0","-46.5432608098","-23.362107441"
"54","2017-02-16","","","","-1.0","-46.5432608098","-23.362107441"
"54","2017-02-17","0.0","0.09","0.03","-288.0","-46.5432608098","-23.362107441"
"54","2017-02-18","0.0","0.0","0.0","-287.0","-46.5432608098","-23.362107441"
"54","2017-02-19","0.0","0.0","0.0","0.0","-46.5432608098","-23.362107441"
"54","2017-02-20","0.0","0.0","0.0","0.0","-46.5432608098","-23.362107441"
"54","2017-02-21","","","","-1.0","-46.5432608098","-23.362107441"
"54","2017-02-22","0.0","0.01","0.0","-288.0","-46.5432608098","-23.362107441"
"54","2017-02-23","0.0","0.0","0.0","-288.0","-46.5432608098","-23.362107441"
"54","2017-02-24","6.73","16.93","11.27","-288.0","-46.5432608098","-23.362107441"
"54","2017-02-25","11.47","25.54","18.08","-288.0","-46.5432608098","-23.362107441"
"54","2017-02-26","0.89","2.48","1.58","-288.0","-46.5432608098","-23.362107441"
"54","2017-02-27","3.03","7.71","5.34","-288.0","-46.5432608098","-23.362107441"
"54","2017-02-28","0.06","0.33","0.2","-288.0","-46.5432608098","-23.362107441"
"54","2017-03-01","0.0","0.09","0.0","-288.0","-46.5432608098","-23.362107441"
"54","2017-03-02","1.8","8.01","4.51","-288.0","-46.5432608098","-23.362107441"
"54","2017-03-03","12.28","31.03","20.72","-288.0","-46.5432608098","-23.362107441"
"54","2017-03-04","2.82","8.82","5.51","-288.0","-46.5432608098","-23.362107441"
"54","2017-03-05","2.91","6.53","4.67","-288.0","-46.5432608098","-23.362107441"
"54","2017-03-06","8.27","28.69","18.59","-288.0","-46.5432608098","-23.362107441"
"54","2017-03-07","26.02","64.53","43.91","-288.0","-46.5432608098","-23.362107441"
"54","2017-03-08","6.42","25.03","14.13","-288.0","-46.5432608098","-23.362107441"
"54","2017-03-09","0.0","0.0","0.0","-288.0","-46.5432608098","-23.362107441"
"54","2017-03-10","1.79","7.78","4.7","-288.0","-46.5432608098","-23.362107441"
"54","2017-03-11","0.0","0.0","0.0","-288.0","-46.5432608098","-23.362107441"
"54","2017-03-12","0.0","0.08","0.01","-288.0","-46.5432608098","-23.362107441"
"54","2017-03-13","1.04","26.15","10.23","-288.0","-46.5432608098","-23.362107441"
"54","2017-03-14","0.01","0.25","0.1","-288.0","-46.5432608098","-23.362107441"
"54","2017-03-15","0.47","1.19","0.82","-288.0","-46.5432608098","-23.362107441"
"54","2017-03-16","0.0","0.03","0.0","-288.0","-46.5432608098","-23.362107441"
"54","2017-03-17","0.0","0.01","0.0","-288.0","-46.5432608098","-23.362107441"
"54","2017-03-18","0.11","0.42","0.26","-288.0","-46.5432608098","-23.362107441"
"54","2017-03-19","3.69","7.28","5.38","-288.0","-46.5432608098","-23.362107441"
"54","2017-03-20","0.0","0.06","0.03","-287.0","-46.5432608098","-23.362107441"
"54","2017-03-21","0.0","0.0","0.0","0.0","-46.5432608098","-23.362107441"
"54","2017-03-22","0.0","0.0","0.0","0.0","-46.5432608098","-23.362107441"
"54","2017-03-23","","","","-1.0","-46.5432608098","-23.362107441"
"54","2017-03-24","0.0","0.04","0.01","-288.0","-46.5432608098","-23.362107441"
"54","2017-03-25","0.41","1.27","0.85","-287.0","-46.5432608098","-23.362107441"
"54","2017-03-26","","","","-1.0","-46.5432608098","-23.362107441"
"54","2017-03-27","1.86","4.2","2.99","-288.0","-46.5432608098","-23.362107441"
"54","2017-03-28","0.14","0.8","0.42","-288.0","-46.5432608098","-23.362107441"
"54","2017-03-29","0.0","0.0","0.0","-287.0","-46.5432608098","-23.362107441"
"54","2017-03-30","0.0","0.0","0.0","0.0","-46.5432608098","-23.362107441"
"54","2017-03-31","0.0","0.0","0.0","0.0","-46.5432608098","-23.362107441"
"54","2017-04-01","0.0","0.0","0.0","0.0","-46.5432608098","-23.362107441"
"54","2017-04-02","0.0","0.0","0.0","0.0","-46.5432608098","-23.362107441"
"54","2017-04-03","0.0","0.0","0.0","0.0","-46.5432608098","-23.362107441"
"54","2017-04-04","","","","-1.0","-46.5432608098","-23.362107441"
"54","2017-04-05","0.0","0.0","0.0","-288.0","-46.5432608098","-23.362107441"
"54","2017-04-06","6.75","14.69","10.3","-288.0","-46.5432608098","-23.362107441"
"54","2017-04-07","23.59","40.17","31.1","-288.0","-46.5432608098","-23.362107441"
"54","2017-04-08","0.0","0.0","0.0","-287.0","-46.5432608098","-23.362107441"
"54","2017-04-09","","","","-1.0","-46.5432608098","-23.362107441"
"54","2017-04-10","0.38","1.87","1.14","-288.0","-46.5432608098","-23.362107441"
"54","2017-04-11","0.0","0.01","0.0","-288.0","-46.5432608098","-23.362107441"
"54","2017-04-12","0.0","0.03","0.03","-287.0","-46.5432608098","-23.362107441"
"54","2017-04-13","0.0","0.0","0.0","0.0","-46.5432608098","-23.362107441"
"54","2017-04-14","0.0","0.0","0.0","0.0","-46.5432608098","-23.362107441"
"54","2017-04-15","0.0","0.0","0.0","0.0","-46.5432608098","-23.362107441"
"54","2017-04-16","","","","-1.0","-46.5432608098","-23.362107441"
"54","2017-04-17","0.21","0.37","0.27","-287.0","-46.5432608098","-23.362107441"
"54","2017-04-18","0.0","0.0","0.0","0.0","-46.5432608098","-23.362107441"
"54","2017-04-19","0.0","0.0","0.0","0.0","-46.5432608098","-23.362107441"
"54","2017-04-20","","","","-1.0","-46.5432608098","-23.362107441"
"54","2017-04-21","6.84","14.76","10.44","-288.0","-46.5432608098","-23.362107441"
"54","2017-04-22","1.05","2.27","1.62","-287.0","-46.5432608098","-23.362107441"
"54","2017-04-23","0.0","0.0","0.0","0.0","-46.5432608098","-23.362107441"
"54","2017-04-24","0.0","0.0","0.0","0.0","-46.5432608098","-23.362107441"
"54","2017-04-25","","","","-1.0","-46.5432608098","-23.362107441"
"54","2017-04-26","18.0","42.17","29.3","-288.0","-46.5432608098","-23.362107441"
"54","2017-04-27","1.23","1.92","1.58","-287.0","-46.5432608098","-23.362107441"
"54","2017-04-28","0.0","0.0","0.0","0.0","-46.5432608098","-23.362107441"
"54","2017-04-29","0.0","0.0","0.0","0.0","-46.5432608098","-23.362107441"
"54","2017-04-30","0.0","0.0","0.0","0.0","-46.5432608098","-23.362107441"
"54","2017-05-01","","","","-1.0","-46.5432608098","-23.362107441"
"54","2017-05-02","0.07","0.19","0.11","-287.0","-46.5432608098","-23.362107441"
"54","2017-05-03","0.0","0.0","0.0","0.0","-46.5432608098","-23.362107441"
"54","2017-05-04","","","","-1.0","-46.5432608098","-23.362107441"
"54","2017-05-05","5.55","13.3","8.97","-288.0","-46.5432608098","-23.362107441"
"54","2017-05-06","3.55","7.88","5.48","-288.0","-46.5432608098","-23.362107441"
"54","2017-05-07","0.05","0.14","0.1","-287.0","-46.5432608098","-23.362107441"
"54","2017-05-08","0.0","0.0","0.0","0.0","-46.5432608098","-23.362107441"
"54","2017-05-09","0.0","0.0","0.0","0.0","-46.5432608098","-23.362107441"
"54","2017-05-10","0.0","0.0","0.0","0.0","-46.5432608098","-23.362107441"
"54","2017-05-11","0.0","0.0","0.0","0.0","-46.5432608098","-23.362107441"
"54","2017-05-12","0.0","0.0","0.0","0.0","-46.5432608098","-23.362107441"
"54","2017-05-13","","","","-1.0","-46.5432608098","-23.362107441"
"54","2017-05-14","0.24","0.71","0.47","-287.0","-46.5432608098","-23.362107441"
"54","2017-05-15","0.0","0.0","0.0","0.0","-46.5432608098","-23.362107441"
"54","2017-05-16","0.0","0.0","0.0","0.0","-46.5432608098","-23.362107441"
"54","2017-05-17","","","","-1.0","-46.5432608098","-23.362107441"
"54","2017-05-18","1.75","4.17","2.93","-288.0","-46.5432608098","-23.362107441"
"54","2017-05-19","31.3","67.65","50.23","-288.0","-46.5432608098","-23.362107441"
"54","2017-05-20","0.79","1.38","1.08","-288.0","-46.5432608098","-23.362107441"
"54","2017-05-21","22.05","37.85","29.47","-288.0","-46.5432608098","-23.362107441"
"54","2017-05-22","10.79","32.34","20.23","-287.0","-46.5432608098","-23.362107441"
"54","2017-05-23","0.0","0.0","0.0","0.0","-46.5432608098","-23.362107441"
"54","2017-05-24","0.0","0.0","0.0","0.0","-46.5432608098","-23.362107441"
"54","2017-05-25","0.0","0.0","0.0","0.0","-46.5432608098","-23.362107441"
"54","2017-05-26","0.0","0.0","0.0","0.0","-46.5432608098","-23.362107441"
"54","2017-05-27","0.0","0.0","0.0","0.0","-46.5432608098","-23.362107441"
"54","2017-05-28","0.0","0.0","0.0","0.0","-46.5432608098","-23.362107441"
"54","2017-05-29","0.0","0.0","0.0","0.0","-46.5432608098","-23.362107441"
"54","2017-05-30","0.0","0.0","0.0","0.0","-46.5432608098","-23.362107441"
"54","2017-05-31","0.0","0.0","0.0","0.0","-46.5432608098","-23.362107441"
"54","2017-06-01","0.0","0.0","0.0","0.0","-46.5432608098","-23.362107441"
"54","2017-06-02","0.0","0.0","0.0","0.0","-46.5432608098","-23.362107441"
"54","2017-06-03","0.0","0.0","0.0","0.0","-46.5432608098","-23.362107441"
"54","2017-06-04","","","","-1.0","-46.5432608098","-23.362107441"
"54","2017-06-05","21.91","49.71","34.92","-288.0","-46.5432608098","-23.362107441"
"54","2017-06-06","23.26","46.99","34.48","-288.0","-46.5432608098","-23.362107441"
"54","2017-06-07","10.2","19.77","15.05","-287.0","-46.5432608098","-23.362107441"
"54","2017-06-08","","","","-1.0","-46.5432608098","-23.362107441"
"54","2017-06-09","0.49","1.37","0.91","-288.0","-46.5432608098","-23.362107441"
"54","2017-06-10","0.0","0.0","0.0","-287.0","-46.5432608098","-23.362107441"
"54","2017-06-11","","","","-1.0","-46.5432608098","-23.362107441"
"54","2017-06-12","0.0","0.0","0.0","-288.0","-46.5432608098","-23.362107441"
"54","2017-06-13","15.95","37.48","25.75","-288.0","-46.5432608098","-23.362107441"
"54","2017-06-14","1.51","3.75","2.5","-287.0","-46.5432608098","-23.362107441"
