258915;2015-02-02;09:09:00;09:35:00;2015-02-02 09:09:00;2015-02-02 09:35:00;Av. das Nações Unidas, São Paulo - SP, Brazil;-23,6205687;-46,6993946
258916;2015-02-02;09:21:00;10:23:00;2015-02-02 09:21:00;2015-02-02 10:23:00;Av. Santo Amaro, São Paulo - SP, Brazil;-23,617729;-46,6818226
258917;2015-02-02;09:19:00;10:23:00;2015-02-02 09:19:00;2015-02-02 10:23:00;Av. das Nações Unidas, São Paulo - SP, Brazil;-23,6077223;-46,6975576
258918;2015-02-02;09:28:00;10:39:00;2015-02-02 09:28:00;2015-02-02 10:39:00;Av. Prof. Francisco Morato, São Paulo - SP, Brazil;-23,5890554;-46,7286596
258919;2015-02-02;09:28:00;10:23:00;2015-02-02 09:28:00;2015-02-02 10:23:00;Av. Santo Amaro, São Paulo - SP, Brazil;-23,617729;-46,6818226
258920;2015-02-02;09:10:00;09:19:00;2015-02-02 09:10:00;2015-02-02 09:19:00;Av. Roque Petroni Júnior, São Paulo - SP, Brazil;-23,6242558;-46,694804
258921;2015-02-02;09:37:00;09:52:00;2015-02-02 09:37:00;2015-02-02 09:52:00;MARGINAL PINHEIROS CBINT EXPR;-23,5712051;-46,7009662
258922;2015-02-02;09:36:00;09:50:00;2015-02-02 09:36:00;2015-02-02 09:50:00;Av. Moreira Guimarães - Indianópolis, São Paulo - SP, Brazil;-23,612635;-46,6571676
258923;2015-02-03;19:02:00;01:57:00;2015-02-03 19:02:00;2015-02-03 01:57:00;R. Dr. Francisco Eugênio do Amaral - Jardim Peri Novo, São Paulo - SP, Brazil;-23,4543595;-46,6697477
258924;2015-02-05;07:38:00;10:17:00;2015-02-05 07:38:00;2015-02-05 10:17:00;Av. Atlântica, São Paulo - SP, Brazil;-23,6919579;-46,714712
258925;2015-02-05;07:49:00;13:20:00;2015-02-05 07:49:00;2015-02-05 13:20:00;Av. Prof. Francisco Morato, São Paulo - SP, Brazil;-23,5890554;-46,7286596
258926;2015-02-05;08:18:00;13:16:00;2015-02-05 08:18:00;2015-02-05 13:16:00;Av. Prof. Francisco Morato, São Paulo - SP, Brazil;-23,5890554;-46,7286596
258927;2015-02-05;08:14:00;12:37:00;2015-02-05 08:14:00;2015-02-05 12:37:00;Av. das Nações Unidas, São Paulo - SP, Brazil;-23,6077223;-46,6975576
258928;2015-02-05;08:10:00;09:28:00;2015-02-05 08:10:00;2015-02-05 09:28:00;Av. das Nações Unidas, São Paulo - SP, Brazil;-23,6077223;-46,6975576
258929;2015-02-05;08:08:00;09:18:00;2015-02-05 08:08:00;2015-02-05 09:18:00;Av. das Nações Unidas, São Paulo - SP, Brazil;-23,6077223;-46,6975576
258930;2015-02-05;08:26:00;13:02:00;2015-02-05 08:26:00;2015-02-05 13:02:00;Av. Dona Belmira Marin, São Paulo - SP, Brazil;-23,7532909;-46,6812134
258931;2015-02-05;08:33:00;12:37:00;2015-02-05 08:33:00;2015-02-05 12:37:00;Av. das Nações Unidas, São Paulo - SP, Brazil;-23,6077223;-46,6975576
258932;2015-02-05;08:28:00;08:56:00;2015-02-05 08:28:00;2015-02-05 08:56:00;R. Florenville - Santo Amaro, São Paulo - SP, 04745-080, Brazil;-23,6635294;-46,7091816
258933;2015-02-05;10:06:00;13:51:00;2015-02-05 10:06:00;2015-02-05 13:51:00;Av. Guido Caloi, São Paulo - SP, Brazil;-23,6558076;-46,7243367
258934;2015-02-05;09:52:00;10:36:00;2015-02-05 09:52:00;2015-02-05 10:36:00;Av. Jacu Pêssego/Nova Trabalhadores, São Paulo - SP, Brazil;-23,5980468;-46,4447716
258935;2015-02-05;11:20:00;12:47:00;2015-02-05 11:20:00;2015-02-05 12:47:00;Pinheiros, São Paulo - State of São Paulo, Brazil;-23,5630037;-46,6864347
258936;2015-02-05;11:11:00;12:13:00;2015-02-05 11:11:00;2015-02-05 12:13:00;Av. do Estado, São Paulo - SP, Brazil;-23,5573938;-46,6183215
258937;2015-02-05;11:49:00;14:00:00;2015-02-05 11:49:00;2015-02-05 14:00:00;Av. Celso Garcia, São Paulo - SP, Brazil;-23,5351863;-46,5828245
258938;2015-02-05;11:47:00;12:43:00;2015-02-05 11:47:00;2015-02-05 12:43:00;Pte. das Bandeiras - Luz, São Paulo - SP, Brazil;-23,5187464;-46,6300234
258939;2015-02-05;11:42:00;14:21:00;2015-02-05 11:42:00;2015-02-05 14:21:00;Av. do Estado, São Paulo - SP, Brazil;-23,5573938;-46,6183215
258940;2015-02-05;09:05:00;09:41:00;2015-02-05 09:05:00;2015-02-05 09:41:00;Av. das Nações Unidas, São Paulo - SP, Brazil;-23,6077223;-46,6975576
258941;2015-02-05;11:52:00;14:17:00;2015-02-05 11:52:00;2015-02-05 14:17:00;Avenida Mário Lopes Leão - Santo Amaro, São Paulo - SP, Brazil;-23,6515362;-46,7130657
258942;2015-02-05;11:52:00;12:24:00;2015-02-05 11:52:00;2015-02-05 12:24:00;R. Brasílio Luz - Santo Amaro, São Paulo - SP, Brazil;-23,6586932;-46,7097383
258943;2015-02-05;12:05:00;13:35:00;2015-02-05 12:05:00;2015-02-05 13:35:00;R. Simão Rodrigues Moreira - Vila Seabra, São Paulo - SP, Brazil;-23,4913385;-46,4059539
258944;2015-02-05;12:26:00;13:05:00;2015-02-05 12:26:00;2015-02-05 13:05:00;R. João Alfredo - Santo Amaro, São Paulo - SP, Brazil;-23,6583985;-46,702784
258945;2015-02-05;13:06:00;14:21:00;2015-02-05 13:06:00;2015-02-05 14:21:00;Av. Inajar de Souza, São Paulo - SP, Brazil;-23,4741446;-46,670062
258946;2015-02-05;13:43:00;13:40:00;2015-02-05 13:43:00;2015-02-05 13:40:00;R. Tite de Lemos - Vila Seabra, São Paulo - SP, 08180-375, Brazil;-23,4890875;-46,4047367
258947;2015-02-05;15:34:00;02:00:00;2015-02-05 15:34:00;2015-02-05 02:00:00;R. Miguel Yunes, São Paulo - SP, Brazil;-23,6908195;-46,6862236
258948;2015-02-05;14:07:00;15:57:00;2015-02-05 14:07:00;2015-02-05 15:57:00;Rua Cordão de São Francisco, São Paulo - SP, Brazil;-23,493667;-46,4023129
258949;2015-02-05;17:30:00;02:00:00;2015-02-05 17:30:00;2015-02-05 02:00:00;R. João Alfredo - Santo Amaro, São Paulo - SP, Brazil;-23,6583985;-46,702784
258950;2015-02-05;18:44:00;19:17:00;2015-02-05 18:44:00;2015-02-05 19:17:00;Av. Interlagos, São Paulo - SP, Brazil;-23,6827242;-46,6903178
258951;2015-02-05;18:09:00;18:14:00;2015-02-05 18:09:00;2015-02-05 18:14:00;R. Ptolomeu, São Paulo - SP, Brazil;-23,665473;-46,7193101
258952;2015-02-06;07:30:00;08:50:00;2015-02-06 07:30:00;2015-02-06 08:50:00;Av. Jacu Pêssego/Nova Trabalhadores, São Paulo - SP, Brazil;-23,5980468;-46,4447716
258953;2015-02-06;15:17:00;15:32:00;2015-02-06 15:17:00;2015-02-06 15:32:00;Av. Interlagos, São Paulo - SP, Brazil;-23,6827242;-46,6903178
258954;2015-02-06;15:29:00;15:39:00;2015-02-06 15:29:00;2015-02-06 15:39:00;Av. 23 de Maio, São Paulo - SP, Brazil;-23,5689056;-46,640864
258955;2015-02-06;15:36:00;16:43:00;2015-02-06 15:36:00;2015-02-06 16:43:00;Av. 23 de Maio, São Paulo - SP, Brazil;-23,5689056;-46,640864
258956;2015-02-06;15:39:00;16:28:00;2015-02-06 15:39:00;2015-02-06 16:28:00;Av. Prestes Maia - Centro, São Paulo - SP, Brazil;-23,5399819;-46,6341076
258957;2015-02-06;15:33:00;16:01:00;2015-02-06 15:33:00;2015-02-06 16:01:00;Praça Quatorze Bis - Bela Vista, São Paulo - SP, Brazil;-23,5554925;-46,6500948
258958;2015-02-06;15:41:00;16:05:00;2015-02-06 15:41:00;2015-02-06 16:05:00;R. Paulo Arentino, 870 - Conj. City Jaragua, São Paulo - SP, 02998-270, Brazil;-23,4344468;-46,7357089
258959;2015-02-06;15:41:00;15:30:00;2015-02-06 15:41:00;2015-02-06 15:30:00;Av. Interlagos, São Paulo - SP, Brazil;-23,6827242;-46,6903178
258960;2015-02-06;15:52:00;17:00:00;2015-02-06 15:52:00;2015-02-06 17:00:00;Av. Teresa Cristina, São Paulo - SP, Brazil;-23,5727121;-46,6079424
258961;2015-02-06;16:00:00;16:06:00;2015-02-06 16:00:00;2015-02-06 16:06:00;Av. Vital Brasil, São Paulo - SP, Brazil;-23,570208;-46,7116258
258962;2015-02-06;15:49:00;16:03:00;2015-02-06 15:49:00;2015-02-06 16:03:00;Av. Prof. Abraão de Morais, São Paulo - SP, Brazil;-23,6190603;-46,6280469
258963;2015-02-06;15:48:00;16:04:00;2015-02-06 15:48:00;2015-02-06 16:04:00;Av. 23 de Maio, São Paulo - SP, Brazil;-23,5689056;-46,640864
258964;2015-02-06;16:12:00;17:19:00;2015-02-06 16:12:00;2015-02-06 17:19:00;R. Teixeira Leite - Liberdade, São Paulo - SP, 01325-070, Brazil;-23,5559621;-46,6284359
258965;2015-02-06;16:00:00;16:43:00;2015-02-06 16:00:00;2015-02-06 16:43:00;9 de Julho, São Paulo - SP, Brazil;-23,5666493;-46,6587609
258966;2015-02-06;17:18:00;18:21:00;2015-02-06 17:18:00;2015-02-06 18:21:00;Rua Coronel Marques Ribeiro, São Paulo - SP, Brazil;-23,5087516;-46,6112555
258967;2015-02-07;18:30:00;;2015-02-07 18:30:00;2015-02-07 ;Av. Brg. Faria Lima, São Paulo - SP, Brazil;-23,5773909;-46,686881
258968;2015-02-07;17:45:00;18:46:00;2015-02-07 17:45:00;2015-02-07 18:46:00;9 de Julho, São Paulo - SP, Brazil;-23,5666493;-46,6587609
258969;2015-02-09;17:17:00;17:48:00;2015-02-09 17:17:00;2015-02-09 17:48:00;Avenida Aricanduva, São Paulo - SP, Brazil;-23,5665833;-46,5072364
258970;2015-02-10;03:22:00;08:44:00;2015-02-10 03:22:00;2015-02-10 08:44:00;Av. Professor Luiz Ignácio Anhaia Mello, São Paulo - SP, Brazil;-23,5902935;-46,5437632
258971;2015-02-11;00:16:00;00:36:00;2015-02-11 00:16:00;2015-02-11 00:36:00;Av. Dr. Ricardo Jafet, São Paulo - SP, Brazil;-23,5904103;-46,6201351
258972;2015-02-11;00:07:00;00:58:00;2015-02-11 00:07:00;2015-02-11 00:58:00;Av. Prof. Abraão de Morais, São Paulo - SP, Brazil;-23,6190603;-46,6280469
258973;2015-02-11;00:04:00;00:30:00;2015-02-11 00:04:00;2015-02-11 00:30:00;Av. 23 de Maio, São Paulo - SP, Brazil;-23,5689056;-46,640864
258974;2015-02-11;00:10:00;00:31:00;2015-02-11 00:10:00;2015-02-11 00:31:00;Av. 23 de Maio, São Paulo - SP, Brazil;-23,5689056;-46,640864
258975;2015-02-11;00:19:00;00:30:00;2015-02-11 00:19:00;2015-02-11 00:30:00;Av. Prof. Abraão de Morais, São Paulo - SP, Brazil;-23,6190603;-46,6280469
258976;2015-02-13;15:51:00;17:50:00;2015-02-13 15:51:00;2015-02-13 17:50:00;R. Lagoa Salgada, São Paulo - SP, Brazil;-23,5347305;-46,4538656
258977;2015-02-13;15:45:00;18:36:00;2015-02-13 15:45:00;2015-02-13 18:36:00;Av. Afonso de Sampaio e Sousa, São Paulo - SP, Brazil;-23,5742049;-46,4759958
258978;2015-02-13;15:49:00;17:50:00;2015-02-13 15:49:00;2015-02-13 17:50:00;Rua José Oiticica Filho, São Paulo - SP, Brazil;-23,5346473;-46,4472097
258979;2015-02-13;16:38:00;16:52:00;2015-02-13 16:38:00;2015-02-13 16:52:00;Rua Padre Viegas de Menezes, São Paulo - SP, Brazil;-23,5368468;-46,4567674
258980;2015-02-15;21:48:00;;2015-02-15 21:48:00;2015-02-15 ;9 de Julho, São Paulo - SP, Brazil;-23,5666493;-46,6587609
258981;2015-02-15;21:56:00;22:29:00;2015-02-15 21:56:00;2015-02-15 22:29:00;Av. Alcântara Machado, São Paulo - SP, Brazil;-23,5476643;-46,602319
258982;2015-02-15;22:42:00;02:14:00;2015-02-15 22:42:00;2015-02-15 02:14:00;Av. Eusébio Matoso, São Paulo - SP, Brazil;-23,5718525;-46,6975258
258983;2015-02-15;22:35:00;04:34:00;2015-02-15 22:35:00;2015-02-15 04:34:00;Av. Eusébio Matoso, São Paulo - SP, Brazil;-23,5718525;-46,6975258
258984;2015-02-16;03:25:00;06:30:00;2015-02-16 03:25:00;2015-02-16 06:30:00;Av. Pres. Artur da Costa e Silva, São Paulo, Brazil;-23,6323842;-46,4859834
258985;2015-02-16;03:16:00;06:30:00;2015-02-16 03:16:00;2015-02-16 06:30:00;Av. Pres. Artur da Costa e Silva, São Paulo, Brazil;-23,6323842;-46,4859834
258986;2015-02-16;19:24:00;21:07:00;2015-02-16 19:24:00;2015-02-16 21:07:00;Av. das Nações Unidas, São Paulo - SP, Brazil;-23,6077223;-46,6975576
258987;2015-02-16;20:06:00;20:08:00;2015-02-16 20:06:00;2015-02-16 20:08:00;Av. das Nações Unidas, São Paulo - SP, Brazil;-23,6077223;-46,6975576
258988;2015-02-16;21:14:00;22:14:00;2015-02-16 21:14:00;2015-02-16 22:14:00;R. Chico Pontes, São Paulo - SP, Brazil;-23,5070224;-46,6039587
258989;2015-02-16;21:47:00;01:05:00;2015-02-16 21:47:00;2015-02-16 01:05:00;Rua Turiassú, São Paulo - SP, Brazil;-23,5317429;-46,6738405
258990;2015-02-16;21:41:00;22:11:00;2015-02-16 21:41:00;2015-02-16 22:11:00;Viaduto do Glicério - Liberdade, São Paulo - SP, Brazil;-23,5564647;-46,6307556
258991;2015-02-16;21:34:00;22:25:00;2015-02-16 21:34:00;2015-02-16 22:25:00;Av. Alcântara Machado, São Paulo - SP, Brazil;-23,5476643;-46,602319
258992;2015-02-16;21:32:00;01:02:00;2015-02-16 21:32:00;2015-02-16 01:02:00;Av. Bandeirantes do Sul, São Paulo - SP, Brazil;-23,5124865;-46,5766546
258993;2015-02-16;21:24:00;00:04:00;2015-02-16 21:24:00;2015-02-16 00:04:00;Rua Coronel Marques Ribeiro, São Paulo - SP, Brazil;-23,5087516;-46,6112555
258994;2015-02-16;21:56:00;22:13:00;2015-02-16 21:56:00;2015-02-16 22:13:00;Av. do Estado, São Paulo - SP, Brazil;-23,5573938;-46,6183215
258995;2015-02-16;21:29:00;01:03:00;2015-02-16 21:29:00;2015-02-16 01:03:00;Av. Antônio Munhoz Bonilha, São Paulo - SP, Brazil;-23,4991474;-46,6837398
258996;2015-02-16;22:39:00;00:24:00;2015-02-16 22:39:00;2015-02-16 00:24:00;Rua Coronel Marques Ribeiro, São Paulo - SP, Brazil;-23,5087516;-46,6112555
258997;2015-02-16;22:37:00;01:05:00;2015-02-16 22:37:00;2015-02-16 01:05:00;Rua Turiassú, São Paulo - SP, Brazil;-23,5317429;-46,6738405
258998;2015-02-16;22:36:00;01:06:00;2015-02-16 22:36:00;2015-02-16 01:06:00;Rua Ricardo Cavatton, São Paulo - SP, Brazil;-23,5113731;-46,7028257
258999;2015-02-16;22:31:00;22:45:00;2015-02-16 22:31:00;2015-02-16 22:45:00;Rua Turiassú, São Paulo - SP, Brazil;-23,5317429;-46,6738405
259000;2015-02-16;22:13:00;01:08:00;2015-02-16 22:13:00;2015-02-16 01:08:00;Francisco Matarazzo, São Paulo - SP, Brazil;-23,5272514;-46,6722972
259001;2015-02-16;22:50:00;01:08:00;2015-02-16 22:50:00;2015-02-16 01:08:00;Av. do Anastácio, São Paulo - SP, Brazil;-23,4973838;-46,735504
259002;2015-02-16;22:46:00;01:09:00;2015-02-16 22:46:00;2015-02-16 01:09:00;Av. Cupecê, 2883 - Jardim Itacolomi, São Paulo - SP, 04417-100, Brazil;-23,6654946;-46,6572669
259003;2015-02-16;22:39:00;00:24:00;2015-02-16 22:39:00;2015-02-16 00:24:00;Rua Coronel Marques Ribeiro, São Paulo - SP, Brazil;-23,5087516;-46,6112555
259004;2015-02-16;22:57:00;01:02:00;2015-02-16 22:57:00;2015-02-16 01:02:00;Av. Alcântara Machado, São Paulo - SP, Brazil;-23,5476643;-46,602319
259005;2015-02-16;23:09:00;01:07:00;2015-02-16 23:09:00;2015-02-16 01:07:00;Av. Raimundo Pereira de Magalhães, São Paulo - SP, Brazil;-23,4607661;-46,7215836
259006;2015-02-17;00:09:00;;2015-02-17 00:09:00;2015-02-17 ;R. Ambua - Vila Itaim, São Paulo - SP, 08190-390, Brazil;-23,4885931;-46,395113
259007;2015-02-17;22:17:00;23:42:00;2015-02-17 22:17:00;2015-02-17 23:42:00;Avenida Aricanduva, São Paulo - SP, Brazil;-23,5665833;-46,5072364
259008;2015-02-18;07:19:00;14:39:00;2015-02-18 07:19:00;2015-02-18 14:39:00;Av. Vital Brasil, São Paulo - SP, Brazil;-23,570208;-46,7116258
259009;2015-02-18;09:19:00;09:47:00;2015-02-18 09:19:00;2015-02-18 09:47:00;Av. Santos Dumont, São Paulo - SP, Brazil;-23,5165914;-46,6298802
259010;2015-02-18;16:46:00;;2015-02-18 16:46:00;2015-02-18 ;Rua Aramaçã - Itaím, São Paulo - SP, 08190-410, Brazil;-23,4878914;-46,3943905
259011;2015-02-18;20:15:00;00:26:00;2015-02-18 20:15:00;2015-02-18 00:26:00;Av. José César de Oliveira, São Paulo - SP, Brazil;-23,5404214;-46,7325727
259012;2015-02-23;17:23:00;17:45:00;2015-02-23 17:23:00;2015-02-23 17:45:00;Av. Vital Brasil, São Paulo - SP, Brazil;-23,570208;-46,7116258
259013;2015-02-23;16:50:00;17:44:00;2015-02-23 16:50:00;2015-02-23 17:44:00;R. Texas, São Paulo - SP, Brazil;-23,6048496;-46,6817105
259014;2015-02-24;15:35:00;17:00:00;2015-02-24 15:35:00;2015-02-24 17:00:00;R. Alencar Araripe - Sacomã, São Paulo - SP, Brazil;-23,6149067;-46,5969258
259015;2015-02-25;14:30:00;15:42:00;2015-02-25 14:30:00;2015-02-25 15:42:00;Av. Nazaré, São Paulo - SP, Brazil;-23,5939524;-46,6100013
259016;2015-02-25;15:12:00;15:40:00;2015-02-25 15:12:00;2015-02-25 15:40:00;Praça da Bandeira - Centro, São Paulo;-23,5482474;-46,6383229
259017;2015-02-25;15:30:00;19:36:00;2015-02-25 15:30:00;2015-02-25 19:36:00;R. Ibitirama, São Paulo - SP, Brazil;-23,5911393;-46,5809673
259018;2015-02-25;15:31:00;19:36:00;2015-02-25 15:31:00;2015-02-25 19:36:00;R. Cap. Pacheco e Chaves, São Paulo - SP, Brazil;-23,5818194;-46,5918424
259019;2015-02-25;15:35:00;19:36:00;2015-02-25 15:35:00;2015-02-25 19:36:00;Av. Professor Luiz Ignácio Anhaia Mello, São Paulo - SP, Brazil;-23,5902935;-46,5437632
259020;2015-02-25;15:37:00;19:36:00;2015-02-25 15:37:00;2015-02-25 19:36:00;Av. Professor Luiz Ignácio Anhaia Mello, São Paulo - SP, Brazil;-23,5902935;-46,5437632
259021;2015-02-25;16:31:00;17:40:00;2015-02-25 16:31:00;2015-02-25 17:40:00;R. Teixeira Leite - Liberdade, São Paulo - SP, 01325-070, Brazil;-23,5559621;-46,6284359
259022;2015-02-25;16:40:00;18:16:00;2015-02-25 16:40:00;2015-02-25 18:16:00;Av. Queiroz Filho, São Paulo - SP, Brazil;-23,5395715;-46,7279247
259023;2015-02-25;17:26:00;19:09:00;2015-02-25 17:26:00;2015-02-25 19:09:00;Rua 25 de Março, São Paulo - SP, Brazil;-23,5436527;-46,6325142
259024;2015-02-25;17:12:00;18:20:00;2015-02-25 17:12:00;2015-02-25 18:20:00;Av. Queiroz Filho, São Paulo - SP, Brazil;-23,5395715;-46,7279247
259025;2015-02-25;17:09:00;17:45:00;2015-02-25 17:09:00;2015-02-25 17:45:00;Francisco Matarazzo, São Paulo - SP, Brazil;-23,5272514;-46,6722972
259026;2015-02-25;16:55:00;18:23:00;2015-02-25 16:55:00;2015-02-25 18:23:00;R. Alvarenga, São Paulo - SP, Brazil;-23,570208;-46,7116258
259027;2015-02-25;16:49:00;18:15:00;2015-02-25 16:49:00;2015-02-25 18:15:00;Av. Prof. Fonseca Rodrigues, São Paulo - SP, Brazil;-23,5457674;-46,7180896
259028;2015-02-25;16:47:00;18:17:00;2015-02-25 16:47:00;2015-02-25 18:17:00;Rua Turiassú, São Paulo - SP, Brazil;-23,5317429;-46,6738405
259029;2015-02-25;16:45:00;18:16:00;2015-02-25 16:45:00;2015-02-25 18:16:00;Praça Marrey Júnior - Perdizes, São Paulo - SP, 05005-070, Brazil;-23,529634;-46,6773859
259030;2015-02-25;17:37:00;18:07:00;2015-02-25 17:37:00;2015-02-25 18:07:00;Rua Prates - Bom Retiro, São Paulo - SP, Brazil;-23,5291146;-46,6357968
259031;2015-02-25;17:48:00;19:56:00;2015-02-25 17:48:00;2015-02-25 19:56:00;Av. Pres. Artur da Costa e Silva, São Paulo, Brazil;-23,6323842;-46,4859834
259032;2015-02-25;18:05:00;18:45:00;2015-02-25 18:05:00;2015-02-25 18:45:00;Rua dos Trilhos - Mooca, São Paulo - SP, Brazil;-23,5533443;-46,5994635
259033;2015-02-25;18:05:00;18:23:00;2015-02-25 18:05:00;2015-02-25 18:23:00;Av. Vital Brasil, São Paulo - SP, Brazil;-23,570208;-46,7116258
259034;2015-02-25;17:01:00;18:47:00;2015-02-25 17:01:00;2015-02-25 18:47:00;R. Teresa Cristina - Vila Calu, São Paulo - SP, 04961-030, Brazil;-23,7332496;-46,796101
259035;2015-02-25;18:46:00;19:35:00;2015-02-25 18:46:00;2015-02-25 19:35:00;R. Emília Marengo, São Paulo - SP, Brazil;-23,5542539;-46,5604027
259036;2015-02-25;18:15:00;18:51:00;2015-02-25 18:15:00;2015-02-25 18:51:00;Av. Marquês de São Vicente, São Paulo - SP, Brazil;-23,5191501;-46,6751177
259037;2015-02-25;18:05:00;18:14:00;2015-02-25 18:05:00;2015-02-25 18:14:00;R. Joaquim Murtinho - Bom Retiro, São Paulo - SP, 01123-050, Brazil;-23,5265595;-46,6362903
259038;2015-02-25;18:46:00;18:50:00;2015-02-25 18:46:00;2015-02-25 18:50:00;Av. Salim Farah Maluf, São Paulo - SP, Brazil;-23,5559142;-46,5774648
259039;2015-02-25;19:00:00;19:20:00;2015-02-25 19:00:00;2015-02-25 19:20:00;Av. Pres. Artur da Costa e Silva, São Paulo, Brazil;-23,6323842;-46,4859834
259040;2015-02-25;15:52:00;;2015-02-25 15:52:00;2015-02-25 ;Av. Presidente Wilson, São Paulo - SP, Brazil;-23,5820086;-46,5979658
259041;2015-02-25;15:37:00;;2015-02-25 15:37:00;2015-02-25 ;R. Barão de Monte Santo - Mooca, São Paulo - SP, Brazil;-23,5702131;-46,5954662
259042;2015-02-28;16:40:00;17:06:00;2015-02-28 16:40:00;2015-02-28 17:06:00;Av. Roque Petroni Júnior, São Paulo - SP, Brazil;-23,6242558;-46,694804
259043;2015-02-28;16:23:00;21:56:00;2015-02-28 16:23:00;2015-02-28 21:56:00;Av. Vital Brasil, São Paulo - SP, Brazil;-23,570208;-46,7116258
273746;2015-01-01;18:52:00;20:35:00;2015-01-01 18:52:00;2015-01-01 20:35:00;Av. Guarapiranga - Jardim Sao Joaquim, São Paulo - SP, Brazil;-23,6747583;-46,7344204
273747;2015-01-02;18:02:00;18:52:00;2015-01-02 18:02:00;2015-01-02 18:52:00;Av. Prof. Francisco Morato, São Paulo - SP, Brazil;-23,5890554;-46,7286596
273748;2015-01-03;18:20:00;22:42:00;2015-01-03 18:20:00;2015-01-03 22:42:00;Av. Raimundo Pereira de Magalhães, São Paulo - SP, Brazil;-23,4607661;-46,7215836
273749;2015-01-05;15:36:00;15:45:00;2015-01-05 15:36:00;2015-01-05 15:45:00;Av. Rubem Berta, São Paulo - SP, Brazil;-23,6022907;-46,651546
273750;2015-01-05;14:36:00;15:46:00;2015-01-05 14:36:00;2015-01-05 15:46:00;Av. Santos Dumont, São Paulo - SP, Brazil;-23,5165914;-46,6298802
273751;2015-01-05;15:51:00;18:36:00;2015-01-05 15:51:00;2015-01-05 18:36:00;Avenida Aricanduva, São Paulo - SP, Brazil;-23,5665833;-46,5072364
273752;2015-01-05;15:46:00;16:04:00;2015-01-05 15:46:00;2015-01-05 16:04:00;Av. Jacu Pêssego/Nova Trabalhadores, São Paulo - SP, Brazil;-23,5980468;-46,4447716
273753;2015-01-05;16:11:00;18:27:00;2015-01-05 16:11:00;2015-01-05 18:27:00;Av. Guido Caloi, São Paulo - SP, Brazil;-23,6558076;-46,7243367
273754;2015-01-05;16:09:00;18:26:00;2015-01-05 16:09:00;2015-01-05 18:26:00;Av. das Nações Unidas, São Paulo - SP, Brazil;-23,6077223;-46,6975576
273755;2015-01-05;16:25:00;19:09:00;2015-01-05 16:25:00;2015-01-05 19:09:00;Av. Santo Amaro, São Paulo - SP, Brazil;-23,617729;-46,6818226
273756;2015-01-05;16:29:00;18:26:00;2015-01-05 16:29:00;2015-01-05 18:26:00;Av. Magalhães de Castro, São Paulo - SP, Brazil;-23,5974359;-46,6972704
273757;2015-01-06;17:26:00;18:46:00;2015-01-06 17:26:00;2015-01-06 18:46:00;Av. das Nações Unidas, São Paulo - SP, Brazil;-23,6077223;-46,6975576
273758;2015-01-06;17:25:00;19:42:00;2015-01-06 17:25:00;2015-01-06 19:42:00;Av. das Nações Unidas, São Paulo - SP, Brazil;-23,6077223;-46,6975576
273759;2015-01-06;17:22:00;19:42:00;2015-01-06 17:22:00;2015-01-06 19:42:00;Av. das Nações Unidas, São Paulo - SP, Brazil;-23,6077223;-46,6975576
273760;2015-01-06;17:36:00;17:58:00;2015-01-06 17:36:00;2015-01-06 17:58:00;Av. das Nações Unidas, São Paulo - SP, Brazil;-23,6077223;-46,6975576
273761;2015-01-06;17:44:00;20:01:00;2015-01-06 17:44:00;2015-01-06 20:01:00;R. João Alfredo - Santo Amaro, São Paulo - SP, Brazil;-23,6583985;-46,702784
273762;2015-01-06;19:39:00;18:17:00;2015-01-06 19:39:00;2015-01-06 18:17:00;Av. Guarapiranga - Jardim Sao Joaquim, São Paulo - SP, Brazil;-23,6747583;-46,7344204
273763;2015-01-06;18:25:00;19:47:00;2015-01-06 18:25:00;2015-01-06 19:47:00;Av. Guido Caloi, São Paulo - SP, Brazil;-23,6558076;-46,7243367
273764;2015-01-07;16:53:00;18:27:00;2015-01-07 16:53:00;2015-01-07 18:27:00;Av. Alcântara Machado, São Paulo - SP, Brazil;-23,5476643;-46,602319
273765;2015-01-07;17:15:00;18:00:00;2015-01-07 17:15:00;2015-01-07 18:00:00;Av. Antônio Munhoz Bonilha, São Paulo - SP, Brazil;-23,4991474;-46,6837398
273766;2015-01-07;18:18:00;20:37:00;2015-01-07 18:18:00;2015-01-07 20:37:00;Rua Carolina Fonseca, São Paulo - SP, Brazil;-23,5291531;-46,455747
273767;2015-01-07;18:55:00;20:10:00;2015-01-07 18:55:00;2015-01-07 20:10:00;Rua Peixoto Gomide, São Paulo - SP, Brazil;-23,5626676;-46,6589173
273768;2015-01-07;18:30:00;19:50:00;2015-01-07 18:30:00;2015-01-07 19:50:00;Av. Governador Carvalho Pinto, São Paulo - SP, Brazil;-23,5143852;-46,534972
273769;2015-01-07;18:23:00;20:09:00;2015-01-07 18:23:00;2015-01-07 20:09:00;Av. Governador Carvalho Pinto, São Paulo - SP, Brazil;-23,5143852;-46,534972
273770;2015-01-07;20:28:00;21:08:00;2015-01-07 20:28:00;2015-01-07 21:08:00;Av. Antônio Munhoz Bonilha, São Paulo - SP, Brazil;-23,4991474;-46,6837398
273771;2015-01-07;21:09:00;22:13:00;2015-01-07 21:09:00;2015-01-07 22:13:00;Av. Dr. Ricardo Jafet, São Paulo - SP, Brazil;-23,5904103;-46,6201351
273772;2015-01-07;21:49:00;00:39:00;2015-01-07 21:49:00;2015-01-07 00:39:00;Av. Alcântara Machado, São Paulo - SP, Brazil;-23,5476643;-46,602319
273773;2015-01-07;21:22:00;03:52:00;2015-01-07 21:22:00;2015-01-07 03:52:00;Av. do Estado, São Paulo - SP, Brazil;-23,5573938;-46,6183215
273774;2015-01-07;21:14:00;22:24:00;2015-01-07 21:14:00;2015-01-07 22:24:00;Av. Pres. Artur da Costa e Silva, São Paulo, Brazil;-23,6323842;-46,4859834
273775;2015-01-07;22:37:00;01:50:00;2015-01-07 22:37:00;2015-01-07 01:50:00;Av. Marginal Tietê, São Paulo - SP, Brazil;-23,5179366;-46,6497264
273776;2015-01-07;22:31:00;01:50:00;2015-01-07 22:31:00;2015-01-07 01:50:00;Av. Marginal Tietê, São Paulo - SP, Brazil;-23,5179366;-46,6497264
273777;2015-01-07;22:26:00;01:50:00;2015-01-07 22:26:00;2015-01-07 01:50:00;Av. Marginal Tietê, São Paulo - SP, Brazil;-23,5179366;-46,6497264
273778;2015-01-07;18:15:00;19:00:00;2015-01-07 18:15:00;2015-01-07 19:00:00;Rua Maria Baumann Mendonça, São Paulo - SP, Brazil;-23,5349494;-46,4456549
273779;2015-01-07;22:37:00;07:53:00;2015-01-07 22:37:00;2015-01-07 07:53:00;Av. Comendador Fiorelli Peccicacco, São Paulo - SP, Brazil;-23,4048997;-46,7438496
273780;2015-01-07;22:32:00;12:12:00;2015-01-07 22:32:00;2015-01-07 12:12:00;Av. Jacu Pêssego/Nova Trabalhadores, São Paulo - SP, Brazil;-23,5980468;-46,4447716
273781;2015-01-07;18:40:00;22:53:00;2015-01-07 18:40:00;2015-01-07 22:53:00;Av. Cupecê, 2883 - Jardim Itacolomi, São Paulo - SP, 04417-100, Brazil;-23,6654946;-46,6572669
273782;2015-01-08;18:50:00;20:52:00;2015-01-08 18:50:00;2015-01-08 20:52:00;Av. dos Bandeirantes, São Paulo - SP, Brazil;-23,6123869;-46,6719384
273783;2015-01-08;18:50:00;04:29:00;2015-01-08 18:50:00;2015-01-08 04:29:00;Av. Cruzeiro do Sul, São Paulo - SP, Brazil;-23,5158892;-46,625269
273784;2015-01-08;18:48:00;20:13:00;2015-01-08 18:48:00;2015-01-08 20:13:00;Av. Magalhães de Castro, São Paulo - SP, Brazil;-23,5974359;-46,6972704
273785;2015-01-08;18:45:00;20:14:00;2015-01-08 18:45:00;2015-01-08 20:14:00;Av. Alcides Sangirardi - Cidade Jardim, São Paulo - SP, Brazil;-23,5942651;-46,6949583
273786;2015-01-08;18:43:00;20:40:00;2015-01-08 18:43:00;2015-01-08 20:40:00;Av. das Nações Unidas, São Paulo - SP, Brazil;-23,6077223;-46,6975576
273787;2015-01-08;18:42:00;21:15:00;2015-01-08 18:42:00;2015-01-08 21:15:00;Via Prof. Simão Faiguenboim, São Paulo - SP, Brazil;-23,6238635;-46,709926
273788;2015-01-08;18:41:00;19:18:00;2015-01-08 18:41:00;2015-01-08 19:18:00;Av. 23 de Maio, São Paulo - SP, Brazil;-23,5689056;-46,640864
273789;2015-01-08;19:09:00;19:54:00;2015-01-08 19:09:00;2015-01-08 19:54:00;Via Prof. Simão Faiguenboim, São Paulo - SP, Brazil;-23,6238635;-46,709926
273790;2015-01-08;19:09:00;20:21:00;2015-01-08 19:09:00;2015-01-08 20:21:00;Av. do Estado, São Paulo - SP, Brazil;-23,5573938;-46,6183215
273791;2015-01-08;19:07:00;19:25:00;2015-01-08 19:07:00;2015-01-08 19:25:00;Av. Antônio Munhoz Bonilha, São Paulo - SP, Brazil;-23,4991474;-46,6837398
273792;2015-01-08;19:05:00;20:39:00;2015-01-08 19:05:00;2015-01-08 20:39:00;Av. dos Tajurás - Cidade Jardim, São Paulo - SP, Brazil;-23,5864206;-46,6951744
273793;2015-01-08;19:05:00;20:54:00;2015-01-08 19:05:00;2015-01-08 20:54:00;Av. Magalhães de Castro, São Paulo - SP, Brazil;-23,5974359;-46,6972704
273794;2015-01-08;18:56:00;19:19:00;2015-01-08 18:56:00;2015-01-08 19:19:00;Av. Rubem Berta, São Paulo - SP, Brazil;-23,6022907;-46,651546
273795;2015-01-08;19:00:00;19:51:00;2015-01-08 19:00:00;2015-01-08 19:51:00;Tunel Max Feffer, Sao Paulo - SP, Brazil;-23,5826597;-46,6858528
273796;2015-01-08;18:55:00;20:06:00;2015-01-08 18:55:00;2015-01-08 20:06:00;9 de Julho, São Paulo - SP, Brazil;-23,5666493;-46,6587609
273797;2015-01-08;18:59:00;00:25:00;2015-01-08 18:59:00;2015-01-08 00:25:00;R. Canto do Engenho, 240 - Parque Casa de Pedra, São Paulo - SP, 02322-210, Brazil;-23,4481632;-46,5965775
273798;2015-01-08;18:57:00;19:50:00;2015-01-08 18:57:00;2015-01-08 19:50:00;9 de Julho, São Paulo - SP, Brazil;-23,5666493;-46,6587609
273799;2015-01-08;18:56:00;20:23:00;2015-01-08 18:56:00;2015-01-08 20:23:00;Av. Alcântara Machado, São Paulo - SP, Brazil;-23,5476643;-46,602319
273800;2015-01-08;18:56:00;22:08:00;2015-01-08 18:56:00;2015-01-08 22:08:00;Av. Cruzeiro do Sul, São Paulo - SP, Brazil;-23,5158892;-46,625269
273801;2015-01-08;18:54:00;20:33:00;2015-01-08 18:54:00;2015-01-08 20:33:00;Rua Turiassú, São Paulo - SP, Brazil;-23,5317429;-46,6738405
273802;2015-01-08;19:11:00;20:39:00;2015-01-08 19:11:00;2015-01-08 20:39:00;Av. das Nações Unidas, São Paulo - SP, Brazil;-23,6077223;-46,6975576
273803;2015-01-08;19:08:00;19:55:00;2015-01-08 19:08:00;2015-01-08 19:55:00;Av. Magalhães de Castro, São Paulo - SP, Brazil;-23,5974359;-46,6972704
273804;2015-01-08;19:11:00;21:00:00;2015-01-08 19:11:00;2015-01-08 21:00:00;Av. Brg. Faria Lima, São Paulo - SP, Brazil;-23,5773909;-46,686881
273805;2015-01-08;19:27:00;20:51:00;2015-01-08 19:27:00;2015-01-08 20:51:00;Av. Celso Garcia, São Paulo - SP, Brazil;-23,5351863;-46,5828245
273806;2015-01-10;19:30:00;20:16:00;2015-01-10 19:30:00;2015-01-10 20:16:00;Av. Otaviano Alves de Lima, São Paulo - SP, Brazil;-23,5086361;-46,6870791
273807;2015-01-10;20:09:00;21:07:00;2015-01-10 20:09:00;2015-01-10 21:07:00;Av. Nossa Senhora do Ó, São Paulo - SP, Brazil;-23,5041268;-46,6826885
273808;2015-01-10;20:07:00;21:01:00;2015-01-10 20:07:00;2015-01-10 21:01:00;Av. Nossa Senhora do Ó, São Paulo - SP, Brazil;-23,5041268;-46,6826885
273809;2015-01-10;19:17:00;20:05:00;2015-01-10 19:17:00;2015-01-10 20:05:00;R. Inácio Luís da Costa, São Paulo - SP, Brazil;-23,5079256;-46,7370224
273810;2015-01-10;20:30:00;20:47:00;2015-01-10 20:30:00;2015-01-10 20:47:00;R. Coriolano, São Paulo - SP, Brazil;-23,5260358;-46,6958354
273811;2015-01-11;17:20:00;17:43:00;2015-01-11 17:20:00;2015-01-11 17:43:00;Pte. Eusébio Matoso - Pinheiros, São Paulo - SP, Brazil;-23,5723105;-46,7010642
273812;2015-01-11;18:11:00;20:49:00;2015-01-11 18:11:00;2015-01-11 20:49:00;Via Prof. Simão Faiguenboim, São Paulo - SP, Brazil;-23,6238635;-46,709926
273813;2015-01-11;18:18:00;18:05:00;2015-01-11 18:18:00;2015-01-11 18:05:00;PC PROF ODORICO MACHADO DE SOUZA;-23,5448387;-46,7327217
273814;2015-01-11;17:35:00;19:05:00;2015-01-11 17:35:00;2015-01-11 19:05:00;Av. Eusébio Matoso, São Paulo - SP, Brazil;-23,5718525;-46,6975258
273815;2015-01-11;19:49:00;01:00:00;2015-01-11 19:49:00;2015-01-11 01:00:00;Av. Lineu de Paula Machado - Jardim Everest, São Paulo - SP, Brazil;-23,5804635;-46,7010034
273816;2015-01-12;16:29:00;19:31:00;2015-01-12 16:29:00;2015-01-12 19:31:00;Av. Vítor Manzini, São Paulo - SP, Brazil;-23,6632231;-46,7077449
273817;2015-01-12;16:29:00;18:18:00;2015-01-12 16:29:00;2015-01-12 18:18:00;Av. Atlântica, São Paulo - SP, Brazil;-23,6919579;-46,714712
273818;2015-01-12;16:29:00;18:18:00;2015-01-12 16:29:00;2015-01-12 18:18:00;Av. Atlântica, São Paulo - SP, Brazil;-23,6919579;-46,714712
273819;2015-01-12;16:35:00;18:17:00;2015-01-12 16:35:00;2015-01-12 18:17:00;Av. Atlântica, São Paulo - SP, Brazil;-23,6919579;-46,714712
273820;2015-01-12;16:31:00;19:20:00;2015-01-12 16:31:00;2015-01-12 19:20:00;Av. das Nações Unidas, São Paulo - SP, Brazil;-23,6077223;-46,6975576
273821;2015-01-12;16:38:00;19:20:00;2015-01-12 16:38:00;2015-01-12 19:20:00;Av. das Nações Unidas, São Paulo - SP, Brazil;-23,6077223;-46,6975576
273822;2015-01-12;16:45:00;19:15:00;2015-01-12 16:45:00;2015-01-12 19:15:00;Praça da Bandeira, São Paulo - SP, Brazil;-23,5502896;-46,6394119
273823;2015-01-12;16:45:00;17:37:00;2015-01-12 16:45:00;2015-01-12 17:37:00;Av. Rubem Berta, São Paulo - SP, Brazil;-23,6022907;-46,651546
273824;2015-01-12;16:43:00;18:28:00;2015-01-12 16:43:00;2015-01-12 18:28:00;Av. das Nações Unidas, São Paulo - SP, Brazil;-23,6077223;-46,6975576
273825;2015-01-12;16:41:00;18:29:00;2015-01-12 16:41:00;2015-01-12 18:29:00;Av. das Nações Unidas, São Paulo - SP, Brazil;-23,6077223;-46,6975576
273826;2015-01-12;16:39:00;19:16:00;2015-01-12 16:39:00;2015-01-12 19:16:00;Av. das Nações Unidas, São Paulo - SP, Brazil;-23,6077223;-46,6975576
273827;2015-01-12;16:38:00;18:28:00;2015-01-12 16:38:00;2015-01-12 18:28:00;Av. Guido Caloi, São Paulo - SP, Brazil;-23,6558076;-46,7243367
273828;2015-01-12;16:37:00;18:08:00;2015-01-12 16:37:00;2015-01-12 18:08:00;Av. das Nações Unidas, São Paulo - SP, Brazil;-23,6077223;-46,6975576
273829;2015-01-12;16:58:00;18:07:00;2015-01-12 16:58:00;2015-01-12 18:07:00;Av. Roque Petroni Júnior, São Paulo - SP, Brazil;-23,6242558;-46,694804
273830;2015-01-12;16:51:00;17:13:00;2015-01-12 16:51:00;2015-01-12 17:13:00;Av. 23 de Maio, São Paulo - SP, Brazil;-23,5689056;-46,640864
273831;2015-01-12;16:52:00;19:01:00;2015-01-12 16:52:00;2015-01-12 19:01:00;Praça da Bandeira, São Paulo - SP, Brazil;-23,5502896;-46,6394119
273832;2015-01-12;16:51:00;17:24:00;2015-01-12 16:51:00;2015-01-12 17:24:00;R. dos Patriotas, São Paulo - SP, Brazil;-23,583272;-46,6044853
273833;2015-01-12;17:01:00;19:31:00;2015-01-12 17:01:00;2015-01-12 19:31:00;Av. Vítor Manzini, São Paulo - SP, Brazil;-23,6632231;-46,7077449
273834;2015-01-12;17:00:00;18:07:00;2015-01-12 17:00:00;2015-01-12 18:07:00;Av. Roque Petroni Júnior, São Paulo - SP, Brazil;-23,6242558;-46,694804
273835;2015-01-12;17:00:00;18:09:00;2015-01-12 17:00:00;2015-01-12 18:09:00;Av. José Maria Whitaker, São Paulo - SP, Brazil;-23,6113259;-46,645078
273836;2015-01-12;17:07:00;17:22:00;2015-01-12 17:07:00;2015-01-12 17:22:00;Av. Ellis Maas, São Paulo - SP, Brazil;-23,6639954;-46,7699799
273837;2015-01-12;17:06:00;19:15:00;2015-01-12 17:06:00;2015-01-12 19:15:00;Av. Lavandisca, São Paulo - SP, Brazil;-23,6015867;-46,6657615
273838;2015-01-12;17:07:00;17:24:00;2015-01-12 17:07:00;2015-01-12 17:24:00;Av. Miguel Estéfano, São Paulo - SP, Brazil;-23,6383215;-46,6273325
273839;2015-01-12;17:07:00;17:50:00;2015-01-12 17:07:00;2015-01-12 17:50:00;Av. Alcântara Machado, São Paulo - SP, Brazil;-23,5476643;-46,602319
273840;2015-01-12;17:06:00;19:27:00;2015-01-12 17:06:00;2015-01-12 19:27:00;Av. Guarapiranga - Jardim Sao Joaquim, São Paulo - SP, Brazil;-23,6747583;-46,7344204
273841;2015-01-12;17:02:00;17:42:00;2015-01-12 17:02:00;2015-01-12 17:42:00;Av. Prof. Abraão de Morais, São Paulo - SP, Brazil;-23,6190603;-46,6280469
273842;2015-01-12;17:23:00;19:25:00;2015-01-12 17:23:00;2015-01-12 19:25:00;R. Teixeira Leite - Liberdade, São Paulo - SP, 01325-070, Brazil;-23,5559621;-46,6284359
273843;2015-01-12;17:17:00;19:09:00;2015-01-12 17:17:00;2015-01-12 19:09:00;Av. dos Bandeirantes, São Paulo - SP, Brazil;-23,6123869;-46,6719384
273844;2015-01-12;17:22:00;17:57:00;2015-01-12 17:22:00;2015-01-12 17:57:00;Av. Teresa Cristina, São Paulo - SP, Brazil;-23,5727121;-46,6079424
273845;2015-01-12;17:22:00;19:11:00;2015-01-12 17:22:00;2015-01-12 19:11:00;Av. Dr. Ricardo Jafet, São Paulo - SP, Brazil;-23,5904103;-46,6201351
273846;2015-01-12;17:17:00;17:39:00;2015-01-12 17:17:00;2015-01-12 17:39:00;Av. Rubem Berta, São Paulo - SP, Brazil;-23,6022907;-46,651546
273847;2015-01-12;18:04:00;19:06:00;2015-01-12 18:04:00;2015-01-12 19:06:00;Av. Santo Amaro, São Paulo - SP, Brazil;-23,617729;-46,6818226
273848;2015-01-12;17:41:00;18:20:00;2015-01-12 17:41:00;2015-01-12 18:20:00;Av. Rangel Pestana, São Paulo - SP, Brazil;-23,5454357;-46,6209075
273849;2015-01-12;18:10:00;18:37:00;2015-01-12 18:10:00;2015-01-12 18:37:00;Alameda dos Nhambiquaras - Indianópolis, São Paulo - SP, Brazil;-23,6078907;-46,660169
273850;2015-01-12;17:14:00;19:18:00;2015-01-12 17:14:00;2015-01-12 19:18:00;Av. Inácio Dias da Silva, s/nº - Piraporinha, São Paulo - SP, 04913-180, Brazil;-23,6731315;-46,7425109
273851;2015-01-14;19:00:00;19:40:00;2015-01-14 19:00:00;2015-01-14 19:40:00;Av. Pres. Tancredo Neves, São Paulo - SP, Brazil;-23,6139787;-46,6083995
273852;2015-01-14;18:58:00;19:14:00;2015-01-14 18:58:00;2015-01-14 19:14:00;Av. Pres. Tancredo Neves, São Paulo - SP, Brazil;-23,6139787;-46,6083995
273853;2015-01-14;19:07:00;19:22:00;2015-01-14 19:07:00;2015-01-14 19:22:00;Av. Bosque da Saúde, São Paulo - SP, Brazil;-23,6126268;-46,6278962
273854;2015-01-14;19:14:00;20:01:00;2015-01-14 19:14:00;2015-01-14 20:01:00;Túnel Max Feffer;-23,5832055;-46,6863577
273855;2015-01-14;19:15:00;20:03:00;2015-01-14 19:15:00;2015-01-14 20:03:00;Av. Condessa Elizabeth de Robiano, São Paulo - SP, Brazil;-23,5268157;-46,5748378
273856;2015-01-14;19:14:00;19:46:00;2015-01-14 19:14:00;2015-01-14 19:46:00;Av. Alcântara Machado, São Paulo - SP, Brazil;-23,5476643;-46,602319
273857;2015-01-14;19:12:00;20:04:00;2015-01-14 19:12:00;2015-01-14 20:04:00;Av. Condessa Elizabeth de Robiano, São Paulo - SP, Brazil;-23,5268157;-46,5748378
273858;2015-01-14;18:52:00;19:39:00;2015-01-14 18:52:00;2015-01-14 19:39:00;Av. Prof. Abraão de Morais, São Paulo - SP, Brazil;-23,6190603;-46,6280469
273859;2015-01-14;19:09:00;19:38:00;2015-01-14 19:09:00;2015-01-14 19:38:00;Av. Prof. Abraão de Morais, São Paulo - SP, Brazil;-23,6190603;-46,6280469
273860;2015-01-14;19:06:00;19:24:00;2015-01-14 19:06:00;2015-01-14 19:24:00;Av. Miguel Estéfano, São Paulo - SP, Brazil;-23,6383215;-46,6273325
273861;2015-01-14;19:31:00;20:28:00;2015-01-14 19:31:00;2015-01-14 20:28:00;Av. do Estado, São Paulo - SP, Brazil;-23,5573938;-46,6183215
273862;2015-01-14;19:27:00;19:56:00;2015-01-14 19:27:00;2015-01-14 19:56:00;Av. Queiroz Filho, São Paulo - SP, Brazil;-23,5395715;-46,7279247
273863;2015-01-14;19:21:00;20:28:00;2015-01-14 19:21:00;2015-01-14 20:28:00;Av. das Nações Unidas, São Paulo - SP, Brazil;-23,6077223;-46,6975576
273864;2015-01-14;19:21:00;20:08:00;2015-01-14 19:21:00;2015-01-14 20:08:00;Av. Teresa Cristina, São Paulo - SP, Brazil;-23,5727121;-46,6079424
273865;2015-01-14;18:57:00;19:38:00;2015-01-14 18:57:00;2015-01-14 19:38:00;Av. Prof. Abraão de Morais, São Paulo - SP, Brazil;-23,6190603;-46,6280469
273866;2015-01-14;19:59:00;20:32:00;2015-01-14 19:59:00;2015-01-14 20:32:00;Av. Presidente Wilson, São Paulo - SP, Brazil;-23,5820086;-46,5979658
273867;2015-01-14;21:24:00;00:19:00;2015-01-14 21:24:00;2015-01-14 00:19:00;Jaguare, São Paulo - State of São Paulo, 05350-000, Brazil;-23,5480756;-46,7335655
273868;2015-01-14;21:24:00;03:21:00;2015-01-14 21:24:00;2015-01-14 03:21:00;Jaguare, São Paulo - State of São Paulo, 05350-000, Brazil;-23,5480756;-46,7335655
273869;2015-01-24;16:22:00;16:30:00;2015-01-24 16:22:00;2015-01-24 16:30:00;Av. Prof. Francisco Morato, São Paulo - SP, Brazil;-23,5890554;-46,7286596
273870;2015-01-26;02:31:00;06:24:00;2015-01-26 02:31:00;2015-01-26 06:24:00;Av. das Nações Unidas, São Paulo - SP, Brazil;-23,6077223;-46,6975576
273871;2015-01-26;02:19:00;04:26:00;2015-01-26 02:19:00;2015-01-26 04:26:00;Av. das Nações Unidas, São Paulo - SP, Brazil;-23,6077223;-46,6975576
273872;2015-01-26;02:14:00;04:35:00;2015-01-26 02:14:00;2015-01-26 04:35:00;Av. das Nações Unidas, São Paulo - SP, Brazil;-23,6077223;-46,6975576
273873;2015-01-26;03:01:00;07:36:00;2015-01-26 03:01:00;2015-01-26 07:36:00;Ponte do Morumbi - Pte. do Morumbi - Jardim das Acacias, São Paulo - SP, 05650-000, Brazil;-23,6181633;-46,7009973
273874;2015-01-26;17:18:00;20:19:00;2015-01-26 17:18:00;2015-01-26 20:19:00;Avenida Aricanduva, São Paulo - SP, Brazil;-23,5665833;-46,5072364
273875;2015-01-26;17:28:00;19:04:00;2015-01-26 17:28:00;2015-01-26 19:04:00;Av. Conde de Frontin, São Paulo - SP, Brazil;-23,5334525;-46,5402058
273876;2015-01-26;19:06:00;20:11:00;2015-01-26 19:06:00;2015-01-26 20:11:00;Av. Inácio Dias da Silva, s/nº - Piraporinha, São Paulo - SP, 04913-180, Brazil;-23,6731315;-46,7425109
273877;2015-01-26;18:31:00;19:43:00;2015-01-26 18:31:00;2015-01-26 19:43:00;Av. Ellis Maas, São Paulo - SP, Brazil;-23,6639954;-46,7699799
273878;2015-01-26;19:20:00;20:34:00;2015-01-26 19:20:00;2015-01-26 20:34:00;Estr. do Campo Limpo, 459 - Vila Prel, São Paulo - SP, 05777-001, Brazil;-23,6497008;-46,7574652
273879;2015-01-26;19:15:00;21:29:00;2015-01-26 19:15:00;2015-01-26 21:29:00;Estr. de Itapecerica, 840 - Vila Prel, São Paulo - SP, 05835-002, Brazil;-23,644047;-46,743708
273880;2015-01-26;19:32:00;21:29:00;2015-01-26 19:32:00;2015-01-26 21:29:00;R. Integrada - Conj. Hab. Instituto Adventista, São Paulo - SP, Brazil;-23,665232;-46,7773231
273881;2015-01-26;18:30:00;19:30:00;2015-01-26 18:30:00;2015-01-26 19:30:00;Estrada Pirajussara-Valo Velho, São Paulo - SP, Brazil;-23,6449147;-46,7844896
273882;2015-01-27;21:20:00;03:03:00;2015-01-27 21:20:00;2015-01-27 03:03:00;Av. das Nações Unidas, São Paulo - SP, Brazil;-23,6077223;-46,6975576
273883;2015-01-27;21:16:00;03:03:00;2015-01-27 21:16:00;2015-01-27 03:03:00;Av. das Nações Unidas, São Paulo - SP, Brazil;-23,6077223;-46,6975576
273884;2015-01-27;21:03:00;02:00:00;2015-01-27 21:03:00;2015-01-27 02:00:00;Av. das Nações Unidas, São Paulo - SP, Brazil;-23,6077223;-46,6975576
273885;2015-01-27;21:28:00;22:02:00;2015-01-27 21:28:00;2015-01-27 22:02:00;R. Gen. Chagas Santos, São Paulo - SP, Brazil;-23,617054;-46,6300291
273886;2015-01-27;21:39:00;00:41:00;2015-01-27 21:39:00;2015-01-27 00:41:00;Av. das Nações Unidas, São Paulo - SP, Brazil;-23,6077223;-46,6975576
273887;2015-01-27;21:26:00;22:05:00;2015-01-27 21:26:00;2015-01-27 22:05:00;Av. Prof. Abraão de Morais, São Paulo - SP, Brazil;-23,6190603;-46,6280469
273888;2015-01-27;21:33:00;21:56:00;2015-01-27 21:33:00;2015-01-27 21:56:00;Av. Prof. Abraão de Morais, São Paulo - SP, Brazil;-23,6190603;-46,6280469
273889;2015-01-27;21:12:00;22:10:00;2015-01-27 21:12:00;2015-01-27 22:10:00;Av. Roque Petroni Júnior, São Paulo - SP, Brazil;-23,6242558;-46,694804
273890;2015-01-27;20:36:00;20:50:00;2015-01-27 20:36:00;2015-01-27 20:50:00;Estr. do Campo Limpo, 459 - Vila Prel, São Paulo - SP, 05777-001, Brazil;-23,6497008;-46,7574652
273891;2015-01-27;21:44:00;21:55:00;2015-01-27 21:44:00;2015-01-27 21:55:00;Av. Interlagos, São Paulo - SP, Brazil;-23,6827242;-46,6903178
273892;2015-01-27;22:23:00;00:11:00;2015-01-27 22:23:00;2015-01-27 00:11:00;R. Melo Freire, São Paulo - SP, Brazil;-23,5390451;-46,5690009
273893;2015-01-27;22:16:00;23:38:00;2015-01-27 22:16:00;2015-01-27 23:38:00;Av. Alcântara Machado, São Paulo - SP, Brazil;-23,5476643;-46,602319
273894;2015-01-27;23:36:00;01:07:00;2015-01-27 23:36:00;2015-01-27 01:07:00;Av. Professor Luiz Ignácio Anhaia Mello, São Paulo - SP, Brazil;-23,5902935;-46,5437632
273895;2015-01-27;23:31:00;01:08:00;2015-01-27 23:31:00;2015-01-27 01:08:00;Av. Paes de Barros, São Paulo - SP, Brazil;-23,5675191;-46,5911558
273896;2015-01-27;22:02:00;00:22:00;2015-01-27 22:02:00;2015-01-27 00:22:00;Bresser, São Paulo - SP, Brazil;-23,5427387;-46,6066718
273897;2015-01-27;23:08:00;23:28:00;2015-01-27 23:08:00;2015-01-27 23:28:00;Av. Morvan Dias de Figueiredo, São Paulo - SP, Brazil;-23,5268051;-46,5954843
273898;2015-01-27;22:13:00;03:03:00;2015-01-27 22:13:00;2015-01-27 03:03:00;Av. das Nações Unidas, São Paulo - SP, Brazil;-23,6077223;-46,6975576
273899;2015-01-27;23:50:00;02:17:00;2015-01-27 23:50:00;2015-01-27 02:17:00;Av. Professor Luiz Ignácio Anhaia Mello, São Paulo - SP, Brazil;-23,5902935;-46,5437632
273900;2015-01-27;23:10:00;00:29:00;2015-01-27 23:10:00;2015-01-27 00:29:00;Av. Marginal Tietê, São Paulo - SP, Brazil;-23,5179366;-46,6497264
273901;2015-01-28;01:38:00;09:27:00;2015-01-28 01:38:00;2015-01-28 09:27:00;Av. Cruzeiro do Sul, São Paulo - SP, Brazil;-23,5158892;-46,625269
273902;2015-01-28;00:11:00;04:36:00;2015-01-28 00:11:00;2015-01-28 04:36:00;Praça Armando Miranda - Quarta Parada, São Paulo - SP, Brazil;-23,5445788;-46,5793704
273903;2015-01-28;07:57:00;08:49:00;2015-01-28 07:57:00;2015-01-28 08:49:00;R. Miguel Yunes, São Paulo - SP, Brazil;-23,6908195;-46,6862236
274829;2015-03-06;14:45:00;15:51:00;2015-03-06 14:45:00;2015-03-06 15:51:00;Avenida Aricanduva, São Paulo - SP, Brazil;-23,5665833;-46,5072364
274830;2015-03-06;14:56:00;15:05:00;2015-03-06 14:56:00;2015-03-06 15:05:00;Av. Salim Farah Maluf, São Paulo - SP, Brazil;-23,5559142;-46,5774648
274831;2015-03-06;14:40:00;15:40:00;2015-03-06 14:40:00;2015-03-06 15:40:00;Avenida Aricanduva, São Paulo - SP, Brazil;-23,5665833;-46,5072364
274832;2015-03-06;15:09:00;16:04:00;2015-03-06 15:09:00;2015-03-06 16:04:00;Avenida Aricanduva, São Paulo - SP, Brazil;-23,5665833;-46,5072364
274833;2015-03-06;15:24:00;15:48:00;2015-03-06 15:24:00;2015-03-06 15:48:00;Av. Alcântara Machado, São Paulo - SP, Brazil;-23,5476643;-46,602319
274834;2015-03-06;15:26:00;16:26:00;2015-03-06 15:26:00;2015-03-06 16:26:00;Av. Alcântara Machado, São Paulo - SP, Brazil;-23,5476643;-46,602319
274835;2015-03-06;15:38:00;18:09:00;2015-03-06 15:38:00;2015-03-06 18:09:00;R. Arnaldo Cintra, São Paulo - SP, Brazil;-23,5271008;-46,5615157
274836;2015-03-06;16:08:00;16:22:00;2015-03-06 16:08:00;2015-03-06 16:22:00;R. Paulo Arentino, 870 - Conj. City Jaragua, São Paulo - SP, 02998-270, Brazil;-23,4344468;-46,7357089
274837;2015-03-06;16:01:00;18:31:00;2015-03-06 16:01:00;2015-03-06 18:31:00;Av. Morvan Dias de Figueiredo, São Paulo - SP, Brazil;-23,5268051;-46,5954843
274838;2015-03-06;16:35:00;18:05:00;2015-03-06 16:35:00;2015-03-06 18:05:00;Av. Olavo Fontoura, São Paulo - SP, Brazil;-23,515247;-46,6419316
274839;2015-03-06;16:37:00;17:45:00;2015-03-06 16:37:00;2015-03-06 17:45:00;Rua Glicério, São Paulo - SP, Brazil;-23,5560709;-46,6291905
274840;2015-03-06;16:56:00;18:29:00;2015-03-06 16:56:00;2015-03-06 18:29:00;R. Visc. de Parnaíba, São Paulo - SP, Brazil;-23,5469346;-46,6090817
274841;2015-03-06;16:58:00;18:29:00;2015-03-06 16:58:00;2015-03-06 18:29:00;MARGINAL TIETE CBAS EXPRESSA / PTE CRUZEIRO DO SUL;-23,520239;-46,624909
274842;2015-03-06;17:51:00;18:13:00;2015-03-06 17:51:00;2015-03-06 18:13:00;Av. João Dias, São Paulo - SP, Brazil;-23,6449317;-46,7188493
274843;2015-03-06;16:52:00;17:57:00;2015-03-06 16:52:00;2015-03-06 17:57:00;Av. Ordem e Progresso, São Paulo - SP, Brazil;-23,5152825;-46,6668303
274844;2015-03-06;17:43:00;19:17:00;2015-03-06 17:43:00;2015-03-06 19:17:00;Av. das Nações Unidas, São Paulo - SP, Brazil;-23,6077223;-46,6975576
274845;2015-03-06;18:35:00;19:29:00;2015-03-06 18:35:00;2015-03-06 19:29:00;Av. Antônio Munhoz Bonilha, São Paulo - SP, Brazil;-23,4991474;-46,6837398
274846;2015-03-07;14:08:00;14:26:00;2015-03-07 14:08:00;2015-03-07 14:26:00;Av. Cidade Jardim, São Paulo - SP, Brazil;-23,5830472;-46,6863545
274847;2015-03-07;14:09:00;17:37:00;2015-03-07 14:09:00;2015-03-07 17:37:00;R. Hungria, São Paulo - SP, Brazil;-23,5789947;-46,6940331
274848;2015-03-07;14:08:00;17:33:00;2015-03-07 14:08:00;2015-03-07 17:33:00;Av. das Nações Unidas, São Paulo - SP, Brazil;-23,6077223;-46,6975576
274849;2015-03-07;14:23:00;17:27:00;2015-03-07 14:23:00;2015-03-07 17:27:00;Praça da Bandeira, São Paulo - SP, Brazil;-23,5502896;-46,6394119
274850;2015-03-07;14:52:00;17:32:00;2015-03-07 14:52:00;2015-03-07 17:32:00;Av. Alcântara Machado, São Paulo - SP, Brazil;-23,5476643;-46,602319
274851;2015-03-07;14:44:00;17:40:00;2015-03-07 14:44:00;2015-03-07 17:40:00;Avenida Aricanduva, São Paulo - SP, Brazil;-23,5665833;-46,5072364
274852;2015-03-07;14:43:00;15:36:00;2015-03-07 14:43:00;2015-03-07 15:36:00;Ponte Engenheiro Roberto Rossi Zuccolo, São Paulo - SP, Brazil;-23,5868205;-46,6914047
274853;2015-03-07;15:04:00;18:37:00;2015-03-07 15:04:00;2015-03-07 18:37:00;Av. Antônio Munhoz Bonilha, São Paulo - SP, Brazil;-23,4991474;-46,6837398
274854;2015-03-07;15:57:00;17:39:00;2015-03-07 15:57:00;2015-03-07 17:39:00;Rua Coronel Marques Ribeiro, São Paulo - SP, Brazil;-23,5087516;-46,6112555
274855;2015-03-07;16:48:00;17:37:00;2015-03-07 16:48:00;2015-03-07 17:37:00;Av. Alcides Sangirardi - Cidade Jardim, São Paulo - SP, Brazil;-23,5942651;-46,6949583
274856;2015-03-07;13:08:00;14:53:00;2015-03-07 13:08:00;2015-03-07 14:53:00;Av. Caxingui, São Paulo - SP, Brazil;-23,5720868;-46,7128951
274857;2015-03-07;15:54:00;21:41:00;2015-03-07 15:54:00;2015-03-07 21:41:00;Via Prof. Simão Faiguenboim, São Paulo - SP, Brazil;-23,6238635;-46,709926
274858;2015-03-07;15:00:00;17:38:00;2015-03-07 15:00:00;2015-03-07 17:38:00;R. Chico Pontes, São Paulo - SP, Brazil;-23,5070224;-46,6039587
274859;2015-03-07;00:50:00;02:47:00;2015-03-07 00:50:00;2015-03-07 02:47:00;Av. Salim Farah Maluf, São Paulo - SP, Brazil;-23,5559142;-46,5774648
274860;2015-03-07;00:54:00;02:47:00;2015-03-07 00:54:00;2015-03-07 02:47:00;Av. Salim Farah Maluf, São Paulo - SP, Brazil;-23,5559142;-46,5774648
274861;2015-03-07;14:41:00;15:45:00;2015-03-07 14:41:00;2015-03-07 15:45:00;Rua Prates - Bom Retiro, São Paulo - SP, Brazil;-23,5291146;-46,6357968
274862;2015-03-07;14:40:00;14:46:00;2015-03-07 14:40:00;2015-03-07 14:46:00;R. Augusta, São Paulo - SP, Brazil;-23,5569581;-46,6589677
274863;2015-03-07;15:24:00;18:20:00;2015-03-07 15:24:00;2015-03-07 18:20:00;Praça Pascoal Martins - Barra Funda, São Paulo - SP, Brazil;-23,519576;-46,6751213
274864;2015-03-07;15:28:00;16:28:00;2015-03-07 15:28:00;2015-03-07 16:28:00;Rua José Bernardo Pinto - Vila Guilherme, São Paulo - SP, Brazil;-23,5140856;-46,6081846
274865;2015-03-07;15:55:00;18:53:00;2015-03-07 15:55:00;2015-03-07 18:53:00;Av. Washington Luís, São Paulo - SP, Brazil;-23,6402443;-46,6738198
274866;2015-03-07;16:11:00;18:53:00;2015-03-07 16:11:00;2015-03-07 18:53:00;Av. Washington Luís, São Paulo - SP, Brazil;-23,6402443;-46,6738198
274867;2015-03-08;21:09:00;01:23:00;2015-03-08 21:09:00;2015-03-08 01:23:00;Av. Professor Luiz Ignácio Anhaia Mello, São Paulo - SP, Brazil;-23,5902935;-46,5437632
274868;2015-03-08;21:26:00;01:23:00;2015-03-08 21:26:00;2015-03-08 01:23:00;Av. Professor Luiz Ignácio Anhaia Mello, São Paulo - SP, Brazil;-23,5902935;-46,5437632
274869;2015-03-08;21:50:00;22:58:00;2015-03-08 21:50:00;2015-03-08 22:58:00;R. Pinhalzinho - Chácara Califórnia, São Paulo - SP, 03404-060, Brazil;-23,5371393;-46,5526591
274870;2015-03-08;22:17:00;23:14:00;2015-03-08 22:17:00;2015-03-08 23:14:00;R. Américo Vespucci, São Paulo - SP, Brazil;-23,5795329;-46,5809098
274871;2015-03-08;22:38:00;01:36:00;2015-03-08 22:38:00;2015-03-08 01:36:00;Av. Vital Brasil, São Paulo - SP, Brazil;-23,570208;-46,7116258
274872;2015-03-08;22:26:00;23:57:00;2015-03-08 22:26:00;2015-03-08 23:57:00;Av. Professor Luiz Ignácio Anhaia Mello, São Paulo - SP, Brazil;-23,5902935;-46,5437632
274873;2015-03-08;23:04:00;00:31:00;2015-03-08 23:04:00;2015-03-08 00:31:00;Av. Professor Luiz Ignácio Anhaia Mello, São Paulo - SP, Brazil;-23,5902935;-46,5437632
274874;2015-03-08;22:38:00;00:28:00;2015-03-08 22:38:00;2015-03-08 00:28:00;R. Chico Pontes, São Paulo - SP, Brazil;-23,5070224;-46,6039587
274875;2015-03-08;23:01:00;23:51:00;2015-03-08 23:01:00;2015-03-08 23:51:00;R. Chico Pontes, São Paulo - SP, Brazil;-23,5070224;-46,6039587
274876;2015-03-08;22:43:00;01:36:00;2015-03-08 22:43:00;2015-03-08 01:36:00;Av. Vital Brasil, São Paulo - SP, Brazil;-23,570208;-46,7116258
274877;2015-03-08;23:20:00;23:38:00;2015-03-08 23:20:00;2015-03-08 23:38:00;Av. Cruzeiro do Sul, São Paulo - SP, Brazil;-23,5158892;-46,625269
274878;2015-03-08;23:02:00;23:26:00;2015-03-08 23:02:00;2015-03-08 23:26:00;Av. Cruzeiro do Sul, São Paulo - SP, Brazil;-23,5158892;-46,625269
274879;2015-03-08;23:26:00;00:31:00;2015-03-08 23:26:00;2015-03-08 00:31:00;R. João Pachêco - Luz, São Paulo - SP, Brazil;-23,5264912;-46,6257472
274880;2015-03-08;23:29:00;23:37:00;2015-03-08 23:29:00;2015-03-08 23:37:00;Av. Cruzeiro do Sul, São Paulo - SP, Brazil;-23,5158892;-46,625269
274881;2015-03-09;00:58:00;03:38:00;2015-03-09 00:58:00;2015-03-09 03:38:00;Av. Morvan Dias de Figueiredo, São Paulo - SP, Brazil;-23,5268051;-46,5954843
274882;2015-03-09;01:35:00;02:20:00;2015-03-09 01:35:00;2015-03-09 02:20:00;Av. Cruzeiro do Sul, São Paulo - SP, Brazil;-23,5158892;-46,625269
274883;2015-03-09;01:26:00;01:34:00;2015-03-09 01:26:00;2015-03-09 01:34:00;Av. Cruzeiro do Sul, São Paulo - SP, Brazil;-23,5158892;-46,625269
274884;2015-03-09;01:25:00;07:15:00;2015-03-09 01:25:00;2015-03-09 07:15:00;R. Júlio Conceição - Bom Retiro, São Paulo - SP, Brazil;-23,5267769;-46,6400879
274885;2015-03-09;00:59:00;01:14:00;2015-03-09 00:59:00;2015-03-09 01:14:00;Av. Rio Branco, São Paulo - SP, Brazil;-23,5364232;-46,6426214
274886;2015-03-09;00:54:00;01:16:00;2015-03-09 00:54:00;2015-03-09 01:16:00;Av. Rio Branco, São Paulo - SP, Brazil;-23,5364232;-46,6426214
274887;2015-03-09;00:25:00;00:15:00;2015-03-09 00:25:00;2015-03-09 00:15:00;Av. Professor Luiz Ignácio Anhaia Mello, São Paulo - SP, Brazil;-23,5902935;-46,5437632
274888;2015-03-09;00:12:00;01:30:00;2015-03-09 00:12:00;2015-03-09 01:30:00;Praça Gaúcha - Vila Marte, São Paulo - SP, Brazil;-23,6199422;-46,6011395
274889;2015-03-11;07:25:00;07:45:00;2015-03-11 07:25:00;2015-03-11 07:45:00;Av. Cruzeiro do Sul, São Paulo - SP, Brazil;-23,5158892;-46,625269
274890;2015-03-11;00:08:00;04:44:00;2015-03-11 00:08:00;2015-03-11 04:44:00;Av. Cruzeiro do Sul, São Paulo - SP, Brazil;-23,5158892;-46,625269
274891;2015-03-11;00:38:00;00:51:00;2015-03-11 00:38:00;2015-03-11 00:51:00;Av. Cruzeiro do Sul, São Paulo - SP, Brazil;-23,5158892;-46,625269
274892;2015-03-13;16:12:00;17:40:00;2015-03-13 16:12:00;2015-03-13 17:40:00;Av. Pompéia, São Paulo - SP, Brazil;-23,5325652;-46,6866045
274893;2015-03-13;16:11:00;17:40:00;2015-03-13 16:11:00;2015-03-13 17:40:00;Rua Turiassú, São Paulo - SP, Brazil;-23,5317429;-46,6738405
274894;2015-03-13;16:12:00;17:33:00;2015-03-13 16:12:00;2015-03-13 17:33:00;Av. Antônio Munhoz Bonilha, São Paulo - SP, Brazil;-23,4991474;-46,6837398
274895;2015-03-13;14:55:00;17:53:00;2015-03-13 14:55:00;2015-03-13 17:53:00;Av. Conde de Frontin, São Paulo - SP, Brazil;-23,5334525;-46,5402058
274896;2015-03-13;14:56:00;17:22:00;2015-03-13 14:56:00;2015-03-13 17:22:00;Av. Rio Branco, São Paulo - SP, Brazil;-23,5364232;-46,6426214
274897;2015-03-13;17:15:00;18:15:00;2015-03-13 17:15:00;2015-03-13 18:15:00;Av. Atlântica, São Paulo - SP, Brazil;-23,6919579;-46,714712
274898;2015-03-13;17:55:00;17:55:00;2015-03-13 17:55:00;2015-03-13 17:55:00;Av. das Nações Unidas, São Paulo - SP, Brazil;-23,6077223;-46,6975576
274899;2015-03-13;18:02:00;19:18:00;2015-03-13 18:02:00;2015-03-13 19:18:00;Av. João Dias, São Paulo - SP, Brazil;-23,6449317;-46,7188493
274900;2015-03-13;18:50:00;20:09:00;2015-03-13 18:50:00;2015-03-13 20:09:00;Av. Dom Pedro I, São Paulo - SP, Brazil;-23,5706894;-46,6109932
274901;2015-03-13;18:49:00;21:32:00;2015-03-13 18:49:00;2015-03-13 21:32:00;Av. Alcântara Machado, São Paulo - SP, Brazil;-23,5476643;-46,602319
274902;2015-03-13;18:38:00;19:38:00;2015-03-13 18:38:00;2015-03-13 19:38:00;9 de Julho, São Paulo - SP, Brazil;-23,5666493;-46,6587609
274903;2015-03-14;17:34:00;03:00:00;2015-03-14 17:34:00;2015-03-14 03:00:00;R. Cantareira, São Paulo - SP, Brazil;-23,5372298;-46,6281626
274904;2015-03-14;16:46:00;03:00:00;2015-03-14 16:46:00;2015-03-14 03:00:00;Praça da Bandeira - Centro, São Paulo;-23,5482474;-46,6383229
274905;2015-03-14;16:59:00;23:52:00;2015-03-14 16:59:00;2015-03-14 23:52:00;Praça da Bandeira, São Paulo - SP, Brazil;-23,5502896;-46,6394119
274906;2015-03-14;18:17:00;18:27:00;2015-03-14 18:17:00;2015-03-14 18:27:00;Av. Rio Branco, São Paulo - SP, Brazil;-23,5364232;-46,6426214
274907;2015-03-16;14:50:00;15:45:00;2015-03-16 14:50:00;2015-03-16 15:45:00;Av. Guarapiranga - Jardim Sao Joaquim, São Paulo - SP, Brazil;-23,6747583;-46,7344204
274908;2015-03-16;15:04:00;15:59:00;2015-03-16 15:04:00;2015-03-16 15:59:00;Av. Santo Amaro, São Paulo - SP, Brazil;-23,617729;-46,6818226
274909;2015-03-16;15:12:00;15:54:00;2015-03-16 15:12:00;2015-03-16 15:54:00;Av. Santo Amaro, São Paulo - SP, Brazil;-23,617729;-46,6818226
274910;2015-03-16;15:02:00;17:10:00;2015-03-16 15:02:00;2015-03-16 17:10:00;Av. Ibirapuera, São Paulo - SP, Brazil;-23,6019783;-46,6608019
274911;2015-03-16;15:17:00;15:33:00;2015-03-16 15:17:00;2015-03-16 15:33:00;Av. dos Bandeirantes, São Paulo - SP, Brazil;-23,6123869;-46,6719384
274912;2015-03-16;15:23:00;15:45:00;2015-03-16 15:23:00;2015-03-16 15:45:00;Av. Prof. Abraão de Morais, São Paulo - SP, Brazil;-23,6190603;-46,6280469
274913;2015-03-16;15:25:00;15:40:00;2015-03-16 15:25:00;2015-03-16 15:40:00;Av. Professor Ascendino Reis, São Paulo - SP, Brazil;-23,5971232;-46,651037
274914;2015-03-16;15:22:00;15:41:00;2015-03-16 15:22:00;2015-03-16 15:41:00;Av. Rubem Berta, São Paulo - SP, Brazil;-23,6022907;-46,651546
274915;2015-03-16;15:16:00;15:37:00;2015-03-16 15:16:00;2015-03-16 15:37:00;Viaduto dos Bandeirantes, São Paulo - SP, Brazil;-23,6130859;-46,671032
274916;2015-03-16;15:31:00;16:08:00;2015-03-16 15:31:00;2015-03-16 16:08:00;Av. Alcântara Machado, São Paulo - SP, Brazil;-23,5476643;-46,602319
274917;2015-03-16;15:26:00;16:02:00;2015-03-16 15:26:00;2015-03-16 16:02:00;Av. Professor Luiz Ignácio Anhaia Mello, São Paulo - SP, Brazil;-23,5902935;-46,5437632
274918;2015-03-16;15:33:00;16:08:00;2015-03-16 15:33:00;2015-03-16 16:08:00;Av. Reg. Feijó, São Paulo - SP, Brazil;-23,5591784;-46,56848
274919;2015-03-16;15:34:00;16:08:00;2015-03-16 15:34:00;2015-03-16 16:08:00;Av. Alcântara Machado, São Paulo - SP, Brazil;-23,5476643;-46,602319
274920;2015-03-16;15:52:00;16:19:00;2015-03-16 15:52:00;2015-03-16 16:19:00;Av. Paes de Barros, São Paulo - SP, Brazil;-23,5675191;-46,5911558
274921;2015-03-16;15:44:00;17:28:00;2015-03-16 15:44:00;2015-03-16 17:28:00;R. Melo Freire, São Paulo - SP, Brazil;-23,5390451;-46,5690009
274922;2015-03-16;15:23:00;15:54:00;2015-03-16 15:23:00;2015-03-16 15:54:00;Av. Prof. Abraão de Morais, São Paulo - SP, Brazil;-23,6190603;-46,6280469
274923;2015-03-16;15:23:00;15:54:00;2015-03-16 15:23:00;2015-03-16 15:54:00;Av. Prof. Abraão de Morais, São Paulo - SP, Brazil;-23,6190603;-46,6280469
274924;2015-03-16;15:50:00;16:30:00;2015-03-16 15:50:00;2015-03-16 16:30:00;Av. Guilherme - Vila Guilherme, São Paulo - SP, Brazil;-23,5148697;-46,6037158
274925;2015-03-16;16:14:00;16:36:00;2015-03-16 16:14:00;2015-03-16 16:36:00;Av. Conde de Frontin, São Paulo - SP, Brazil;-23,5334525;-46,5402058
274926;2015-03-16;16:09:00;19:10:00;2015-03-16 16:09:00;2015-03-16 19:10:00;Av. das Nações Unidas, São Paulo - SP, Brazil;-23,6077223;-46,6975576
274927;2015-03-16;15:10:00;16:42:00;2015-03-16 15:10:00;2015-03-16 16:42:00;R. Vieira de Morais, São Paulo - SP, Brazil;-23,6224457;-46,6714231
274928;2015-03-16;16:00:00;16:14:00;2015-03-16 16:00:00;2015-03-16 16:14:00;Av. Antônio Munhoz Bonilha, São Paulo - SP, Brazil;-23,4991474;-46,6837398
274929;2015-03-16;16:03:00;17:49:00;2015-03-16 16:03:00;2015-03-16 17:49:00;Av. Conde de Frontin, São Paulo - SP, Brazil;-23,5334525;-46,5402058
274930;2015-03-16;15:59:00;17:07:00;2015-03-16 15:59:00;2015-03-16 17:07:00;R. Brg. Jordão - Ipiranga, São Paulo - SP, Brazil;-23,5865538;-46,6034437
274931;2015-03-16;15:50:00;17:10:00;2015-03-16 15:50:00;2015-03-16 17:10:00;R. Arnaldo Cintra, São Paulo - SP, Brazil;-23,5271008;-46,5615157
274932;2015-03-16;16:00:00;16:30:00;2015-03-16 16:00:00;2015-03-16 16:30:00;Av. Almirante Delamare, São Paulo - SP, Brazil;-23,6082285;-46,5913611
274933;2015-03-16;16:00:00;16:30:00;2015-03-16 16:00:00;2015-03-16 16:30:00;Praça Mário Zan, São Paulo - SP, Brazil;-23,6109081;-46,6067562
274934;2015-03-16;15:30:00;16:30:00;2015-03-16 15:30:00;2015-03-16 16:30:00;R. Arnaldo Cintra, São Paulo - SP, Brazil;-23,5271008;-46,5615157
274935;2015-03-16;15:30:00;16:30:00;2015-03-16 15:30:00;2015-03-16 16:30:00;Av. Professor Vicente Rao, São Paulo - SP, Brazil;-23,6347622;-46,6790152
274936;2015-03-19;19:24:00;22:54:00;2015-03-19 19:24:00;2015-03-19 22:54:00;Av. das Nações Unidas, São Paulo - SP, Brazil;-23,6077223;-46,6975576
274937;2015-03-19;14:37:00;14:44:00;2015-03-19 14:37:00;2015-03-19 14:44:00;Av. Morvan Dias de Figueiredo, São Paulo - SP, Brazil;-23,5268051;-46,5954843
274938;2015-03-19;14:51:00;16:04:00;2015-03-19 14:51:00;2015-03-19 16:04:00;Av. Ibirapuera, São Paulo - SP, Brazil;-23,6019783;-46,6608019
274939;2015-03-19;15:02:00;16:07:00;2015-03-19 15:02:00;2015-03-19 16:07:00;Rod. Ayrton Senna, São Paulo, Brazil;-23,4479489;-46,3276469
274940;2015-03-19;15:01:00;16:14:00;2015-03-19 15:01:00;2015-03-19 16:14:00;Av. República do Líbano, São Paulo - SP, Brazil;-23,5904139;-46,6644519
274941;2015-03-19;14:57:00;15:54:00;2015-03-19 14:57:00;2015-03-19 15:54:00;Av. Magalhães de Castro, São Paulo - SP, Brazil;-23,5974359;-46,6972704
274942;2015-03-19;15:03:00;16:02:00;2015-03-19 15:03:00;2015-03-19 16:02:00;Alameda dos Maracatins - Indianópolis, São Paulo - SP, Brazil;-23,6085376;-46,662279
274943;2015-03-19;15:08:00;15:58:00;2015-03-19 15:08:00;2015-03-19 15:58:00;Estr. do Campo Limpo, 459 - Vila Prel, São Paulo - SP, 05777-001, Brazil;-23,6497008;-46,7574652
274944;2015-03-19;15:05:00;16:00:00;2015-03-19 15:05:00;2015-03-19 16:00:00;Av. 23 de Maio, São Paulo - SP, Brazil;-23,5689056;-46,640864
274945;2015-03-19;15:14:00;16:02:00;2015-03-19 15:14:00;2015-03-19 16:02:00;Av. Ibirapuera, São Paulo - SP, Brazil;-23,6019783;-46,6608019
274946;2015-03-19;15:12:00;15:37:00;2015-03-19 15:12:00;2015-03-19 15:37:00;Av. Ibirapuera, São Paulo - SP, Brazil;-23,6019783;-46,6608019
274947;2015-03-19;15:23:00;16:13:00;2015-03-19 15:23:00;2015-03-19 16:13:00;Av. Santo Amaro, São Paulo - SP, Brazil;-23,617729;-46,6818226
274948;2015-03-19;15:15:00;16:10:00;2015-03-19 15:15:00;2015-03-19 16:10:00;Av. das Nações Unidas, São Paulo - SP, Brazil;-23,6077223;-46,6975576
274949;2015-03-19;15:22:00;16:03:00;2015-03-19 15:22:00;2015-03-19 16:03:00;Av. José Maria Whitaker, São Paulo - SP, Brazil;-23,6113259;-46,645078
274950;2015-03-19;15:22:00;16:07:00;2015-03-19 15:22:00;2015-03-19 16:07:00;Viaduto João Julião da Costa Águiar - Indianópolis, São Paulo - SP, Brazil;-23,6175205;-46,6617453
274951;2015-03-19;15:20:00;16:04:00;2015-03-19 15:20:00;2015-03-19 16:04:00;Av. Rubem Berta, São Paulo - SP, Brazil;-23,6022907;-46,651546
274952;2015-03-19;15:20:00;16:10:00;2015-03-19 15:20:00;2015-03-19 16:10:00;Av. Prof. Abraão de Morais, São Paulo - SP, Brazil;-23,6190603;-46,6280469
274953;2015-03-19;14:50:00;15:45:00;2015-03-19 14:50:00;2015-03-19 15:45:00;Av. Carlos Caldeira Filho, São Paulo - SP, Brazil;-23,6460794;-46,7533527
274954;2015-03-19;15:25:00;16:49:00;2015-03-19 15:25:00;2015-03-19 16:49:00;Av. dos Bandeirantes, São Paulo - SP, Brazil;-23,6123869;-46,6719384
274955;2015-03-19;15:23:00;16:13:00;2015-03-19 15:23:00;2015-03-19 16:13:00;Viaduto dos Bandeirantes, São Paulo - SP, Brazil;-23,6130859;-46,671032
274956;2015-03-19;15:35:00;16:15:00;2015-03-19 15:35:00;2015-03-19 16:15:00;Av. Interlagos, São Paulo - SP, Brazil;-23,6827242;-46,6903178
274957;2015-03-19;15:31:00;17:46:00;2015-03-19 15:31:00;2015-03-19 17:46:00;R. Brg. Jordão - Ipiranga, São Paulo - SP, Brazil;-23,5865538;-46,6034437
274958;2015-03-19;15:39:00;16:12:00;2015-03-19 15:39:00;2015-03-19 16:12:00;Av. Antônio Joaquim de Moura Andrade, São Paulo - SP, Brazil;-23,5861506;-46,6672861
274959;2015-03-19;15:37:00;16:39:00;2015-03-19 15:37:00;2015-03-19 16:39:00;Av. Teresa Cristina, São Paulo - SP, Brazil;-23,5727121;-46,6079424
274960;2015-03-19;15:48:00;16:59:00;2015-03-19 15:48:00;2015-03-19 16:59:00;Av. das Nações Unidas, São Paulo - SP, Brazil;-23,6077223;-46,6975576
274961;2015-03-19;15:44:00;16:51:00;2015-03-19 15:44:00;2015-03-19 16:51:00;Praça Janete Clair - Indianópolis, São Paulo - SP, Brazil;-23,6010833;-46,6540635
274962;2015-03-19;15:44:00;17:01:00;2015-03-19 15:44:00;2015-03-19 17:01:00;Av. Prof. Francisco Morato, São Paulo - SP, Brazil;-23,5890554;-46,7286596
274963;2015-03-19;15:42:00;16:48:00;2015-03-19 15:42:00;2015-03-19 16:48:00;Avenida Aricanduva, São Paulo - SP, Brazil;-23,5665833;-46,5072364
274964;2015-03-19;16:02:00;18:54:00;2015-03-19 16:02:00;2015-03-19 18:54:00;Avenida Aricanduva, São Paulo - SP, Brazil;-23,5665833;-46,5072364
274965;2015-03-19;16:00:00;17:22:00;2015-03-19 16:00:00;2015-03-19 17:22:00;R. Pinhalzinho - Chácara Califórnia, São Paulo - SP, 03404-060, Brazil;-23,5371393;-46,5526591
274966;2015-03-19;15:58:00;16:11:00;2015-03-19 15:58:00;2015-03-19 16:11:00;Av. Roque Petroni Júnior, São Paulo - SP, Brazil;-23,6242558;-46,694804
274967;2015-03-19;16:00:00;16:15:00;2015-03-19 16:00:00;2015-03-19 16:15:00;Av. Dr. Ricardo Jafet, São Paulo - SP, Brazil;-23,5904103;-46,6201351
274968;2015-03-19;16:35:00;17:00:00;2015-03-19 16:35:00;2015-03-19 17:00:00;Rua Padre Viegas de Menezes, São Paulo - SP, Brazil;-23,5368468;-46,4567674
274969;2015-03-19;16:12:00;17:16:00;2015-03-19 16:12:00;2015-03-19 17:16:00;R. Carlos Silva, São Paulo - SP, Brazil;-23,5379004;-46,5496566
274970;2015-03-19;16:04:00;17:16:00;2015-03-19 16:04:00;2015-03-19 17:16:00;Av. Dona Belmira Marin, São Paulo - SP, Brazil;-23,7532909;-46,6812134
274971;2015-03-19;16:03:00;16:47:00;2015-03-19 16:03:00;2015-03-19 16:47:00;R. Funchal - Vila Olimpia, São Paulo - SP, Brazil;-23,5939592;-46,6895819
274972;2015-03-19;16:05:00;17:02:00;2015-03-19 16:05:00;2015-03-19 17:02:00;R. Júlio Colaço, São Paulo - SP, Brazil;-23,5390863;-46,5425845
274973;2015-03-19;16:04:00;17:41:00;2015-03-19 16:04:00;2015-03-19 17:41:00;R. Júlio Colaço, São Paulo - SP, Brazil;-23,5390863;-46,5425845
274974;2015-03-19;16:58:00;17:46:00;2015-03-19 16:58:00;2015-03-19 17:46:00;Avenida Aricanduva, São Paulo - SP, Brazil;-23,5665833;-46,5072364
274975;2015-03-19;16:52:00;17:17:00;2015-03-19 16:52:00;2015-03-19 17:17:00;Av. Prof. Abraão de Morais, São Paulo - SP, Brazil;-23,6190603;-46,6280469
274976;2015-03-19;16:53:00;17:14:00;2015-03-19 16:53:00;2015-03-19 17:14:00;Av. Vítor Manzini, São Paulo - SP, Brazil;-23,6632231;-46,7077449
274977;2015-03-19;15:53:00;17:30:00;2015-03-19 15:53:00;2015-03-19 17:30:00;R. Taubaté, São Paulo - SP, Brazil;-23,5566938;-46,5337046
274978;2015-03-19;15:03:00;16:02:00;2015-03-19 15:03:00;2015-03-19 16:02:00;Av. Iraí, São Paulo - SP, Brazil;-23,6147377;-46,658005
274979;2015-03-19;15:30:00;16:30:00;2015-03-19 15:30:00;2015-03-19 16:30:00;Rua das Juntas Provisórias - Ipiranga, São Paulo - SP, Brazil;-23,5952098;-46,5975925
274980;2015-03-19;15:30:00;16:30:00;2015-03-19 15:30:00;2015-03-19 16:30:00;Av. Ibijaú - Indianópolis, São Paulo - SP, Brazil;-23,6054029;-46,6661839
274981;2015-03-20;01:31:00;04:45:00;2015-03-20 01:31:00;2015-03-20 04:45:00;R. Hungria, São Paulo - SP, Brazil;-23,5789947;-46,6940331
274982;2015-03-20;15:10:00;15:27:00;2015-03-20 15:10:00;2015-03-20 15:27:00;Av. Condessa Elizabeth de Robiano, São Paulo - SP, Brazil;-23,5268157;-46,5748378
274983;2015-03-20;15:08:00;15:49:00;2015-03-20 15:08:00;2015-03-20 15:49:00;9 de Julho, São Paulo - SP, Brazil;-23,5666493;-46,6587609
274984;2015-03-20;14:55:00;16:36:00;2015-03-20 14:55:00;2015-03-20 16:36:00;R. São Paulo - Liberdade, São Paulo - SP, Brazil;-23,5568322;-46,629797
274985;2015-03-20;15:14:00;16:19:00;2015-03-20 15:14:00;2015-03-20 16:19:00;Av. Alcântara Machado, São Paulo - SP, Brazil;-23,5476643;-46,602319
274986;2015-03-20;15:13:00;16:00:00;2015-03-20 15:13:00;2015-03-20 16:00:00;Av. Condessa Elizabeth de Robiano, São Paulo - SP, Brazil;-23,5268157;-46,5748378
274987;2015-03-20;15:18:00;16:12:00;2015-03-20 15:18:00;2015-03-20 16:12:00;Praça da Bandeira, São Paulo - SP, Brazil;-23,5502896;-46,6394119
274988;2015-03-20;15:16:00;15:30:00;2015-03-20 15:16:00;2015-03-20 15:30:00;9 de Julho, São Paulo - SP, Brazil;-23,5666493;-46,6587609
274989;2015-03-20;15:23:00;17:13:00;2015-03-20 15:23:00;2015-03-20 17:13:00;Av. Pres. Artur da Costa e Silva, São Paulo, Brazil;-23,6323842;-46,4859834
274990;2015-03-20;15:22:00;15:30:00;2015-03-20 15:22:00;2015-03-20 15:30:00;Viaduto Grande São Paulo - Ipiranga, São Paulo - SP, Brazil;-23,5875007;-46,593084
274991;2015-03-20;15:27:00;16:34:00;2015-03-20 15:27:00;2015-03-20 16:34:00;Praça Luiz Carlos Mesquita - Várzea da Barra Funda, São Paulo - SP, Brazil;-23,5215486;-46,6680949
274992;2015-03-20;15:24:00;17:13:00;2015-03-20 15:24:00;2015-03-20 17:13:00;Av. São João, São Paulo - SP, Brazil;-23,5400603;-46,6443474
274993;2015-03-20;15:43:00;16:51:00;2015-03-20 15:43:00;2015-03-20 16:51:00;Av. Pres. Castelo Branco - Pte. Pequena, São Paulo - SP, Brazil;-23,5188564;-46,6441499
274994;2015-03-20;15:41:00;16:25:00;2015-03-20 15:41:00;2015-03-20 16:25:00;Praça Pascoal Martins - Barra Funda, São Paulo - SP, Brazil;-23,519576;-46,6751213
274995;2015-03-20;15:37:00;16:42:00;2015-03-20 15:37:00;2015-03-20 16:42:00;Rua Coronel Marques Ribeiro, São Paulo - SP, Brazil;-23,5087516;-46,6112555
274996;2015-03-20;15:32:00;16:12:00;2015-03-20 15:32:00;2015-03-20 16:12:00;Av. 23 de Maio, São Paulo - SP, Brazil;-23,5689056;-46,640864
274997;2015-03-20;15:31:00;16:54:00;2015-03-20 15:31:00;2015-03-20 16:54:00;Av. Marquês de São Vicente, São Paulo - SP, Brazil;-23,5191501;-46,6751177
274998;2015-03-20;15:30:00;16:16:00;2015-03-20 15:30:00;2015-03-20 16:16:00;Av. Marquês de São Vicente, São Paulo - SP, Brazil;-23,5191501;-46,6751177
274999;2015-03-20;15:27:00;16:34:00;2015-03-20 15:27:00;2015-03-20 16:34:00;Praça Luiz Carlos Mesquita - Várzea da Barra Funda, São Paulo - SP, Brazil;-23,5215486;-46,6680949
275000;2015-03-20;15:51:00;16:21:00;2015-03-20 15:51:00;2015-03-20 16:21:00;Av. Celso Garcia, São Paulo - SP, Brazil;-23,5351863;-46,5828245
275001;2015-03-20;15:30:00;15:48:00;2015-03-20 15:30:00;2015-03-20 15:48:00;Av. Paulista, São Paulo - SP, Brazil;-23,5632103;-46,6542503
275002;2015-03-20;15:46:00;16:05:00;2015-03-20 15:46:00;2015-03-20 16:05:00;Av. Marquês de São Vicente, São Paulo - SP, Brazil;-23,5191501;-46,6751177
275003;2015-03-20;15:41:00;16:16:00;2015-03-20 15:41:00;2015-03-20 16:16:00;Av. Rangel Pestana, São Paulo - SP, Brazil;-23,5454357;-46,6209075
275004;2015-03-20;16:23:00;16:51:00;2015-03-20 16:23:00;2015-03-20 16:51:00;Av. Salim Farah Maluf, São Paulo - SP, Brazil;-23,5559142;-46,5774648
275005;2015-03-20;15:18:00;16:34:00;2015-03-20 15:18:00;2015-03-20 16:34:00;R. Chico Pontes, São Paulo - SP, Brazil;-23,5070224;-46,6039587
275006;2015-03-20;17:33:00;19:21:00;2015-03-20 17:33:00;2015-03-20 19:21:00;Avenida Aricanduva, São Paulo - SP, Brazil;-23,5665833;-46,5072364
275007;2015-03-20;17:04:00;17:30:00;2015-03-20 17:04:00;2015-03-20 17:30:00;R. Jaguaribe, São Paulo - SP, Brazil;-23,5416552;-46,6517322
275008;2015-03-20;18:22:00;19:28:00;2015-03-20 18:22:00;2015-03-20 19:28:00;R. Cardoso de Almeida, São Paulo - SP, Brazil;-23,5411003;-46,670764
275009;2015-03-20;18:04:00;19:28:00;2015-03-20 18:04:00;2015-03-20 19:28:00;Av. Cruzeiro do Sul, São Paulo - SP, Brazil;-23,5158892;-46,625269
275010;2015-03-21;15:53:00;18:29:00;2015-03-21 15:53:00;2015-03-21 18:29:00;R. Miguel Yunes, São Paulo - SP, Brazil;-23,6908195;-46,6862236
275011;2015-03-21;17:47:00;21:46:00;2015-03-21 17:47:00;2015-03-21 21:46:00;Av. Salim Farah Maluf, São Paulo - SP, Brazil;-23,5559142;-46,5774648
275012;2015-03-23;06:59:00;07:04:00;2015-03-23 06:59:00;2015-03-23 07:04:00;R. Maestro Gabriel Migliori, São Paulo - SP, Brazil;-23,5073715;-46,6801765
275734;2015-04-15;19:33:00;20:56:00;2015-04-15 19:33:00;2015-04-15 20:56:00;Praça Nossa Sra. da Anunciação, São Paulo - SP, Brazil;-23,5317357;-46,5194504
275735;2015-04-15;19:53:00;20:13:00;2015-04-15 19:53:00;2015-04-15 20:13:00;Av. São Miguel, São Paulo - SP, Brazil;-23,5071721;-46,4859922
275736;2015-04-15;19:52:00;20:56:00;2015-04-15 19:52:00;2015-04-15 20:56:00;Rua Padre Viegas de Menezes, São Paulo - SP, Brazil;-23,5368468;-46,4567674
275737;2015-04-15;19:48:00;20:38:00;2015-04-15 19:48:00;2015-04-15 20:38:00;Av. Antônio Estêvão de Carvalho, São Paulo - SP, Brazil;-23,529311;-46,5048371
275738;2015-04-15;19:48:00;20:46:00;2015-04-15 19:48:00;2015-04-15 20:46:00;Av. São Miguel, São Paulo - SP, Brazil;-23,5071721;-46,4859922
275739;2015-04-15;19:31:00;21:28:00;2015-04-15 19:31:00;2015-04-15 21:28:00;Avenida Aricanduva, São Paulo - SP, Brazil;-23,5665833;-46,5072364
275740;2015-04-15;20:06:00;20:38:00;2015-04-15 20:06:00;2015-04-15 20:38:00;Av. Conde de Frontin, São Paulo - SP, Brazil;-23,5334525;-46,5402058
275741;2015-04-15;20:02:00;20:27:00;2015-04-15 20:02:00;2015-04-15 20:27:00;Av. Jacu Pêssego/Nova Trabalhadores, São Paulo - SP, Brazil;-23,5980468;-46,4447716
275742;2015-04-15;20:24:00;20:34:00;2015-04-15 20:24:00;2015-04-15 20:34:00;Av. Laranja da China, São Paulo - SP, Brazil;-23,5087266;-46,4599192
275743;2015-04-15;20:21:00;21:08:00;2015-04-15 20:21:00;2015-04-15 21:08:00;Rua Tomazzo Ferrara - Itaquera, São Paulo - SP, Brazil;-23,5409796;-46,4589875
275744;2015-04-15;20:21:00;20:27:00;2015-04-15 20:21:00;2015-04-15 20:27:00;Av. Ribeirão Jacu, São Paulo - SP, Brazil;-23,5133036;-46,4563305
275745;2015-04-15;20:16:00;20:39:00;2015-04-15 20:16:00;2015-04-15 20:39:00;Av. Jacu Pêssego/Nova Trabalhadores, São Paulo - SP, Brazil;-23,5980468;-46,4447716
275746;2015-04-15;19:45:00;20:16:00;2015-04-15 19:45:00;2015-04-15 20:16:00;R. Peixoto Werneck, São Paulo - SP, Brazil;-23,5433991;-46,4875722
275747;2015-04-15;20:40:00;21:13:00;2015-04-15 20:40:00;2015-04-15 21:13:00;Rod. Pres. Dutra, SÃ£o Paulo - SP, Brazil;-23,5142452;-46,5776252
275748;2015-04-15;20:40:00;22:23:00;2015-04-15 20:40:00;2015-04-15 22:23:00;Av. Morvan Dias de Figueiredo, São Paulo - SP, Brazil;-23,5268051;-46,5954843
275749;2015-04-15;20:48:00;21:50:00;2015-04-15 20:48:00;2015-04-15 21:50:00;Pte. Pres. Jacnio Quadros - Vila Maria, Sao Paulo - SP, Brazil;-23,5273616;-46,5967346
275750;2015-04-15;21:36:00;20:34:00;2015-04-15 21:36:00;2015-04-15 20:34:00;Av. Antônio Estêvão de Carvalho, São Paulo - SP, Brazil;-23,529311;-46,5048371
275751;2015-04-15;20:01:00;21:28:00;2015-04-15 20:01:00;2015-04-15 21:28:00;R. Melo Freire, São Paulo - SP, Brazil;-23,5390451;-46,5690009
275752;2015-04-16;13:50:00;17:00:00;2015-04-16 13:50:00;2015-04-16 17:00:00;Av. Cruzeiro do Sul, São Paulo - SP, Brazil;-23,5158892;-46,625269
275753;2015-04-16;14:05:00;14:37:00;2015-04-16 14:05:00;2015-04-16 14:37:00;Av. Nicolas Boer, São Paulo - SP, Brazil;-23,5177621;-46,6794532
275754;2015-04-16;14:19:00;14:33:00;2015-04-16 14:19:00;2015-04-16 14:33:00;Praça Marrey Júnior - Perdizes, São Paulo - SP, 05005-070, Brazil;-23,529634;-46,6773859
275755;2015-04-16;14:21:00;14:33:00;2015-04-16 14:21:00;2015-04-16 14:33:00;Rua Turiassú, São Paulo - SP, Brazil;-23,5317429;-46,6738405
275756;2015-04-16;14:47:00;17:00:00;2015-04-16 14:47:00;2015-04-16 17:00:00;Largo do Paissandú, São Paulo - SP, Brazil;-23,5427611;-46,6377404
275757;2015-04-16;14:40:00;14:11:00;2015-04-16 14:40:00;2015-04-16 14:11:00;Praça Pascoal Martins - Barra Funda, São Paulo - SP, Brazil;-23,519576;-46,6751213
275758;2015-04-16;14:11:00;14:34:00;2015-04-16 14:11:00;2015-04-16 14:34:00;Av. Antártica, São Paulo - SP, Brazil;-23,5263304;-46,6723352
275759;2015-04-16;15:09:00;15:15:00;2015-04-16 15:09:00;2015-04-16 15:15:00;Av. Água Fria, São Paulo - SP, Brazil;-23,4805037;-46,6219782
275760;2015-04-16;14:17:00;14:34:00;2015-04-16 14:17:00;2015-04-16 14:34:00;Av. Marquês de São Vicente, São Paulo - SP, Brazil;-23,5191501;-46,6751177
275761;2015-04-22;09:23:00;13:40:00;2015-04-22 09:23:00;2015-04-22 13:40:00;Av. Nossa Sra. do Sabará, São Paulo - SP, Brazil;-23,67928;-46,6846507
275762;2015-04-22;09:20:00;10:24:00;2015-04-22 09:20:00;2015-04-22 10:24:00;Praça da Bandeira - Centro, São Paulo;-23,5482474;-46,6383229
275763;2015-04-22;10:36:00;12:28:00;2015-04-22 10:36:00;2015-04-22 12:28:00;Av. Jacu Pêssego/Nova Trabalhadores, São Paulo - SP, Brazil;-23,5980468;-46,4447716
276664;2015-07-03;05:36:00;06:21:00;2015-07-03 05:36:00;2015-07-03 06:21:00;Praça da Bandeira - Centro, São Paulo;-23,5482474;-46,6383229
276665;2015-07-03;05:14:00;06:07:00;2015-07-03 05:14:00;2015-07-03 06:07:00;Várzea de Baixo, São Paulo - State of São Paulo, 04756-140, Brazil;-23,644675;-46,7200772
276666;2015-07-03;05:34:00;07:47:00;2015-07-03 05:34:00;2015-07-03 07:47:00;Av. Ver. José Diniz, São Paulo - SP, Brazil;-23,6273293;-46,6844459
276667;2015-07-03;05:24:00;07:48:00;2015-07-03 05:24:00;2015-07-03 07:48:00;Av. Ver. José Diniz, São Paulo - SP, Brazil;-23,6273293;-46,6844459
276668;2015-07-03;06:15:00;07:30:00;2015-07-03 06:15:00;2015-07-03 07:30:00;Viaduto do Glicério - Liberdade, São Paulo - SP, Brazil;-23,5564647;-46,6307556
276669;2015-07-03;06:34:00;07:38:00;2015-07-03 06:34:00;2015-07-03 07:38:00;Viaduto Leste-Oeste - Liberdade, São Paulo - SP, 01514-070, Brazil;-23,5546411;-46,6272263
276670;2015-07-03;07:11:00;09:00:00;2015-07-03 07:11:00;2015-07-03 09:00:00;Av. Jacu Pêssego/Nova Trabalhadores, São Paulo - SP, Brazil;-23,5980468;-46,4447716
276671;2015-07-03;07:03:00;10:23:00;2015-07-03 07:03:00;2015-07-03 10:23:00;Av. Cruzeiro do Sul, São Paulo - SP, Brazil;-23,5158892;-46,625269
276672;2015-07-03;08:45:00;12:35:00;2015-07-03 08:45:00;2015-07-03 12:35:00;Av. Cruzeiro do Sul, São Paulo - SP, Brazil;-23,5158892;-46,625269
276673;2015-07-03;08:23:00;09:20:00;2015-07-03 08:23:00;2015-07-03 09:20:00;Av. Marginal Tietê, São Paulo - SP, Brazil;-23,5179366;-46,6497264
276674;2015-07-03;07:47:00;12:00:00;2015-07-03 07:47:00;2015-07-03 12:00:00;R. Pôrto Seguro - Luz, São Paulo - SP, 01109-040, Brazil;-23,5227592;-46,6273632
276675;2015-07-03;08:06:00;09:52:00;2015-07-03 08:06:00;2015-07-03 09:52:00;Estr. do Campo Limpo, 459 - Vila Prel, São Paulo - SP, 05777-001, Brazil;-23,6497008;-46,7574652
276676;2015-07-03;08:04:00;10:27:00;2015-07-03 08:04:00;2015-07-03 10:27:00;Av. Vital Brasil, São Paulo - SP, Brazil;-23,570208;-46,7116258
276677;2015-07-03;06:29:00;10:26:00;2015-07-03 06:29:00;2015-07-03 10:26:00;Av. Vital Brasil, São Paulo - SP, Brazil;-23,570208;-46,7116258
276678;2015-07-03;07:27:00;10:12:00;2015-07-03 07:27:00;2015-07-03 10:12:00;Av. Santos Dumont, São Paulo - SP, Brazil;-23,5165914;-46,6298802
276679;2015-07-03;06:43:00;08:16:00;2015-07-03 06:43:00;2015-07-03 08:16:00;R. Cel. Euclídes Machado - Jardim das Gracas, São Paulo - SP, Brazil;-23,506535;-46,6868507
276680;2015-07-03;06:40:00;08:22:00;2015-07-03 06:40:00;2015-07-03 08:22:00;Av. Celso Garcia, São Paulo - SP, Brazil;-23,5351863;-46,5828245
276681;2015-07-03;12:23:00;14:22:00;2015-07-03 12:23:00;2015-07-03 14:22:00;Av. N. Sra. Do Sabara, 2.888 - Jardim Araujo Almeida, São Paulo - SP, 04447-010, Brazil;-23,6799388;-46,6846767
276682;2015-07-03;11:35:00;14:20:00;2015-07-03 11:35:00;2015-07-03 14:20:00;Rua Glicério, São Paulo - SP, Brazil;-23,5560709;-46,6291905
276683;2015-07-03;12:46:00;14:21:00;2015-07-03 12:46:00;2015-07-03 14:21:00;Av. Inajar de Souza, São Paulo - SP, Brazil;-23,4741446;-46,670062
276684;2015-07-03;15:07:00;16:43:00;2015-07-03 15:07:00;2015-07-03 16:43:00;R. Hungria, São Paulo - SP, Brazil;-23,5789947;-46,6940331
276685;2015-07-03;15:00:00;17:30:00;2015-07-03 15:00:00;2015-07-03 17:30:00;Av. Rio Branco, São Paulo - SP, Brazil;-23,5364232;-46,6426214
276686;2015-07-03;14:59:00;17:50:00;2015-07-03 14:59:00;2015-07-03 17:50:00;Av. Salim Farah Maluf, São Paulo - SP, Brazil;-23,5559142;-46,5774648
276687;2015-07-03;13:51:00;15:16:00;2015-07-03 13:51:00;2015-07-03 15:16:00;R. Camargo, São Paulo - SP, Brazil;-23,5720951;-46,7095755
276688;2015-07-03;13:50:00;16:43:00;2015-07-03 13:50:00;2015-07-03 16:43:00;Av. Magalhães de Castro, São Paulo - SP, Brazil;-23,5974359;-46,6972704
276689;2015-07-03;13:57:00;16:41:00;2015-07-03 13:57:00;2015-07-03 16:41:00;Pte. Domingos Franciulli Netto, São Paulo - SP, Brazil;-23,5157514;-46,5542947
276690;2015-07-03;16:39:00;07:56:00;2015-07-03 16:39:00;2015-07-03 07:56:00;Av. Rio Branco, São Paulo - SP, Brazil;-23,5364232;-46,6426214
276691;2015-07-03;18:43:00;07:08:00;2015-07-03 18:43:00;2015-07-03 07:08:00;Av. Pres. Castelo Branco - Pte. Pequena, São Paulo - SP, Brazil;-23,5188564;-46,6441499
276692;2015-07-03;14:26:00;07:56:00;2015-07-03 14:26:00;2015-07-03 07:56:00;Av. Rio Branco, São Paulo - SP, Brazil;-23,5364232;-46,6426214
276693;2015-07-07;10:09:00;11:41:00;2015-07-07 10:09:00;2015-07-07 11:41:00;Rua Turiassú, São Paulo - SP, Brazil;-23,5317429;-46,6738405
276694;2015-07-08;07:12:00;07:27:00;2015-07-08 07:12:00;2015-07-08 07:27:00;Av. Corifeu de Azevedo Marques, São Paulo - SP, Brazil;-23,5664473;-46,7437116
276695;2015-07-08;07:11:00;07:27:00;2015-07-08 07:11:00;2015-07-08 07:27:00;Av. Vital Brasil, São Paulo - SP, Brazil;-23,570208;-46,7116258
276696;2015-07-08;10:02:00;12:51:00;2015-07-08 10:02:00;2015-07-08 12:51:00;R. Camargo, São Paulo - SP, Brazil;-23,5720951;-46,7095755
276697;2015-07-24;19:29:00;19:40:00;2015-07-24 19:29:00;2015-07-24 19:40:00;Praça da Bandeira, São Paulo - SP, Brazil;-23,5502896;-46,6394119
276698;2015-07-24;19:33:00;19:40:00;2015-07-24 19:33:00;2015-07-24 19:40:00;Praça da Bandeira, São Paulo - SP, Brazil;-23,5502896;-46,6394119
276699;2015-07-25;11:05:00;14:50:00;2015-07-25 11:05:00;2015-07-25 14:50:00;Av. Washington Luís, São Paulo - SP, Brazil;-23,6402443;-46,6738198
276700;2015-07-25;10:50:00;21:48:00;2015-07-25 10:50:00;2015-07-25 21:48:00;R. Brasílio Luz - Santo Amaro, São Paulo - SP, Brazil;-23,6586932;-46,7097383
276701;2015-07-25;09:48:00;11:16:00;2015-07-25 09:48:00;2015-07-25 11:16:00;PONTE ENG ROBERTO ZUCCOLO;-23,5868532;-46,6923576
276702;2015-05-10;19:31:00;22:24:00;2015-05-10 19:31:00;2015-05-10 22:24:00;MARGINAL PINHEIROS, 6;-23,58771098;-46,69257849
276703;2015-05-28;10:00:00;12:26:00;2015-05-28 10:00:00;2015-05-28 12:26:00;R. Humaitá - Bela Vista, São Paulo - SP, 01321-010, Brazil;-23,5583053;-46,641539
281844;2015-08-27;09:07:00;15:30:00;2015-08-27 09:07:00;2015-08-27 15:30:00;Av. do Rio Pequeno, São Paulo - SP, Brazil;-23,5667044;-46,7539164
281845;2015-08-27;10:30:00;14:25:00;2015-08-27 10:30:00;2015-08-27 14:25:00;Av. Marginal Tietê, São Paulo - SP, Brazil;-23,5179366;-46,6497264
281846;2015-08-27;10:51:00;11:00:00;2015-08-27 10:51:00;2015-08-27 11:00:00;Av. Marginal Tietê, São Paulo - SP, Brazil;-23,5179366;-46,6497264
281847;2015-08-27;11:44:00;14:05:00;2015-08-27 11:44:00;2015-08-27 14:05:00;Av. Vital Brasil, São Paulo - SP, Brazil;-23,570208;-46,7116258
281848;2015-08-27;11:46:00;14:05:00;2015-08-27 11:46:00;2015-08-27 14:05:00;Av. Vital Brasil, São Paulo - SP, Brazil;-23,570208;-46,7116258
281849;2015-08-27;11:25:00;17:04:00;2015-08-27 11:25:00;2015-08-27 17:04:00;Av. São João, São Paulo - SP, Brazil;-23,5400603;-46,6443474
281850;2015-08-27;13:08:00;;2015-08-27 13:08:00;2015-08-27 ;Av. Rio Branco, São Paulo - SP, Brazil;-23,5364232;-46,6426214
281851;2015-08-27;16:46:00;16:57:00;2015-08-27 16:46:00;2015-08-27 16:57:00;Av. Rio Branco, São Paulo - SP, Brazil;-23,5364232;-46,6426214
297945;2015-10-03;04:13:00;07:00:00;2015-10-03 04:13:00;2015-10-03 07:00:00;Av. Marginal Tietê, São Paulo - SP, Brazil;-23,5179366;-46,6497264
297946;2015-10-03;04:03:00;04:27:00;2015-10-03 04:03:00;2015-10-03 04:27:00;TN MAX FEFFER, 1;-23,5785451;-46,6814976
297947;2015-10-03;04:47:00;14:14:00;2015-10-03 04:47:00;2015-10-03 14:14:00;Av. Vital Brasil, São Paulo - SP, Brazil;-23,570208;-46,7116258
297948;2015-10-03;04:11:00;07:14:00;2015-10-03 04:11:00;2015-10-03 07:14:00;Av. Marginal Tietê, São Paulo - SP, Brazil;-23,5179366;-46,6497264
297949;2015-10-03;04:23:00;04:42:00;2015-10-03 04:23:00;2015-10-03 04:42:00;Av. Comendador Martinelli, São Paulo - SP, Brazil;-23,5099053;-46,689826
297950;2015-10-03;05:30:00;11:26:00;2015-10-03 05:30:00;2015-10-03 11:26:00;Av. Magalhães de Castro, São Paulo - SP, Brazil;-23,5974359;-46,6972704
297951;2015-10-03;06:04:00;08:01:00;2015-10-03 06:04:00;2015-10-03 08:01:00;Av. Morvan Dias de Figueiredo, São Paulo - SP, Brazil;-23,5268051;-46,5954843
297952;2015-10-03;08:29:00;08:40:00;2015-10-03 08:29:00;2015-10-03 08:40:00;Av. Cruzeiro do Sul, São Paulo - SP, Brazil;-23,5158892;-46,625269
297953;2015-10-13;06:58:00;19:26:00;2015-10-13 06:58:00;2015-10-13 19:26:00;Largo do Paissandú, São Paulo - SP, Brazil;-23,5427611;-46,6377404
297954;2015-10-21;23:10:00;00:10:00;2015-10-21 23:10:00;2015-10-21 00:10:00;Via Prof. Simão Faiguenboim, São Paulo - SP, Brazil;-23,6238635;-46,709926
297955;2015-10-22;00:48:00;01:32:00;2015-10-22 00:48:00;2015-10-22 01:32:00;R. Diana - Vila Pompeia, São Paulo - SP, Brazil;-23,5333176;-46,6813056
297956;2015-10-22;00:39:00;01:31:00;2015-10-22 00:39:00;2015-10-22 01:31:00;R. Palestra Itália, São Paulo - SP, Brazil;-23,5276449;-46,6806838
297957;2015-10-22;00:32:00;01:29:00;2015-10-22 00:32:00;2015-10-22 01:29:00;Av. Pompéia, São Paulo - SP, Brazil;-23,5325652;-46,6866045
297958;2015-10-22;06:31:00;11:33:00;2015-10-22 06:31:00;2015-10-22 11:33:00;Av. Zaki Narchi, São Paulo - SP, Brazil;-23,5094565;-46,617561
297959;2015-10-22;06:31:00;16:31:00;2015-10-22 06:31:00;2015-10-22 16:31:00;Av. Zaki Narchi, São Paulo - SP, Brazil;-23,5094565;-46,617561
297960;2015-10-22;03:39:00;04:23:00;2015-10-22 03:39:00;2015-10-22 04:23:00;Av. Jacu Pêssego/Nova Trabalhadores, São Paulo - SP, Brazil;-23,5980468;-46,4447716
297961;2015-10-22;02:40:00;04:23:00;2015-10-22 02:40:00;2015-10-22 04:23:00;Av. Rio Branco, São Paulo - SP, Brazil;-23,5364232;-46,6426214
297962;2015-10-22;02:37:00;04:23:00;2015-10-22 02:37:00;2015-10-22 04:23:00;Av. Rio Branco, São Paulo - SP, Brazil;-23,5364232;-46,6426214
297963;2015-10-22;02:05:00;04:23:00;2015-10-22 02:05:00;2015-10-22 04:23:00;Av. Cruzeiro do Sul, São Paulo - SP, Brazil;-23,5158892;-46,625269
297964;2015-10-22;10:10:00;21:00:00;2015-10-22 10:10:00;2015-10-22 21:00:00;R. Camargo, São Paulo - SP, Brazil;-23,5720951;-46,7095755
297965;2015-10-22;08:33:00;19:41:00;2015-10-22 08:33:00;2015-10-22 19:41:00;Av. do Cursino, São Paulo - SP, Brazil;-23,6309097;-46,6176659
297966;2015-10-22;12:48:00;19:38:00;2015-10-22 12:48:00;2015-10-22 19:38:00;Av. Imperatriz Leopoldina, 1774 - Vila Leopoldina, São Paulo - SP, 05305-007, Brazil;-23,5359996;-46,726621
297967;2015-10-22;13:34:00;22:38:00;2015-10-22 13:34:00;2015-10-22 22:38:00;Viaduto Santa Generosa - Paraíso, São Paulo - SP, Brazil;-23,5757156;-46,6414685
297968;2015-10-22;14:03:00;18:55:00;2015-10-22 14:03:00;2015-10-22 18:55:00;Av. Rio Branco, São Paulo - SP, Brazil;-23,5364232;-46,6426214
297969;2015-10-22;17:07:00;19:52:00;2015-10-22 17:07:00;2015-10-22 19:52:00;Av. das Nações Unidas, São Paulo - SP, Brazil;-23,6077223;-46,6975576
297970;2015-10-22;16:55:00;19:42:00;2015-10-22 16:55:00;2015-10-22 19:42:00;Av. N. Sra. Do Sabara, 2.888 - Jardim Araujo Almeida, São Paulo - SP, 04447-010, Brazil;-23,6799388;-46,6846767
297971;2015-10-22;18:16:00;22:38:00;2015-10-22 18:16:00;2015-10-22 22:38:00;Av. Salim Farah Maluf, São Paulo - SP, Brazil;-23,5559142;-46,5774648
297972;2015-10-22;19:28:00;19:33:00;2015-10-22 19:28:00;2015-10-22 19:33:00;Av. Antonelo da Messina, São Paulo - SP, Brazil;-23,4494018;-46,588809
297973;2015-10-22;19:05:00;21:13:00;2015-10-22 19:05:00;2015-10-22 21:13:00;Av. Rio Branco, São Paulo - SP, Brazil;-23,5364232;-46,6426214
297974;2015-10-26;02:27:00;04:28:00;2015-10-26 02:27:00;2015-10-26 04:28:00;Av. Rio Branco, São Paulo - SP, Brazil;-23,5364232;-46,6426214
297975;2015-10-26;02:23:00;04:28:00;2015-10-26 02:23:00;2015-10-26 04:28:00;Av. Rio Branco, São Paulo - SP, Brazil;-23,5364232;-46,6426214
297976;2015-10-26;05:30:00;13:15:00;2015-10-26 05:30:00;2015-10-26 13:15:00;Av. Rio Branco, São Paulo - SP, Brazil;-23,5364232;-46,6426214
297977;2015-10-26;07:14:00;10:26:00;2015-10-26 07:14:00;2015-10-26 10:26:00;Av. das Nações Unidas, São Paulo - SP, Brazil;-23,6077223;-46,6975576
297978;2015-10-26;07:22:00;13:57:00;2015-10-26 07:22:00;2015-10-26 13:57:00;Av. Cruzeiro do Sul, São Paulo - SP, Brazil;-23,5158892;-46,625269
297979;2015-10-26;07:19:00;13:32:00;2015-10-26 07:19:00;2015-10-26 13:32:00;Av. Cruzeiro do Sul, São Paulo - SP, Brazil;-23,5158892;-46,625269
297980;2015-10-26;06:59:00;13:57:00;2015-10-26 06:59:00;2015-10-26 13:57:00;Av. Rio Branco, São Paulo - SP, Brazil;-23,5364232;-46,6426214
297981;2015-10-26;06:59:00;12:44:00;2015-10-26 06:59:00;2015-10-26 12:44:00;Av. Rio Branco, São Paulo - SP, Brazil;-23,5364232;-46,6426214
297982;2015-10-26;06:41:00;09:17:00;2015-10-26 06:41:00;2015-10-26 09:17:00;Av. Salim Farah Maluf, São Paulo - SP, Brazil;-23,5559142;-46,5774648
297983;2015-10-26;05:24:00;13:57:00;2015-10-26 05:24:00;2015-10-26 13:57:00;Av. Rio Branco, São Paulo - SP, Brazil;-23,5364232;-46,6426214
297984;2015-10-26;03:56:00;04:20:00;2015-10-26 03:56:00;2015-10-26 04:20:00;Av. Mofarrej - Vila Leopoldina, São Paulo - SP, Brazil;-23,5289208;-46,7424243
297985;2015-10-26;08:13:00;16:05:00;2015-10-26 08:13:00;2015-10-26 16:05:00;R. Palestra Itália, São Paulo - SP, Brazil;-23,5276449;-46,6806838
297987;2015-10-26;07:16:00;13:52:00;2015-10-26 07:16:00;2015-10-26 13:52:00;Av. Cruzeiro do Sul, São Paulo - SP, Brazil;-23,5158892;-46,625269
299649;2015-11-01;07:05:00;21:37:00;2015-11-01 07:05:00;2015-11-01 21:37:00;Av. Marginal Tietê, São Paulo - SP, Brazil;-23,5179366;-46,6497264
299650;2015-11-01;06:59:00;12:40:00;2015-11-01 06:59:00;2015-11-01 12:40:00;Av. Pres. Castelo Branco - Pte. Pequena, São Paulo - SP, Brazil;-23,5188564;-46,6441499
299651;2015-11-01;07:49:00;14:11:00;2015-11-01 07:49:00;2015-11-01 14:11:00;Av. Salim Farah Maluf, São Paulo - SP, Brazil;-23,5559142;-46,5774648
299652;2015-11-01;07:25:00;21:36:00;2015-11-01 07:25:00;2015-11-01 21:36:00;Viaduto do Glicério - Liberdade, São Paulo - SP, Brazil;-23,5564647;-46,6307556
299653;2015-11-01;08:41:00;13:02:00;2015-11-01 08:41:00;2015-11-01 13:02:00;Av. Pres. Castelo Branco - Pte. Pequena, São Paulo - SP, Brazil;-23,5188564;-46,6441499
299654;2015-11-01;10:47:00;16:57:00;2015-11-01 10:47:00;2015-11-01 16:57:00;Av. Pres. Castelo Branco - Pte. Pequena, São Paulo - SP, Brazil;-23,5188564;-46,6441499
299655;2015-11-01;10:48:00;14:37:00;2015-11-01 10:48:00;2015-11-01 14:37:00;Av. Pres. Castelo Branco - Pte. Pequena, São Paulo - SP, Brazil;-23,5188564;-46,6441499
299656;2015-11-01;08:38:00;14:37:00;2015-11-01 08:38:00;2015-11-01 14:37:00;Av. Pres. Castelo Branco - Pte. Pequena, São Paulo - SP, Brazil;-23,5188564;-46,6441499
299657;2015-11-01;07:54:00;21:19:00;2015-11-01 07:54:00;2015-11-01 21:19:00;Av. Marginal Tietê, 4310 - Vila Santo Henrique, São Paulo - SP, Brazil;-23,5086673;-46,5552222
299658;2015-11-01;08:10:00;09:07:00;2015-11-01 08:10:00;2015-11-01 09:07:00;Av. Marginal Tietê, São Paulo - SP, Brazil;-23,5179366;-46,6497264
299659;2015-11-01;09:59:00;15:06:00;2015-11-01 09:59:00;2015-11-01 15:06:00;Av. Marginal Tietê, São Paulo - SP, Brazil;-23,5179366;-46,6497264
299660;2015-11-01;09:25:00;21:37:00;2015-11-01 09:25:00;2015-11-01 21:37:00;Av. Marginal Tietê, São Paulo - SP, Brazil;-23,5179366;-46,6497264
299661;2015-11-01;10:11:00;10:22:00;2015-11-01 10:11:00;2015-11-01 10:22:00;Av. Celso Garcia, São Paulo - SP, Brazil;-23,5351863;-46,5828245
299662;2015-11-01;17:56:00;21:36:00;2015-11-01 17:56:00;2015-11-01 21:36:00;Av. Celso Garcia, São Paulo - SP, Brazil;-23,5351863;-46,5828245
299663;2015-11-01;17:52:00;21:36:00;2015-11-01 17:52:00;2015-11-01 21:36:00;Av. Rangel Pestana, São Paulo - SP, Brazil;-23,5454357;-46,6209075
299664;2015-11-01;14:58:00;15:05:00;2015-11-01 14:58:00;2015-11-01 15:05:00;Av. Marginal Tietê, São Paulo - SP, Brazil;-23,5179366;-46,6497264
299665;2015-11-01;14:41:00;14:50:00;2015-11-01 14:41:00;2015-11-01 14:50:00;Av. Pres. Castelo Branco - Pte. Pequena, São Paulo - SP, Brazil;-23,5188564;-46,6441499
299666;2015-11-01;12:25:00;13:56:00;2015-11-01 12:25:00;2015-11-01 13:56:00;Av. Marginal Tietê, São Paulo - SP, Brazil;-23,5179366;-46,6497264
299667;2015-11-01;07:25:00;21:36:00;2015-11-01 07:25:00;2015-11-01 21:36:00;Viaduto do Glicério - Liberdade, São Paulo - SP, Brazil;-23,5564647;-46,6307556
299668;2015-11-01;10:28:00;10:25:00;2015-11-01 10:28:00;2015-11-01 10:25:00;Av. Ibirapuera, São Paulo - SP, Brazil;-23,6019783;-46,6608019
299669;2015-11-01;14:23:00;21:37:00;2015-11-01 14:23:00;2015-11-01 21:37:00;MARGINAL TIETE CBAS CENTRAL/ Rua dos Italianos;-23,518824644;-46,6468656
299670;2015-11-02;01:48:00;01:53:00;2015-11-02 01:48:00;2015-11-02 01:53:00;Av. Rio Branco, São Paulo - SP, Brazil;-23,5364232;-46,6426214
299671;2015-11-02;04:31:00;04:40:00;2015-11-02 04:31:00;2015-11-02 04:40:00;Av. das Nações Unidas, São Paulo - SP, Brazil;-23,6077223;-46,6975576
299672;2015-11-02;02:17:00;03:28:00;2015-11-02 02:17:00;2015-11-02 03:28:00;Av. Marginal Tietê, São Paulo - SP, Brazil;-23,5179366;-46,6497264
299673;2015-11-02;06:49:00;13:30:00;2015-11-02 06:49:00;2015-11-02 13:30:00;R. Darzan - Santana, São Paulo - SP, Brazil;-23,5041902;-46,624551
299674;2015-11-02;06:30:00;12:30:00;2015-11-02 06:30:00;2015-11-02 12:30:00;Via Prof. Simão Faiguenboim, São Paulo - SP, Brazil;-23,6238635;-46,709926
299675;2015-11-02;06:11:00;12:27:00;2015-11-02 06:11:00;2015-11-02 12:27:00;Av. Marginal Tietê, São Paulo - SP, Brazil;-23,5179366;-46,6497264
299676;2015-11-02;06:13:00;12:25:00;2015-11-02 06:13:00;2015-11-02 12:25:00;Av. Marginal Tietê, São Paulo - SP, Brazil;-23,5179366;-46,6497264
299677;2015-11-02;06:14:00;12:27:00;2015-11-02 06:14:00;2015-11-02 12:27:00;Av. Marginal Tietê, São Paulo - SP, Brazil;-23,5179366;-46,6497264
299678;2015-11-02;06:10:00;12:26:00;2015-11-02 06:10:00;2015-11-02 12:26:00;Av. Marginal Tietê, São Paulo - SP, Brazil;-23,5179366;-46,6497264
299679;2015-11-02;06:07:00;07:16:00;2015-11-02 06:07:00;2015-11-02 07:16:00;Av. Marginal Tietê, São Paulo - SP, Brazil;-23,5179366;-46,6497264
299680;2015-11-02;06:57:00;14:28:00;2015-11-02 06:57:00;2015-11-02 14:28:00;Av. Cruzeiro do Sul, São Paulo - SP, Brazil;-23,5158892;-46,625269
299681;2015-11-02;06:59:00;14:28:00;2015-11-02 06:59:00;2015-11-02 14:28:00;Av. Cruzeiro do Sul, São Paulo - SP, Brazil;-23,5158892;-46,625269
299682;2015-11-02;07:15:00;12:26:00;2015-11-02 07:15:00;2015-11-02 12:26:00;Av. Marginal Tietê, São Paulo - SP, Brazil;-23,5179366;-46,6497264
299683;2015-11-02;06:54:00;13:05:00;2015-11-02 06:54:00;2015-11-02 13:05:00;Av. Cruzeiro do Sul, São Paulo - SP, Brazil;-23,5158892;-46,625269
299684;2015-11-02;07:21:00;12:26:00;2015-11-02 07:21:00;2015-11-02 12:26:00;Av. Pres. Castelo Branco - Pte. Pequena, São Paulo - SP, Brazil;-23,5188564;-46,6441499
299685;2015-11-02;08:24:00;09:10:00;2015-11-02 08:24:00;2015-11-02 09:10:00;R. Pôrto Seguro - Luz, São Paulo - SP, 01109-040, Brazil;-23,5227592;-46,6273632
299686;2015-11-02;08:13:00;12:25:00;2015-11-02 08:13:00;2015-11-02 12:25:00;Av. Marginal Tietê, São Paulo - SP, Brazil;-23,5179366;-46,6497264
299687;2015-11-02;08:00:00;12:29:00;2015-11-02 08:00:00;2015-11-02 12:29:00;Via Prof. Simão Faiguenboim, São Paulo - SP, Brazil;-23,6238635;-46,709926
299688;2015-11-02;07:41:00;18:54:00;2015-11-02 07:41:00;2015-11-02 18:54:00;Rua Vergueiro, São Paulo - SP, Brazil;-23,5927308;-46,6209331
299689;2015-11-02;07:30:00;14:28:00;2015-11-02 07:30:00;2015-11-02 14:28:00;Av. Cruzeiro do Sul, São Paulo - SP, Brazil;-23,5158892;-46,625269
299690;2015-11-02;07:29:00;09:01:00;2015-11-02 07:29:00;2015-11-02 09:01:00;R. Palestra Itália, São Paulo - SP, Brazil;-23,5276449;-46,6806838
299691;2015-11-03;19:44:00;22:57:00;2015-11-03 19:44:00;2015-11-03 22:57:00;Av. Antonelo da Messina, São Paulo - SP, Brazil;-23,4494018;-46,588809
299692;2015-11-03;23:39:00;00:55:00;2015-11-03 23:39:00;2015-11-03 00:55:00;Av. Cupecê, 2883 - Jardim Itacolomi, São Paulo - SP, 04417-100, Brazil;-23,6654946;-46,6572669
299693;2015-11-04;17:35:00;19:44:00;2015-11-04 17:35:00;2015-11-04 19:44:00;Av. Rio Branco, São Paulo - SP, Brazil;-23,5364232;-46,6426214
299694;2015-11-04;17:33:00;23:52:00;2015-11-04 17:33:00;2015-11-04 23:52:00;Av. Rio Branco, São Paulo - SP, Brazil;-23,5364232;-46,6426214
299695;2015-11-04;17:32:00;17:57:00;2015-11-04 17:32:00;2015-11-04 17:57:00;Av. Gen. Ataliba Leonel - Carandiru, São Paulo - SP, 02033-020, Brazil;-23,4955395;-46,6109589
299696;2015-11-04;17:32:00;18:50:00;2015-11-04 17:32:00;2015-11-04 18:50:00;R. Caraíbas - Vila Pompeia, São Paulo - SP, Brazil;-23,5330546;-46,6828713
299697;2015-11-04;17:30:00;18:50:00;2015-11-04 17:30:00;2015-11-04 18:50:00;Rua Turiassú, São Paulo - SP, Brazil;-23,5317429;-46,6738405
299698;2015-11-04;16:57:00;18:22:00;2015-11-04 16:57:00;2015-11-04 18:22:00;Rua Taquari, São Paulo - SP, Brazil;-23,5507544;-46,5971974
299699;2015-11-04;16:49:00;19:23:00;2015-11-04 16:49:00;2015-11-04 19:23:00;R. Darzan - Santana, São Paulo - SP, Brazil;-23,5041902;-46,624551
299700;2015-11-04;17:53:00;19:40:00;2015-11-04 17:53:00;2015-11-04 19:40:00;Viaduto do Chá, São Paulo - SP, Brazil;-23,5466688;-46,6377687
299701;2015-11-04;18:07:00;21:30:00;2015-11-04 18:07:00;2015-11-04 21:30:00;R. Vladimir Herzog - Jardim Jaragua, São Paulo - SP, 05036-025, Brazil;-23,4433436;-46,8030974
299702;2015-11-04;18:02:00;18:15:00;2015-11-04 18:02:00;2015-11-04 18:15:00;Av. Raimundo Pereira de Magalhães, São Paulo - SP, Brazil;-23,4607661;-46,7215836
299703;2015-11-04;16:19:00;16:46:00;2015-11-04 16:19:00;2015-11-04 16:46:00;Av. 23 de Maio, São Paulo - SP, Brazil;-23,5689056;-46,640864
299704;2015-11-04;00:39:00;01:30:00;2015-11-04 00:39:00;2015-11-04 01:30:00;Av. Marginal Tietê, São Paulo - SP, Brazil;-23,5179366;-46,6497264
299705;2015-11-04;00:37:00;01:29:00;2015-11-04 00:37:00;2015-11-04 01:29:00;Av. Morvan Dias de Figueiredo, São Paulo - SP, Brazil;-23,5268051;-46,5954843
299706;2015-11-04;19:13:00;21:03:00;2015-11-04 19:13:00;2015-11-04 21:03:00;Av. Cruzeiro do Sul, São Paulo - SP, Brazil;-23,5158892;-46,625269
299707;2015-11-04;19:07:00;21:03:00;2015-11-04 19:07:00;2015-11-04 21:03:00;Av. Cruzeiro do Sul, São Paulo - SP, Brazil;-23,5158892;-46,625269
299708;2015-11-04;21:28:00;00:55:00;2015-11-04 21:28:00;2015-11-04 00:55:00;Av. Rio Branco, São Paulo - SP, Brazil;-23,5364232;-46,6426214
299709;2015-11-05;00:33:00;00:55:00;2015-11-05 00:33:00;2015-11-05 00:55:00;Av. Inajar de Souza, São Paulo - SP, Brazil;-23,4741446;-46,670062
299710;2015-11-05;08:02:00;10:09:00;2015-11-05 08:02:00;2015-11-05 10:09:00;Jaguare, São Paulo - State of São Paulo, 05350-000, Brazil;-23,5480756;-46,7335655
299711;2015-11-05;05:52:00;06:49:00;2015-11-05 05:52:00;2015-11-05 06:49:00;Av. 23 de Maio, São Paulo - SP, Brazil;-23,5689056;-46,640864
299712;2015-11-06;07:53:00;09:26:00;2015-11-06 07:53:00;2015-11-06 09:26:00;Av. Zaki Narchi, São Paulo - SP, Brazil;-23,5094565;-46,617561
299713;2015-11-09;05:30:00;07:31:00;2015-11-09 05:30:00;2015-11-09 07:31:00;Av. Celso Garcia, São Paulo - SP, Brazil;-23,5351863;-46,5828245
299714;2015-11-09;04:21:00;04:50:00;2015-11-09 04:21:00;2015-11-09 04:50:00;Av. das Nações Unidas, São Paulo - SP, Brazil;-23,6077223;-46,6975576
299715;2015-11-09;13:59:00;14:09:00;2015-11-09 13:59:00;2015-11-09 14:09:00;Av. Nossa Sra. do Sabará, São Paulo - SP, Brazil;-23,67928;-46,6846507
299716;2015-11-09;14:35:00;16:28:00;2015-11-09 14:35:00;2015-11-09 16:28:00;Av. Almirante Delamare, São Paulo - SP, Brazil;-23,6082285;-46,5913611
299717;2015-11-09;15:31:00;16:12:00;2015-11-09 15:31:00;2015-11-09 16:12:00;Av. Antônio Munhoz Bonilha, São Paulo - SP, Brazil;-23,4991474;-46,6837398
299718;2015-11-09;13:31:00;16:50:00;2015-11-09 13:31:00;2015-11-09 16:50:00;Av. Dona Belmira Marin, São Paulo - SP, Brazil;-23,7532909;-46,6812134
299719;2015-11-09;15:31:00;20:07:00;2015-11-09 15:31:00;2015-11-09 20:07:00;Av. Marginal Direita do Tietê, São Paulo - SP, Brazil;-23,5169303;-46,7367549
299720;2015-11-11;15:43:00;16:45:00;2015-11-11 15:43:00;2015-11-11 16:45:00;9 de Julho, São Paulo - SP, Brazil;-23,5666493;-46,6587609
299721;2015-11-11;15:33:00;17:41:00;2015-11-11 15:33:00;2015-11-11 17:41:00;9 de Julho, São Paulo - SP, Brazil;-23,5666493;-46,6587609
299722;2015-11-13;21:25:00;21:34:00;2015-11-13 21:25:00;2015-11-13 21:34:00;Av. Sumaré, São Paulo - SP, Brazil;-23,5384701;-46,6746973
299723;2015-11-13;21:24:00;22:01:00;2015-11-13 21:24:00;2015-11-13 22:01:00;Av. Pompéia, São Paulo - SP, Brazil;-23,5325652;-46,6866045
299724;2015-11-13;21:23:00;22:31:00;2015-11-13 21:23:00;2015-11-13 22:31:00;R. Barão do Bananal, São Paulo - SP, Brazil;-23,5319355;-46,6876444
299725;2015-11-14;05:04:00;09:41:00;2015-11-14 05:04:00;2015-11-14 09:41:00;R. Miguel Yunes, São Paulo - SP, Brazil;-23,6908195;-46,6862236
299726;2015-11-17;16:15:00;18:18:00;2015-11-17 16:15:00;2015-11-17 18:18:00;Av. Celso Garcia, São Paulo - SP, Brazil;-23,5351863;-46,5828245
299727;2015-11-17;16:02:00;18:18:00;2015-11-17 16:02:00;2015-11-17 18:18:00;Av. Alcântara Machado, São Paulo - SP, Brazil;-23,5476643;-46,602319
299728;2015-11-17;16:30:00;18:17:00;2015-11-17 16:30:00;2015-11-17 18:17:00;Av. Alcântara Machado, São Paulo - SP, Brazil;-23,5476643;-46,602319
299729;2015-11-17;16:39:00;17:00:00;2015-11-17 16:39:00;2015-11-17 17:00:00;Avenida Aricanduva, São Paulo - SP, Brazil;-23,5665833;-46,5072364
299730;2015-11-17;16:35:00;16:56:00;2015-11-17 16:35:00;2015-11-17 16:56:00;Avenida Aricanduva, São Paulo - SP, Brazil;-23,5665833;-46,5072364
299731;2015-11-17;17:23:00;18:19:00;2015-11-17 17:23:00;2015-11-17 18:19:00;R. Costa Barros, São Paulo - SP, Brazil;-23,5997133;-46,5517835
299732;2015-11-17;21:32:00;22:52:00;2015-11-17 21:32:00;2015-11-17 22:52:00;Av. Maria Coelho Aguiar, São Paulo - SP, Brazil;-23,6510794;-46,7337015
299733;2015-11-17;21:34:00;22:51:00;2015-11-17 21:34:00;2015-11-17 22:51:00;Av. Prof. Francisco Morato, São Paulo - SP, Brazil;-23,5890554;-46,7286596
299734;2015-11-17;21:56:00;22:50:00;2015-11-17 21:56:00;2015-11-17 22:50:00;Av. Alcântara Machado, São Paulo - SP, Brazil;-23,5476643;-46,602319
299735;2015-11-17;21:55:00;22:22:00;2015-11-17 21:55:00;2015-11-17 22:22:00;Av. Marquês de São Vicente, São Paulo - SP, Brazil;-23,5191501;-46,6751177
299736;2015-11-17;21:50:00;22:46:00;2015-11-17 21:50:00;2015-11-17 22:46:00;Av. Ordem e Progresso, São Paulo - SP, Brazil;-23,5152825;-46,6668303
299737;2015-11-17;22:01:00;22:51:00;2015-11-17 22:01:00;2015-11-17 22:51:00;R. Maestro Gabriel Migliori, São Paulo - SP, Brazil;-23,5073715;-46,6801765
299738;2015-11-17;22:04:00;22:52:00;2015-11-17 22:04:00;2015-11-17 22:52:00;Av. Antônio Munhoz Bonilha, São Paulo - SP, Brazil;-23,4991474;-46,6837398
299739;2015-11-17;21:59:00;22:50:00;2015-11-17 21:59:00;2015-11-17 22:50:00;Av. Celso Garcia, São Paulo - SP, Brazil;-23,5351863;-46,5828245
299740;2015-11-17;21:58:00;22:14:00;2015-11-17 21:58:00;2015-11-17 22:14:00;Av. Alcântara Machado, São Paulo - SP, Brazil;-23,5476643;-46,602319
299741;2015-11-17;21:57:00;22:08:00;2015-11-17 21:57:00;2015-11-17 22:08:00;Av. Dr. Ricardo Jafet, São Paulo - SP, Brazil;-23,5904103;-46,6201351
299742;2015-11-17;22:13:00;22:51:00;2015-11-17 22:13:00;2015-11-17 22:51:00;R. Palestra Itália, São Paulo - SP, Brazil;-23,5276449;-46,6806838
299743;2015-11-17;22:45:00;22:53:00;2015-11-17 22:45:00;2015-11-17 22:53:00;Av. Marginal Tietê, São Paulo - SP, Brazil;-23,5179366;-46,6497264
299744;2015-11-17;21:46:00;22:03:00;2015-11-17 21:46:00;2015-11-17 22:03:00;Av. Rouxinol, São Paulo - SP, Brazil;-23,6039075;-46,6697889
299745;2015-11-18;05:54:00;09:52:00;2015-11-18 05:54:00;2015-11-18 09:52:00;Av. Marquês de São Vicente, São Paulo - SP, Brazil;-23,5191501;-46,6751177
299746;2015-11-18;01:37:00;02:07:00;2015-11-18 01:37:00;2015-11-18 02:07:00;R. Padre Antônio Tomás - Água Branca, São Paulo - SP, Brazil;-23,5277354;-46,6771182
299747;2015-11-18;01:35:00;02:07:00;2015-11-18 01:35:00;2015-11-18 02:07:00;Av. Marquês de São Vicente, São Paulo - SP, Brazil;-23,5191501;-46,6751177
299748;2015-11-18;09:49:00;11:00:00;2015-11-18 09:49:00;2015-11-18 11:00:00;Av. Zaki Narchi, São Paulo - SP, Brazil;-23,5094565;-46,617561
299749;2015-11-20;07:01:00;23:17:00;2015-11-20 07:01:00;2015-11-20 23:17:00;Av. Gen. Ataliba Leonel - Carandiru, São Paulo - SP, 02033-020, Brazil;-23,4955395;-46,6109589
299750;2015-11-23;02:50:00;03:31:00;2015-11-23 02:50:00;2015-11-23 03:31:00;R. Antônio Sarkis - Água Branca, São Paulo - SP, 05038-200, Brazil;-23,5104016;-46,7047362
299751;2015-11-23;07:07:00;08:12:00;2015-11-23 07:07:00;2015-11-23 08:12:00;Av. Gen. Ataliba Leonel - Carandiru, São Paulo - SP, 02033-020, Brazil;-23,4955395;-46,6109589
299752;2015-11-23;07:23:00;08:12:00;2015-11-23 07:23:00;2015-11-23 08:12:00;Av. Zaki Narchi, São Paulo - SP, Brazil;-23,5094565;-46,617561
299753;2015-11-29;12:45:00;17:37:00;2015-11-29 12:45:00;2015-11-29 17:37:00;MARGINAL PINHEIROS / PTE CAIO POMPEU DE TOLEDO;-23,617771;-46,7021459
299754;2015-11-29;13:16:00;17:08:00;2015-11-29 13:16:00;2015-11-29 17:08:00;R. Palestra Itália, São Paulo - SP, Brazil;-23,5276449;-46,6806838
299755;2015-11-29;13:02:00;13:15:00;2015-11-29 13:02:00;2015-11-29 13:15:00;Av. 23 de Maio, São Paulo - SP, Brazil;-23,5689056;-46,640864
299756;2015-11-29;14:18:00;17:28:00;2015-11-29 14:18:00;2015-11-29 17:28:00;Av. Antártica, São Paulo - SP, Brazil;-23,5263304;-46,6723352
299757;2015-11-29;14:11:00;19:09:00;2015-11-29 14:11:00;2015-11-29 19:09:00;Praça Pascoal Martins - Barra Funda, São Paulo - SP, Brazil;-23,519576;-46,6751213
299758;2015-11-29;14:38:00;14:55:00;2015-11-29 14:38:00;2015-11-29 14:55:00;Praça da Bandeira - Centro, São Paulo;-23,5482474;-46,6383229
299759;2015-11-29;14:31:00;15:49:00;2015-11-29 14:31:00;2015-11-29 15:49:00;Praça da Bandeira, São Paulo - SP, Brazil;-23,5502896;-46,6394119
299760;2015-11-29;14:47:00;17:37:00;2015-11-29 14:47:00;2015-11-29 17:37:00;Av. Morvan Dias de Figueiredo, São Paulo - SP, Brazil;-23,5268051;-46,5954843
299761;2015-11-29;15:15:00;19:51:00;2015-11-29 15:15:00;2015-11-29 19:51:00;Av. Rangel Pestana, São Paulo - SP, Brazil;-23,5454357;-46,6209075
299762;2015-11-29;15:34:00;19:50:00;2015-11-29 15:34:00;2015-11-29 19:50:00;Av. Celso Garcia, São Paulo - SP, Brazil;-23,5351863;-46,5828245
299763;2015-11-29;15:31:00;16:00:00;2015-11-29 15:31:00;2015-11-29 16:00:00;Av. Pres. Castelo Branco - Pte. Pequena, São Paulo - SP, Brazil;-23,5188564;-46,6441499
299764;2015-11-29;15:23:00;21:19:00;2015-11-29 15:23:00;2015-11-29 21:19:00;Av. Celso Garcia, São Paulo - SP, Brazil;-23,5351863;-46,5828245
299765;2015-11-29;15:08:00;17:19:00;2015-11-29 15:08:00;2015-11-29 17:19:00;R. Teixeira Leite - Liberdade, São Paulo - SP, 01325-070, Brazil;-23,5559621;-46,6284359
299766;2015-11-29;15:23:00;16:11:00;2015-11-29 15:23:00;2015-11-29 16:11:00;Av. Pompéia, São Paulo - SP, Brazil;-23,5325652;-46,6866045
299767;2015-11-29;15:20:00;15:42:00;2015-11-29 15:20:00;2015-11-29 15:42:00;Av. 23 de Maio, São Paulo - SP, Brazil;-23,5689056;-46,640864
299768;2015-11-29;15:42:00;19:50:00;2015-11-29 15:42:00;2015-11-29 19:50:00;Av. Celso Garcia, São Paulo - SP, Brazil;-23,5351863;-46,5828245
299769;2015-11-29;15:50:00;17:28:00;2015-11-29 15:50:00;2015-11-29 17:28:00;Rua Tenente Landy;-23,51467115;-46,701480746
299770;2015-11-29;16:04:00;16:58:00;2015-11-29 16:04:00;2015-11-29 16:58:00;Av. Ermano Marchetti, São Paulo - SP, Brazil;-23,5147413;-46,6990997
299771;2015-11-29;15:05:00;15:57:00;2015-11-29 15:05:00;2015-11-29 15:57:00;R. Manoel Dutra - Bela Vista, São Paulo - SP, Brazil;-23,5555126;-46,6467121
299772;2015-11-29;16:00:00;17:11:00;2015-11-29 16:00:00;2015-11-29 17:11:00;Av. Marquês de São Vicente, São Paulo - SP, Brazil;-23,5191501;-46,6751177
299773;2015-11-29;17:35:00;20:21:00;2015-11-29 17:35:00;2015-11-29 20:21:00;R. Vitória, São Paulo - SP, Brazil;-23,5389547;-46,6407438
299774;2015-11-29;17:25:00;20:10:00;2015-11-29 17:25:00;2015-11-29 20:10:00;Av. Marquês de São Vicente, São Paulo - SP, Brazil;-23,5191501;-46,6751177
299775;2015-11-29;17:38:00;21:19:00;2015-11-29 17:38:00;2015-11-29 21:19:00;Praça da República - República, São Paulo - SP, Brazil;-23,544085;-46,6425002
328374;2015-12-05;19:29:00;20:09:00;2015-12-05 19:29:00;2015-12-05 20:09:00;Av. Prof. Abraão de Morais, São Paulo - SP, Brazil;-23,6190603;-46,6280469
328375;2015-12-05;19:40:00;20:09:00;2015-12-05 19:40:00;2015-12-05 20:09:00;Av. Prof. Abraão de Morais, São Paulo - SP, Brazil;-23,6190603;-46,6280469
328376;2015-12-05;19:27:00;20:37:00;2015-12-05 19:27:00;2015-12-05 20:37:00;Ponte do Morumbi - Pte. do Morumbi;-23,6181633;-46,7009973
328377;2015-12-06;14:19:00;20:21:00;2015-12-06 14:19:00;2015-12-06 20:21:00;Av. Santo Amaro, São Paulo - SP, Brazil;-23,617729;-46,6818226
328378;2015-12-06;23:49:00;00:48:00;2015-12-06 23:49:00;2015-12-06 00:48:00;Av. Alcântara Machado, São Paulo - SP, Brazil;-23,5476643;-46,602319
328379;2015-12-06;23:49:00;00:48:00;2015-12-06 23:49:00;2015-12-06 00:48:00;Av. Inajar de Souza, São Paulo - SP, Brazil;-23,4741446;-46,670062
328380;2015-12-06;23:51:00;00:51:00;2015-12-06 23:51:00;2015-12-06 00:51:00;Av. Inajar de Souza, São Paulo - SP, Brazil;-23,4741446;-46,670062
328381;2015-12-06;23:54:00;00:51:00;2015-12-06 23:54:00;2015-12-06 00:51:00;Av. Inajar de Souza, São Paulo - SP, Brazil;-23,4741446;-46,670062
328382;2015-12-06;23:38:00;00:28:00;2015-12-06 23:38:00;2015-12-06 00:28:00;Av. Marginal Tietê, São Paulo - SP, Brazil;-23,5179366;-46,6497264
328383;2015-12-06;23:41:00;00:28:00;2015-12-06 23:41:00;2015-12-06 00:28:00;Av. Marginal Tietê, São Paulo - SP, Brazil;-23,5179366;-46,6497264
328384;2015-12-06;23:50:00;23:53:00;2015-12-06 23:50:00;2015-12-06 23:53:00;Av. Alcântara Machado, São Paulo - SP, Brazil;-23,5476643;-46,602319
328385;2015-12-07;00:01:00;00:28:00;2015-12-07 00:01:00;2015-12-07 00:28:00;Pte. Cruzeiro do Sul - Luz, SÃ£o Paulo - SP, Brazil;-23,5195505;-46,6251524
328386;2015-12-07;00:07:00;00:15:00;2015-12-07 00:07:00;2015-12-07 00:15:00;Av. Marginal Tietê, São Paulo - SP, Brazil;-23,5179366;-46,6497264
328387;2015-12-07;00:00:00;00:53:00;2015-12-07 00:00:00;2015-12-07 00:53:00;Av. Inajar de Souza, São Paulo - SP, Brazil;-23,4741446;-46,670062
328388;2015-12-07;00:28:00;00:43:00;2015-12-07 00:28:00;2015-12-07 00:43:00;Rua Astarté - Vila Carrao, São Paulo - SP, Brazil;-23,5506847;-46,5256449
328389;2015-12-12;16:56:00;20:53:00;2015-12-12 16:56:00;2015-12-12 20:53:00;R. Gen. Americano Freire, 70 - Guaianazes, São Paulo;-23,5391207;-46,4095307
328390;2015-12-12;16:30:00;20:52:00;2015-12-12 16:30:00;2015-12-12 20:52:00;Av. Antônio Estêvão de Carvalho, São Paulo - SP, Brazil;-23,529311;-46,5048371
328391;2015-12-12;17:19:00;20:48:00;2015-12-12 17:19:00;2015-12-12 20:48:00;Av. Calim Eid, São Paulo - SP, Brazil;-23,5206735;-46,4986035
328392;2015-12-14;23:34:00;02:09:00;2015-12-14 23:34:00;2015-12-14 02:09:00;Av. das Nações Unidas, São Paulo - SP, Brazil;-23,6077223;-46,6975576
328393;2015-12-14;23:29:00;00:23:00;2015-12-14 23:29:00;2015-12-14 00:23:00;Av. das Nações Unidas, São Paulo - SP, Brazil;-23,6077223;-46,6975576
328394;2015-12-14;23:27:00;00:24:00;2015-12-14 23:27:00;2015-12-14 00:24:00;Av. das Nações Unidas, São Paulo - SP, Brazil;-23,6077223;-46,6975576
328395;2015-12-14;23:23:00;00:24:00;2015-12-14 23:23:00;2015-12-14 00:24:00;Av. das Nações Unidas, São Paulo - SP, Brazil;-23,6077223;-46,6975576
328396;2015-12-19;19:33:00;21:19:00;2015-12-19 19:33:00;2015-12-19 21:19:00;Av. Jacu Pêssego/Nova Trabalhadores, São Paulo - SP, Brazil;-23,5980468;-46,4447716
328397;2015-12-19;19:07:00;21:20:00;2015-12-19 19:07:00;2015-12-19 21:20:00;Av. Jacu Pêssego/Nova Trabalhadores, São Paulo - SP, Brazil;-23,5980468;-46,4447716
328398;2015-12-19;19:04:00;22:59:00;2015-12-19 19:04:00;2015-12-19 22:59:00;Av. Inajar de Souza, São Paulo - SP, Brazil;-23,4741446;-46,670062
328399;2015-12-19;18:07:00;18:21:00;2015-12-19 18:07:00;2015-12-19 18:21:00;R. Rio Verde, São Paulo - SP, Brazil;-23,4885679;-46,706412
328400;2015-12-19;18:23:00;18:55:00;2015-12-19 18:23:00;2015-12-19 18:55:00;Av. Gen. Edgar Facó, São Paulo - SP, Brazil;-23,4986219;-46,7070187
328401;2015-12-19;18:06:00;21:05:00;2015-12-19 18:06:00;2015-12-19 21:05:00;Av. Deputado Cantidio Sampaio, São Paulo - SP, Brazil;-23,4549657;-46,6955619
328402;2015-12-19;09:55:00;10:02:00;2015-12-19 09:55:00;2015-12-19 10:02:00;Praça Mal. Deodoro - Santa Cecilia, São Paulo - SP, Brazil;-23,534573;-46,6548152
328403;2015-12-19;07:51:00;08:11:00;2015-12-19 07:51:00;2015-12-19 08:11:00;Av. Cruzeiro do Sul, São Paulo - SP, Brazil;-23,5158892;-46,625269
328404;2015-12-19;07:09:00;07:33:00;2015-12-19 07:09:00;2015-12-19 07:33:00;Av. Assis Chateaubriand, São Paulo - SP, Brazil;-23,517787;-46,6393595
328405;2015-12-20;15:28:00;19:17:00;2015-12-20 15:28:00;2015-12-20 19:17:00;Av. Morvan Dias de Figueiredo, São Paulo - SP, Brazil;-23,5268051;-46,5954843
328406;2015-12-20;16:08:00;18:39:00;2015-12-20 16:08:00;2015-12-20 18:39:00;R. Teixeira Leite - Liberdade, São Paulo - SP, 01325-070, Brazil;-23,5559621;-46,6284359
328407;2015-12-20;15:49:00;19:17:00;2015-12-20 15:49:00;2015-12-20 19:17:00;Av. Marginal Tietê, São Paulo - SP, Brazil;-23,5179366;-46,6497264
328408;2015-12-20;16:23:00;18:38:00;2015-12-20 16:23:00;2015-12-20 18:38:00;Praça da Bandeira, São Paulo - SP, Brazil;-23,5502896;-46,6394119
328409;2015-12-20;16:49:00;17:10:00;2015-12-20 16:49:00;2015-12-20 17:10:00;Av. Alcântara Machado, São Paulo - SP, Brazil;-23,5476643;-46,602319
328410;2015-12-20;16:46:00;19:17:00;2015-12-20 16:46:00;2015-12-20 19:17:00;Av. José Pinheiro Borges - Cidade Antonio Estevão de Carvalho, São Paulo - SP, Brazil;-23,5406073;-46,4741835
328411;2015-12-20;16:12:00;18:29:00;2015-12-20 16:12:00;2015-12-20 18:29:00;Av. 23 de Maio, São Paulo - SP, Brazil;-23,5689056;-46,640864
328412;2015-12-20;16:13:00;16:57:00;2015-12-20 16:13:00;2015-12-20 16:57:00;Av. 23 de Maio, São Paulo - SP, Brazil;-23,5689056;-46,640864
328413;2015-12-20;17:00:00;19:10:00;2015-12-20 17:00:00;2015-12-20 19:10:00;Av. Rangel Pestana, São Paulo - SP, Brazil;-23,5454357;-46,6209075
328414;2015-12-20;18:24:00;21:33:00;2015-12-20 18:24:00;2015-12-20 21:33:00;Av. Raimundo Pereira de Magalhães, São Paulo - SP, Brazil;-23,4607661;-46,7215836
328415;2015-12-20;18:07:00;19:59:00;2015-12-20 18:07:00;2015-12-20 19:59:00;Pte. da Freguesia do Ã, Sao Paulo - SP, Brazil;-23,5089559;-46,6895931
328416;2015-12-20;19:12:00;19:18:00;2015-12-20 19:12:00;2015-12-20 19:18:00;Av. Afonso de Sampaio e Sousa, São Paulo - SP, Brazil;-23,5742049;-46,4759958
328417;2015-12-20;21:19:00;22:20:00;2015-12-20 21:19:00;2015-12-20 22:20:00;Av. Otaviano Alves de Lima, São Paulo - SP, Brazil;-23,5086361;-46,6870791
328418;2015-12-21;17:25:00;19:18:00;2015-12-21 17:25:00;2015-12-21 19:18:00;Av. Marginal Tietê, São Paulo - SP, Brazil;-23,5179366;-46,6497264
328419;2015-12-21;17:23:00;19:56:00;2015-12-21 17:23:00;2015-12-21 19:56:00;Av. Marginal Tietê, São Paulo - SP, Brazil;-23,5179366;-46,6497264
328420;2015-12-21;16:38:00;17:41:00;2015-12-21 16:38:00;2015-12-21 17:41:00;Av. Marginal Tietê, São Paulo - SP, Brazil;-23,5179366;-46,6497264
328421;2015-12-21;18:04:00;18:29:00;2015-12-21 18:04:00;2015-12-21 18:29:00;Rua Glicério, São Paulo - SP, Brazil;-23,5560709;-46,6291905
328422;2015-12-21;18:01:00;19:01:00;2015-12-21 18:01:00;2015-12-21 19:01:00;Av. Pompéia, São Paulo - SP, Brazil;-23,5325652;-46,6866045
328423;2015-12-21;17:59:00;19:13:00;2015-12-21 17:59:00;2015-12-21 19:13:00;Praça Marrey Júnior - Perdizes, São Paulo - SP, 05005-070, Brazil;-23,529634;-46,6773859
328424;2015-12-21;17:55:00;21:15:00;2015-12-21 17:55:00;2015-12-21 21:15:00;R. Darzan - Santana, São Paulo - SP, Brazil;-23,5041902;-46,624551
328425;2015-12-21;17:58:00;18:25:00;2015-12-21 17:58:00;2015-12-21 18:25:00;R. Teixeira Leite - Liberdade, São Paulo - SP, 01325-070, Brazil;-23,5559621;-46,6284359
328426;2015-12-21;17:43:00;18:49:00;2015-12-21 17:43:00;2015-12-21 18:49:00;Av. Rangel Pestana, São Paulo - SP, Brazil;-23,5454357;-46,6209075
328427;2015-12-21;17:53:00;19:28:00;2015-12-21 17:53:00;2015-12-21 19:28:00;Bresser, São Paulo - SP, Brazil;-23,5427387;-46,6066718
328428;2015-12-21;17:53:00;18:59:00;2015-12-21 17:53:00;2015-12-21 18:59:00;R. Teixeira Leite - Liberdade, São Paulo - SP, 01325-070, Brazil;-23,5559621;-46,6284359
328429;2015-12-21;17:50:00;19:01:00;2015-12-21 17:50:00;2015-12-21 19:01:00;R. Palestra Itália, São Paulo - SP, Brazil;-23,5276449;-46,6806838
328430;2015-12-21;17:49:00;19:13:00;2015-12-21 17:49:00;2015-12-21 19:13:00;R. Venâncio Aires, São Paulo - SP, Brazil;-23,5281579;-46,6821344
328431;2015-12-21;18:05:00;18:51:00;2015-12-21 18:05:00;2015-12-21 18:51:00;Av. Antártica, São Paulo - SP, Brazil;-23,5263304;-46,6723352
328432;2015-12-21;18:13:00;19:23:00;2015-12-21 18:13:00;2015-12-21 19:23:00;R. Frei Henrique de Coimbra - Vila Pompeia, São Paulo - SP, 05043-040, Brazil;-23,5276106;-46,6906508
328433;2015-12-21;18:17:00;21:18:00;2015-12-21 18:17:00;2015-12-21 21:18:00;Av. Prof. Fonseca Rodrigues, São Paulo - SP, Brazil;-23,5457674;-46,7180896
328434;2015-12-21;18:16:00;19:48:00;2015-12-21 18:16:00;2015-12-21 19:48:00;Av. Conde de Frontin, São Paulo - SP, Brazil;-23,5334525;-46,5402058
328435;2015-12-21;18:23:00;19:43:00;2015-12-21 18:23:00;2015-12-21 19:43:00;Av. Cupecê, 2883 - Jardim Itacolomi, São Paulo - SP, 04417-100, Brazil;-23,6654946;-46,6572669
328436;2015-12-21;18:32:00;21:18:00;2015-12-21 18:32:00;2015-12-21 21:18:00;Av. Mercúrio, São Paulo - SP, Brazil;-23,5422053;-46,6273955
328437;2015-12-21;18:41:00;19:28:00;2015-12-21 18:41:00;2015-12-21 19:28:00;Av. Mercúrio, São Paulo - SP, Brazil;-23,5422053;-46,6273955
328438;2015-12-21;18:34:00;21:18:00;2015-12-21 18:34:00;2015-12-21 21:18:00;Praça Panamericana - Alto de Pinheiros, São Paulo - SP, Brazil;-23,553865;-46,7088388
328439;2015-12-21;18:31:00;19:58:00;2015-12-21 18:31:00;2015-12-21 19:58:00;Av. Marquês de São Vicente, São Paulo - SP, Brazil;-23,5191501;-46,6751177
328440;2015-12-21;18:45:00;19:28:00;2015-12-21 18:45:00;2015-12-21 19:28:00;Av. Sumaré, São Paulo - SP, Brazil;-23,5384701;-46,6746973
328441;2015-12-21;18:40:00;23:50:00;2015-12-21 18:40:00;2015-12-21 23:50:00;Av. Ermano Marchetti, São Paulo - SP, Brazil;-23,5147413;-46,6990997
328442;2015-12-21;17:56:00;18:09:00;2015-12-21 17:56:00;2015-12-21 18:09:00;Av. Cel. Sezefredo Fagundes, São Paulo - SP, Brazil;-23,4237484;-46,5899926
328443;2015-12-21;18:02:00;18:10:00;2015-12-21 18:02:00;2015-12-21 18:10:00;Av. Pompéia, São Paulo - SP, Brazil;-23,5325652;-46,6866045
328444;2015-12-21;18:37:00;19:28:00;2015-12-21 18:37:00;2015-12-21 19:28:00;Rua Harmonia, São Paulo - SP, Brazil;-23,5529616;-46,6896075
328445;2015-12-21;18:43:00;19:48:00;2015-12-21 18:43:00;2015-12-21 19:48:00;R. Cel. José Rufino Freire, São Paulo - SP, Brazil;-23,4904909;-46,7533674
328446;2015-12-21;18:55:00;19:57:00;2015-12-21 18:55:00;2015-12-21 19:57:00;Praça Pascoal Martins - Barra Funda, São Paulo - SP, Brazil;-23,519576;-46,6751213
328447;2015-12-21;18:35:00;23:05:00;2015-12-21 18:35:00;2015-12-21 23:05:00;Av. Marginal Tietê, São Paulo - SP, Brazil;-23,5179366;-46,6497264
328448;2015-12-21;19:09:00;19:28:00;2015-12-21 19:09:00;2015-12-21 19:28:00;R. Atuai - Vila Esperanca, São Paulo - SP, Brazil;-23,526681;-46,5294753
328449;2015-12-21;17:57:00;19:50:00;2015-12-21 17:57:00;2015-12-21 19:50:00;Av. Cel. Sezefredo Fagundes, São Paulo - SP, Brazil;-23,4237484;-46,5899926
328450;2015-12-21;17:57:00;19:50:00;2015-12-21 17:57:00;2015-12-21 19:50:00;R. Maria Amália Lopes Azevedo, São Paulo - SP, Brazil;-23,4580321;-46,6041486
328451;2015-12-21;17:59:00;19:56:00;2015-12-21 17:59:00;2015-12-21 19:56:00;Av. Antonelo da Messina, São Paulo - SP, Brazil;-23,4494018;-46,588809
328452;2015-12-21;18:04:00;18:29:00;2015-12-21 18:04:00;2015-12-21 18:29:00;R. São Paulo - Liberdade, São Paulo - SP, Brazil;-23,5568322;-46,629797
328453;2015-12-22;17:51:00;;2015-12-22 17:51:00;2015-12-22 ;Av. Jacu Pêssego/Nova Trabalhadores, São Paulo - SP, Brazil;-23,5980468;-46,4447716
328454;2015-12-22;17:48:00;18:16:00;2015-12-22 17:48:00;2015-12-22 18:16:00;Av. Itaquera - Parque Maria Luiza, São Paulo - SP, Brazil;-23,5537567;-46,4898454
328455;2015-12-22;17:58:00;18:49:00;2015-12-22 17:58:00;2015-12-22 18:49:00;Av. Prof. Abraão de Morais, São Paulo - SP, Brazil;-23,6190603;-46,6280469
328456;2015-12-22;18:05:00;19:00:00;2015-12-22 18:05:00;2015-12-22 19:00:00;Av. Prof. Abraão de Morais, São Paulo - SP, Brazil;-23,6190603;-46,6280469
328457;2015-12-22;18:08:00;18:49:00;2015-12-22 18:08:00;2015-12-22 18:49:00;Av. Rubem Berta, São Paulo - SP, Brazil;-23,6022907;-46,651546
328458;2015-12-22;18:24:00;18:35:00;2015-12-22 18:24:00;2015-12-22 18:35:00;R. Juquis - Indianópolis, São Paulo - SP, Brazil;-23,6079512;-46,6647429
328459;2015-12-22;18:32:00;19:08:00;2015-12-22 18:32:00;2015-12-22 19:08:00;Av. Ibirapuera, São Paulo - SP, Brazil;-23,6019783;-46,6608019
328460;2015-12-22;18:02:00;18:56:00;2015-12-22 18:02:00;2015-12-22 18:56:00;Av. Dr. Ricardo Jafet, São Paulo - SP, Brazil;-23,5904103;-46,6201351
328461;2015-12-22;18:37:00;19:03:00;2015-12-22 18:37:00;2015-12-22 19:03:00;R. Luís Mateus, São Paulo - SP, Brazil;-23,554364;-46,4240863
328462;2015-12-22;18:41:00;19:00:00;2015-12-22 18:41:00;2015-12-22 19:00:00;Av. dos Bandeirantes, São Paulo - SP, Brazil;-23,6123869;-46,6719384
328463;2015-12-22;18:40:00;19:08:00;2015-12-22 18:40:00;2015-12-22 19:08:00;Av. Miguel Estéfano, São Paulo - SP, Brazil;-23,6383215;-46,6273325
328464;2015-12-22;18:45:00;19:17:00;2015-12-22 18:45:00;2015-12-22 19:17:00;Av. Jules Rimet - Morumbi, São Paulo - SP, Brazil;-23,6010979;-46,7185535
328465;2015-12-22;18:46:00;19:40:00;2015-12-22 18:46:00;2015-12-22 19:40:00;Av. Santo Amaro, São Paulo - SP, Brazil;-23,617729;-46,6818226
328466;2015-12-22;;19:07:00;2015-12-22 ;2015-12-22 19:07:00;R. João Alfredo - Santo Amaro, São Paulo - SP, Brazil;-23,6583985;-46,702784
328467;2015-12-22;19:38:00;21:18:00;2015-12-22 19:38:00;2015-12-22 21:18:00;R. Alves dos Santos, São Paulo - SP, Brazil;-23,6113792;-46,7535918
328468;2015-12-22;20:03:00;21:12:00;2015-12-22 20:03:00;2015-12-22 21:12:00;Av. Jacu Pêssego/Nova Trabalhadores, São Paulo - SP, Brazil;-23,5980468;-46,4447716
328469;2015-12-24;00:52:00;01:16:00;2015-12-24 00:52:00;2015-12-24 01:16:00;Rua Tomazzo Ferrara - Itaquera, São Paulo - SP, Brazil;-23,5409796;-46,4589875
328470;2015-12-24;00:26:00;01:18:00;2015-12-24 00:26:00;2015-12-24 01:18:00;Av. José Pinheiro Borges - Cidade Antonio Estevão de Carvalho, São Paulo - SP, Brazil;-23,5406073;-46,4741835
328471;2015-12-24;17:28:00;20:22:00;2015-12-24 17:28:00;2015-12-24 20:22:00;Sao Paulo, State of Sao Paulo, Brazil;-23,5505199;-46,6333093999999
328472;2015-12-24;17:42:00;20:23:00;2015-12-24 17:42:00;2015-12-24 20:23:00;Av. Morvan Dias de Figueiredo, São Paulo - SP, Brazil;-23,5268051;-46,5954843
328473;2015-12-24;17:54:00;20:22:00;2015-12-24 17:54:00;2015-12-24 20:22:00;Pte. da Vila Guilherme - Pari, Sao Paulo - SP, Brazil;-23,5236847;-46,6111961999999
328474;2015-12-25;16:42:00;17:49:00;2015-12-25 16:42:00;2015-12-25 17:49:00;Avenida Aricanduva, São Paulo - SP, Brazil;-23,5665833;-46,5072364
328475;2015-12-25;16:39:00;17:38:00;2015-12-25 16:39:00;2015-12-25 17:38:00;Avenida Aricanduva, São Paulo - SP, Brazil;-23,5665833;-46,5072364
328476;2015-12-25;16:44:00;17:45:00;2015-12-25 16:44:00;2015-12-25 17:45:00;Av. Conde de Frontin, São Paulo - SP, Brazil;-23,5334525;-46,5402058
328477;2015-12-25;16:44:00;17:33:00;2015-12-25 16:44:00;2015-12-25 17:33:00;Avenida Aricanduva, São Paulo - SP, Brazil;-23,5665833;-46,5072364
328478;2015-12-25;16:45:00;17:20:00;2015-12-25 16:45:00;2015-12-25 17:20:00;Assis Ribeiro, São Paulo - SP, Brazil;-23,4939327;-46,5073237
328479;2015-12-25;17:14:00;20:05:00;2015-12-25 17:14:00;2015-12-25 20:05:00;Av. Morvan Dias de Figueiredo, São Paulo - SP, Brazil;-23,5268051;-46,5954843
328480;2015-12-25;17:59:00;19:15:00;2015-12-25 17:59:00;2015-12-25 19:15:00;Av. Zaki Narchi, São Paulo - SP, Brazil;-23,5094565;-46,617561
328481;2015-12-25;18:05:00;17:44:00;2015-12-25 18:05:00;2015-12-25 17:44:00;Avenida Aricanduva, São Paulo - SP, Brazil;-23,5665833;-46,5072364
328482;2015-12-26;18:51:00;19:40:00;2015-12-26 18:51:00;2015-12-26 19:40:00;R. Chico Pontes, São Paulo - SP, Brazil;-23,5070224;-46,6039587
328483;2015-12-26;19:27:00;20:07:00;2015-12-26 19:27:00;2015-12-26 20:07:00;Rua Engenheiro Oscar Americano - Cidade Jardim, São Paulo - SP, Brazil;-23,5903271;-46,702691
328484;2015-12-26;19:31:00;19:56:00;2015-12-26 19:31:00;2015-12-26 19:56:00;Av. das Nações Unidas, São Paulo - SP, Brazil;-23,6077223;-46,6975576
328485;2015-12-26;20:20:00;21:46:00;2015-12-26 20:20:00;2015-12-26 21:46:00;Av. das Nações Unidas, São Paulo - SP, Brazil;-23,6077223;-46,6975576
328486;2015-12-26;19:55:00;04:22:00;2015-12-26 19:55:00;2015-12-26 04:22:00;Av. das Nações Unidas, São Paulo - SP, Brazil;-23,6077223;-46,6975576
328487;2015-12-26;20:05:00;23:01:00;2015-12-26 20:05:00;2015-12-26 23:01:00;Av. das Nações Unidas, São Paulo - SP, Brazil;-23,6077223;-46,6975576
328488;2015-12-26;19:23:00;21:06:00;2015-12-26 19:23:00;2015-12-26 21:06:00;Tunel Max Feffer, 708 - Itaim Bibi, SÃ£o Paulo - SP, Brazil;-23,5828983;-46,6860975
328489;2015-12-26;20:08:00;21:00:00;2015-12-26 20:08:00;2015-12-26 21:00:00;Tunel Max Feffer, 682 - Itaim Bibi, SÃ£o Paulo - SP, Brazil;-23,5828983;-46,6860975
328490;2015-12-26;19:22:00;23:44:00;2015-12-26 19:22:00;2015-12-26 23:44:00;Av. Santo Amaro, São Paulo - SP, Brazil;-23,617729;-46,6818226
328491;2015-12-26;19:36:00;19:49:00;2015-12-26 19:36:00;2015-12-26 19:49:00;Av. Prof. Francisco Morato, São Paulo - SP, Brazil;-23,5890554;-46,7286596
328492;2015-12-26;20:10:00;23:00:00;2015-12-26 20:10:00;2015-12-26 23:00:00;Cebolao, 1208 - Jaguare, SÃ£o Paulo - SP, Brazil;-23,5204725;-46,7476812
328493;2015-12-26;19:54:00;23:11:00;2015-12-26 19:54:00;2015-12-26 23:11:00;R. Alves dos Santos, São Paulo - SP, Brazil;-23,6113792;-46,7535918
328494;2015-12-26;20:01:00;20:38:00;2015-12-26 20:01:00;2015-12-26 20:38:00;R. Barão do Bananal, São Paulo - SP, Brazil;-23,5319355;-46,6876444
328495;2015-12-26;20:00:00;20:13:00;2015-12-26 20:00:00;2015-12-26 20:13:00;Av. Interlagos, São Paulo - SP, Brazil;-23,6827242;-46,6903178
328496;2015-12-26;19:51:00;20:41:00;2015-12-26 19:51:00;2015-12-26 20:41:00;Praça Melvin Jones;-23,5205875;-46,7014995
328497;2015-12-26;20:16:00;21:00:00;2015-12-26 20:16:00;2015-12-26 21:00:00;Av. Cidade Jardim, São Paulo - SP, Brazil;-23,5830472;-46,6863545
328498;2015-12-26;20:28:00;21:15:00;2015-12-26 20:28:00;2015-12-26 21:15:00;Av. Magalhães de Castro, São Paulo - SP, Brazil;-23,5974359;-46,6972704
328499;2015-12-26;19:10:00;21:23:00;2015-12-26 19:10:00;2015-12-26 21:23:00;Ponte Engenheiro Roberto Rossi Zuccolo, Sao Paulo - SP, Brazil;-23,5868205;-46,6914047
328500;2015-12-26;21:43:00;21:57:00;2015-12-26 21:43:00;2015-12-26 21:57:00;Estr. do Campo Limpo, 459 - Vila Prel, São Paulo - SP, 05777-001, Brazil;-23,6497008;-46,7574652
328501;2015-12-26;19:57:00;20:29:00;2015-12-26 19:57:00;2015-12-26 20:29:00;Pte. Transamérica - Santo Amaro, São Paulo - SP, Brazil;-23,6527754;-46,7240894
328502;2015-12-26;21:10:00;21:02:00;2015-12-26 21:10:00;2015-12-26 21:02:00;Av. Magalhães de Castro, São Paulo - SP, Brazil;-23,5974359;-46,6972704
328503;2015-12-26;19:50:00;21:01:00;2015-12-26 19:50:00;2015-12-26 21:01:00;Praça Panamericana - Alto de Pinheiros, São Paulo - SP, Brazil;-23,553865;-46,7088388
328504;2015-12-26;20:07:00;21:01:00;2015-12-26 20:07:00;2015-12-26 21:01:00;Av. Duquesa de Goiás, São Paulo - SP, Brazil;-23,6117247;-46,7032895
328505;2015-12-26;21:40:00;22:41:00;2015-12-26 21:40:00;2015-12-26 22:41:00;Av. Jules Rimet - Morumbi, São Paulo - SP, Brazil;-23,6010979;-46,7185535
328506;2015-12-26;19:52:00;23:01:00;2015-12-26 19:52:00;2015-12-26 23:01:00;Av. Escola Politécnica, São Paulo - SP, Brazil;-23,5639436;-46,7531452
328507;2015-12-26;23:08:00;02:42:00;2015-12-26 23:08:00;2015-12-26 02:42:00;Av. Mofarrej - Vila Leopoldina, São Paulo - SP, Brazil;-23,5289208;-46,7424243
328508;2015-12-26;22:12:00;04:18:00;2015-12-26 22:12:00;2015-12-26 04:18:00;Via Prof. Simao Faiguenboim, 205 - Pinheiros, Sao Paulo - SP, Brazil;-23,5715661;-46,7008151
328509;2015-12-27;01:44:00;01:29:00;2015-12-27 01:44:00;2015-12-27 01:29:00;PTE CARMEN FERNANDES NEVES;-23,520385;-46,746911
328510;2015-12-27;14:29:00;18:43:00;2015-12-27 14:29:00;2015-12-27 18:43:00;Av. Magalhães de Castro, São Paulo - SP, Brazil;-23,5974359;-46,6972704
328511;2015-12-27;14:40:00;18:43:00;2015-12-27 14:40:00;2015-12-27 18:43:00;Av. Magalhães de Castro, São Paulo - SP, Brazil;-23,5974359;-46,6972704
328512;2015-12-27;17:03:00;18:43:00;2015-12-27 17:03:00;2015-12-27 18:43:00;Av. das Nações Unidas, São Paulo - SP, Brazil;-23,6077223;-46,6975576
328513;2015-12-29;17:21:00;23:06:00;2015-12-29 17:21:00;2015-12-29 23:06:00;Av. Inajar de Souza, São Paulo - SP, Brazil;-23,4741446;-46,670062
328514;2015-12-29;17:03:00;18:46:00;2015-12-29 17:03:00;2015-12-29 18:46:00;Av. Rio Branco, São Paulo - SP, Brazil;-23,5364232;-46,6426214
328515;2015-12-29;07:58:00;08:23:00;2015-12-29 07:58:00;2015-12-29 08:23:00;R. Martins Fontes - Consolação, São Paulo - SP, Brazil;-23,5492334;-46,6442819
328516;2015-12-29;06:36:00;06:53:00;2015-12-29 06:36:00;2015-12-29 06:53:00;Rua Helvétia - Campos Elíseos, São Paulo - SP, Brazil;-23,5357502;-46,6454769
328517;2015-12-29;01:07:00;03:08:00;2015-12-29 01:07:00;2015-12-29 03:08:00;Av. Gen. Ataliba Leonel - Carandiru, São Paulo - SP, 02033-020, Brazil;-23,4955395;-46,6109589
328518;2015-12-30;09:51:00;22:52:00;2015-12-30 09:51:00;2015-12-30 22:52:00;R. Martins Fontes - Consolação, São Paulo - SP, Brazil;-23,5492817;-46,6443421
328519;2015-12-30;00:05:00;00:26:00;2015-12-30 00:05:00;2015-12-30 00:26:00;Av. Nossa Sra. do Sabará, São Paulo - SP, Brazil;-23,67928;-46,6846507
336840;2015-09-07;16:11:00;16:35:00;2015-09-07 16:11:00;2015-09-07 16:35:00;Av. Eusébio Matoso, São Paulo - SP, Brazil;-23,5718525;-46,6975258
336841;2015-09-07;15:35:00;19:00:00;2015-09-07 15:35:00;2015-09-07 19:00:00;Av. Santos Dumont, São Paulo - SP, Brazil;-23,5165914;-46,6298802
336842;2015-09-07;19:42:00;01:05:00;2015-09-07 19:42:00;2015-09-07 01:05:00;Av. Vital Brasil, São Paulo - SP, Brazil;-23,570208;-46,7116258
336843;2015-09-08;06:03:00;18:50:00;2015-09-08 06:03:00;2015-09-08 18:50:00;Av. Rio Branco, São Paulo - SP, Brazil;-23,5364232;-46,6426214
336844;2015-09-08;06:27:00;13:22:00;2015-09-08 06:27:00;2015-09-08 13:22:00;Av. Celso Garcia, São Paulo - SP, Brazil;-23,5351863;-46,5828245
336845;2015-09-08;08:11:00;09:35:00;2015-09-08 08:11:00;2015-09-08 09:35:00;Av. Atlântica, São Paulo - SP, Brazil;-23,6919579;-46,714712
336846;2015-09-08;07:52:00;13:06:00;2015-09-08 07:52:00;2015-09-08 13:06:00;Av. Vital Brasil, São Paulo - SP, Brazil;-23,570208;-46,7116258
336847;2015-09-08;07:36:00;20:59:00;2015-09-08 07:36:00;2015-09-08 20:59:00;Av. Vital Brasil, São Paulo - SP, Brazil;-23,570208;-46,7116258
336848;2015-09-08;08:13:00;13:00:00;2015-09-08 08:13:00;2015-09-08 13:00:00;Av. Atlântica, São Paulo - SP, Brazil;-23,6919579;-46,714712
336849;2015-09-08;08:18:00;13:00:00;2015-09-08 08:18:00;2015-09-08 13:00:00;Av. Atlântica, São Paulo - SP, Brazil;-23,6919579;-46,714712
336850;2015-09-08;08:41:00;17:18:00;2015-09-08 08:41:00;2015-09-08 17:18:00;Av. do Rio Bonito, São Paulo - SP, Brazil;-23,6862301;-46,7023962
336851;2015-09-08;08:41:00;13:38:00;2015-09-08 08:41:00;2015-09-08 13:38:00;Viaduto Dr. Plínio de Queirós - Bela Vista, São Paulo - SP, Brazil;-23,5557768;-46,649904
336852;2015-09-08;08:52:00;13:35:00;2015-09-08 08:52:00;2015-09-08 13:35:00;Av. Eng. Heitor Antônio Eiras García, São Paulo - SP, Brazil;-23,590754;-46,7733489
336853;2015-09-08;09:07:00;04:21:00;2015-09-08 09:07:00;2015-09-08 04:21:00;R. Cubatão, São Paulo - SP, Brazil;-23,5776372;-46,6428878
336854;2015-09-08;09:33:00;15:58:00;2015-09-08 09:33:00;2015-09-08 15:58:00;R. dos Patriotas, São Paulo - SP, Brazil;-23,583272;-46,6044853
336855;2015-09-08;12:35:00;18:50:00;2015-09-08 12:35:00;2015-09-08 18:50:00;Av. Rio Branco, São Paulo - SP, Brazil;-23,5364232;-46,6426214
336856;2015-09-08;14:07:00;17:39:00;2015-09-08 14:07:00;2015-09-08 17:39:00;Av. Salim Farah Maluf, São Paulo - SP, Brazil;-23,5559142;-46,5774648
336857;2015-09-08;14:53:00;19:44:00;2015-09-08 14:53:00;2015-09-08 19:44:00;Av. Rio Branco, São Paulo - SP, Brazil;-23,5364232;-46,6426214
336858;2015-09-08;15:30:00;20:52:00;2015-09-08 15:30:00;2015-09-08 20:52:00;Av. das Nações Unidas, São Paulo - SP, Brazil;-23,6077223;-46,6975576
336859;2015-09-08;15:30:00;21:15:00;2015-09-08 15:30:00;2015-09-08 21:15:00;R. João Alfredo - Santo Amaro, São Paulo - SP, Brazil;-23,6583985;-46,702784
336860;2015-09-08;12:57:00;23:05:00;2015-09-08 12:57:00;2015-09-08 23:05:00;Av. Vital Brasil, São Paulo - SP, Brazil;-23,570208;-46,7116258
336861;2015-09-08;15:12:00;19:49:00;2015-09-08 15:12:00;2015-09-08 19:49:00;Av. José Pinheiro Borges - Cidade Antonio Estevão de Carvalho, São Paulo - SP, Brazil;-23,5406073;-46,4741835
336862;2015-09-08;15:09:00;19:49:00;2015-09-08 15:09:00;2015-09-08 19:49:00;Av. José Pinheiro Borges - Cidade Antonio Estevão de Carvalho, São Paulo - SP, Brazil;-23,5406073;-46,4741835
336863;2015-09-08;14:52:00;18:53:00;2015-09-08 14:52:00;2015-09-08 18:53:00;R. da Despedida - Vila dos Remedios, São Paulo - SP, 05102-050, Brazil;-23,5194146;-46,7483394
336864;2015-09-08;15:41:00;21:46:00;2015-09-08 15:41:00;2015-09-08 21:46:00;Av. Pres. Castelo Branco - Pte. Pequena, São Paulo - SP, Brazil;-23,5188564;-46,6441499
336865;2015-09-08;16:12:00;20:58:00;2015-09-08 16:12:00;2015-09-08 20:58:00;Av. Corifeu de Azevedo Marques, São Paulo - SP, Brazil;-23,5664473;-46,7437116
336866;2015-09-08;16:12:00;21:00:00;2015-09-08 16:12:00;2015-09-08 21:00:00;Av. Vital Brasil, São Paulo - SP, Brazil;-23,570208;-46,7116258
336867;2015-09-08;16:17:00;17:24:00;2015-09-08 16:17:00;2015-09-08 17:24:00;Av. Marginal Tietê, São Paulo - SP, Brazil;-23,5179366;-46,6497264
336868;2015-09-08;16:51:00;20:52:00;2015-09-08 16:51:00;2015-09-08 20:52:00;Ponte Octávio Frias de Oliveira - Jardim Panorama, São Paulo - SP, 04583-105, Brazil;-23,6127701;-46,6988729
336869;2015-09-08;16:40:00;18:09:00;2015-09-08 16:40:00;2015-09-08 18:09:00;Tunel Max Feffer, SÃ£o Paulo - SP, Brazil;-23,5826597;-46,6858528
336870;2015-09-08;17:43:00;19:41:00;2015-09-08 17:43:00;2015-09-08 19:41:00;R. Alves dos Santos, São Paulo - SP, Brazil;-23,6113792;-46,7535918
336871;2015-09-08;17:09:00;20:52:00;2015-09-08 17:09:00;2015-09-08 20:52:00;Av. das Nações Unidas, São Paulo - SP, Brazil;-23,6077223;-46,6975576
336872;2015-09-08;16:44:00;20:52:00;2015-09-08 16:44:00;2015-09-08 20:52:00;Via Prof. Simão Faiguenboim, São Paulo - SP, Brazil;-23,6238635;-46,709926
336873;2015-09-08;17:41:00;19:39:00;2015-09-08 17:41:00;2015-09-08 19:39:00;Rua José Felix - Jardim Jamaica, São Paulo - SP, Brazil;-23,6092804;-46,7517977
336874;2015-09-08;16:53:00;22:28:00;2015-09-08 16:53:00;2015-09-08 22:28:00;Av. Jornalista Roberto Marinho, São Paulo - SP, Brazil;-23,6242741;-46,6773558
336875;2015-09-08;18:27:00;21:12:00;2015-09-08 18:27:00;2015-09-08 21:12:00;Av. Professor Luiz Ignácio Anhaia Mello, São Paulo - SP, Brazil;-23,5902935;-46,5437632
336876;2015-09-08;18:26:00;18:48:00;2015-09-08 18:26:00;2015-09-08 18:48:00;R. Baronesa de Porto Carreiro - Bom Retiro, São Paulo - SP, Brazil;-23,5196669;-46,6549907
336877;2015-09-08;15:54:00;20:13:00;2015-09-08 15:54:00;2015-09-08 20:13:00;Rua Maria Leocadia - Vila Buenos Aires, São Paulo - SP, 03736-240, Brazil;-23,5134238;-46,5183308
336878;2015-09-08;17:18:00;17:47:00;2015-09-08 17:18:00;2015-09-08 17:47:00;Rua Elisa Silveira, São Paulo - SP, Brazil;-23,6222651;-46,6267883
336879;2015-09-08;16:51:00;17:37:00;2015-09-08 16:51:00;2015-09-08 17:37:00;Av. Rubem Berta, São Paulo - SP, Brazil;-23,6022907;-46,651546
336880;2015-09-08;16:55:00;18:23:00;2015-09-08 16:55:00;2015-09-08 18:23:00;Av. das Nações Unidas, São Paulo - SP, Brazil;-23,6077223;-46,6975576
336881;2015-09-08;17:05:00;17:31:00;2015-09-08 17:05:00;2015-09-08 17:31:00;Av. Ibirapuera, São Paulo - SP, Brazil;-23,6019783;-46,6608019
336882;2015-09-08;18:41:00;18:49:00;2015-09-08 18:41:00;2015-09-08 18:49:00;Av. Luiz Dumont Villares, São Paulo - SP, Brazil;-23,4907603;-46,6104723
336883;2015-09-08;20:37:00;13:51:00;2015-09-08 20:37:00;2015-09-08 13:51:00;R. Pôrto Seguro - Luz, São Paulo - SP, 01109-040, Brazil;-23,5227592;-46,6273632
336884;2015-09-08;16:17:00;23:03:00;2015-09-08 16:17:00;2015-09-08 23:03:00;Av. Marginal Tietê, São Paulo - SP, Brazil;-23,5179366;-46,6497264
336885;2015-09-08;20:37:00;21:15:00;2015-09-08 20:37:00;2015-09-08 21:15:00;Av. Marginal Tietê, São Paulo - SP, Brazil;-23,5179366;-46,6497264
336886;2015-09-08;18:00:00;02:41:00;2015-09-08 18:00:00;2015-09-08 02:41:00;Av. das Nações Unidas, São Paulo - SP, Brazil;-23,6077223;-46,6975576
336887;2015-09-08;15:59:00;02:44:00;2015-09-08 15:59:00;2015-09-08 02:44:00;Av. Marginal Tietê, São Paulo - SP, Brazil;-23,5179366;-46,6497264
336888;2015-09-08;21:01:00;03:00:00;2015-09-08 21:01:00;2015-09-08 03:00:00;R. Miguel Yunes, São Paulo - SP, Brazil;-23,6908195;-46,6862236
336889;2015-09-08;17:06:00;20:52:00;2015-09-08 17:06:00;2015-09-08 20:52:00;Via Prof. Simão Faiguenboim, São Paulo - SP, Brazil;-23,6238635;-46,709926
336890;2015-09-08;16:51:00;20:52:00;2015-09-08 16:51:00;2015-09-08 20:52:00;Ponte Octávio Frias de Oliveira - Jardim Panorama, São Paulo - SP, 04583-105, Brazil;-23,6127701;-46,6988729
336891;2015-09-08;20:41:00;20:52:00;2015-09-08 20:41:00;2015-09-08 20:52:00;Av. das Nações Unidas, São Paulo - SP, Brazil;-23,6077223;-46,6975576
336892;2015-09-08;20:38:00;20:15:00;2015-09-08 20:38:00;2015-09-08 20:15:00;Av. Magalhães de Castro, São Paulo - SP, Brazil;-23,5974359;-46,6972704
336893;2015-09-08;20:02:00;20:04:00;2015-09-08 20:02:00;2015-09-08 20:04:00;Av. Cruzeiro do Sul, São Paulo - SP, Brazil;-23,5158892;-46,625269
336894;2015-09-08;19:44:00;04:21:00;2015-09-08 19:44:00;2015-09-08 04:21:00;R. Estela - Vila Mariana, São Paulo - SP, Brazil;-23,5784203;-46,645245
336895;2015-09-08;19:41:00;19:24:00;2015-09-08 19:41:00;2015-09-08 19:24:00;Av. Prof. Francisco Morato, São Paulo - SP, Brazil;-23,5890554;-46,7286596
336896;2015-09-08;18:30:00;19:13:00;2015-09-08 18:30:00;2015-09-08 19:13:00;Av. Professor Luiz Ignácio Anhaia Mello, São Paulo - SP, Brazil;-23,5902935;-46,5437632
336897;2015-09-08;17:57:00;18:51:00;2015-09-08 17:57:00;2015-09-08 18:51:00;Av. Nicolas Boer, 358 - Parque Industrial Tomas Edson, SÃ£o Paulo - SP, 01140-060, Brazil;-23,5184954;-46,6794319
336898;2015-09-08;17:02:00;17:33:00;2015-09-08 17:02:00;2015-09-08 17:33:00;Av. Nossa Sra. do SabarÃ¡, SÃ£o Paulo - SP, Brazil;-23,67928;-46,6846507
336899;2015-09-08;17:03:00;17:34:00;2015-09-08 17:03:00;2015-09-08 17:34:00;Av. Prof. AbraÃ£o de Morais, SÃ£o Paulo - SP, Brazil;-23,6190603;-46,6280469
336900;2015-09-08;17:13:00;17:23:00;2015-09-08 17:13:00;2015-09-08 17:23:00;Av. Prof. AbraÃ£o de Morais, SÃ£o Paulo - SP, Brazil;-23,6190603;-46,6280469
336901;2015-09-08;17:14:00;18:49:00;2015-09-08 17:14:00;2015-09-08 18:49:00;Av. Santos Dumont, 560 - Santana, SÃ£o Paulo - SP, 02012-010, Brazil;-23,5117118;-46,6291606
336902;2015-09-08;16:06:00;03:02:00;2015-09-08 16:06:00;2015-09-08 03:02:00;Ponte do Morumbi - Pte. do Morumbi - Jardim das Acacias, SÃ£o Paulo - SP, 05650-000, Brazil;-23,6181633;-46,7009973
336903;2015-09-08;16:07:00;17:01:00;2015-09-08 16:07:00;2015-09-08 17:01:00;R. JosÃ© Alves dos Santos, 83 - Vila Campanela, SÃ£o Paulo - SP, 08220-450, Brazil;-23,5383034;-46,4613599
336904;2015-09-08;16:06:00;20:46:00;2015-09-08 16:06:00;2015-09-08 20:46:00;Av. Afonso de Sampaio e Sousa, SÃ£o Paulo - SP, Brazil;-23,5742049;-46,4759958
336905;2015-09-08;21:23:00;03:32:00;2015-09-08 21:23:00;2015-09-08 03:32:00;PTE VELHA FEPASA;-23,513899;-46,7232935
336906;2015-09-08;21:19:00;03:32:00;2015-09-08 21:19:00;2015-09-08 03:32:00;Pte. AtÃ­lio Fontana, SÃ£o Paulo - SP, Brazil;-23,5145798;-46,7258647
336907;2015-09-08;16:06:00;03:24:00;2015-09-08 16:06:00;2015-09-08 03:24:00;Rua MÃ³ises Alves dos Santos, 611 - Jardim das Oliveiras, SÃ£o Paulo - SP, 08111-510, Brazil;-23,489273;-46,3749287
336908;2015-09-08;20:07:00;03:14:00;2015-09-08 20:07:00;2015-09-08 03:14:00;R. TapajÃ³s - Luz, SÃ£o Paulo - SP, 01107-040, Brazil;-23,5278239;-46,6266879
336909;2015-09-08;20:37:00;13:51:00;2015-09-08 20:37:00;2015-09-08 13:51:00;R. PÃ´rto Calvo - Luz, SÃ£o Paulo - SP, 01109-070, Brazil;-23,5227742;-46,6280496
336910;2015-09-09;05:58:00;10:14:00;2015-09-09 05:58:00;2015-09-09 10:14:00;R. Alves dos Santos, 168 - Campo Limpo, SÃ£o Paulo - SP, 05743-160, Brazil;-23,6110611;-46,7529852
336911;2015-09-09;08:26:00;13:51:00;2015-09-09 08:26:00;2015-09-09 13:51:00;Av. CupecÃª, 5495 - Jardim PrudÃªncia, SÃ£o Paulo - SP, 04365-001, Brazil;-23,6810197;-46,6381862
336912;2015-09-09;03:08:00;06:01:00;2015-09-09 03:08:00;2015-09-09 06:01:00;Av. Cruzeiro do Sul, 548 - Luz, SÃ£o Paulo - SP, Brazil;-23,5267463;-46,6241296
336913;2015-09-09;02:06:00;09:28:00;2015-09-09 02:06:00;2015-09-09 09:28:00;Rua Professor IndalÃ©cio de Melo - Vila Suzana, SÃ£o Paulo - SP, Brazil;-23,6120702;-46,7523524
336914;2015-09-09;02:05:00;02:46:00;2015-09-09 02:05:00;2015-09-09 02:46:00;R. Alves dos Santos, 160 - Jardim Jamaica, SÃ£o Paulo - SP, 05743-160, Brazil;-23,6111528;-46,7530043
336915;2015-09-10;21:46:00;07:30:00;2015-09-10 21:46:00;2015-09-10 07:30:00;Av. MercÃºrio, SÃ£o Paulo - SP, Brazil;-23,5422053;-46,6273955
336916;2015-09-10;19:10:00;02:12:00;2015-09-10 19:10:00;2015-09-10 02:12:00;Av. MercÃºrio, SÃ£o Paulo - SP, Brazil;-23,5422053;-46,6273955
336917;2015-09-10;20:33:00;20:48:00;2015-09-10 20:33:00;2015-09-10 20:48:00;Ponte Engenheiro Roberto Rossi Zuccolo, SÃ£o Paulo - SP, Brazil;-23,5868205;-46,6914047
336918;2015-09-10;23:32:00;00:14:00;2015-09-10 23:32:00;2015-09-10 00:14:00;Rua JoapÃ© - Cidade Jardim, SÃ£o Paulo - SP, 05676-100, Brazil;-23,5975019;-46,6978968
336919;2015-09-10;14:01:00;14:10:00;2015-09-10 14:01:00;2015-09-10 14:10:00;R. Carlos Sampaio, SÃ£o Paulo - SP, Brazil;-23,5671325;-46,6457638
336920;2015-09-11;04:09:00;15:24:00;2015-09-11 04:09:00;2015-09-11 15:24:00;R. TapajÃ³s - Luz, SÃ£o Paulo - SP, 01107-040, Brazil;-23,5278239;-46,6266879
336921;2015-09-11;02:33:00;06:01:00;2015-09-11 02:33:00;2015-09-11 06:01:00;R. BarÃ£o de Campinas - Campos ElÃ­seos, SÃ£o Paulo - SP, Brazil;-23,5373069;-46,6465624
336922;2015-09-11;02:12:00;05:56:00;2015-09-11 02:12:00;2015-09-11 05:56:00;PraÃ§a JosÃ© ViÃªira de Carvalho Mesquita - Parque Industrial Tomas Edson, SÃ£o Paulo - SP, Brazil;-23,518377;-46,6794701
336923;2015-09-11;01:52:00;06:42:00;2015-09-11 01:52:00;2015-09-11 06:42:00;Av. MercÃºrio, SÃ£o Paulo - SP, Brazil;-23,5422053;-46,6273955
336924;2015-09-11;00:09:00;06:00:00;2015-09-11 00:09:00;2015-09-11 06:00:00;Rua Comendador Feiz Zarzur, 1219 - Jardim Cidade Pirituba, SÃ£o Paulo - SP, Brazil;-23,4744618;-46,725445
336925;2015-09-11;00:01:00;15:24:00;2015-09-11 00:01:00;2015-09-11 15:24:00;Av. Cruzeiro do Sul, 490 - CanindÃ©, SÃ£o Paulo - SP, Brazil;-23,5291759;-46,6253343
336926;2015-09-11;05:19:00;13:53:00;2015-09-11 05:19:00;2015-09-11 13:53:00;Av. Rio Branco, 237 - Campos ElÃ­seos, SÃ£o Paulo - SP, Brazil;-23,5410079;-46,6394224
336927;2015-09-11;02:30:00;05:36:00;2015-09-11 02:30:00;2015-09-11 05:36:00;Av. Ipiranga, SÃ£o Paulo - SP, Brazil;-23,5431414;-46,6412163
336928;2015-09-11;02:26:00;05:36:00;2015-09-11 02:26:00;2015-09-11 05:36:00;Av. Duque de Caxias, SÃ£o Paulo - SP, Brazil;-23,5378316;-46,6442562
336929;2015-09-11;02:37:00;07:57:00;2015-09-11 02:37:00;2015-09-11 07:57:00;Av. Thomas Edison, SÃ£o Paulo - SP, Brazil;-23,5202919;-46,6680144
336930;2015-09-11;00:23:00;00:19:00;2015-09-11 00:23:00;2015-09-11 00:19:00;Av. MagalhÃ£es de Castro, 12000 - Morumbi, SÃ£o Paulo - SP, 05502-000, Brazil;-23,6100635;-46,7011256
336931;2015-09-11;17:38:00;18:43:00;2015-09-11 17:38:00;2015-09-11 18:43:00;R. Camargo, SÃ£o Paulo - SP, Brazil;-23,5720951;-46,7095755
336932;2015-09-11;17:40:00;19:34:00;2015-09-11 17:40:00;2015-09-11 19:34:00;R. Alvarenga, SÃ£o Paulo - SP, Brazil;-23,570208;-46,7116258
336933;2015-09-11;17:42:00;19:34:00;2015-09-11 17:42:00;2015-09-11 19:34:00;R. Pirajussara - ButantÃ£, SÃ£o Paulo - SP, 05501-020, Brazil;-23,5704363;-46,7059753
336934;2015-09-11;17:42:00;02:18:00;2015-09-11 17:42:00;2015-09-11 02:18:00;Av. Interlagos, SÃ£o Paulo - SP, Brazil;-23,6824462;-46,6900639
336935;2015-09-11;17:55:00;02:18:00;2015-09-11 17:55:00;2015-09-11 02:18:00;Av. Interlagos, SÃ£o Paulo - SP, Brazil;-23,68245;-46,6900639
336936;2015-09-11;18:29:00;18:47:00;2015-09-11 18:29:00;2015-09-11 18:47:00;PraÃ§a da Bandeira - Centro;-23,54825;-46,63832
336937;2015-09-11;18:42:00;21:35:00;2015-09-11 18:42:00;2015-09-11 21:35:00;PraÃ§a Marrey JÃºnior - Perdizes, SÃ£o Paulo - SP, 05005-070, Brazil;-23,529634;-46,6773859
336938;2015-09-11;19:22:00;20:03:00;2015-09-11 19:22:00;2015-09-11 20:03:00;Viaduto Bresser, SÃ£o Paulo - SP, Brazil;-23,5470765;-46,6036039
336939;2015-09-11;19:00:00;02:12:00;2015-09-11 19:00:00;2015-09-11 02:12:00;Av. Ãlvaro Ramos, SÃ£o Paulo - SP, Brazil;-23,5475528;-46,5829972
336940;2015-09-11;19:30:00;02:19:00;2015-09-11 19:30:00;2015-09-11 02:19:00;R. Miguel Arraes - Conceicao, Osasco - SP, 06145-145, Brazil;-23,576931;-46,8039499
336941;2015-09-11;19:27:00;02:20:00;2015-09-11 19:27:00;2015-09-11 02:20:00;Pte. Pres. JÃ¢nio Quadros - Vila Maria, SÃ£o Paulo - SP, Brazil;-23,5273616;-46,5967346
336942;2015-09-11;19:13:00;20:16:00;2015-09-11 19:13:00;2015-09-11 20:16:00;R. Alfredo Marcondes Machado, 10 - Freguesia do Ã“, SÃ£o Paulo - SP, 02757-080, Brazil;-23,4861224;-46,6861869
336943;2015-09-11;20:13:00;21:34:00;2015-09-11 20:13:00;2015-09-11 21:34:00;Av. Gen. Ataliba Leonel, 656 - Santana, SÃ£o Paulo - SP, Brazil;-23,5045182;-46,6209537
336944;2015-09-11;19:37:00;02:20:00;2015-09-11 19:37:00;2015-09-11 02:20:00;Pte. Estaiada Gov. Orestes QuÃ©rcia - Via Prof. SimÃ£o Faiguenboim - Bom Retiro, SÃ£o Paulo - SP, 01142-300, Brazil;-23,5180441;-46,6383614
336945;2015-09-11;07:24:00;15:50:00;2015-09-11 07:24:00;2015-09-11 15:50:00;Av. DiÃ³genes Ribeiro de Lima, 1376 - Alto de Pinheiros, SÃ£o Paulo - SP, Brazil;-23,5462912;-46,7131763999999
336946;2015-09-11;06:49:00;15:24:00;2015-09-11 06:49:00;2015-09-11 15:24:00;Av. Cruzeiro do Sul, 400 - CanindÃ©, SÃ£o Paulo - SP, Brazil;-23,5286935;-46,6243325
336947;2015-09-11;06:59:00;14:26:00;2015-09-11 06:59:00;2015-09-11 14:26:00;Av. Otto Baumgart, SÃ£o Paulo - SP, Brazil;-23,5136119;-46,6159969
336948;2015-09-11;06:39:00;13:20:00;2015-09-11 06:39:00;2015-09-11 13:20:00;Viaduto Vinte e Cinco de MarÃ§o - SÃ©, SÃ£o Paulo - SP, Brazil;-23,5487049;-46,6269001
336949;2015-09-11;09:11:00;09:38:00;2015-09-11 09:11:00;2015-09-11 09:38:00;Rua Dona Maria Paula, 201 - Bela Vista, SÃ£o Paulo - SP, 01319-001, Brazil;-23,5519963;-46,6395605
336950;2015-09-25;13:53:00;16:08:00;2015-09-25 13:53:00;2015-09-25 16:08:00;Av. Nossa Sra. do SabarÃ¡, SÃ£o Paulo - SP, Brazil;-23,67928;-46,6846507
336951;2015-09-25;20:30:00;20:30:00;2015-09-25 20:30:00;2015-09-25 20:30:00;PraÃ§a Jorge de Lima - ButantÃ£, SÃ£o Paulo - SP, Brazil;-23,5725264;-46,7046701
336952;2015-09-25;20:28:00;14:30:00;2015-09-25 20:28:00;2015-09-25 14:30:00;Pte. Bernardo Goldfarb, 529 - Pinheiros, SÃ£o Paulo - SP, 05424-160, Brazil;-23,5722958;-46,7029615
336953;2015-09-25;20:27:00;03:00:00;2015-09-25 20:27:00;2015-09-25 03:00:00;PraÃ§a Jorge de Lima - ButantÃ£, SÃ£o Paulo - SP, Brazil;-23,5725264;-46,7046701
336954;2015-09-25;20:49:00;09:04:00;2015-09-25 20:49:00;2015-09-25 09:04:00;R. Sumidouro - Pinheiros, SÃ£o Paulo - SP, Brazil;-23,5652499;-46,6992562
336955;2015-09-26;00:10:00;09:05:00;2015-09-26 00:10:00;2015-09-26 09:05:00;Rua Billings - Vila Jurubatuba, SÃ£o Bernardo do Campo - SP, Brazil;-23,7838879;-46,4607746
336956;2015-09-26;20:49:00;09:04:00;2015-09-26 20:49:00;2015-09-26 09:04:00;R. Sumidouro - Pinheiros, SÃ£o Paulo - SP, Brazil;-23,5652499;-46,6992562
336957;2015-09-26;20:28:00;14:30:00;2015-09-26 20:28:00;2015-09-26 14:30:00;Pte. Bernardo Goldfarb, 529 - Pinheiros, SÃ£o Paulo - SP, 05424-160, Brazil;-23,5722958;-46,7029615
336958;2015-09-26;09:22:00;14:30:00;2015-09-26 09:22:00;2015-09-26 14:30:00;Rua Dr. Bitencourt Rodrigues, 21 - Centro, SÃ£o Paulo - SP, 01017-010, Brazil;-23,5496615;-46,6309335
336959;2015-09-26;08:49:00;14:30:00;2015-09-26 08:49:00;2015-09-26 14:30:00;Alameda Santos, 1496 - Jardim Paulista, SÃ£o Paulo - SP, 01418-100, Brazil;-23,5631813;-46,6564434
336960;2015-09-26;14:20:00;14:37:00;2015-09-26 14:20:00;2015-09-26 14:37:00;Av. Vital Brasil, SÃ£o Paulo - SP, Brazil;-23,570208;-46,7116258
336961;2015-09-26;09:56:00;14:33:00;2015-09-26 09:56:00;2015-09-26 14:33:00;Av. Dr. Arnaldo, 165 - Pacaembu, SÃ£o Paulo - SP, Brazil;-23,555836;-46,6671843
336962;2015-09-27;19:44:00;13:12:00;2015-09-27 19:44:00;2015-09-27 13:12:00;Rua Senador Joaquim Ribeiro do Valle, 151 - Vila Leopoldina, SÃ£o Paulo - SP, 05311-010, Brazil;-23,5288147;-46,7404547999999
336963;2015-09-27;20:55:00;12:00:00;2015-09-27 20:55:00;2015-09-27 12:00:00;R. Kansas, SÃ£o Paulo - SP, Brazil;-23,6044921;-46,683813
336964;2015-09-27;22:10:00;09:40:00;2015-09-27 22:10:00;2015-09-27 09:40:00;Av. Santos Dumont, 700 - Santana, SÃ£o Paulo - SP, 02012-010, Brazil;-23,5121468;-46,6292222
336965;2015-09-28;01:27:00;02:17:00;2015-09-28 01:27:00;2015-09-28 02:17:00;Rua OlÃ­via Feder - Jardim Paulistano, SÃ£o Paulo - SP, Brazil;-23,5873826;-46,6893888
336966;2015-09-28;04:08:00;06:56:00;2015-09-28 04:08:00;2015-09-28 06:56:00;Pte. Eng. Ari Torres - Cidade Jardim, SÃ£o Paulo - SP, Brazil;-23,5945207;-46,6935321
336967;2015-09-28;02:37:00;06:32:00;2015-09-28 02:37:00;2015-09-28 06:32:00;Av. Santos Dumont, 596 - Luz, SÃ£o Paulo - SP, Brazil;-23,5235311;-46,6301585
336968;2015-09-28;02:41:00;06:09:00;2015-09-28 02:41:00;2015-09-28 06:09:00;Rua CayowaÃ¡, SÃ£o Paulo - SP, Brazil;-23,5384329;-46,6836502
336969;2015-09-28;05:51:00;11:59:00;2015-09-28 05:51:00;2015-09-28 11:59:00;R. Francisco Rodrigues Nunes, SÃ£o Paulo - SP, Brazil;-23,5074799;-46,679655
336970;2015-09-28;05:51:00;09:19:00;2015-09-28 05:51:00;2015-09-28 09:19:00;R. Miguel Mentem - Vila Guilherme, SÃ£o Paulo - SP, Brazil;-23,515663;-46,6132669
336971;2015-09-28;06:02:00;11:56:00;2015-09-28 06:02:00;2015-09-28 11:56:00;R. TapajÃ³s - Luz, SÃ£o Paulo - SP, 01107-040, Brazil;-23,5278239;-46,6266879
336972;2015-09-28;06:20:00;11:56:00;2015-09-28 06:20:00;2015-09-28 11:56:00;Av. Cruzeiro do Sul, 548 - Luz, SÃ£o Paulo - SP, Brazil;-23,5267463;-46,6241296
336973;2015-09-28;06:13:00;11:57:00;2015-09-28 06:13:00;2015-09-28 11:57:00;Av. Cruzeiro do Sul, 400 - CanindÃ©, SÃ£o Paulo - SP, Brazil;-23,5286935;-46,6243325
336974;2015-09-28;06:41:00;11:56:00;2015-09-28 06:41:00;2015-09-28 11:56:00;Av. do Estado, SÃ£o Paulo - SP, Brazil;-23,5573938;-46,6183215
336975;2015-09-28;06:41:00;06:50:00;2015-09-28 06:41:00;2015-09-28 06:50:00;R. GuaporÃ© - Luz, SÃ£o Paulo - SP, 01109-030, Brazil;-23,52334;-46,6277477
336976;2015-09-28;06:46:00;11:59:00;2015-09-28 06:46:00;2015-09-28 11:59:00;R. Maestro Gabriel Migliori, 559 - Jardim Pereira Leite, SÃ£o Paulo - SP, 02712-140, Brazil;-23,5057017;-46,6800888
336977;2015-09-28;06:50:00;11:57:00;2015-09-28 06:50:00;2015-09-28 11:57:00;Av. Ipiranga, SÃ£o Paulo - SP, Brazil;-23,5431414;-46,6412163
336978;2015-09-30;16:58:00;20:10:00;2015-09-30 16:58:00;2015-09-30 20:10:00;Av. Interlagos, SÃ£o Paulo - SP, Brazil;-23,6824462;-46,6900639
336979;2015-09-30;20:03:00;05:41:00;2015-09-30 20:03:00;2015-09-30 05:41:00;R. Alfredo Marcondes Machado, 10 - Freguesia do Ã“, SÃ£o Paulo - SP, 02757-080, Brazil;-23,4861224;-46,6861869
345928;2016-02-02;16:49:00;19:25:00;2016-02-02 16:49:00;2016-02-02 19:25:00;R. Alfredo Marcondes Machado, 10 - Freguesia do Ã“, SÃ£o Paulo - SP, 02757-080, Brazil;-23,4861224;-46,6861869
345929;2016-02-02;17:47:00;18:54:00;2016-02-02 17:47:00;2016-02-02 18:54:00;R. Guilherme Gama, 82 - Jardim Olinda, SÃ£o Paulo - SP, 04368-120, Brazil;-23,6577071;-46,6654418
345930;2016-02-02;19:36:00;21:10:00;2016-02-02 19:36:00;2016-02-02 21:10:00;R. Luigi Denza - Vila Nova Mazzei, SÃ£o Paulo - SP, 02313-130, Brazil;-23,4628372;-46,6028876
345932;2016-02-06;18:33:00;01:03:00;2016-02-06 18:33:00;2016-02-06 01:03:00;R. Guilherme Gama, 82 - Jardim Olinda, SÃ£o Paulo - SP, 04368-120, Brazil;-23,6577071;-46,6654418
345933;2016-02-06;19:10:00;20:19:00;2016-02-06 19:10:00;2016-02-06 20:19:00;Rua IrineÃ³polis, 10 - Perus, SÃ£o Paulo - SP, 05206-040, Brazil;-23,4060085;-46,7620450999999
345934;2016-02-06;19:48:00;02:54:00;2016-02-06 19:48:00;2016-02-06 02:54:00;R. Barra do GarÃ§a, 354 - ChÃ¡cara SÃ£o JoÃ£o, SÃ£o Paulo - SP, 05109-120, Brazil;-23,5038974;-46,7622355
345935;2016-02-06;20:06:00;20:08:00;2016-02-06 20:06:00;2016-02-06 20:08:00;R. Prof. Luciano Prata - Casa Verde, SÃ£o Paulo - SP, Brazil;-23,5145721;-46,6519491
345936;2016-02-06;20:26:00;23:16:00;2016-02-06 20:26:00;2016-02-06 23:16:00;R. Cel. JosÃ© Rufino Freire, SÃ£o Paulo - SP, Brazil;-23,4904909;-46,7533673999999
345937;2016-02-06;21:16:00;22:29:00;2016-02-06 21:16:00;2016-02-06 22:29:00;Av. Kenkiti Simomoto, SÃ£o Paulo - SP, Brazil;-23,551742;-46,7394087
345938;2016-02-08;18:27:00;19:04:00;2016-02-08 18:27:00;2016-02-08 19:04:00;Pte. das Bandeiras - Luz, SÃ£o Paulo - SP, Brazil;-23,5187464;-46,6300234
345939;2016-02-08;18:29:00;20:19:00;2016-02-08 18:29:00;2016-02-08 20:19:00;Av. Olavo Fontoura, 1400 - Santana, SÃ£o Paulo - SP, Brazil;-23,5153656;-46,6442203
345940;2016-02-08;18:46:00;20:30:00;2016-02-08 18:46:00;2016-02-08 20:30:00;Av. AntÃ´nio Munhoz Bonilha, SÃ£o Paulo - SP, Brazil;-23,4991474;-46,6837398
345941;2016-02-08;18:46:00;20:03:00;2016-02-08 18:46:00;2016-02-08 20:03:00;AV. PRES. CASTELO BRANCO;-24;-47
345942;2016-02-08;19:26:00;22:56:00;2016-02-08 19:26:00;2016-02-08 22:56:00;AV. PRES. CASTELO BRANCO;-24;-47
345943;2016-02-08;18:49:00;20:10:00;2016-02-08 18:49:00;2016-02-08 20:10:00;PraÃ§a Pascoal Martins - Barra Funda, SÃ£o Paulo - SP, Brazil;-23,519576;-46,6751213
345944;2016-02-08;18:50:00;20:10:00;2016-02-08 18:50:00;2016-02-08 20:10:00;PraÃ§a Pascoal Martins - Barra Funda, SÃ£o Paulo - SP, Brazil;-23,519576;-46,6751213
345945;2016-02-08;18:50:00;20:03:00;2016-02-08 18:50:00;2016-02-08 20:03:00;Av. Pres. Castelo Branco - Pte. Pequena;-23,516267;-46,6665208
345946;2016-02-08;18:54:00;19:25:00;2016-02-08 18:54:00;2016-02-08 19:25:00;Viaduto General Euclides de Figueiredo - Parque Ibirapuera, SÃ£o Paulo - SP, Brazil;-23,5842968;-46,6536584
345947;2016-02-08;18:59:00;19:00:00;2016-02-08 18:59:00;2016-02-08 19:00:00;PraÃ§a Quatorze Bis - Bela Vista, SÃ£o Paulo - SP, Brazil;-23,5554925;-46,6500948
345948;2016-02-08;19:25:00;23:00:00;2016-02-08 19:25:00;2016-02-08 23:00:00;Rua Dr. Mello Nogueira - Vila Baruel, SÃ£o Paulo - SP, 02510-040, Brazil;-23,513764;-46,6519671
345949;2016-02-08;19:32:00;19:35:00;2016-02-08 19:32:00;2016-02-08 19:35:00;Parque AnhangabaÃº, SÃ£o Paulo - SP, Brazil;-23,547982;-46,6381767
345950;2016-02-08;19:32:00;07:32:00;2016-02-08 19:32:00;2016-02-08 07:32:00;Pte. Cruzeiro do Sul - Luz, SÃ£o Paulo - SP, Brazil;-23,5195505;-46,6251524
345951;2016-02-08;19:06:00;20:26:00;2016-02-08 19:06:00;2016-02-08 20:26:00;Rua Bartholomeu do Canto, 198 - Vila Palmeiras, SÃ£o Paulo - SP, 02726-090, Brazil;-23,50221;-46,6862135
345952;2016-02-08;19:10:00;07:34:00;2016-02-08 19:10:00;2016-02-08 07:34:00;Av. do Estado, SÃ£o Paulo - SP, Brazil;-23,5573938;-46,6183215
345953;2016-02-08;19:11:00;20:44:00;2016-02-08 19:11:00;2016-02-08 20:44:00;R. Guilherme Gama, 82 - Jardim Olinda, SÃ£o Paulo - SP, 04368-120, Brazil;-23,6577071;-46,6654418
345954;2016-02-08;19:08:00;20:27:00;2016-02-08 19:08:00;2016-02-08 20:27:00;Rua Bartholomeu do Canto - Vila Palmeiras, SÃ£o Paulo - SP, Brazil;-23,502585;-46,6859991
345955;2016-02-08;23:07:00;06:34:00;2016-02-08 23:07:00;2016-02-08 06:34:00;R. PÃ´rto Calvo - Luz, SÃ£o Paulo - SP, 01109-070, Brazil;-23,5227742;-46,6280496
345956;2016-02-08;22:38:00;22:58:00;2016-02-08 22:38:00;2016-02-08 22:58:00;R. GuaporÃ© - Luz, SÃ£o Paulo - SP, 01109-030, Brazil;-23,52334;-46,6277477
345957;2016-02-08;19:52:00;18:49:00;2016-02-08 19:52:00;2016-02-08 18:49:00;R. BarÃ£o do Bananal, SÃ£o Paulo - SP, Brazil;-23,5319355;-46,6876444
345958;2016-02-08;19:48:00;19:50:00;2016-02-08 19:48:00;2016-02-08 19:50:00;Francisco Matarazzo, SÃ£o Paulo - SP, Brazil;-23,5272514;-46,6722972
345959;2016-02-08;19:17:00;20:00:00;2016-02-08 19:17:00;2016-02-08 20:00:00;Av. Queiroz Filho, SÃ£o Paulo - SP, Brazil;-23,5395715;-46,7279247
345960;2016-02-08;19:14:00;21:57:00;2016-02-08 19:14:00;2016-02-08 21:57:00;R. Cantareira, SÃ£o Paulo - SP, Brazil;-23,5372298;-46,6281626
345961;2016-02-08;19:13:00;19:42:00;2016-02-08 19:13:00;2016-02-08 19:42:00;R. VenÃ¢ncio Aires, SÃ£o Paulo - SP, Brazil;-23,5281579;-46,6821344
345962;2016-02-08;19:13:00;19:35:00;2016-02-08 19:13:00;2016-02-08 19:35:00;PraÃ§a Juca Mulato - IndianÃ³polis, SÃ£o Paulo - SP, Brazil;-23,5999754;-46,6513293
345963;2016-02-08;19:12:00;21:47:00;2016-02-08 19:12:00;2016-02-08 21:47:00;R. ClÃ©lia, SÃ£o Paulo - SP, Brazil;-23,5249657;-46,6936013
345964;2016-02-08;19:11:00;20:25:00;2016-02-08 19:11:00;2016-02-08 20:25:00;PraÃ§a Miguel Dell'Erba, SÃ£o Paulo - SP, Brazil;-23,5201007;-46,7008095
345965;2016-02-08;19:10:00;23:24:00;2016-02-08 19:10:00;2016-02-08 23:24:00;R. PÃ´rto Seguro - Luz, SÃ£o Paulo - SP, 01109-040, Brazil;-23,5227592;-46,6273632
345966;2016-02-08;19:06:00;20:26:00;2016-02-08 19:06:00;2016-02-08 20:26:00;Av. Nicolas Boer, SÃ£o Paulo - SP, Brazil;-23,5177621;-46,6794532
345967;2016-02-08;18:53:00;22:32:00;2016-02-08 18:53:00;2016-02-08 22:32:00;R. Guilherme Gama, 82 - Jardim Olinda, SÃ£o Paulo - SP, 04368-120, Brazil;-23,6577071;-46,6654418
345968;2016-02-08;19:04:00;23:24:00;2016-02-08 19:04:00;2016-02-08 23:24:00;R. AntÃ´nio Moura Andrade - Itaquera, SÃ£o Paulo - SP, Brazil;-23,5305344;-46,4443072
345969;2016-02-08;18:47:00;23:30:00;2016-02-08 18:47:00;2016-02-08 23:30:00;R. Bacaina - Penha, SÃ£o Paulo - SP, Brazil;-23,5146101;-46,5220049
345970;2016-02-08;18:26:00;22:56:00;2016-02-08 18:26:00;2016-02-08 22:56:00;R. Guilherme Gama, 82 - Jardim Olinda, SÃ£o Paulo - SP, 04368-120, Brazil;-23,6577071;-46,6654418
345971;2016-02-08;15:50:00;16:49:00;2016-02-08 15:50:00;2016-02-08 16:49:00;R. VoluntÃ¡rios da PÃ¡tria, SÃ£o Paulo - SP, Brazil;-23,4982354;-46,6257247
345972;2016-02-10;17:31:00;19:05:00;2016-02-10 17:31:00;2016-02-10 19:05:00;R. SÃ£o Paulo - Liberdade, SÃ£o Paulo - SP, Brazil;-23,5568322;-46,629797
345973;2016-02-10;17:50:00;19:00:00;2016-02-10 17:50:00;2016-02-10 19:00:00;R. DonÃ¡ Genoveva - ChÃ¡cara CalifÃ³rnia, SÃ£o Paulo - SP, 03405-070, Brazil;-23,5366942;-46,5493827
345974;2016-02-10;17:40:00;19:00:00;2016-02-10 17:40:00;2016-02-10 19:00:00;R. Miguel Arraes - Conceicao, Osasco - SP, 06145-145, Brazil;-23,576931;-46,8039499
345975;2016-02-10;17:14:00;18:34:00;2016-02-10 17:14:00;2016-02-10 18:34:00;R. Catumbi, SÃ£o Paulo - SP, Brazil;-23,5328711;-46,6012443
345976;2016-02-10;17:21:00;18:34:00;2016-02-10 17:21:00;2016-02-10 18:34:00;Av. Ãlvaro Ramos, SÃ£o Paulo - SP, Brazil;-23,5475528;-46,5829972
345977;2016-02-10;17:27:00;18:55:00;2016-02-10 17:27:00;2016-02-10 18:55:00;R. Saldanha Marinho - Belenzinho, SÃ£o Paulo - SP, Brazil;-23,5391526;-46,5986304
345978;2016-02-10;17:33:00;18:34:00;2016-02-10 17:33:00;2016-02-10 18:34:00;R. Santa VirgÃ­nia, SÃ£o Paulo - SP, Brazil;-23,5323522;-46,5702171999999
345979;2016-02-10;17:52:00;18:03:00;2016-02-10 17:52:00;2016-02-10 18:03:00;Av. Prestes Maia, 546 - Centro, SÃ£o Paulo - SP, 01031-000, Brazil;-23,5395195;-46,6336439
345980;2016-02-15;15:14:00;15:35:00;2016-02-15 15:14:00;2016-02-15 15:35:00;Rua Engenheiro Dagoberto Salles Filho, SÃ£o Paulo - SP, Brazil;-23,6634056;-46,6772123
345981;2016-02-15;15:26:00;16:23:00;2016-02-15 15:26:00;2016-02-15 16:23:00;Av. JosÃ© Maria Whitaker, SÃ£o Paulo - SP, Brazil;-23,6113259;-46,645078
345982;2016-02-15;15:10:00;16:46:00;2016-02-15 15:10:00;2016-02-15 16:46:00;PraÃ§a Leonor Kaupa - Bosque da SaÃºde, SÃ£o Paulo - SP, Brazil;-23,6199846;-46,6274516
345983;2016-02-15;15:05:00;16:46:00;2016-02-15 15:05:00;2016-02-15 16:46:00;R. OlÃ­mpio de Oliveira Chalegre - Vila da Paz, SÃ£o Paulo - SP, 04777-040, Brazil;-23,6927908;-46,6963969
345984;2016-02-15;15:22:00;16:12:00;2016-02-15 15:22:00;2016-02-15 16:12:00;R. Francisco TapajÃ³s, SÃ£o Paulo - SP, Brazil;-23,6261209;-46,6249828
345985;2016-02-15;15:30:00;16:24:00;2016-02-15 15:30:00;2016-02-15 16:24:00;Av. AlcÃ¢ntara Machado, SÃ£o Paulo - SP, Brazil;-23,5476643;-46,602319
345986;2016-02-15;16:00:00;17:59:00;2016-02-15 16:00:00;2016-02-15 17:59:00;Alameda dos Jurupis;-23,6088077;-46,664139
345987;2016-02-15;16:37:00;18:25:00;2016-02-15 16:37:00;2016-02-15 18:25:00;PraÃ§a Josei Toda - Parque dos Principes, SÃ£o Paulo - SP, Brazil;-23,5687768;-46,7694455
345988;2016-02-15;16:30:00;17:10:00;2016-02-15 16:30:00;2016-02-15 17:10:00;Av. do Estado, SÃ£o Paulo - SP, Brazil;-23,5573938;-46,6183215
345989;2016-02-15;16:37:00;18:25:00;2016-02-15 16:37:00;2016-02-15 18:25:00;PraÃ§a Josei Toda - Parque dos Principes, SÃ£o Paulo - SP, Brazil;-23,5687768;-46,7694455
345990;2016-02-15;16:15:00;18:30:00;2016-02-15 16:15:00;2016-02-15 18:30:00;Av. Itaquera - Parque Maria Luiza, SÃ£o Paulo - SP, Brazil;-23,5537567;-46,4898454
345991;2016-02-15;15:59:00;18:19:00;2016-02-15 15:59:00;2016-02-15 18:19:00;R. Coriolano, 864 - 25 - Vila Romana, SÃ£o Paulo - SP, 05047-000, Brazil;-23,525862;-46,693898
345992;2016-02-15;15:55:00;16:34:00;2016-02-15 15:55:00;2016-02-15 16:34:00;Rua HipÃ³dromo, SÃ£o Paulo - SP, Brazil;-23,5473929;-46,6072566
345993;2016-02-15;15:51:00;18:31:00;2016-02-15 15:51:00;2016-02-15 18:31:00;Rua Padre Viegas de Menezes, SÃ£o Paulo - SP, Brazil;-23,5368468;-46,4567674
345994;2016-02-15;15:48:00;17:14:00;2016-02-15 15:48:00;2016-02-15 17:14:00;Av. Campanella, SÃ£o Paulo - SP, Brazil;-23,5352775;-46,4642413
345995;2016-02-15;15:43:00;18:04:00;2016-02-15 15:43:00;2016-02-15 18:04:00;Rua das Juntas ProvisÃ³rias, SÃ£o Paulo - SP, Brazil;-23,5952098;-46,5975925
345996;2016-02-15;15:39:00;16:40:00;2016-02-15 15:39:00;2016-02-15 16:40:00;Pte. EusÃ©bio Matoso - Pinheiros, SÃ£o Paulo - SP, Brazil;-23,5723105;-46,7010642
345997;2016-02-15;15:38:00;16:12:00;2016-02-15 15:38:00;2016-02-15 16:12:00;Viaduto SaioÃ¡, SÃ£o Paulo - SP, 04124-190, Brazil;-23,5953952;-46,6211632
345998;2016-02-15;15:32:00;16:24:00;2016-02-15 15:32:00;2016-02-15 16:24:00;Viaduto General Euclides de Figueiredo - Parque Ibirapuera, SÃ£o Paulo - SP, Brazil;-23,5842968;-46,6536584
345999;2016-02-15;15:30:00;18:36:00;2016-02-15 15:30:00;2016-02-15 18:36:00;R. Elias AntÃ´nio Zogbi - Santo Amaro, SÃ£o Paulo - SP, Brazil;-23,6613528;-46,7069758
346000;2016-02-15;15:27:00;16:12:00;2016-02-15 15:27:00;2016-02-15 16:12:00;Av. Santo Amaro, SÃ£o Paulo - SP, Brazil;-23,617729;-46,6818226
346001;2016-02-15;15:18:00;18:02:00;2016-02-15 15:18:00;2016-02-15 18:02:00;VD WASHINGTON LUIS;-23,6435162;-46,672499
346002;2016-02-15;15:21:00;16:50:00;2016-02-15 15:21:00;2016-02-15 16:50:00;PraÃ§a Jorge de Lima - ButantÃ£, SÃ£o Paulo - SP, Brazil;-23,5725264;-46,7046701
346003;2016-02-15;15:23:00;16:12:00;2016-02-15 15:23:00;2016-02-15 16:12:00;Altura do n. 347 - R. Queluzita, S/N - SÃ£o Paulo, MG, 31910-000, Brazil;-23,619;-46,6275
346004;2016-02-15;15:25:00;16:17:00;2016-02-15 15:25:00;2016-02-15 16:17:00;TN MAX FEFFER;-23,581713;-46,6848
346005;2016-02-15;15:26:00;02:19:00;2016-02-15 15:26:00;2016-02-15 02:19:00;Av. Sen. TeotÃ´nio Vilela, SÃ£o Paulo - SP, Brazil;-23,7411976;-46,7058186
346006;2016-02-15;15:29:00;18:02:00;2016-02-15 15:29:00;2016-02-15 18:02:00;9 de Julho, SÃ£o Paulo - SP, Brazil;-23,5666493;-46,6587609
346007;2016-02-15;15:30:00;17:21:00;2016-02-15 15:30:00;2016-02-15 17:21:00;TN MAX FEFFER;-23,581713;-46,6848
346008;2016-02-15;15:37:00;16:51:00;2016-02-15 15:37:00;2016-02-15 16:51:00;Pte. EusÃ©bio Matoso - Pinheiros, SÃ£o Paulo - SP, Brazil;-23,5723105;-46,7010642
346009;2016-02-15;15:37:00;18:37:00;2016-02-15 15:37:00;2016-02-15 18:37:00;R. Alfredo Marcondes Machado, 10 - Freguesia do Ã“, SÃ£o Paulo - SP, 02757-080, Brazil;-23,4861224;-46,6861869
346010;2016-02-15;15:39:00;02:19:00;2016-02-15 15:39:00;2016-02-15 02:19:00;Av. Prestes Maia - Centro, SÃ£o Paulo - SP, Brazil;-23,5399819;-46,6341076
346011;2016-02-15;15:41:00;16:33:00;2016-02-15 15:41:00;2016-02-15 16:33:00;R. Silva Jardim, SÃ£o Paulo - SP, Brazil;-23,5431727;-46,5930958999999
346012;2016-02-15;15:43:00;17:40:00;2016-02-15 15:43:00;2016-02-15 17:40:00;Ponte do Morumbi - Pte. do Morumbi - Jardim das Acacias, SÃ£o Paulo - SP, 05650-000, Brazil;-23,6181633;-46,7009973
346013;2016-02-15;15:45:00;16:33:00;2016-02-15 15:45:00;2016-02-15 16:33:00;Viaduto Guadalajara - Belenzinho, SÃ£o Paulo - SP, Brazil;-23,5438761;-46,5935729
346014;2016-02-15;15:47:00;16:54:00;2016-02-15 15:47:00;2016-02-15 16:54:00;R. Guilherme Gama, 82 - Jardim Olinda, SÃ£o Paulo - SP, 04368-120, Brazil;-23,6577071;-46,6654418
346015;2016-02-15;15:53:00;16:44:00;2016-02-15 15:53:00;2016-02-15 16:44:00;Viaduto Dr. EusÃ©bio Stevaux - Centro, SÃ£o Paulo - SP, Brazil;-23,5488244;-46,6389961
346016;2016-02-15;15:57:00;18:20:00;2016-02-15 15:57:00;2016-02-15 18:20:00;Av. Jandira, SÃ£o Paulo - SP, Brazil;-23,6104955;-46,6581106999999
346017;2016-02-15;16:02:00;19:53:00;2016-02-15 16:02:00;2016-02-15 19:53:00;Pte. Eng. Ari Torres - Cidade Jardim, SÃ£o Paulo - SP, Brazil;-23,5945207;-46,6935321
346018;2016-02-15;16:12:00;18:46:00;2016-02-15 16:12:00;2016-02-15 18:46:00;R. Alfredo Marcondes Machado, 10 - Freguesia do Ã“, SÃ£o Paulo - SP, 02757-080, Brazil;-23,4861224;-46,6861869
346019;2016-02-15;16:17:00;18:19:00;2016-02-15 16:17:00;2016-02-15 18:19:00;Av. Cidade Jardim, SÃ£o Paulo - SP, Brazil;-23,5830472;-46,6863545
346020;2016-02-15;16:24:00;21:50:00;2016-02-15 16:24:00;2016-02-15 21:50:00;Pte. JoÃ£o Dias - Santo Amaro, SÃ£o Paulo - SP, Brazil;-23,6445299;-46,7261749
346021;2016-02-15;16:33:00;18:05:00;2016-02-15 16:33:00;2016-02-15 18:05:00;R. DianÃ³polis, SÃ£o Paulo - SP, Brazil;-23,5777929;-46,5930144
346022;2016-02-15;16:44:00;17:43:00;2016-02-15 16:44:00;2016-02-15 17:43:00;Av. JoÃ£o Dias, SÃ£o Paulo - SP, Brazil;-23,6448055;-46,7188525
346023;2016-02-15;17:51:00;19:56:00;2016-02-15 17:51:00;2016-02-15 19:56:00;Av. Duque de Caxias, SÃ£o Paulo - SP, Brazil;-23,5378316;-46,6442562
346024;2016-02-15;17:55:00;19:50:00;2016-02-15 17:55:00;2016-02-15 19:50:00;R. VitÃ³ria, SÃ£o Paulo - SP, Brazil;-23,5389547;-46,6407438
346025;2016-02-15;18:30:00;19:24:00;2016-02-15 18:30:00;2016-02-15 19:24:00;Pte. Eng. Ari Torres - Cidade Jardim, SÃ£o Paulo - SP, Brazil;-23,5945207;-46,6935321
346026;2016-02-17;17:10:00;18:00:00;2016-02-17 17:10:00;2016-02-17 18:00:00;PraÃ§a Leonor Kaupa - Bosque da SaÃºde, SÃ£o Paulo - SP, Brazil;-23,6199846;-46,6274516
346027;2016-02-17;17:10:00;17:22:00;2016-02-17 17:10:00;2016-02-17 17:22:00;av Sgt. Geraldo Sant Ana 766, SP, Brazil;-23,6652;-46,6782307999999
346028;2016-02-17;17:01:00;17:41:00;2016-02-17 17:01:00;2016-02-17 17:41:00;Rua Engenheiro Dagoberto Salles Filho, SÃ£o Paulo - SP, Brazil;-23,6634056;-46,6772123
346029;2016-02-17;16:53:00;17:48:00;2016-02-17 16:53:00;2016-02-17 17:48:00;Av. Washington LuÃ­s, SÃ£o Paulo - SP, Brazil;-23,6402443;-46,6738198
346030;2016-02-17;16:54:00;18:20:00;2016-02-17 16:54:00;2016-02-17 18:20:00;R. Guilherme Gama, 82 - Jardim Olinda, SÃ£o Paulo - SP, 04368-120, Brazil;-23,6577071;-46,6654418
346031;2016-02-17;17:53:00;18:12:00;2016-02-17 17:53:00;2016-02-17 18:12:00;Rua Campanella AntÃ´nio - Parque Boturussu, SÃ£o Paulo - SP, 03804-115, Brazil;-23,4987928;-46,4809802
346032;2016-02-17;19:16:00;19:23:00;2016-02-17 19:16:00;2016-02-17 19:23:00;Av. Guarapiranga, SÃ£o Paulo - SP, Brazil;-23,6747583;-46,7344204
346033;2016-02-17;19:12:00;19:37:00;2016-02-17 19:12:00;2016-02-17 19:37:00;R. Alfredo Marcondes Machado, 10 - Freguesia do Ã“, SÃ£o Paulo - SP, 02757-080, Brazil;-23,4861224;-46,6861869
346034;2016-02-17;17:59:00;18:38:00;2016-02-17 17:59:00;2016-02-17 18:38:00;R. Belmiro Valverde - Vila Minerva, SÃ£o Paulo - SP, Brazil;-23,5422354;-46,4110053
346035;2016-02-17;17:34:00;17:57:00;2016-02-17 17:34:00;2016-02-17 17:57:00;R. Manilha, SÃ£o Paulo - SP, Brazil;-23,5500602;-46,5271754
346036;2016-02-17;17:30:00;18:32:00;2016-02-17 17:30:00;2016-02-17 18:32:00;R. Elias AntÃ´nio Zogbi - Santo Amaro, SÃ£o Paulo - SP, Brazil;-23,6613528;-46,7069758
346037;2016-02-17;17:29:00;19:06:00;2016-02-17 17:29:00;2016-02-17 19:06:00;R. Alfredo Marcondes Machado, 10 - Freguesia do Ã“, SÃ£o Paulo - SP, 02757-080, Brazil;-23,4861224;-46,6861869
346038;2016-02-17;17:28:00;18:11:00;2016-02-17 17:28:00;2016-02-17 18:11:00;Av. Interlagos, SÃ£o Paulo - SP, Brazil;-23,6824462;-46,6900639
346039;2016-02-17;17:03:00;17:10:00;2016-02-17 17:03:00;2016-02-17 17:10:00;Av. Grande SÃ£o Paulo, SÃ£o Paulo - SP, 04843-040, Brazil;-23,7380718;-46,6964243
346040;2016-02-18;16:48:00;16:56:00;2016-02-18 16:48:00;2016-02-18 16:56:00;PraÃ§a Luiz Carlos Mesquita - VÃ¡rzea da Barra Funda, SÃ£o Paulo - SP, Brazil;-23,5215486;-46,6680949
346041;2016-02-18;17:44:00;19:15:00;2016-02-18 17:44:00;2016-02-18 19:15:00;R. Alfredo Marcondes Machado, 10 - Freguesia do Ã“, SÃ£o Paulo - SP, 02757-080, Brazil;-23,4861224;-46,6861869
346042;2016-02-18;17:11:00;17:41:00;2016-02-18 17:11:00;2016-02-18 17:41:00;Rua CayowaÃ¡, SÃ£o Paulo - SP, Brazil;-23,5384329;-46,6836502
346043;2016-02-18;16:19:00;16:43:00;2016-02-18 16:19:00;2016-02-18 16:43:00;Viaduto General Euclides de Figueiredo - Parque Ibirapuera, SÃ£o Paulo - SP, Brazil;-23,5842968;-46,6536584
346044;2016-02-19;15:45:00;17:10:00;2016-02-19 15:45:00;2016-02-19 17:10:00;Av. Matapi - Jardim Santa Terezinha (Zona Leste), SÃ£o Paulo - SP, 03572-130, Brazil;-23,5751206;-46,5019563
346045;2016-02-19;15:45:00;16:09:00;2016-02-19 15:45:00;2016-02-19 16:09:00;Av. dos Latinos, SÃ£o Paulo - SP, Brazil;-23,5728813;-46,4983231
346046;2016-02-19;16:20:00;17:10:00;2016-02-19 16:20:00;2016-02-19 17:10:00;av Sgt. Geraldo Sant Ana 766, SP, Brazil;-23,6652;-46,6782307999999
346047;2016-02-19;16:25:00;17:10:00;2016-02-19 16:25:00;2016-02-19 17:10:00;PraÃ§a Leonor Kaupa - Bosque da SaÃºde, SÃ£o Paulo - SP, Brazil;-23,6199846;-46,6274516
346048;2016-02-19;16:10:00;17:43:00;2016-02-19 16:10:00;2016-02-19 17:43:00;Rua Engenheiro Dagoberto Salles Filho, SÃ£o Paulo - SP, Brazil;-23,6634056;-46,6772123
346049;2016-02-19;16:45:00;17:20:00;2016-02-19 16:45:00;2016-02-19 17:20:00;R. Joaquim Nunes Teixeira - Vila Plana, SÃ£o Paulo - SP, 05731-370, Brazil;-23,6401152;-46,7404938
346050;2016-02-19;16:21:00;18:24:00;2016-02-19 16:21:00;2016-02-19 18:24:00;Av. das NaÃ§Ãµes Unidas, SÃ£o Paulo - SP, Brazil;-23,6077223;-46,6975576
346051;2016-02-19;16:30:00;17:53:00;2016-02-19 16:30:00;2016-02-19 17:53:00;R. Cristalino Rolim de Freitas, SÃ£o Paulo - SP, Brazil;-23,6652608;-46,7064546999999
346052;2016-02-19;16:32:00;17:18:00;2016-02-19 16:32:00;2016-02-19 17:18:00;Viaduto General Euclides de Figueiredo - Parque Ibirapuera, SÃ£o Paulo - SP, Brazil;-23,5842968;-46,6536584
346053;2016-02-19;16:33:00;19:32:00;2016-02-19 16:33:00;2016-02-19 19:32:00;R. Acari - VÃ¡rzea de Baixo, SÃ£o Paulo - SP, Brazil;-23,6409228;-46,7224546
346054;2016-02-19;16:34:00;18:35:00;2016-02-19 16:34:00;2016-02-19 18:35:00;R. Alfredo Marcondes Machado, 10 - Freguesia do Ã“, SÃ£o Paulo - SP, 02757-080, Brazil;-23,4861224;-46,6861869
346055;2016-02-19;16:39:00;17:10:00;2016-02-19 16:39:00;2016-02-19 17:10:00;Av. 11 de Junho, SÃ£o Paulo - SP, Brazil;-23,6014547;-46,6443823
346056;2016-02-19;16:45:00;17:36:00;2016-02-19 16:45:00;2016-02-19 17:36:00;Av. Guarapiranga, 752 - Vila Socorro, SÃ£o Paulo - SP, 04762-001, Brazil;-23,6650333;-46,7215904
346057;2016-02-19;17:02:00;17:59:00;2016-02-19 17:02:00;2016-02-19 17:59:00;R. Francisco Xavier Rocha - Socorro, SÃ£o Paulo - SP, Brazil;-23,6697351;-46,7314124
346058;2016-02-19;17:03:00;17:34:00;2016-02-19 17:03:00;2016-02-19 17:34:00;Av. Eng. EusÃ©bio Stevaux, SÃ£o Paulo - SP, Brazil;-23,6749252;-46,6970632
346059;2016-02-19;17:06:00;17:34:00;2016-02-19 17:06:00;2016-02-19 17:34:00;R. Elias AntÃ´nio Zogbi - Santo Amaro, SÃ£o Paulo - SP, Brazil;-23,6613528;-46,7069758
346060;2016-02-19;17:07:00;17:39:00;2016-02-19 17:07:00;2016-02-19 17:39:00;R. Jaceru, SÃ£o Paulo - SP, Brazil;-23,6223737;-46,6940864
346061;2016-02-19;17:08:00;17:38:00;2016-02-19 17:08:00;2016-02-19 17:38:00;Rua Alfredo CortÃªs, 32 - Jardim MaringÃ¡, SÃ£o Paulo - SP, 04814-070, Brazil;-23,7212278;-46,6810487
346062;2016-02-19;17:15:00;18:20:00;2016-02-19 17:15:00;2016-02-19 18:20:00;AV. PROF. FRANCISCO MORATO;-23,5911152;-46,7306904
346063;2016-02-19;16:27:00;18:23:00;2016-02-19 16:27:00;2016-02-19 18:23:00;Av. Octalles Marcondes Ferreira - Jurubatuba, SÃ£o Paulo - SP, Brazil;-23,6759042;-46,6995602
346064;2016-02-19;17:38:00;18:22:00;2016-02-19 17:38:00;2016-02-19 18:22:00;Estr. do Campo Limpo, SÃ£o Paulo - SP, Brazil;-23,6280693;-46,7674453
346065;2016-02-19;18:29:00;18:50:00;2016-02-19 18:29:00;2016-02-19 18:50:00;Av. JoÃ£o Dias, SÃ£o Paulo - SP, Brazil;-23,6448055;-46,7188525
346066;2016-02-19;21:02:00;21:05:00;2016-02-19 21:02:00;2016-02-19 21:05:00;R. Guilherme Gama, 82 - Jardim Olinda, SÃ£o Paulo - SP, 04368-120, Brazil;-23,6577071;-46,6654418
346067;2016-02-19;17:17:00;17:35:00;2016-02-19 17:17:00;2016-02-19 17:35:00;R. Cristalino Rolim de Freitas, SÃ£o Paulo - SP, Brazil;-23,6652608;-46,7064546999999
346068;2016-02-19;18:17:00;18:21:00;2016-02-19 18:17:00;2016-02-19 18:21:00;R. Alfredo Marcondes Machado, 10 - Freguesia do Ã“, SÃ£o Paulo - SP, 02757-080, Brazil;-23,4861224;-46,6861869
346069;2016-02-19;18:12:00;18:15:00;2016-02-19 18:12:00;2016-02-19 18:15:00;Av. Berta Waitman - Interlagos, SÃ£o Paulo - SP, Brazil;-23,7055782;-46,7123588
346070;2016-02-19;18:06:00;22:49:00;2016-02-19 18:06:00;2016-02-19 22:49:00;R. Guilherme Gama, 82 - Jardim Olinda, SÃ£o Paulo - SP, 04368-120, Brazil;-23,6577071;-46,6654418
346071;2016-02-19;17:55:00;18:34:00;2016-02-19 17:55:00;2016-02-19 18:34:00;R. Bruges - Santo Amaro, SÃ£o Paulo - SP, 04745-070, Brazil;-23,6630884;-46,7080942
346072;2016-02-19;16:30:00;17:52:00;2016-02-19 16:30:00;2016-02-19 17:52:00;R. Gen. Chagas Santos, SÃ£o Paulo - SP, Brazil;-23,617054;-46,6300291
346073;2016-02-19;17:19:00;17:27:00;2016-02-19 17:19:00;2016-02-19 17:27:00;R. Guilherme Gama, 82 - Jardim Olinda, SÃ£o Paulo - SP, 04368-120, Brazil;-23,6577071;-46,6654418
346074;2016-02-19;17:01:00;17:39:00;2016-02-19 17:01:00;2016-02-19 17:39:00;R. Alfredo Marcondes Machado, 10 - Freguesia do Ã“, SÃ£o Paulo - SP, 02757-080, Brazil;-23,4861224;-46,6861869
346075;2016-02-19;16:03:00;16:11:00;2016-02-19 16:03:00;2016-02-19 16:11:00;Av. Alcindo Ferreira, SÃ£o Paulo - SP, Brazil;-23,7155395;-46,7120849999999
346076;2016-02-19;15:48:00;16:49:00;2016-02-19 15:48:00;2016-02-19 16:49:00;R. Otelo Augusto Ribeiro, SÃ£o Paulo - SP, Brazil;-23,5502953;-46,4072184
346077;2016-02-20;21:00:00;03:15:00;2016-02-20 21:00:00;2016-02-20 03:15:00;R. Guilherme Gama, 82 - Jardim Olinda, SÃ£o Paulo - SP, 04368-120, Brazil;-23,6577071;-46,6654418
346078;2016-02-20;19:45:00;20:15:00;2016-02-20 19:45:00;2016-02-20 20:15:00;Rua Professor IndalÃ©cio de Melo - Vila Suzana, SÃ£o Paulo - SP, Brazil;-23,6120702;-46,7523524
346079;2016-02-20;19:18:00;20:00:00;2016-02-20 19:18:00;2016-02-20 20:00:00;PraÃ§a RenÃª Barreto - Lapa, SÃ£o Paulo - SP, Brazil;-23,5179863;-46,7071281
346080;2016-02-20;18:52:00;19:07:00;2016-02-20 18:52:00;2016-02-20 19:07:00;PraÃ§a Delegado Amoroso Neto - Jardim das Laranjeiras, SÃ£o Paulo - SP, Brazil;-23,5086892;-46,6657198
346081;2016-02-21;01:31:00;04:37:00;2016-02-21 01:31:00;2016-02-21 04:37:00;R. Acari - VÃ¡rzea de Baixo, SÃ£o Paulo - SP, Brazil;-23,6409228;-46,7224546
346082;2016-02-21;20:11:00;20:58:00;2016-02-21 20:11:00;2016-02-21 20:58:00;Viaduto SaioÃ¡, SÃ£o Paulo - SP, 04124-190, Brazil;-23,5953952;-46,6211632
346083;2016-02-21;20:13:00;21:21:00;2016-02-21 20:13:00;2016-02-21 21:21:00;R. Guilherme Gama, 82 - Jardim Olinda, SÃ£o Paulo - SP, 04368-120, Brazil;-23,6577071;-46,6654418
346084;2016-02-21;20:38:00;21:58:00;2016-02-21 20:38:00;2016-02-21 21:58:00;R. Domingos Afonso, SÃ£o Paulo - SP, Brazil;-23,5785217;-46,5628082
346085;2016-02-21;20:46:00;22:10:00;2016-02-21 20:46:00;2016-02-21 22:10:00;Av. Campanella, SÃ£o Paulo - SP, Brazil;-23,5352775;-46,4642413
346086;2016-02-21;20:52:00;22:10:00;2016-02-21 20:52:00;2016-02-21 22:10:00;Av. Itaquera - Parque Maria Luiza, SÃ£o Paulo - SP, Brazil;-23,5537567;-46,4898454
346087;2016-02-21;21:01:00;21:52:00;2016-02-21 21:01:00;2016-02-21 21:52:00;R. Manilha, SÃ£o Paulo - SP, Brazil;-23,5500602;-46,5271754
346088;2016-02-21;01:31:00;03:33:00;2016-02-21 01:31:00;2016-02-21 03:33:00;R. Justo Azambuja - Cambuci, SÃ£o Paulo - SP, Brazil;-23,5606139;-46,6235552
346089;2016-02-21;21:00:00;03:15:00;2016-02-21 21:00:00;2016-02-21 03:15:00;Pte. JoÃ£o Dias - Santo Amaro, SÃ£o Paulo - SP, Brazil;-23,6445299;-46,7261749
346090;2016-02-21;02:44:00;02:45:00;2016-02-21 02:44:00;2016-02-21 02:45:00;R. Paulo Barbosa - Ipiranga, SÃ£o Paulo - SP, 04201-080, Brazil;-23,5723926;-46,6055094
346091;2016-02-21;02:48:00;02:49:00;2016-02-21 02:48:00;2016-02-21 02:49:00;R. Alm. Lobo, SÃ£o Paulo - SP, Brazil;-23,5902334;-46,6014231
346092;2016-02-21;05:09:00;16:40:00;2016-02-21 05:09:00;2016-02-21 16:40:00;Av. Guarapiranga, SÃ£o Paulo - SP, Brazil;-23,6747583;-46,7344204
346093;2016-02-21;07:42:00;08:26:00;2016-02-21 07:42:00;2016-02-21 08:26:00;R. Guilherme Gama, 82 - Jardim Olinda, SÃ£o Paulo - SP, 04368-120, Brazil;-23,6577071;-46,6654418
346094;2016-02-21;08:45:00;17:51:00;2016-02-21 08:45:00;2016-02-21 17:51:00;Pte. Estaiada Gov. Orestes QuÃ©rcia - Via Prof. SimÃ£o Faiguenboim - Bom Retiro, SÃ£o Paulo - SP, 01142-300, Brazil;-23,5180441;-46,6383614
346095;2016-02-21;19:50:00;21:48:00;2016-02-21 19:50:00;2016-02-21 21:48:00;Rua Henrique Schaumann, SÃ£o Paulo - SP, Brazil;-23,5596756;-46,6810489
346096;2016-02-21;20:25:00;22:01:00;2016-02-21 20:25:00;2016-02-21 22:01:00;Rua Vergueiro, SÃ£o Paulo - SP, Brazil;-23,5927308;-46,6209330999999
346097;2016-02-21;20:25:00;22:01:00;2016-02-21 20:25:00;2016-02-21 22:01:00;Av. Ãguia de Haia, SÃ£o Paulo - SP, Brazil;-23,5225168;-46,4753974
346098;2016-02-21;20:59:00;21:45:00;2016-02-21 20:59:00;2016-02-21 21:45:00;Viaduto Washington Luís;-23,6435162;-46,672499
346099;2016-02-21;21:09:00;21:24:00;2016-02-21 21:09:00;2016-02-21 21:24:00;Rua Jaime de Oliveira e Souza - Jurubatuba, SÃ£o Paulo - SP, Brazil;-23,6809505;-46,6932288
346100;2016-02-21;21:24:00;22:22:00;2016-02-21 21:24:00;2016-02-21 22:22:00;R. Cancioneiro Popular, SÃ£o Paulo - SP, Brazil;-23,6287343;-46,6937852
346101;2016-02-21;21:28:00;22:04:00;2016-02-21 21:28:00;2016-02-21 22:04:00;Rua Padre Viegas de Menezes, SÃ£o Paulo - SP, Brazil;-23,5368468;-46,4567674
346102;2016-02-21;21:45:00;22:00:00;2016-02-21 21:45:00;2016-02-21 22:00:00;R. Dr. JesuÃ­no Maciel, SÃ£o Paulo - SP, Brazil;-23,6201344;-46,6708301
346103;2016-02-22;11:18:00;13:12:00;2016-02-22 11:18:00;2016-02-22 13:12:00;R. Dr. Ãureliano Barreiros, SÃ£o Paulo - SP, Brazil;-23,5373695;-46,4517276
346104;2016-02-22;10:27:00;15:00:00;2016-02-22 10:27:00;2016-02-22 15:00:00;R. Eng. JosÃ© Cruz de Oliveira - Parque Cruzeiro do Sul, SÃ£o Paulo - SP, Brazil;-23,4923222;-46,4554993
346105;2016-02-24;16:39:00;20:19:00;2016-02-24 16:39:00;2016-02-24 20:19:00;Av. Afonso de Sampaio e Sousa, SÃ£o Paulo - SP, Brazil;-23,5742049;-46,4759958
346106;2016-02-24;16:55:00;18:30:00;2016-02-24 16:55:00;2016-02-24 18:30:00;R. Alfredo Marcondes Machado, 10 - Freguesia do Ã“, SÃ£o Paulo - SP, 02757-080, Brazil;-23,4861224;-46,6861869
346107;2016-02-24;17:21:00;18:19:00;2016-02-24 17:21:00;2016-02-24 18:19:00;R. Campinas do PiauÃ­, SÃ£o Paulo - SP, Brazil;-23,5435089;-46,4533397
346108;2016-02-24;17:19:00;20:30:00;2016-02-24 17:19:00;2016-02-24 20:30:00;Av. Campanella, SÃ£o Paulo - SP, Brazil;-23,5352775;-46,4642413
346109;2016-02-24;17:13:00;20:37:00;2016-02-24 17:13:00;2016-02-24 20:37:00;Av. Itaquera - Parque Maria Luiza, SÃ£o Paulo - SP, Brazil;-23,5537567;-46,4898454
346110;2016-02-24;17:09:00;20:19:00;2016-02-24 17:09:00;2016-02-24 20:19:00;R. TomÃ© Ãlvares de Castro, SÃ£o Paulo - SP, Brazil;-23,5575465;-46,4462013
346111;2016-02-24;17:05:00;19:09:00;2016-02-24 17:05:00;2016-02-24 19:09:00;R. Guilherme Gama, 82 - Jardim Olinda, SÃ£o Paulo - SP, 04368-120, Brazil;-23,6577071;-46,6654418
346112;2016-02-24;15:41:00;17:11:00;2016-02-24 15:41:00;2016-02-24 17:11:00;Av. Sargento Geraldo Sant'Ana, SÃ£o Paulo - SP, Brazil;-23,6634347;-46,6849559
346113;2016-02-24;16:37:00;19:06:00;2016-02-24 16:37:00;2016-02-24 19:06:00;Av. Padre Estanislau de Campos, SÃ£o Paulo - SP, Brazil;-23,5463958;-46,4811221
346114;2016-02-24;17:35:00;18:40:00;2016-02-24 17:35:00;2016-02-24 18:40:00;Rua da Reitoria, 374, 3Âº andar - ButantÃ£, SÃ£o Paulo - SP, 05508-220, Brazil;-23,559206;-46,7256189999999
346115;2016-02-24;17:43:00;20:38:00;2016-02-24 17:43:00;2016-02-24 20:38:00;R. Campo FlÃ³rido, 618 - Jardim Sao Gabriel, SÃ£o Paulo - SP, 03940-000, Brazil;-23,5888682;-46,5002713
346116;2016-02-24;17:48:00;20:19:00;2016-02-24 17:48:00;2016-02-24 20:19:00;R. Tumucumaque, SÃ£o Paulo - SP, Brazil;-23,5445201;-46,5312979
346117;2016-02-24;17:55:00;19:00:00;2016-02-24 17:55:00;2016-02-24 19:00:00;R. ParanÃ¡ - BrÃ¡s, SÃ£o Paulo - SP, 03041-010, Brazil;-23,5508699;-46,618301
346118;2016-02-24;17:12:00;17:43:00;2016-02-24 17:12:00;2016-02-24 17:43:00;R. Guilherme Gama, 82 - Jardim Olinda, SÃ£o Paulo - SP, 04368-120, Brazil;-23,6577071;-46,6654418
346119;2016-02-24;17:25:00;18:38:00;2016-02-24 17:25:00;2016-02-24 18:38:00;Av. Ãguia de Haia, SÃ£o Paulo - SP, Brazil;-23,5225168;-46,4753974
346120;2016-02-24;18:12:00;20:32:00;2016-02-24 18:12:00;2016-02-24 20:32:00;Av. SÃ£o Miguel, SÃ£o Paulo - SP, Brazil;-23,5071896;-46,4862554
346121;2016-02-24;17:53:00;20:32:00;2016-02-24 17:53:00;2016-02-24 20:32:00;Av. Laranja da China, SÃ£o Paulo - SP, Brazil;-23,5087266;-46,4599191999999
346122;2016-02-24;17:53:00;18:30:00;2016-02-24 17:53:00;2016-02-24 18:30:00;Avenida Marechal Tito, SÃ£o Paulo - SP, Brazil;-23,4948814;-46,4118605
346123;2016-02-24;17:30:00;19:00:00;2016-02-24 17:30:00;2016-02-24 19:00:00;Rua Arlindo BÃ©ttio, 1000 - Jardim Keralux, SÃ£o Paulo - SP, 03828-000, Brazil;-23,4820853;-46,5004914
346124;2016-02-24;17:35:00;18:40:00;2016-02-24 17:35:00;2016-02-24 18:40:00;Rua da Reitoria, 374, 3Âº andar - ButantÃ£, SÃ£o Paulo - SP, 05508-220, Brazil;-23,559206;-46,7256189999999
346125;2016-02-24;18:18:00;19:32:00;2016-02-24 18:18:00;2016-02-24 19:32:00;R. Dr. LuÃ­s Aires, SÃ£o Paulo - SP, Brazil;-23,539786;-46,4853595
346126;2016-02-24;18:16:00;19:01:00;2016-02-24 18:16:00;2016-02-24 19:01:00;Av. SÃ£o Miguel, SÃ£o Paulo - SP, Brazil;-23,5071896;-46,4862554
346127;2016-02-24;17:57:00;18:07:00;2016-02-24 17:57:00;2016-02-24 18:07:00;R. Maria AmÃ¡lia Lopes Azevedo, SÃ£o Paulo - SP, Brazil;-23,4580321;-46,6041485999999
346128;2016-02-24;17:45:00;18:59:00;2016-02-24 17:45:00;2016-02-24 18:59:00;Av. Itaquera - Parque Maria Luiza, SÃ£o Paulo - SP, Brazil;-23,5537567;-46,4898454
346129;2016-02-24;17:40:00;20:19:00;2016-02-24 17:40:00;2016-02-24 20:19:00;Av. Ragueb Chohfi - Jardim TrÃªs Marias, SÃ£o Paulo - SP, Brazil;-23,5947851;-46,4450748999999
346130;2016-02-24;17:33:00;20:30:00;2016-02-24 17:33:00;2016-02-24 20:30:00;Av. JosÃ© Pinheiro Borges - Cidade Antonio EstevÃ£o de Carvalho, SÃ£o Paulo - SP, Brazil;-23,5406073;-46,4741835
346131;2016-02-24;17:11:00;19:09:00;2016-02-24 17:11:00;2016-02-24 19:09:00;R. Jose Carlos Rios Jr., Ferraz de Vasconcelos - SP, Brazil;-23,5444697;-46,3872903
346132;2016-02-24;17:02:00;19:11:00;2016-02-24 17:02:00;2016-02-24 19:11:00;Av. Santa Marina, SÃ£o Paulo - SP, Brazil;-23,5137522;-46,6921726
346133;2016-02-24;16:51:00;18:56:00;2016-02-24 16:51:00;2016-02-24 18:56:00;Av. Duque de Caxias, SÃ£o Paulo - SP, Brazil;-23,5378316;-46,6442562
346134;2016-02-24;16:38:00;20:19:00;2016-02-24 16:38:00;2016-02-24 20:19:00;Av. Rio das Pedras, SÃ£o Paulo - SP, Brazil;-23,5715335;-46,5063071999999
346135;2016-02-24;16:19:00;17:10:00;2016-02-24 16:19:00;2016-02-24 17:10:00;R. Elias AntÃ´nio Zogbi - Santo Amaro, SÃ£o Paulo - SP, Brazil;-23,6613528;-46,7069758
346136;2016-02-24;15:36:00;17:11:00;2016-02-24 15:36:00;2016-02-24 17:11:00;Rua Jaime de Oliveira e Souza - Jurubatuba, SÃ£o Paulo - SP, Brazil;-23,6809505;-46,6932288
346137;2016-02-26;18:55:00;21:05:00;2016-02-26 18:55:00;2016-02-26 21:05:00;R. Guilherme Gama, 82 - Jardim Olinda, SÃ£o Paulo - SP, 04368-120, Brazil;-23,6577071;-46,6654418
346138;2016-02-26;17:35:00;21:05:00;2016-02-26 17:35:00;2016-02-26 21:05:00;R. Bento Freitas, SÃ£o Paulo - SP, Brazil;-23,5438681;-46,6455288
346139;2016-02-26;13:27:00;16:02:00;2016-02-26 13:27:00;2016-02-26 16:02:00;R. Guilherme Gama, 82 - Jardim Olinda, SÃ£o Paulo - SP, 04368-120, Brazil;-23,6577071;-46,6654418
346140;2016-02-26;03:29:00;03:33:00;2016-02-26 03:29:00;2016-02-26 03:33:00;R. Delfim Moreira, SÃ£o Paulo - SP, Brazil;-23,4840609;-46,6802299
346141;2016-02-28;19:55:00;19:55:00;2016-02-28 19:55:00;2016-02-28 19:55:00;R. Guilherme Gama, 82 - Jardim Olinda, SÃ£o Paulo - SP, 04368-120, Brazil;-23,6577071;-46,6654418
346142;2016-02-28;19:53:00;20:15:00;2016-02-28 19:53:00;2016-02-28 20:15:00;Av. ArmaÃ§Ã£o dos BÃºzios - Parque Paineiras, SÃ£o Paulo - SP, 03694-150, Brazil;-23,5388853;-46,4848636
346143;2016-02-28;19:45:00;20:02:00;2016-02-28 19:45:00;2016-02-28 20:02:00;R. Peixoto Werneck, SÃ£o Paulo - SP, Brazil;-23,5433991;-46,4875722
346144;2016-02-28;19:19:00;19:55:00;2016-02-28 19:19:00;2016-02-28 19:55:00;Parque Anhangabaú;-23,547982;-46,6381767
346145;2016-02-28;19:16:00;19:26:00;2016-02-28 19:16:00;2016-02-28 19:26:00;R. do Ouvidor - SÃ©, SÃ£o Paulo - SP, 01005-030, Brazil;-23,5488819;-46,6377083
346146;2016-02-29;16:19:00;18:23:00;2016-02-29 16:19:00;2016-02-29 18:23:00;R. Margarida GalvÃ£o - Paineiras do Morumbi, SÃ£o Paulo - SP, Brazil;-23,6048376;-46,7081324
346147;2016-02-29;09:58:00;13:36:00;2016-02-29 09:58:00;2016-02-29 13:36:00;R. Guilherme Gama, 82 - Jardim Olinda, SÃ£o Paulo - SP, 04368-120, Brazil;-23,6577071;-46,6654418
346148;2016-02-29;09:22:00;09:26:00;2016-02-29 09:22:00;2016-02-29 09:26:00;Praça Des. Mario Píres;-23,5478894;-46,6432004
346149;2016-02-29;09:12:00;09:37:00;2016-02-29 09:12:00;2016-02-29 09:37:00;Praça Des. Mario Píres;-23,5478894;-46,6432004
346150;2016-02-29;03:47:00;13:32:00;2016-02-29 03:47:00;2016-02-29 13:32:00;R. Montanhas - Vila Taquari, SÃ£o Paulo - SP, Brazil;-23,5287647;-46,4565815
346151;2016-02-29;00:18:00;01:14:00;2016-02-29 00:18:00;2016-02-29 01:14:00;Av. ArmaÃ§Ã£o dos BÃºzios - Parque Paineiras, SÃ£o Paulo - SP, 03694-150, Brazil;-23,5388853;-46,4848636
346152;2016-02-29;00:02:00;00:30:00;2016-02-29 00:02:00;2016-02-29 00:30:00;Rua Pero Correia, SÃ£o Paulo - SP, Brazil;-23,5849571;-46,6231478
346365;2016-04-02;14:50:00;15:00:00;2016-04-02 14:50:00;2016-04-02 15:00:00;R. Guilherme Gama, 82 - Jardim Olinda, SÃ£o Paulo - SP, 04368-120, Brazil;-23,6577071;-46,6654418
346366;2016-04-10;16:29:00;18:11:00;2016-04-10 16:29:00;2016-04-10 18:11:00;Av. Comendador Fiorelli Peccicacco, SÃ£o Paulo - SP, Brazil;-23,4048997;-46,7438496
346367;2016-04-10;16:43:00;18:11:00;2016-04-10 16:43:00;2016-04-10 18:11:00;R. JoÃ£o Batista Fanton - Vila Fanton, SÃ£o Paulo - SP, 05203-180, Brazil;-23,4065409;-46,7500797999999
346368;2016-05-16;17:26:00;18:40:00;2016-05-16 17:26:00;2016-05-16 18:40:00;PraÃ§a da Bandeira, SÃ£o Paulo - SP, Brazil;-23,55043;-46,6381427
346369;2016-05-18;14:05:00;17:36:00;2016-05-18 14:05:00;2016-05-18 17:36:00;Av. Emb. Macedo Soares - Vila Anastacio, SÃ£o Paulo - SP, 05307-200, Brazil;-23,513899;-46,7232935
346370;2016-05-21;00:51:00;04:24:00;2016-05-21 00:51:00;2016-05-21 04:24:00;Av. MarquÃªs de SÃ£o Vicente, SÃ£o Paulo - SP, Brazil;-23,5191501;-46,6751177
346371;2016-05-21;00:42:00;00:50:00;2016-05-21 00:42:00;2016-05-21 00:50:00;R. Frei Rolim, SÃ£o Paulo - SP, Brazil;-23,6211929;-46,6242669
346372;2016-06-01;16:32:00;20:22:00;2016-06-01 16:32:00;2016-06-01 20:22:00;R. Alfredo Marcondes Machado, 10 - Freguesia do Ã“, SÃ£o Paulo - SP, 02757-080, Brazil;-23,4861224;-46,6861869
346373;2016-06-01;16:32:00;19:28:00;2016-06-01 16:32:00;2016-06-01 19:28:00;Av. Duque de Caxias, SÃ£o Paulo - SP, Brazil;-23,5378316;-46,6442562
346374;2016-06-01;16:36:00;19:31:00;2016-06-01 16:36:00;2016-06-01 19:31:00;R. Gen. OsÃ³rio, SÃ£o Paulo - SP, Brazil;-23,5375715;-46,6417511999999
346375;2016-06-02;03:04:00;09:23:00;2016-06-02 03:04:00;2016-06-02 09:23:00;R. Alfredo Marcondes Machado, 10 - Freguesia do Ã“, SÃ£o Paulo - SP, 02757-080, Brazil;-23,4861224;-46,6861869
346376;2016-06-02;03:07:00;04:43:00;2016-06-02 03:07:00;2016-06-02 04:43:00;Ponte Engenheiro Roberto Rossi Zuccolo, SÃ£o Paulo - SP, Brazil;-23,5868205;-46,6914047
346377;2016-06-02;03:15:00;03:58:00;2016-06-02 03:15:00;2016-06-02 03:58:00;Ponte do Morumbi - Pte. do Morumbi - Jardim das Acacias, SÃ£o Paulo - SP, 05650-000, Brazil;-23,6181633;-46,7009973
346378;2016-06-02;03:17:00;09:23:00;2016-06-02 03:17:00;2016-06-02 09:23:00;Ponte do Morumbi - Pte. do Morumbi - Jardim das Acacias, SÃ£o Paulo - SP, 05650-000, Brazil;-23,6181633;-46,7009973
346379;2016-06-02;03:19:00;04:33:00;2016-06-02 03:19:00;2016-06-02 04:33:00;R. Sumidouro - Pinheiros, SÃ£o Paulo - SP, Brazil;-23,5652499;-46,6992562
346380;2016-06-02;03:21:00;04:34:00;2016-06-02 03:21:00;2016-06-02 04:34:00;Pte. da Cidade UniversitÃ¡ria - Alto de Pinheiros, SÃ£o Paulo - SP, 05463-100, Brazil;-23,5599403;-46,7120656
346381;2016-06-02;06:51:00;23:08:00;2016-06-02 06:51:00;2016-06-02 23:08:00;Alameda Gabriel Monteiro da Silva, SÃ£o Paulo - SP, Brazil;-23,5713396;-46,6810514
346382;2016-06-02;07:55:00;23:08:00;2016-06-02 07:55:00;2016-06-02 23:08:00;R. MarquÃªs de Itu, SÃ£o Paulo - SP, Brazil;-23,5437724;-46,649316
346383;2016-06-02;21:56:00;23:54:00;2016-06-02 21:56:00;2016-06-02 23:54:00;R. Catumbi, SÃ£o Paulo - SP, Brazil;-23,5328711;-46,6012443
346384;2016-06-03;01:29:00;02:01:00;2016-06-03 01:29:00;2016-06-03 02:01:00;R. Dr. Costa Valente - BrÃ¡s, SÃ£o Paulo - SP, Brazil;-23,5404206;-46,6102231
346385;2016-06-03;04:04:00;04:36:00;2016-06-03 04:04:00;2016-06-03 04:36:00;Rua Dr. Fomm - Belenzinho, SÃ£o Paulo - SP, Brazil;-23,5456733;-46,595467
346386;2016-06-03;11:27:00;22:37:00;2016-06-03 11:27:00;2016-06-03 22:37:00;Viaduto Okuhara Koei, SÃ£o Paulo - SP, Brazil;-23,5565064;-46,6652494999999
346387;2016-06-03;16:16:00;17:59:00;2016-06-03 16:16:00;2016-06-03 17:59:00;R. Bela Cintra, SÃ£o Paulo - SP, Brazil;-23,5574248;-46,6629848
346388;2016-06-03;16:28:00;16:31:00;2016-06-03 16:28:00;2016-06-03 16:31:00;Av. AlcÃ¢ntara Machado, SÃ£o Paulo - SP, Brazil;-23,5476643;-46,602319
346389;2016-06-03;19:08:00;22:29:00;2016-06-03 19:08:00;2016-06-03 22:29:00;R. Guilherme Gama, 82 - Jardim Olinda, SÃ£o Paulo - SP, 04368-120, Brazil;-23,6577071;-46,6654418
346390;2016-06-04;14:56:00;15:21:00;2016-06-04 14:56:00;2016-06-04 15:21:00;R. Alfredo Marcondes Machado, 10 - Freguesia do Ã“, SÃ£o Paulo - SP, 02757-080, Brazil;-23,4861224;-46,6861869
346391;2016-06-04;15:01:00;15:21:00;2016-06-04 15:01:00;2016-06-04 15:21:00;R. SÃ£o Francisco - SÃ©, SÃ£o Paulo - SP, Brazil;-23,5491102;-46,6379728
346392;2016-06-04;17:59:00;18:01:00;2016-06-04 17:59:00;2016-06-04 18:01:00;Av. Ãguia de Haia, SÃ£o Paulo - SP, Brazil;-23,5225168;-46,4753974
346393;2016-06-04;15:24:00;20:07:00;2016-06-04 15:24:00;2016-06-04 20:07:00;R. Alfredo Marcondes Machado, 10 - Freguesia do Ã“, SÃ£o Paulo - SP, 02757-080, Brazil;-23,4861224;-46,6861869
346394;2016-06-04;15:46:00;17:56:00;2016-06-04 15:46:00;2016-06-04 17:56:00;R. Galileu Menon, SÃ£o Paulo - SP, Brazil;-23,5380138;-46,4885707
346395;2016-06-04;16:12:00;17:54:00;2016-06-04 16:12:00;2016-06-04 17:54:00;Viaducto Jacarei;-23,55075;-46,641846
346396;2016-06-04;16:28:00;00:44:00;2016-06-04 16:28:00;2016-06-04 00:44:00;Av. Pres. Castelo Branco - Pte. Pequena;-23,5188564;-46,6441499
346397;2016-06-05;00:08:00;00:44:00;2016-06-05 00:08:00;2016-06-05 00:44:00;Pte. da Vila Guilherme - Pari, SÃ£o Paulo - SP, Brazil;-23,5236847;-46,6111961999999
346398;2016-06-05;00:14:00;04:18:00;2016-06-05 00:14:00;2016-06-05 04:18:00;Av. MarquÃªs de SÃ£o Vicente, SÃ£o Paulo - SP, Brazil;-23,5191501;-46,6751177
346399;2016-06-05;00:39:00;00:55:00;2016-06-05 00:39:00;2016-06-05 00:55:00;R. Joaquim Marra, SÃ£o Paulo - SP, Brazil;-23,5370531;-46,5199497
346400;2016-06-05;01:14:00;02:42:00;2016-06-05 01:14:00;2016-06-05 02:42:00;R. Guilherme Gama, 82 - Jardim Olinda, SÃ£o Paulo - SP, 04368-120, Brazil;-23,6577071;-46,6654418
346401;2016-06-05;05:57:00;21:04:00;2016-06-05 05:57:00;2016-06-05 21:04:00;R. Sumidouro - Pinheiros, SÃ£o Paulo - SP, Brazil;-23,5652499;-46,6992562
346402;2016-06-05;05:58:00;19:30:00;2016-06-05 05:58:00;2016-06-05 19:30:00;Av. Dr. Dante Pazzanese - Vila Mariana, SÃ£o Paulo - SP, Brazil;-23,585681;-46,6500958
346403;2016-06-05;05:58:00;19:30:00;2016-06-05 05:58:00;2016-06-05 19:30:00;R. Alfredo Marcondes Machado, 10 - Freguesia do Ã“, SÃ£o Paulo - SP, 02757-080, Brazil;-23,4861224;-46,6861869
346404;2016-06-05;06:23:00;07:34:00;2016-06-05 06:23:00;2016-06-05 07:34:00;R. Alfredo Marcondes Machado, 10 - Freguesia do Ã“, SÃ£o Paulo - SP, 02757-080, Brazil;-23,4861224;-46,6861869
346405;2016-06-05;06:23:00;07:34:00;2016-06-05 06:23:00;2016-06-05 07:34:00;Av. dos Bandeirantes, SÃ£o Paulo - SP, Brazil;-23,6123869;-46,6719383999999
346406;2016-06-05;09:27:00;16:30:00;2016-06-05 09:27:00;2016-06-05 16:30:00;Pte. da Vila Guilherme - Pari, SÃ£o Paulo - SP, Brazil;-23,5236847;-46,6111961999999
346407;2016-06-05;10:15:00;16:30:00;2016-06-05 10:15:00;2016-06-05 16:30:00;R. Guilherme Gama, 82 - Jardim Olinda, SÃ£o Paulo - SP, 04368-120, Brazil;-23,6577071;-46,6654418
346408;2016-06-05;23:50:00;09:43:00;2016-06-05 23:50:00;2016-06-05 09:43:00;Pte. Cruzeiro do Sul - Luz, SÃ£o Paulo - SP, Brazil;-23,5195505;-46,6251524
346409;2016-06-05;23:53:00;09:10:00;2016-06-05 23:53:00;2016-06-05 09:10:00;Pte. Estaiada Gov. Orestes QuÃ©rcia - Via Prof. SimÃ£o Faiguenboim - Bom Retiro, SÃ£o Paulo - SP, 01142-300, Brazil;-23,5180441;-46,6383614
346410;2016-06-06;07:01:00;10:07:00;2016-06-06 07:01:00;2016-06-06 10:07:00;R. JosÃ© Barros Magaldi, SÃ£o Paulo - SP, Brazil;-23,664128;-46,7371539
346411;2016-06-06;16:02:00;17:09:00;2016-06-06 16:02:00;2016-06-06 17:09:00;Ponte do Morumbi - Pte. do Morumbi - Jardim das Acacias, SÃ£o Paulo - SP, 05650-000, Brazil;-23,6181633;-46,7009973
346412;2016-06-06;16:10:00;20:13:00;2016-06-06 16:10:00;2016-06-06 20:13:00;R. Alfredo Marcondes Machado, 10 - Freguesia do Ã“, SÃ£o Paulo - SP, 02757-080, Brazil;-23,4861224;-46,6861869
346413;2016-06-06;16:10:00;20:13:00;2016-06-06 16:10:00;2016-06-06 20:13:00;Pte. Eng. Ari Torres - Cidade Jardim, SÃ£o Paulo - SP, Brazil;-23,5945207;-46,6935321
346414;2016-06-06;16:29:00;17:20:00;2016-06-06 16:29:00;2016-06-06 17:20:00;Av. Ãlvaro Ramos, SÃ£o Paulo - SP, Brazil;-23,5475528;-46,5829972
346415;2016-06-06;16:50:00;20:04:00;2016-06-06 16:50:00;2016-06-06 20:04:00;R. Guilherme Gama, 82 - Jardim Olinda, SÃ£o Paulo - SP, 04368-120, Brazil;-23,6577071;-46,6654418
346416;2016-06-06;16:03:00;16:50:00;2016-06-06 16:03:00;2016-06-06 16:50:00;Av. JoÃ£o Dias, SÃ£o Paulo - SP, Brazil;-23,6448055;-46,7188525
346417;2016-06-06;16:56:00;16:41:00;2016-06-06 16:56:00;2016-06-06 16:41:00;Av. Rubem Berta, SÃ£o Paulo - SP, Brazil;-23,6022907;-46,651546
346418;2016-06-06;17:03:00;21:28:00;2016-06-06 17:03:00;2016-06-06 21:28:00;R. Acari - VÃ¡rzea de Baixo, SÃ£o Paulo - SP, Brazil;-23,6409228;-46,7224546
346419;2016-06-06;17:16:00;19:57:00;2016-06-06 17:16:00;2016-06-06 19:57:00;R. EstÃ©r Fernandes Morgado - SÃ£o JoÃ£o Climaco, SÃ£o Paulo - SP, 04244-060, Brazil;-23,6324772;-46,5836812999999
346420;2016-06-06;17:42:00;20:08:00;2016-06-06 17:42:00;2016-06-06 20:08:00;9 de Julho, SÃ£o Paulo - SP, Brazil;-23,5666493;-46,6587609
346421;2016-06-06;17:42:00;20:08:00;2016-06-06 17:42:00;2016-06-06 20:08:00;R. Alfredo Marcondes Machado, 10 - Freguesia do Ã“, SÃ£o Paulo - SP, 02757-080, Brazil;-23,4861224;-46,6861869
346422;2016-06-06;17:45:00;18:16:00;2016-06-06 17:45:00;2016-06-06 18:16:00;R. SÃ£o Francisco - SÃ©, SÃ£o Paulo - SP, Brazil;-23,5491102;-46,6379728
346423;2016-06-06;17:49:00;18:28:00;2016-06-06 17:49:00;2016-06-06 18:28:00;R. Catumbi, SÃ£o Paulo - SP, Brazil;-23,5328711;-46,6012443
346424;2016-06-06;18:00:00;22:42:00;2016-06-06 18:00:00;2016-06-06 22:42:00;R. Alfredo Marcondes Machado, 10 - Freguesia do Ã“, SÃ£o Paulo - SP, 02757-080, Brazil;-23,4861224;-46,6861869
346425;2016-06-06;18:30:00;19:47:00;2016-06-06 18:30:00;2016-06-06 19:47:00;PraÃ§a Prof. Vicente Rao - Jardim Luzitania, SÃ£o Paulo - SP, Brazil;-23,5963472;-46,6617841
346426;2016-06-06;18:30:00;20:23:00;2016-06-06 18:30:00;2016-06-06 20:23:00;R. Guilherme Gama, 82 - Jardim Olinda, SÃ£o Paulo - SP, 04368-120, Brazil;-23,6577071;-46,6654418
346427;2016-06-06;19:37:00;19:38:00;2016-06-06 19:37:00;2016-06-06 19:38:00;R. da Despedida - Vila dos Remedios, SÃ£o Paulo - SP, 05102-050, Brazil;-23,5194146;-46,7483394
346428;2016-06-06;21:05:00;00:48:00;2016-06-06 21:05:00;2016-06-06 00:48:00;R. Catumbi, SÃ£o Paulo - SP, Brazil;-23,5328711;-46,6012443
346429;2016-06-06;22:07:00;01:40:00;2016-06-06 22:07:00;2016-06-06 01:40:00;R. Pedro Vicente, SÃ£o Paulo - SP, Brazil;-23,5254504;-46,6255576999999
346430;2016-06-06;23:14:00;03:11:00;2016-06-06 23:14:00;2016-06-06 03:11:00;Ponte Engenheiro Roberto Rossi Zuccolo, SÃ£o Paulo - SP, Brazil;-23,5868205;-46,6914047
346431;2016-06-06;22:07:00;01:40:00;2016-06-06 22:07:00;2016-06-06 01:40:00;Rua OlÃ­via Feder - Jardim Paulistano, SÃ£o Paulo - SP, Brazil;-23,5873826;-46,6893888
346432;2016-06-06;22:07:00;01:40:00;2016-06-06 22:07:00;2016-06-06 01:40:00;R. Pedro Vicente, SÃ£o Paulo - SP, Brazil;-23,5254504;-46,6255576999999
346433;2016-06-07;01:35:00;02:18:00;2016-06-07 01:35:00;2016-06-07 02:18:00;R. Guilherme Gama, 82 - Jardim Olinda, SÃ£o Paulo - SP, 04368-120, Brazil;-23,6577071;-46,6654418
346434;2016-06-07;03:35:00;03:37:00;2016-06-07 03:35:00;2016-06-07 03:37:00;Rua OlÃ­via Feder - Jardim Paulistano, SÃ£o Paulo - SP, Brazil;-23,5873826;-46,6893888
346435;2016-06-07;05:20:00;09:28:00;2016-06-07 05:20:00;2016-06-07 09:28:00;Ponte Engenheiro Roberto Rossi Zuccolo, SÃ£o Paulo - SP, Brazil;-23,5868205;-46,6914047
346436;2016-06-07;05:38:00;06:14:00;2016-06-07 05:38:00;2016-06-07 06:14:00;Pte. da Cidade UniversitÃ¡ria - Alto de Pinheiros, SÃ£o Paulo - SP, 05463-100, Brazil;-23,5599403;-46,7120656
346437;2016-06-07;06:47:00;15:01:00;2016-06-07 06:47:00;2016-06-07 15:01:00;Pte. Estaiada Gov. Orestes QuÃ©rcia - Via Prof. SimÃ£o Faiguenboim - Bom Retiro, SÃ£o Paulo - SP, 01142-300, Brazil;-23,5180441;-46,6383614
346438;2016-06-07;07:11:00;13:43:00;2016-06-07 07:11:00;2016-06-07 13:43:00;R. SÃ£o Francisco - SÃ©, SÃ£o Paulo - SP, Brazil;-23,5491102;-46,6379728
346439;2016-06-07;07:31:00;16:01:00;2016-06-07 07:31:00;2016-06-07 16:01:00;R. Bento Freitas, SÃ£o Paulo - SP, Brazil;-23,5438681;-46,6455288
346440;2016-06-07;07:51:00;16:01:00;2016-06-07 07:51:00;2016-06-07 16:01:00;Av. Celso Garcia, SÃ£o Paulo - SP, Brazil;-23,5351863;-46,5828245
346441;2016-06-07;08:54:00;15:01:00;2016-06-07 08:54:00;2016-06-07 15:01:00;Av. Pres. Castelo Branco - Pte. Pequena;-23,5188564;-46,6441499
346442;2016-06-07;09:05:00;22:41:00;2016-06-07 09:05:00;2016-06-07 22:41:00;Alameda Gabriel Monteiro da Silva, SÃ£o Paulo - SP, Brazil;-23,5713396;-46,6810514
346443;2016-06-07;11:47:00;15:01:00;2016-06-07 11:47:00;2016-06-07 15:01:00;Pte. da Vila Guilherme - Pari, SÃ£o Paulo - SP, Brazil;-23,5236847;-46,6111961999999
346444;2016-06-23;11:13:00;11:35:00;2016-06-23 11:13:00;2016-06-23 11:35:00;R. Alfredo Marcondes Machado, 10 - Freguesia do Ã“, SÃ£o Paulo - SP, 02757-080, Brazil;-23,4861224;-46,6861869
346445;2016-06-29;08:08:00;08:14:00;2016-06-29 08:08:00;2016-06-29 08:14:00;R. Guilherme Gama, 82 - Jardim Olinda, SÃ£o Paulo - SP, 04368-120, Brazil;-23,6577071;-46,6654418
346446;2016-06-29;11:45:00;12:36:00;2016-06-29 11:45:00;2016-06-29 12:36:00;Av. Rangel Pestana, 41 - Brás;-23,540087;-46,612039
346447;2016-07-01;08:07:00;08:12:00;2016-07-01 08:07:00;2016-07-01 08:12:00;R. Guilherme Gama, 82 - Jardim Olinda, SÃ£o Paulo - SP, 04368-120, Brazil;-23,6577071;-46,6654418
346448;2016-07-01;08:08:00;08:12:00;2016-07-01 08:08:00;2016-07-01 08:12:00;Praça Nossa Sra. das Vitórias, 13 - Vila Formosa;-23,56363;-46,5489944
346449;2016-07-01;08:10:00;08:12:00;2016-07-01 08:10:00;2016-07-01 08:12:00;Praça Nossa Sra. das Vitórias, 28 - Vila Formosa;-23,56402;-46,5491355
346450;2016-07-01;09:26:00;09:36:00;2016-07-01 09:26:00;2016-07-01 09:36:00;R. FlorÃªncio de Abreu, SÃ£o Paulo - SP, Brazil;-23,5403734;-46,6328346
346451;2016-07-01;09:36:00;11:08:00;2016-07-01 09:36:00;2016-07-01 11:08:00;R. CubatÃ£o, SÃ£o Paulo - SP, Brazil;-23,5776372;-46,6428878
346452;2016-07-06;15:54:00;16:02:00;2016-07-06 15:54:00;2016-07-06 16:02:00;R. Alfredo Marcondes Machado, 10 - Freguesia do Ã“, SÃ£o Paulo - SP, 02757-080, Brazil;-23,4861224;-46,6861869
346453;2016-07-08;14:27:00;16:30:00;2016-07-08 14:27:00;2016-07-08 16:30:00;R. Alfredo Marcondes Machado, 10 - Freguesia do Ã“, SÃ£o Paulo - SP, 02757-080, Brazil;-23,4861224;-46,6861869
346454;2016-07-16;14:11:00;17:41:00;2016-07-16 14:11:00;2016-07-16 17:41:00;R. Alfredo Marcondes Machado, 10 - Freguesia do Ã“, SÃ£o Paulo - SP, 02757-080, Brazil;-23,4861224;-46,6861869
346455;2016-07-18;00:32:00;05:13:00;2016-07-18 00:32:00;2016-07-18 05:13:00;R. Guilherme Gama, 82 - Jardim Olinda, SÃ£o Paulo - SP, 04368-120, Brazil;-23,6577071;-46,6654418
346456;2016-07-20;07:53:00;08:21:00;2016-07-20 07:53:00;2016-07-20 08:21:00;Rua Oscar Freire, SÃ£o Paulo - SP, Brazil;-23,5601493;-46,6721159
346457;2016-07-24;08:49:00;09:48:00;2016-07-24 08:49:00;2016-07-24 09:48:00;Av. do Oratório, 41 - Vila Independencia;-23,58275;-46,562257
346458;2016-07-28;07:46:00;08:05:00;2016-07-28 07:46:00;2016-07-28 08:05:00;Alameda Santos, SÃ£o Paulo - SP, Brazil;-23,5644313;-46,6549372
346459;2016-07-30;14:22:00;14:36:00;2016-07-30 14:22:00;2016-07-30 14:36:00;R. Alfredo Marcondes Machado, 10 - Freguesia do Ã“, SÃ£o Paulo - SP, 02757-080, Brazil;-23,4861224;-46,6861869
346460;2016-08-01;22:33:00;23:06:00;2016-08-01 22:33:00;2016-08-01 23:06:00;R. Alfredo Marcondes Machado, 10 - Freguesia do Ã“, SÃ£o Paulo - SP, 02757-080, Brazil;-23,4861224;-46,6861869
346461;2016-08-02;04:45:00;04:50:00;2016-08-02 04:45:00;2016-08-02 04:50:00;R. Guilherme Gama, 82 - Jardim Olinda, SÃ£o Paulo - SP, 04368-120, Brazil;-23,6577071;-46,6654418
346462;2016-08-02;04:45:00;04:50:00;2016-08-02 04:45:00;2016-08-02 04:50:00;R. Alfredo Marcondes Machado, 10 - Freguesia do Ã“, SÃ£o Paulo - SP, 02757-080, Brazil;-23,4861224;-46,6861869
346463;2016-08-03;16:30:00;17:01:00;2016-08-03 16:30:00;2016-08-03 17:01:00;R. Guilherme Gama, 82 - Jardim Olinda, SÃ£o Paulo - SP, 04368-120, Brazil;-23,6577071;-46,6654418
346464;2016-08-11;15:26:00;16:36:00;2016-08-11 15:26:00;2016-08-11 16:36:00;Altura do n. 61 - Av. Lino de Almeida Pires, 61 - Jabaquara, SÃ£o Paulo - SP, 04317-180, Brazil;-23,6392632;-46,6328487
346465;2016-08-14;13:23:00;13:29:00;2016-08-14 13:23:00;2016-08-14 13:29:00;Av. da AclimaÃ§Ã£o - AclimaÃ§Ã£o, SÃ£o Paulo - SP, Brazil;-23,5700879;-46,6326593
346466;2016-08-15;14:19:00;14:34:00;2016-08-15 14:19:00;2016-08-15 14:34:00;R. Guilherme Gama, 82 - Jardim Olinda, SÃ£o Paulo - SP, 04368-120, Brazil;-23,6577071;-46,6654418
346467;2016-08-17;03:26:00;03:31:00;2016-08-17 03:26:00;2016-08-17 03:31:00;R. Alfredo Marcondes Machado, 10 - Freguesia do Ã“, SÃ£o Paulo - SP, 02757-080, Brazil;-23,4861224;-46,6861869
346468;2016-08-19;05:20:00;05:35:00;2016-08-19 05:20:00;2016-08-19 05:35:00;R. Guilherme Gama, 82 - Jardim Olinda, SÃ£o Paulo - SP, 04368-120, Brazil;-23,6577071;-46,6654418
346469;2016-08-19;07:40:00;13:22:00;2016-08-19 07:40:00;2016-08-19 13:22:00;R. Guilherme Gama, 82 - Jardim Olinda, SÃ£o Paulo - SP, 04368-120, Brazil;-23,6577071;-46,6654418
346470;2016-08-20;20:49:00;13:22:00;2016-08-20 20:49:00;2016-08-20 13:22:00;Pte. Estaiada Gov. Orestes QuÃ©rcia - Via Prof. SimÃ£o Faiguenboim - Bom Retiro, SÃ£o Paulo - SP, 01142-300, Brazil;-23,5180441;-46,6383614
346471;2016-08-21;01:43:00;01:47:00;2016-08-21 01:43:00;2016-08-21 01:47:00;Av. Octalles Marcondes Ferreira - Jurubatuba, SÃ£o Paulo - SP, Brazil;-23,6759042;-46,6995602
346472;2016-08-21;01:50:00;02:17:00;2016-08-21 01:50:00;2016-08-21 02:17:00;Av. Ãlvaro Ramos, SÃ£o Paulo - SP, Brazil;-23,5475528;-46,5829972
346473;2016-08-21;01:51:00;02:53:00;2016-08-21 01:51:00;2016-08-21 02:53:00;Av. Interlagos, SÃ£o Paulo - SP, Brazil;-23,6824462;-46,6900639
346474;2016-08-21;02:02:00;03:14:00;2016-08-21 02:02:00;2016-08-21 03:14:00;R. da Coroa - Vila Guilherme, SÃ£o Paulo - SP, Brazil;-23,5189874;-46,6128009
346475;2016-08-21;02:37:00;03:28:00;2016-08-21 02:37:00;2016-08-21 03:28:00;Pte. da Vila Guilherme - Pari, SÃ£o Paulo - SP, Brazil;-23,5236847;-46,6111961999999
346476;2016-08-21;03:32:00;04:01:00;2016-08-21 03:32:00;2016-08-21 04:01:00;R. Joaquim Marra, SÃ£o Paulo - SP, Brazil;-23,5370531;-46,5199497
346477;2016-08-21;04:34:00;16:21:00;2016-08-21 04:34:00;2016-08-21 16:21:00;Av. Pres. Castelo Branco - Pte. Pequena;-23,5188564;-46,6441499
346478;2016-08-21;07:10:00;03:09:00;2016-08-21 07:10:00;2016-08-21 03:09:00;R. Guilherme Gama, 82 - Jardim Olinda, SÃ£o Paulo - SP, 04368-120, Brazil;-23,6577071;-46,6654418
346479;2016-08-21;07:40:00;23:50:00;2016-08-21 07:40:00;2016-08-21 23:50:00;R. Guilherme Gama, 82 - Jardim Olinda, SÃ£o Paulo - SP, 04368-120, Brazil;-23,6577071;-46,6654418
346480;2016-08-21;09:40:00;23:38:00;2016-08-21 09:40:00;2016-08-21 23:38:00;R. Guilherme Gama, 82 - Jardim Olinda, SÃ£o Paulo - SP, 04368-120, Brazil;-23,6577071;-46,6654418
346481;2016-08-26;10:55:00;11:07:00;2016-08-26 10:55:00;2016-08-26 11:07:00;R. Alfredo Marcondes Machado, 10 - Freguesia do Ã“, SÃ£o Paulo - SP, 02757-080, Brazil;-23,4861224;-46,6861869
346482;2016-08-31;10:55:00;11:07:00;2016-08-31 10:55:00;2016-08-31 11:07:00;R. Min. GodÃ³i - Perdizes, SÃ£o Paulo - SP, Brazil;-23,5370312;-46,6713102
346483;2016-08-31;07:35:00;21:39:00;2016-08-31 07:35:00;2016-08-31 21:39:00;Alameda Nothmann, SÃ£o Paulo - SP, Brazil;-23,5333059;-46,6473252
346484;2016-08-31;08:00:00;13:00:00;2016-08-31 08:00:00;2016-08-31 13:00:00;Av. Jorge JoÃ£o Saad - Vila Progredior, SÃ£o Paulo - SP, 05618-001, Brazil;-23,5921914;-46,7216353
346485;2016-08-31;12:59:00;15:01:00;2016-08-31 12:59:00;2016-08-31 15:01:00;Altura do nÂ° 5400 - Av. Nordestina - Guaianazes, SÃ£o Paulo - SP, 08431-410, Brazil;-23,5250612;-46,4184768
346486;2016-09-02;09:56:00;12:06:00;2016-09-02 09:56:00;2016-09-02 12:06:00;R. Domingos José Sapienza, 655 - Vila Amalia (Zona Norte);-23;-47
346487;2016-09-06;06:19:00;10:09:00;2016-09-06 06:19:00;2016-09-06 10:09:00;Av. Pres. Castelo Branco - Pte. Pequena;-23,5188564;-46,6441499
346488;2016-09-06;10:40:00;10:56:00;2016-09-06 10:40:00;2016-09-06 10:56:00;R. Guilherme Gama, 82 - Jardim Olinda, SÃ£o Paulo - SP, 04368-120, Brazil;-23,6577071;-46,6654418
346489;2016-09-09;09:00:00;09:22:00;2016-09-09 09:00:00;2016-09-09 09:22:00;R. Alfredo Marcondes Machado, 10 - Freguesia do Ã“, SÃ£o Paulo - SP, 02757-080, Brazil;-23,4861224;-46,6861869
346490;2016-09-11;18:26:00;18:36:00;2016-09-11 18:26:00;2016-09-11 18:36:00;R. Padre JoÃ£o Manuel, SÃ£o Paulo - SP, Brazil;-23,5631342;-46,6635465
346491;2016-09-19;14:56:00;15:11:00;2016-09-19 14:56:00;2016-09-19 15:11:00;R. MauÃ¡, SÃ£o Paulo - SP, Brazil;-23,535663;-46,6344362
346492;2016-09-26;12:51:00;13:56:00;2016-09-26 12:51:00;2016-09-26 13:56:00;R. Guilherme Gama, 82 - Jardim Olinda, SÃ£o Paulo - SP, 04368-120, Brazil;-23,6577071;-46,6654418
346493;2016-09-26;16:14:00;16:45:00;2016-09-26 16:14:00;2016-09-26 16:45:00;R. Guilherme Gama, 82 - Jardim Olinda, SÃ£o Paulo - SP, 04368-120, Brazil;-23,6577071;-46,6654418
346494;2016-09-27;06:51:00;12:05:00;2016-09-27 06:51:00;2016-09-27 12:05:00;Rua SÃ£o Vicente de Paulo - Santa Cecilia, SÃ£o Paulo - SP, 01229-010, Brazil;-23,5377147;-46,6561515
346495;2016-09-28;07:27:00;08:58:00;2016-09-28 07:27:00;2016-09-28 08:58:00;Rua SÃ£o Vicente de Paulo - Santa Cecilia, SÃ£o Paulo - SP, 01229-010, Brazil;-23,5377147;-46,6561515
350212;2016-01-01;17:36:00;18:07:00;2016-01-01 17:36:00;2016-01-01 18:07:00;Estr. do Campo Limpo, 459 - Vila Prel, SÃ£o Paulo - SP, 05777-001, Brazil;-23,6497008;-46,7574652
350213;2016-01-01;17:58:00;19:06:00;2016-01-01 17:58:00;2016-01-01 19:06:00;Av. 23 de Maio, SÃ£o Paulo - SP, Brazil;-23,5689056;-46,640864
350214;2016-01-01;18:45:00;19:10:00;2016-01-01 18:45:00;2016-01-01 19:10:00;R. Alfredo Marcondes Machado, 10 - Freguesia do Ã“, SÃ£o Paulo - SP, 02757-080, Brazil;-23,4861224;-46,6861869
350215;2016-01-01;18:39:00;19:27:00;2016-01-01 18:39:00;2016-01-01 19:27:00;PraÃ§a Pascoal Martins - Barra Funda, SÃ£o Paulo - SP, Brazil;-23,519576;-46,6751213
350216;2016-01-01;18:39:00;23:24:00;2016-01-01 18:39:00;2016-01-01 23:24:00;Av. Dr. GastÃ£o Vidigal, SÃ£o Paulo - SP, Brazil;-23,5307019;-46,7372111
350217;2016-01-01;19:10:00;19:35:00;2016-01-01 19:10:00;2016-01-01 19:35:00;R. Silva Jardim, SÃ£o Paulo - SP, Brazil;-23,5431727;-46,5930958999999
350218;2016-01-01;19:05:00;18:43:00;2016-01-01 19:05:00;2016-01-01 18:43:00;R. Alfredo Marcondes Machado, 10 - Freguesia do Ã“, SÃ£o Paulo - SP, 02757-080, Brazil;-23,4861224;-46,6861869
350219;2016-01-01;18:53:00;19:10:00;2016-01-01 18:53:00;2016-01-01 19:10:00;Av. Paula Ferreira, SÃ£o Paulo - SP, Brazil;-23,4953911;-46,7137194
350220;2016-01-01;19:02:00;20:46:00;2016-01-01 19:02:00;2016-01-01 20:46:00;Av. Guilherme - Vila Guilherme, SÃ£o Paulo - SP, Brazil;-23,5148697;-46,6037158
350221;2016-01-01;19:20:00;20:19:00;2016-01-01 19:20:00;2016-01-01 20:19:00;Av. MercÃºrio, SÃ£o Paulo - SP, Brazil;-23,5422053;-46,6273955
350222;2016-01-01;19:16:00;20:43:00;2016-01-01 19:16:00;2016-01-01 20:43:00;R. SÃ£o Caetano, SÃ£o Paulo - SP, Brazil;-23,5353535;-46,6277194
350223;2016-01-01;19:15:00;07:26:00;2016-01-01 19:15:00;2016-01-01 07:26:00;R. Alfredo Marcondes Machado, 10 - Freguesia do Ã“, SÃ£o Paulo - SP, 02757-080, Brazil;-23,4861224;-46,6861869
350224;2016-01-01;19:14:00;20:33:00;2016-01-01 19:14:00;2016-01-01 20:33:00;Viaduto Guadalajara - Belenzinho, SÃ£o Paulo - SP, Brazil;-23,5438761;-46,5935729
350225;2016-01-01;18:45:00;19:40:00;2016-01-01 18:45:00;2016-01-01 19:40:00;Av. AlcÃ¢ntara Machado, SÃ£o Paulo - SP, Brazil;-23,5476643;-46,602319
350226;2016-01-01;19:24:00;19:37:00;2016-01-01 19:24:00;2016-01-01 19:37:00;Rua Padre Viegas de Menezes, SÃ£o Paulo - SP, Brazil;-23,5368468;-46,4567674
350227;2016-01-01;18:27:00;19:24:00;2016-01-01 18:27:00;2016-01-01 19:24:00;R. Alfredo Marcondes Machado, 10 - Freguesia do Ã“, SÃ£o Paulo - SP, 02757-080, Brazil;-23,4861224;-46,6861869
350228;2016-01-01;18:20:00;19:24:00;2016-01-01 18:20:00;2016-01-01 19:24:00;Altura do NÃºmero 13 - Rua Itaim, S/N - Itaim Paulista, SÃ£o Paulo - SP, 08110-650, Brazil;-23,4935117;-46,3955134
350229;2016-01-01;19:45:00;19:58:00;2016-01-01 19:45:00;2016-01-01 19:58:00;SÃ£o Paulo, State of SÃ£o Paulo, Brazil;-23,5505199;-46,6333093999999
350230;2016-01-01;19:38:00;22:10:00;2016-01-01 19:38:00;2016-01-01 22:10:00;R. Alfredo Marcondes Machado, 10 - Freguesia do Ã“, SÃ£o Paulo - SP, 02757-080, Brazil;-23,4861224;-46,6861869
350231;2016-01-01;19:13:00;22:28:00;2016-01-01 19:13:00;2016-01-01 22:28:00;Av. Pres. Castelo Branco - Pte. Pequena;-23,5188564;-46,6441499
350232;2016-01-01;19:21:00;23:01:00;2016-01-01 19:21:00;2016-01-01 23:01:00;R. Alfredo Marcondes Machado, 10 - Freguesia do Ã“, SÃ£o Paulo - SP, 02757-080, Brazil;-23,4861224;-46,6861869
350233;2016-01-01;17:41:00;20:55:00;2016-01-01 17:41:00;2016-01-01 20:55:00;R. Alfredo Marcondes Machado, 10 - Freguesia do Ã“, SÃ£o Paulo - SP, 02757-080, Brazil;-23,4861224;-46,6861869
350234;2016-01-01;19:28:00;20:46:00;2016-01-01 19:28:00;2016-01-01 20:46:00;Avenida Marechal Tito, SÃ£o Paulo - SP, Brazil;-23,4948814;-46,4118605
350235;2016-01-01;18:32:00;20:47:00;2016-01-01 18:32:00;2016-01-01 20:47:00;Av. Pres. Castelo Branco - Pte. Pequena;-23,516267;-46,6665208
350236;2016-01-01;18:34:00;20:17:00;2016-01-01 18:34:00;2016-01-01 20:17:00;SÃ£o Paulo, State of SÃ£o Paulo, Brazil;-23,5505199;-46,6333093999999
350237;2016-01-01;21:09:00;23:01:00;2016-01-01 21:09:00;2016-01-01 23:01:00;R. Alfredo Marcondes Machado, 10 - Freguesia do Ã“, SÃ£o Paulo - SP, 02757-080, Brazil;-23,4861224;-46,6861869
350238;2016-01-01;23:10:00;23:11:00;2016-01-01 23:10:00;2016-01-01 23:11:00;Av. Dr. GastÃ£o Vidigal, SÃ£o Paulo - SP, Brazil;-23,5307019;-46,7372111
350239;2016-01-01;18:59:00;22:17:00;2016-01-01 18:59:00;2016-01-01 22:17:00;R. Guilherme Gama, 82 - Jardim Olinda, SÃ£o Paulo - SP, 04368-120, Brazil;-23,6577071;-46,6654418
350240;2016-01-02;08:12:00;08:14:00;2016-01-02 08:12:00;2016-01-02 08:14:00;Pte. JoÃ£o Dias - Santo Amaro, SÃ£o Paulo - SP, Brazil;-23,6445299;-46,7261749
350241;2016-01-02;06:51:00;08:14:00;2016-01-02 06:51:00;2016-01-02 08:14:00;R. Centro Africana, SÃ£o Paulo - SP, 04730-050, Brazil;-23,6428331;-46,7234108
350242;2016-01-02;00:18:00;15:38:00;2016-01-02 00:18:00;2016-01-02 15:38:00;SÃ£o Paulo, State of SÃ£o Paulo, Brazil;-23,5505199;-46,6333093999999
350243;2016-01-02;09:36:00;12:45:00;2016-01-02 09:36:00;2016-01-02 12:45:00;R. Alfredo Marcondes Machado, 10 - Freguesia do Ã“, SÃ£o Paulo - SP, 02757-080, Brazil;-23,4861224;-46,6861869
350244;2016-01-02;09:35:00;12:38:00;2016-01-02 09:35:00;2016-01-02 12:38:00;SÃ£o Paulo, State of SÃ£o Paulo, Brazil;-23,5505199;-46,6333093999999
350245;2016-01-02;10:05:00;12:46:00;2016-01-02 10:05:00;2016-01-02 12:46:00;SÃ£o Paulo, State of SÃ£o Paulo, Brazil;-23,5505199;-46,6333093999999
350246;2016-01-01;07:42:00;12:37:00;2016-01-01 07:42:00;2016-01-01 12:37:00;SÃ£o Paulo, State of SÃ£o Paulo, Brazil;-23,5505199;-46,6333093999999
350247;2016-01-02;15:34:00;15:54:00;2016-01-02 15:34:00;2016-01-02 15:54:00;Av. Salim Farah Maluf, SÃ£o Paulo - SP, Brazil;-23,5559142;-46,5774648
350248;2016-01-02;16:10:00;16:16:00;2016-01-02 16:10:00;2016-01-02 16:16:00;R. Montanhas - Vila Taquari, SÃ£o Paulo - SP, Brazil;-23,5287647;-46,4565815
350249;2016-01-02;16:05:00;22:16:00;2016-01-02 16:05:00;2016-01-02 22:16:00;R. Verbo Divino, SÃ£o Paulo - SP, Brazil;-23,6335865;-46,7050788
350250;2016-01-02;16:46:00;17:22:00;2016-01-02 16:46:00;2016-01-02 17:22:00;R. Verbo Divino, SÃ£o Paulo - SP, Brazil;-23,6335865;-46,7050788
350251;2016-01-02;16:32:00;10:46:00;2016-01-02 16:32:00;2016-01-02 10:46:00;R. Alfredo Marcondes Machado, 10 - Freguesia do Ã“, SÃ£o Paulo - SP, 02757-080, Brazil;-23,4861224;-46,6861869
350252;2016-01-02;16:22:00;19:13:00;2016-01-02 16:22:00;2016-01-02 19:13:00;Altura do nÃºmero 17 - PraÃ§a Cel. Sandoval de Figueiredo, 17 - TatuapÃ©, SÃ£o Paulo - SP, 03308-040, Brazil;-23,5413057;-46,5742771
350253;2016-01-02;20:30:00;21:12:00;2016-01-02 20:30:00;2016-01-02 21:12:00;R. Verbo Divino, SÃ£o Paulo - SP, Brazil;-23,6335865;-46,7050788
350254;2016-01-02;18:34:00;19:17:00;2016-01-02 18:34:00;2016-01-02 19:17:00;Av. CoroÃ¡ de Frade, SÃ£o Paulo - SP, Brazil;-23,5250625;-46,431724
350255;2016-01-02;17:11:00;17:31:00;2016-01-02 17:11:00;2016-01-02 17:31:00;R. Montanhas - Vila Taquari, SÃ£o Paulo - SP, Brazil;-23,5287647;-46,4565815
350256;2016-01-02;07:35:00;07:40:00;2016-01-02 07:35:00;2016-01-02 07:40:00;Av. Grande SÃ£o Paulo, SÃ£o Paulo - SP, 04843-040, Brazil;-23,7380718;-46,6964243
350257;2016-01-03;09:14:00;14:32:00;2016-01-03 09:14:00;2016-01-03 14:32:00;SÃ£o Paulo, State of SÃ£o Paulo, Brazil;-23,5505199;-46,6333093999999
350258;2016-01-09;18:20:00;20:16:00;2016-01-09 18:20:00;2016-01-09 20:16:00;Av. Itaquera - Parque Maria Luiza, SÃ£o Paulo - SP, Brazil;-23,5537567;-46,4898454
350259;2016-01-09;18:13:00;18:45:00;2016-01-09 18:13:00;2016-01-09 18:45:00;R. Itagimirim, SÃ£o Paulo - SP, Brazil;-23,5377191;-46,4562711
350260;2016-01-09;18:45:00;21:20:00;2016-01-09 18:45:00;2016-01-09 21:20:00;R. Tumucumaque, SÃ£o Paulo - SP, Brazil;-23,5445201;-46,5312979
350261;2016-01-09;18:39:00;19:52:00;2016-01-09 18:39:00;2016-01-09 19:52:00;Av. SÃ£o Miguel, SÃ£o Paulo - SP, Brazil;-23,5071896;-46,4862554
350262;2016-01-09;19:29:00;21:12:00;2016-01-09 19:29:00;2016-01-09 21:12:00;Rua BaquiÃ¡, SÃ£o Paulo - SP, Brazil;-23,5441675;-46,5373975
350263;2016-01-09;19:28:00;21:20:00;2016-01-09 19:28:00;2016-01-09 21:20:00;R. Manilha, SÃ£o Paulo - SP, Brazil;-23,5500602;-46,5271754
350264;2016-01-09;19:14:00;21:12:00;2016-01-09 19:14:00;2016-01-09 21:12:00;R. JÃºlio ColaÃ§o, SÃ£o Paulo - SP, Brazil;-23,5390863;-46,5425845
350265;2016-01-09;19:08:00;20:01:00;2016-01-09 19:08:00;2016-01-09 20:01:00;R. Campinas do PiauÃ­, SÃ£o Paulo - SP, Brazil;-23,5435089;-46,4533397
350266;2016-01-09;19:03:00;21:10:00;2016-01-09 19:03:00;2016-01-09 21:10:00;Av. Itaquera - Parque Maria Luiza, SÃ£o Paulo - SP, Brazil;-23,5537567;-46,4898454
350267;2016-01-09;20:34:00;21:49:00;2016-01-09 20:34:00;2016-01-09 21:49:00;R. Tuiuti, SÃ£o Paulo - SP, Brazil;-23,5372547;-46,5754858
350268;2016-01-09;20:34:00;21:48:00;2016-01-09 20:34:00;2016-01-09 21:48:00;R. Guilherme Gama, 82 - Jardim Olinda, SÃ£o Paulo - SP, 04368-120, Brazil;-23,6577071;-46,6654418
350269;2016-01-09;20:32:00;21:25:00;2016-01-09 20:32:00;2016-01-09 21:25:00;Av. Pres. Castelo Branco - Pte. Pequena;-23,5188564;-46,6441499
350270;2016-01-09;18:23:00;21:02:00;2016-01-09 18:23:00;2016-01-09 21:02:00;altura do nÃºmero 15 - R. JosÃ© Damiani, s/n - Pte. Grande, Guarulhos - SP, 07030-240, Brazil;-23,4992261;-46,5514275
350271;2016-01-09;18:12:00;20:42:00;2016-01-09 18:12:00;2016-01-09 20:42:00;R. Alfredo Marcondes Machado, 10 - Freguesia do Ã“, SÃ£o Paulo - SP, 02757-080, Brazil;-23,4861224;-46,6861869
350272;2016-01-09;19:49:00;20:44:00;2016-01-09 19:49:00;2016-01-09 20:44:00;R. Alfredo Marcondes Machado, 10 - Freguesia do Ã“, SÃ£o Paulo - SP, 02757-080, Brazil;-23,4861224;-46,6861869
350273;2016-01-09;20:19:00;20:42:00;2016-01-09 20:19:00;2016-01-09 20:42:00;R. Tarde de Maio, 45 - Vila Nitro Operaria;-23,4919;-46,433282
350274;2016-01-09;18:24:00;20:42:00;2016-01-09 18:24:00;2016-01-09 20:42:00;R. Alfredo Marcondes Machado, 10 - Freguesia do Ã“, SÃ£o Paulo - SP, 02757-080, Brazil;-23,4861224;-46,6861869
350275;2016-01-09;20:12:00;20:42:00;2016-01-09 20:12:00;2016-01-09 20:42:00;Estrada Dom JoÃ£o Nery, 3462 - Vila Lourdes, SÃ£o Paulo - SP, 08452-505, Brazil;-23,528662;-46,397013
350276;2016-01-09;19:08:00;20:01:00;2016-01-09 19:08:00;2016-01-09 20:01:00;R. Campinas do PiauÃ­, SÃ£o Paulo - SP, Brazil;-23,5435089;-46,4533397
350277;2016-01-09;15:43:00;16:32:00;2016-01-09 15:43:00;2016-01-09 16:32:00;Alameda dos Boninas, SÃ£o Paulo - SP, Brazil;-23,6057239;-46,6387785999999
350278;2016-01-10;07:18:00;20:05:00;2016-01-10 07:18:00;2016-01-10 20:05:00;SÃ£o Paulo, State of SÃ£o Paulo, Brazil;-23,5505199;-46,6333093999999
350279;2016-01-10;07:37:00;07:43:00;2016-01-10 07:37:00;2016-01-10 07:43:00;SÃ£o Paulo, State of SÃ£o Paulo, Brazil;-23,5505199;-46,6333093999999
350280;2016-01-10;04:39:00;05:26:00;2016-01-10 04:39:00;2016-01-10 05:26:00;SÃ£o Paulo, State of SÃ£o Paulo, Brazil;-23,5505199;-46,6333093999999
350281;2016-01-10;05:35:00;06:22:00;2016-01-10 05:35:00;2016-01-10 06:22:00;Rua OlÃ­via Feder - Jardim Paulistano, SÃ£o Paulo - SP, Brazil;-23,5873826;-46,6893888
350282;2016-01-10;03:31:00;04:46:00;2016-01-10 03:31:00;2016-01-10 04:46:00;SÃ£o Paulo, State of SÃ£o Paulo, Brazil;-23,5505199;-46,6333093999999
350283;2016-01-10;02:27:00;04:47:00;2016-01-10 02:27:00;2016-01-10 04:47:00;SÃ£o Paulo, State of SÃ£o Paulo, Brazil;-23,5505199;-46,6333093999999
350284;2016-01-10;08:29:00;14:19:00;2016-01-10 08:29:00;2016-01-10 14:19:00;SÃ£o Paulo, State of SÃ£o Paulo, Brazil;-23,5505199;-46,6333093999999
350285;2016-01-10;07:50:00;10:32:00;2016-01-10 07:50:00;2016-01-10 10:32:00;SÃ£o Paulo, State of SÃ£o Paulo, Brazil;-23,5505199;-46,6333093999999
350286;2016-01-10;07:08:00;15:00:00;2016-01-10 07:08:00;2016-01-10 15:00:00;R. Guilherme Gama, 82 - Jardim Olinda, SÃ£o Paulo - SP, 04368-120, Brazil;-23,6577071;-46,6654418
350287;2016-01-10;10:47:00;17:15:00;2016-01-10 10:47:00;2016-01-10 17:15:00;SÃ£o Paulo, State of SÃ£o Paulo, Brazil;-23,5505199;-46,6333093999999
350288;2016-01-10;07:50:00;12:12:00;2016-01-10 07:50:00;2016-01-10 12:12:00;SÃ£o Paulo, State of SÃ£o Paulo, Brazil;-23,5505199;-46,6333093999999
350289;2016-01-10;04:39:00;05:26:00;2016-01-10 04:39:00;2016-01-10 05:26:00;R. DamÃ¡sio Pinto, SÃ£o Paulo - SP, Brazil;-23,5269658;-46,4390019
350290;2016-01-10;03:31:00;04:46:00;2016-01-10 03:31:00;2016-01-10 04:46:00;SÃ£o Paulo, State of SÃ£o Paulo, Brazil;-23,5505199;-46,6333093999999
350291;2016-01-11;13:46:00;22:49:00;2016-01-11 13:46:00;2016-01-11 22:49:00;SÃ£o Paulo, State of SÃ£o Paulo, Brazil;-23,5505199;-46,6333093999999
350292;2016-01-11;07:47:00;16:15:00;2016-01-11 07:47:00;2016-01-11 16:15:00;R. Alfredo Marcondes Machado, 10 - Freguesia do Ã“, SÃ£o Paulo - SP, 02757-080, Brazil;-23,4861224;-46,6861869
350293;2016-01-12;09:59:00;13:59:00;2016-01-12 09:59:00;2016-01-12 13:59:00;SÃ£o Paulo, State of SÃ£o Paulo, Brazil;-23,5505199;-46,6333093999999
350294;2016-01-12;15:10:00;16:45:00;2016-01-12 15:10:00;2016-01-12 16:45:00;R. Alfredo Marcondes Machado, 10 - Freguesia do Ã“, SÃ£o Paulo - SP, 02757-080, Brazil;-23,4861224;-46,6861869
350295;2016-01-25;19:31:00;21:02:00;2016-01-25 19:31:00;2016-01-25 21:02:00;SÃ£o Paulo, State of SÃ£o Paulo, Brazil;-23,5505199;-46,6333093999999
350296;2016-01-25;19:31:00;20:42:00;2016-01-25 19:31:00;2016-01-25 20:42:00;Av. Campanella, SÃ£o Paulo - SP, Brazil;-23,5352775;-46,4642413
350297;2016-01-25;19:28:00;20:52:00;2016-01-25 19:28:00;2016-01-25 20:52:00;Rua BaquiÃ¡, SÃ£o Paulo - SP, Brazil;-23,5441675;-46,5373975
350298;2016-01-25;19:35:00;20:46:00;2016-01-25 19:35:00;2016-01-25 20:46:00;Av. Itaquera - Parque Maria Luiza, SÃ£o Paulo - SP, Brazil;-23,5537567;-46,4898454
350299;2016-01-25;19:51:00;20:22:00;2016-01-25 19:51:00;2016-01-25 20:22:00;R. Cunha PorÃ£ - Jardim Cleide, SÃ£o Paulo - SP, 08220-490, Brazil;-23,5375429;-46,4582066
350300;2016-01-25;20:27:00;21:02:00;2016-01-25 20:27:00;2016-01-25 21:02:00;Av. Itaquera - Parque Maria Luiza, SÃ£o Paulo - SP, Brazil;-23,5537567;-46,4898454
350301;2016-01-27;15:49:00;18:11:00;2016-01-27 15:49:00;2016-01-27 18:11:00;R. Alfredo Marcondes Machado, 10 - Freguesia do Ã“, SÃ£o Paulo - SP, 02757-080, Brazil;-23,4861224;-46,6861869
350302;2016-01-27;15:54:00;16:40:00;2016-01-27 15:54:00;2016-01-27 16:40:00;R. Silva Jardim, SÃ£o Paulo - SP, Brazil;-23,5431727;-46,5930958999999
350303;2016-01-27;15:48:00;16:46:00;2016-01-27 15:48:00;2016-01-27 16:46:00;R. AntÃ´nio de Barros, SÃ£o Paulo - SP, Brazil;-23,54304;-46,5566527999999
350304;2016-01-27;15:47:00;18:28:00;2016-01-27 15:47:00;2016-01-27 18:28:00;R. Alfredo Marcondes Machado, 10 - Freguesia do Ã“, SÃ£o Paulo - SP, 02757-080, Brazil;-23,4861224;-46,6861869
350305;2016-01-27;15:45:00;16:45:00;2016-01-27 15:45:00;2016-01-27 16:45:00;Av. Ãlvaro Ramos, SÃ£o Paulo - SP, Brazil;-23,5475528;-46,5829972
350306;2016-01-27;15:59:00;16:20:00;2016-01-27 15:59:00;2016-01-27 16:20:00;Av. Prof. Fonseca Rodrigues, SÃ£o Paulo - SP, Brazil;-23,5457674;-46,7180896
350307;2016-01-27;16:04:00;18:03:00;2016-01-27 16:04:00;2016-01-27 18:03:00;R. Azevedo Soares, SÃ£o Paulo - SP, Brazil;-23,5482183;-46,5630106
350308;2016-01-27;16:03:00;16:23:00;2016-01-27 16:03:00;2016-01-27 16:23:00;Psa. Ciccillo Matarazzo, SÃ£o Paulo - SP, Brazil;-23,5893523;-46,6518672
350309;2016-01-27;16:10:00;16:28:00;2016-01-27 16:10:00;2016-01-27 16:28:00;PraÃ§a Prof. AmÃ©rico de Moura, SÃ£o Paulo - SP, Brazil;-23,5858228;-46,6981052999999
350310;2016-01-27;16:08:00;16:39:00;2016-01-27 16:08:00;2016-01-27 16:39:00;R. Dr. Eduardo de Souza Aranha - Vila Nova ConceiÃ§Ã£o, SÃ£o Paulo - SP, Brazil;-23,5884877;-46,6739729
350311;2016-01-27;16:11:00;17:56:00;2016-01-27 16:11:00;2016-01-27 17:56:00;Av. 23 de Maio, SÃ£o Paulo - SP, Brazil;-23,5689056;-46,640864
350312;2016-01-27;16:14:00;18:29:00;2016-01-27 16:14:00;2016-01-27 18:29:00;SÃ£o Paulo, State of SÃ£o Paulo, Brazil;-23,5505199;-46,6333093999999
350313;2016-01-27;16:14:00;17:00:00;2016-01-27 16:14:00;2016-01-27 17:00:00;SÃ£o Paulo, State of SÃ£o Paulo, Brazil;-23,5505199;-46,6333093999999
350314;2016-01-27;16:16:00;17:00:00;2016-01-27 16:16:00;2016-01-27 17:00:00;SÃ£o Paulo, State of SÃ£o Paulo, Brazil;-23,5505199;-46,6333093999999
350315;2016-01-27;16:16:00;16:40:00;2016-01-27 16:16:00;2016-01-27 16:40:00;SÃ£o Paulo, State of SÃ£o Paulo, Brazil;-23,5505199;-46,6333093999999
350316;2016-01-27;16:20:00;17:43:00;2016-01-27 16:20:00;2016-01-27 17:43:00;R. Alfredo Marcondes Machado, 10 - Freguesia do Ã“, SÃ£o Paulo - SP, 02757-080, Brazil;-23,4861224;-46,6861869
350317;2016-01-27;16:19:00;16:25:00;2016-01-27 16:19:00;2016-01-27 16:25:00;PraÃ§a Luiz Carlos Mesquita - VÃ¡rzea da Barra Funda, SÃ£o Paulo - SP, Brazil;-23,5215486;-46,6680949
350318;2016-01-27;16:19:00;17:40:00;2016-01-27 16:19:00;2016-01-27 17:40:00;Av. Dr. GastÃ£o Vidigal, 1946 - Vila Leopoldina, SÃ£o Paulo - SP, 05316-900, Brazil;-23,5365463;-46,7373471999999
350319;2016-01-27;16:30:00;18:46:00;2016-01-27 16:30:00;2016-01-27 18:46:00;Av. Morvan Dias de Figueiredo, SÃ£o Paulo - SP, Brazil;-23,5268051;-46,5954843
350320;2016-01-27;16:35:00;17:23:00;2016-01-27 16:35:00;2016-01-27 17:23:00;Pte. EusÃ©bio Matoso - Pinheiros, SÃ£o Paulo - SP, Brazil;-23,5723105;-46,7010642
350321;2016-01-27;16:34:00;16:41:00;2016-01-27 16:34:00;2016-01-27 16:41:00;SÃ£o Paulo, State of SÃ£o Paulo, Brazil;-23,5505199;-46,6333093999999
350322;2016-01-27;16:33:00;17:04:00;2016-01-27 16:33:00;2016-01-27 17:04:00;Av. Fagundes Filho, SÃ£o Paulo - SP, Brazil;-23,6268152;-46,6347726
350323;2016-01-27;16:32:00;17:30:00;2016-01-27 16:32:00;2016-01-27 17:30:00;Av. Octalles Marcondes Ferreira - Jurubatuba, SÃ£o Paulo - SP, Brazil;-23,6759042;-46,6995602
350324;2016-01-27;16:32:00;17:14:00;2016-01-27 16:32:00;2016-01-27 17:14:00;SÃ£o Paulo, State of SÃ£o Paulo, Brazil;-23,5505199;-46,6333093999999
350325;2016-01-27;16:28:00;17:10:00;2016-01-27 16:28:00;2016-01-27 17:10:00;R. Alfredo Marcondes Machado, 10 - Freguesia do Ã“, SÃ£o Paulo - SP, 02757-080, Brazil;-23,4861224;-46,6861869
350326;2016-01-27;16:44:00;17:30:00;2016-01-27 16:44:00;2016-01-27 17:30:00;Rua Jaime de Oliveira e Souza - Jurubatuba, SÃ£o Paulo - SP, Brazil;-23,6809505;-46,6932288
350327;2016-01-27;16:37:00;18:17:00;2016-01-27 16:37:00;2016-01-27 18:17:00;Pte. Eng. Ari Torres - Cidade Jardim, SÃ£o Paulo - SP, Brazil;-23,5945207;-46,6935321
350328;2016-01-27;16:36:00;17:04:00;2016-01-27 16:36:00;2016-01-27 17:04:00;Av. Bosque da SaÃºde, SÃ£o Paulo - SP, Brazil;-23,6126268;-46,6278962
350329;2016-01-27;16:40:00;18:20:00;2016-01-27 16:40:00;2016-01-27 18:20:00;Av. Gen. Edgar FacÃ³, 1200 - altura do nÃºmero, SÃ£o Paulo - SP, 02924-000, Brazil;-23,4954831;-46,7079619
350330;2016-01-27;16:40:00;18:00:00;2016-01-27 16:40:00;2016-01-27 18:00:00;Altura do nÃºmero 37 - Av. Ipiranga - RepÃºblica, SÃ£o Paulo - SP, 01040-000, Brazil;-23,5451944;-46,6434706
350331;2016-01-27;16:46:00;16:56:00;2016-01-27 16:46:00;2016-01-27 16:56:00;Túnel Max Feffer, 541 - Itaim Bibi;-23,5828865;-46,6861111
350332;2016-01-27;16:51:00;17:41:00;2016-01-27 16:51:00;2016-01-27 17:41:00;SÃ£o Paulo, State of SÃ£o Paulo, Brazil;-23,5505199;-46,6333093999999
350333;2016-01-27;17:06:00;17:38:00;2016-01-27 17:06:00;2016-01-27 17:38:00;Av. Interlagos, SÃ£o Paulo - SP, Brazil;-23,6824462;-46,6900639
350334;2016-01-27;16:37:00;18:36:00;2016-01-27 16:37:00;2016-01-27 18:36:00;SÃ£o Paulo, State of SÃ£o Paulo, Brazil;-23,5505199;-46,6333093999999
350335;2016-01-27;17:08:00;18:30:00;2016-01-27 17:08:00;2016-01-27 18:30:00;SÃ£o Paulo, State of SÃ£o Paulo, Brazil;-23,5505199;-46,6333093999999
350336;2016-01-27;17:37:00;18:59:00;2016-01-27 17:37:00;2016-01-27 18:59:00;R. Alfredo Marcondes Machado, 10 - Freguesia do Ã“, SÃ£o Paulo - SP, 02757-080, Brazil;-23,4861224;-46,6861869
350337;2016-01-27;16:46:00;17:50:00;2016-01-27 16:46:00;2016-01-27 17:50:00;SÃ£o Paulo, State of SÃ£o Paulo, Brazil;-23,5505199;-46,6333093999999
350338;2016-01-27;16:51:00;17:33:00;2016-01-27 16:51:00;2016-01-27 17:33:00;SÃ£o Paulo, State of SÃ£o Paulo, Brazil;-23,5505199;-46,6333093999999
350339;2016-01-27;16:49:00;18:24:00;2016-01-27 16:49:00;2016-01-27 18:24:00;Rua Francisco Polito, SÃ£o Paulo - SP, Brazil;-23,5813492;-46,5763399
350340;2016-01-27;16:20:00;17:43:00;2016-01-27 16:20:00;2016-01-27 17:43:00;R. Alfredo Marcondes Machado, 10 - Freguesia do Ã“, SÃ£o Paulo - SP, 02757-080, Brazil;-23,4861224;-46,6861869
350341;2016-01-27;17:06:00;17:38:00;2016-01-27 17:06:00;2016-01-27 17:38:00;Av. Interlagos, SÃ£o Paulo - SP, Brazil;-23,6824462;-46,6900639
350342;2016-01-27;16:54:00;18:16:00;2016-01-27 16:54:00;2016-01-27 18:16:00;R. Albuquerque Lins, Altura do Numero 106 - Barra Funda, SÃ£o Paulo - SP, 01230-001, Brazil;-23,5314217;-46,6528546
350343;2016-01-27;18:21:00;20:51:00;2016-01-27 18:21:00;2016-01-27 20:51:00;R. Alfredo Marcondes Machado, 10 - Freguesia do Ã“, SÃ£o Paulo - SP, 02757-080, Brazil;-23,4861224;-46,6861869
350344;2016-01-27;16:24:00;18:29:00;2016-01-27 16:24:00;2016-01-27 18:29:00;R. Alfredo Marcondes Machado, 10 - Freguesia do Ã“, SÃ£o Paulo - SP, 02757-080, Brazil;-23,4861224;-46,6861869
350345;2016-01-27;18:53:00;18:55:00;2016-01-27 18:53:00;2016-01-27 18:55:00;R. Alfredo Marcondes Machado, 10 - Freguesia do Ã“, SÃ£o Paulo - SP, 02757-080, Brazil;-23,4861224;-46,6861869
350346;2016-01-27;18:24:00;20:01:00;2016-01-27 18:24:00;2016-01-27 20:01:00;SÃ£o Paulo, State of SÃ£o Paulo, Brazil;-23,5505199;-46,6333093999999
350347;2016-01-27;18:27:00;19:16:00;2016-01-27 18:27:00;2016-01-27 19:16:00;R. Alfredo Marcondes Machado, 10 - Freguesia do Ã“, SÃ£o Paulo - SP, 02757-080, Brazil;-23,4861224;-46,6861869
350348;2016-01-27;18:43:00;19:05:00;2016-01-27 18:43:00;2016-01-27 19:05:00;SÃ£o Paulo, State of SÃ£o Paulo, Brazil;-23,5505199;-46,6333093999999
350349;2016-01-27;19:23:00;21:53:00;2016-01-27 19:23:00;2016-01-27 21:53:00;SÃ£o Paulo, State of SÃ£o Paulo, Brazil;-23,5505199;-46,6333093999999
350350;2016-01-27;19:21:00;00:18:00;2016-01-27 19:21:00;2016-01-27 00:18:00;R. PÃ´rto Seguro - Luz, SÃ£o Paulo - SP, 01109-040, Brazil;-23,5227592;-46,6273632
350351;2016-01-27;16:55:00;19:35:00;2016-01-27 16:55:00;2016-01-27 19:35:00;SÃ£o Paulo, State of SÃ£o Paulo, Brazil;-23,5505199;-46,6333093999999
350352;2016-01-27;22:01:00;22:32:00;2016-01-27 22:01:00;2016-01-27 22:32:00;Av. Duque de Caxias, SÃ£o Paulo - SP, Brazil;-23,5378316;-46,6442562
350353;2016-01-27;21:15:00;00:34:00;2016-01-27 21:15:00;2016-01-27 00:34:00;R. Alfredo Marcondes Machado, 10 - Freguesia do Ã“, SÃ£o Paulo - SP, 02757-080, Brazil;-23,4861224;-46,6861869
352559;2016-12-03;16:50:00;17:00:00;2016-12-03 16:50:00;2016-12-03 17:00:00;Av. Nossa Senhora do Ã“, SÃ£o Paulo - SP, Brazil;-23,5041268;-46,6826885
352560;2016-12-05;08:27:00;08:42:00;2016-12-05 08:27:00;2016-12-05 08:42:00;R. Albuquerque Lins, SÃ£o Paulo - SP, Brazil;-23,53611;-46,6569622
352561;2016-12-05;10:12:00;10:19:00;2016-12-05 10:12:00;2016-12-05 10:19:00;Av. Santo Amaro, 7089;-23,6426165;-46,6995315
352562;2016-12-12;07:21:00;07:56:00;2016-12-12 07:21:00;2016-12-12 07:56:00;Av. Jornalista Roberto Marinho, SÃ£o Paulo - SP, Brazil;-23,6242741;-46,6773558
352563;2016-12-12;08:34:00;10:07:00;2016-12-12 08:34:00;2016-12-12 10:07:00;R. Washington LuÃ­s, SÃ£o Paulo - SP, Brazil;-23,5378617;-46,6345956
352564;2016-12-12;09:00:00;09:15:00;2016-12-12 09:00:00;2016-12-12 09:15:00;R. Albuquerque Lins, SÃ£o Paulo - SP, Brazil;-23,53611;-46,6569622
352565;2016-12-12;11:26:00;12:35:00;2016-12-12 11:26:00;2016-12-12 12:35:00;Alameda Santo Amaro - Santo Amaro, SÃ£o Paulo - SP, Brazil;-23,6573889;-46,7061901
352566;2016-12-12;11:28:00;11:32:00;2016-12-12 11:28:00;2016-12-12 11:32:00;Rua GuriÃº - Jurubatuba, SÃ£o Paulo - SP, Brazil;-23,6736704;-46,6995076
352567;2016-12-12;11:44:00;13:45:00;2016-12-12 11:44:00;2016-12-12 13:45:00;R. SÃ£o Francisco - SÃ©, SÃ£o Paulo - SP, Brazil;-23,5491102;-46,6379728
352569;2016-12-12;12:14:00;13:47:00;2016-12-12 12:14:00;2016-12-12 13:47:00;Av. Marginal Tietê, 13939;-23,5117509;-46,6821296
352570;2016-12-12;12:32:00;15:50:00;2016-12-12 12:32:00;2016-12-12 15:50:00;Av. Raimundo Pereira de Magalhães, 12877;-23,4302815;-46,7210277
352571;2016-12-12;12:09:00;15:50:00;2016-12-12 12:09:00;2016-12-12 15:50:00;Av. Raimundo Pereira de Magalhães, 14900;-23,4091322;-46,7348755
352572;2016-12-12;13:25:00;15:18:00;2016-12-12 13:25:00;2016-12-12 15:18:00;SÃ£o Paulo, State of SÃ£o Paulo, Brazil;-23,5505199;-46,6333093999999
352573;2016-12-12;13:29:00;15:18:00;2016-12-12 13:29:00;2016-12-12 15:18:00;R. Pôrto Seguro, 163 - Luz;-24;-47
352574;2016-12-12;13:30:00;15:23:00;2016-12-12 13:30:00;2016-12-12 15:23:00;Rua 45 - Jaguare, SÃ£o Paulo - SP, Brazil;-23,5425779;-46,7537571
352575;2016-12-12;13:50:00;15:19:00;2016-12-12 13:50:00;2016-12-12 15:19:00;Av. Paschoal Ardito, 1349 - Vila Belvedere, Americana - SP, 13477-000, Brazil;-23,5435609;-46,627095
352576;2016-12-12;13:56:00;14:23:00;2016-12-12 13:56:00;2016-12-12 14:23:00;Viela Dezessete - BrasilÃ¢ndia, SÃ£o Paulo - SP, Brazil;-23,4612964;-46,6951142
352577;2016-12-12;14:21:00;15:20:00;2016-12-12 14:21:00;2016-12-12 15:20:00;Avenida Aricanduva, 4053;-23,558507;-46,5137408
352578;2016-12-12;14:24:00;15:19:00;2016-12-12 14:24:00;2016-12-12 15:19:00;R. OscÃ¡r Siebel - Vila Nova York, SÃ£o Paulo - SP, Brazil;-23,5726363;-46,50654
352579;2016-12-12;14:28:00;15:37:00;2016-12-12 14:28:00;2016-12-12 15:37:00;Viaduto Eng. Alberto Badra - Jardim America da Penha, SÃ£o Paulo - SP, Brazil;-23,5326117;-46,5504949
352580;2016-12-12;14:28:00;21:17:00;2016-12-12 14:28:00;2016-12-12 21:17:00;R. Manilha, SÃ£o Paulo - SP, Brazil;-23,5500602;-46,5271754
352581;2016-12-12;14:30:00;15:19:00;2016-12-12 14:30:00;2016-12-12 15:19:00;Av. Rio das Pedras, 3783;-23,5824862;-46,4967297
352582;2016-12-12;14:30:00;15:19:00;2016-12-12 14:30:00;2016-12-12 15:19:00;R. Dorival LourenÃ§o da Silva - Parque Maria Luiza, SÃ£o Paulo - SP, Brazil;-23,5577867;-46,5179911
352583;2016-12-12;14:34:00;15:20:00;2016-12-12 14:34:00;2016-12-12 15:20:00;Av. dos Latinos, SÃ£o Paulo - SP, Brazil;-23,5728813;-46,4983231
352584;2016-12-12;14:42:00;15:19:00;2016-12-12 14:42:00;2016-12-12 15:19:00;R. Adustina - Jardim Santa Maria, SÃ£o Paulo - SP, 03574-050, Brazil;-23,5574443;-46,5128823
352585;2016-12-12;15:16:00;17:52:00;2016-12-12 15:16:00;2016-12-12 17:52:00;Rua 20 DE Julho - Vila AmÃ©lia, SÃ£o Paulo - SP, 02615-070, Brazil;-23,4710174;-46,6552008
352586;2016-12-12;21:27:00;04:16:00;2016-12-12 21:27:00;2016-12-12 04:16:00;R. Albuquerque Lins - Santa Cecilia, SÃ£o Paulo - SP, Brazil;-23,53611;-46,6569622
352587;2016-12-13;07:53:00;07:56:00;2016-12-13 07:53:00;2016-12-13 07:56:00;Av. Jornalista Roberto Marinho, SÃ£o Paulo - SP, Brazil;-23,6242741;-46,6773558
352588;2016-12-18;16:03:00;17:34:00;2016-12-18 16:03:00;2016-12-18 17:34:00;R. Alfredo Marcondes Machado, 10 - Freguesia do Ã“, SÃ£o Paulo - SP, 02757-080, Brazil;-23,4861224;-46,6861869
352589;2016-12-18;16:11:00;17:38:00;2016-12-18 16:11:00;2016-12-18 17:38:00;Altura do NÃºmero 47 - Av. Professor JosÃ© Maria Alkmin, S/N - Jardim Esmeralda, SÃ£o Paulo - SP, 05366-100, Brazil;-23,5734002;-46,7573193
352590;2016-12-18;16:18:00;17:55:00;2016-12-18 16:18:00;2016-12-18 17:55:00;Av. Queiroz Filho, SÃ£o Paulo - SP, Brazil;-23,5395715;-46,7279247
352591;2016-12-18;16:12:00;17:35:00;2016-12-18 16:12:00;2016-12-18 17:35:00;Pte. das Bandeiras - Luz, SÃ£o Paulo - SP, Brazil;-23,5187464;-46,6300234
352592;2016-12-18;17:37:00;18:24:00;2016-12-18 17:37:00;2016-12-18 18:24:00;Av. Pres. Castelo Branco - Pte. Pequena;-23,5188564;-46,6441499
352593;2016-12-18;17:07:00;17:34:00;2016-12-18 17:07:00;2016-12-18 17:34:00;R. Alfredo Marcondes Machado, 10 - Freguesia do Ã“, SÃ£o Paulo - SP, 02757-080, Brazil;-23,4861224;-46,6861869
352594;2016-12-18;17:16:00;20:12:00;2016-12-18 17:16:00;2016-12-18 20:12:00;R. Guilherme Gama, 82 - Jardim Olinda, SÃ£o Paulo - SP, 04368-120, Brazil;-23,6577071;-46,6654418
352595;2016-12-21;17:19:00;17:19:00;2016-12-21 17:19:00;2016-12-21 17:19:00;R. AntÃ´nio de Barros, SÃ£o Paulo - SP, Brazil;-23,54304;-46,5566527999999
352596;2016-12-21;17:22:00;19:11:00;2016-12-21 17:22:00;2016-12-21 19:11:00;Pte. Eng. Ari Torres - Cidade Jardim, SÃ£o Paulo - SP, Brazil;-23,5945207;-46,6935321
352597;2016-12-21;17:23:00;19:40:00;2016-12-21 17:23:00;2016-12-21 19:40:00;R. NÃ©lson Francisco - LimÃ£o, SÃ£o Paulo - SP, 02712-100, Brazil;-23,5046955;-46,6804069
352598;2016-12-21;17:28:00;18:09:00;2016-12-21 17:28:00;2016-12-21 18:09:00;Liberdade, SÃ£o Paulo - State of SÃ£o Paulo, Brazil;-23,5600627;-46,6327578
352599;2016-12-21;17:25:00;18:10:00;2016-12-21 17:25:00;2016-12-21 18:10:00;Av. Rudge, SÃ£o Paulo - SP, Brazil;-23,5226307;-46,6509496
352600;2016-12-21;17:32:00;18:12:00;2016-12-21 17:32:00;2016-12-21 18:12:00;Av. 11 de Junho, SÃ£o Paulo - SP, Brazil;-23,6014547;-46,6443823
352601;2016-12-21;17:36:00;18:09:00;2016-12-21 17:36:00;2016-12-21 18:09:00;Liberdade, SÃ£o Paulo - State of SÃ£o Paulo, Brazil;-23,5600627;-46,6327578
352602;2016-12-21;17:45:00;17:55:00;2016-12-21 17:45:00;2016-12-21 17:55:00;Av. Prof. AbraÃ£o de Morais, SÃ£o Paulo - SP, Brazil;-23,6190603;-46,6280469
352603;2016-12-21;17:41:00;17:59:00;2016-12-21 17:41:00;2016-12-21 17:59:00;Av. Ibirapuera, SÃ£o Paulo - SP, Brazil;-23,6019783;-46,6608019
352604;2016-12-21;17:59:00;18:46:00;2016-12-21 17:59:00;2016-12-21 18:46:00;Rua Jaime de Oliveira e Souza - Jurubatuba, SÃ£o Paulo - SP, Brazil;-23,6809505;-46,6932288
352605;2016-12-21;18:01:00;18:46:00;2016-12-21 18:01:00;2016-12-21 18:46:00;Av. Octalles Marcondes Ferreira - Jurubatuba, SÃ£o Paulo - SP, Brazil;-23,6759042;-46,6995602
352606;2016-12-21;18:02:00;18:38:00;2016-12-21 18:02:00;2016-12-21 18:38:00;Viaduto Santo Amaro - Brooklin Paulista, SÃ£o Paulo - SP, 04555-010, Brazil;-23,6085603;-46,6765860999999
352607;2016-12-21;18:06:00;17:53:00;2016-12-21 18:06:00;2016-12-21 17:53:00;R. Francisco TapajÃ³s, SÃ£o Paulo - SP, Brazil;-23,6261209;-46,6249828
352608;2016-12-21;17:52:00;17:47:00;2016-12-21 17:52:00;2016-12-21 17:47:00;9 de Julho, SÃ£o Paulo - SP, Brazil;-23,5666493;-46,6587609
352609;2016-12-21;18:13:00;18:53:00;2016-12-21 18:13:00;2016-12-21 18:53:00;R. Guilherme Gama, 82 - Jardim Olinda, SÃ£o Paulo - SP, 04368-120, Brazil;-23,6577071;-46,6654418
352610;2016-12-21;17:27:00;17:37:00;2016-12-21 17:27:00;2016-12-21 17:37:00;Altura do NÃºmero 47 - Av. Professor JosÃ© Maria Alkmin, S/N - Jardim Esmeralda, SÃ£o Paulo - SP, 05366-100, Brazil;-23,5734002;-46,7573193
352611;2016-12-21;18:08:00;18:33:00;2016-12-21 18:08:00;2016-12-21 18:33:00;R. Itamumbuca, SÃ£o Paulo - SP, Brazil;-23,583638;-46,5822536
352612;2016-12-21;18:30:00;19:52:00;2016-12-21 18:30:00;2016-12-21 19:52:00;Av. Santo Amaro, SÃ£o Paulo - SP, Brazil;-23,617729;-46,6818226
352613;2016-12-21;19:28:00;19:31:00;2016-12-21 19:28:00;2016-12-21 19:31:00;R. Jaceru, SÃ£o Paulo - SP, Brazil;-23,6223737;-46,6940864
352614;2016-12-21;20:15:00;20:17:00;2016-12-21 20:15:00;2016-12-21 20:17:00;R. Alfredo Marcondes Machado, 10 - Freguesia do Ã“, SÃ£o Paulo - SP, 02757-080, Brazil;-23,4861224;-46,6861869
352615;2016-12-21;18:46:00;;2016-12-21 18:46:00;2016-12-21 ;Rua GlicÃ©rio, SÃ£o Paulo - SP, Brazil;-23,5560709;-46,6291905
352616;2016-12-21;18:41:00;19:11:00;2016-12-21 18:41:00;2016-12-21 19:11:00;Ponte Engenheiro Roberto Rossi Zuccolo, SÃ£o Paulo - SP, Brazil;-23,5868205;-46,6914047
352617;2016-12-21;18:33:00;18:38:00;2016-12-21 18:33:00;2016-12-21 18:38:00;R. Manilha, SÃ£o Paulo - SP, Brazil;-23,5500602;-46,5271754
352618;2016-12-21;18:38:00;19:39:00;2016-12-21 18:38:00;2016-12-21 19:39:00;R. Anhanguera - Barra Funda, SÃ£o Paulo - SP, Brazil;-23,5231648;-46,6528694
352619;2016-12-21;18:01:00;18:31:00;2016-12-21 18:01:00;2016-12-21 18:31:00;Altura do nÃºmero 200 - Av. Fuad Lutfalla, 200 - Pirituba, SP, 02934-000, Brazil;-23,4880359;-46,7107746
352620;2016-12-21;17:45:00;19:46:00;2016-12-21 17:45:00;2016-12-21 19:46:00;R. Gen. OsÃ³rio, SÃ£o Paulo - SP, Brazil;-23,5375715;-46,6417511999999
352621;2016-12-21;17:58:00;18:10:00;2016-12-21 17:58:00;2016-12-21 18:10:00;Av. JurucÃª - IndianÃ³polis, SÃ£o Paulo - SP, Brazil;-23,6098822;-46,6606089
352622;2016-12-21;18:38:00;19:39:00;2016-12-21 18:38:00;2016-12-21 19:39:00;Av. Lins de Vasconcelos, 369 - Cambuci, SÃ£o Paulo - SP, 01537-000, Brazil;-23,5665873;-46,6216046
352623;2016-12-21;18:26:00;18:32:00;2016-12-21 18:26:00;2016-12-21 18:32:00;R. Rossio do Carmo - Vila Rica, SÃ£o Paulo - SP, Brazil;-23,4716009;-46,6706607
352624;2016-12-21;17:22:00;18:41:00;2016-12-21 17:22:00;2016-12-21 18:41:00;R. Alfredo Marcondes Machado, 10 - Freguesia do Ã“, SÃ£o Paulo - SP, 02757-080, Brazil;-23,4861224;-46,6861869
352625;2016-12-21;21:09:00;21:38:00;2016-12-21 21:09:00;2016-12-21 21:38:00;Av. Professor Vicente Rao, SÃ£o Paulo - SP, Brazil;-23,6347622;-46,6790151999999
352626;2016-12-23;17:47:00;19:17:00;2016-12-23 17:47:00;2016-12-23 19:17:00;SÃ£o Paulo, State of SÃ£o Paulo, Brazil;-23,5505199;-46,6333093999999
352627;2016-12-23;17:49:00;19:00:00;2016-12-23 17:49:00;2016-12-23 19:00:00;SÃ£o Paulo, State of SÃ£o Paulo, Brazil;-23,5505199;-46,6333093999999
352628;2016-12-23;18:25:00;19:17:00;2016-12-23 18:25:00;2016-12-23 19:17:00;Av. Ãlvaro Ramos, SÃ£o Paulo - SP, Brazil;-23,5475528;-46,5829972
352629;2016-12-23;19:08:00;19:30:00;2016-12-23 19:08:00;2016-12-23 19:30:00;Av. Ãguia de Haia, SÃ£o Paulo - SP, Brazil;-23,5225168;-46,4753974
352630;2016-12-28;16:04:00;17:06:00;2016-12-28 16:04:00;2016-12-28 17:06:00;Av. Cabo AdÃ£o Pereira, SÃ£o Paulo - SP, Brazil;-23,4842291;-46,7162598
352631;2016-12-28;16:14:00;17:06:00;2016-12-28 16:14:00;2016-12-28 17:06:00;R. Manoel Barbosa, SÃ£o Paulo - SP, Brazil;-23,4885481;-46,712238
352632;2016-12-28;16:27:00;17:03:00;2016-12-28 16:27:00;2016-12-28 17:03:00;Av. Paula Ferreira, SÃ£o Paulo - SP, Brazil;-23,4953911;-46,7137194
352633;2016-12-28;17:38:00;19:30:00;2016-12-28 17:38:00;2016-12-28 19:30:00;SÃ£o Paulo, State of SÃ£o Paulo, Brazil;-23,5505199;-46,6333093999999
352634;2016-12-29;17:51:00;18:39:00;2016-12-29 17:51:00;2016-12-29 18:39:00;Av. AntÃ´nio Munhoz Bonilha, SÃ£o Paulo - SP, Brazil;-23,4991474;-46,6837398
352635;2016-12-29;17:52:00;18:14:00;2016-12-29 17:52:00;2016-12-29 18:14:00;PraÃ§a Luiz Carlos Mesquita - VÃ¡rzea da Barra Funda, SÃ£o Paulo - SP, Brazil;-23,5215486;-46,6680949
352636;2016-12-29;17:59:00;18:49:00;2016-12-29 17:59:00;2016-12-29 18:49:00;Av. Brasil, SÃ£o Paulo - SP, Brazil;-23,5714599;-46,6696667999999
352637;2016-12-29;17:59:00;18:27:00;2016-12-29 17:59:00;2016-12-29 18:27:00;Viaduto AntÃ´nio Sanches de Larragoiti JÃºnior - Vila Jacui, SÃ£o Paulo - SP, Brazil;-23,5148784;-46,4558687
352638;2016-12-29;18:01:00;18:17:00;2016-12-29 18:01:00;2016-12-29 18:17:00;R. AntÃ´nio de Barros, SÃ£o Paulo - SP, Brazil;-23,54304;-46,5566527999999
352639;2016-12-29;18:04:00;18:38:00;2016-12-29 18:04:00;2016-12-29 18:38:00;R. SÃ©rgio TomÃ¡s, SÃ£o Paulo - SP, Brazil;-23,521417;-46,6470518
352640;2016-12-29;18:07:00;18:27:00;2016-12-29 18:07:00;2016-12-29 18:27:00;R. Manoel Dutra - Bela Vista, SÃ£o Paulo - SP, Brazil;-23,5555126;-46,6467120999999
352641;2016-12-29;18:08:00;19:01:00;2016-12-29 18:08:00;2016-12-29 19:01:00;R. Guilherme Gama, 82 - Jardim Olinda, SÃ£o Paulo - SP, 04368-120, Brazil;-23,6577071;-46,6654418
352642;2016-12-29;18:13:00;18:49:00;2016-12-29 18:13:00;2016-12-29 18:49:00;9 de Julho, SÃ£o Paulo - SP, Brazil;-23,5666493;-46,6587609
352643;2016-12-29;18:14:00;18:35:00;2016-12-29 18:14:00;2016-12-29 18:35:00;SÃ£o Paulo, State of SÃ£o Paulo, Brazil;-23,5505199;-46,6333093999999
352644;2016-12-29;18:15:00;21:06:00;2016-12-29 18:15:00;2016-12-29 21:06:00;SÃ£o Paulo, State of SÃ£o Paulo, Brazil;-23,5505199;-46,6333093999999
352645;2016-12-29;18:16:00;18:49:00;2016-12-29 18:16:00;2016-12-29 18:49:00;R. Terra Brasileira - Cidade Antonio EstevÃ£o de Carvalho, SÃ£o Paulo - SP, Brazil;-23,5229778;-46,4701518
352646;2016-12-29;18:19:00;20:29:00;2016-12-29 18:19:00;2016-12-29 20:29:00;SÃ£o Paulo, State of SÃ£o Paulo, Brazil;-23,5505199;-46,6333093999999
352647;2016-12-29;18:21:00;19:13:00;2016-12-29 18:21:00;2016-12-29 19:13:00;Av. Itaquera - Parque Maria Luiza, SÃ£o Paulo - SP, Brazil;-23,5537567;-46,4898454
352648;2016-12-29;18:26:00;18:44:00;2016-12-29 18:26:00;2016-12-29 18:44:00;Av. Professor Luiz IgnÃ¡cio Anhaia Mello, SÃ£o Paulo - SP, Brazil;-23,5902935;-46,5437632
352649;2016-12-29;18:29:00;18:49:00;2016-12-29 18:29:00;2016-12-29 18:49:00;SÃ£o Paulo, State of SÃ£o Paulo, Brazil;-23,5505199;-46,6333093999999
352650;2016-12-29;18:31:00;19:21:00;2016-12-29 18:31:00;2016-12-29 19:21:00;Av. Conde de Frontin, SÃ£o Paulo - SP, Brazil;-23,5334525;-46,5402058
352651;2016-12-29;18:32:00;19:01:00;2016-12-29 18:32:00;2016-12-29 19:01:00;R. Alfredo Marcondes Machado, 10 - Freguesia do Ã“, SÃ£o Paulo - SP, 02757-080, Brazil;-23,4861224;-46,6861869
352652;2016-12-29;18:43:00;18:52:00;2016-12-29 18:43:00;2016-12-29 18:52:00;Viaduto Grande SÃ£o Paulo - Ipiranga, SÃ£o Paulo - SP, Brazil;-23,5875007;-46,593084
352653;2016-12-29;18:56:00;;2016-12-29 18:56:00;2016-12-29 ;Av. Itaquera - Parque Maria Luiza, SÃ£o Paulo - SP, Brazil;-23,5537567;-46,4898454
352654;2016-12-29;19:05:00;19:13:00;2016-12-29 19:05:00;2016-12-29 19:13:00;R. Alfredo Marcondes Machado, 10 - Freguesia do Ã“, SÃ£o Paulo - SP, 02757-080, Brazil;-23,4861224;-46,6861869
352655;2016-12-29;19:06:00;19:13:00;2016-12-29 19:06:00;2016-12-29 19:13:00;Rua Brazelisa Alves de Carvalho, SÃ£o Paulo - SP, Brazil;-23,5132423;-46,6505619
352656;2016-12-29;18:03:00;18:27:00;2016-12-29 18:03:00;2016-12-29 18:27:00;Alameda Barros, SÃ£o Paulo - SP, Brazil;-23,5365749;-46,6557659
352657;2016-12-29;20:01:00;20:03:00;2016-12-29 20:01:00;2016-12-29 20:03:00;R. Alfredo Marcondes Machado, 10 - Freguesia do Ã“, SÃ£o Paulo - SP, 02757-080, Brazil;-23,4861224;-46,6861869
352658;2016-12-29;19:36:00;;2016-12-29 19:36:00;2016-12-29 ;R. Alfredo Marcondes Machado, 10 - Freguesia do Ã“, SÃ£o Paulo - SP, 02757-080, Brazil;-23,4861224;-46,6861869
360566;2016-11-03;09:42:00;10:45:00;2016-11-03 09:42:00;2016-11-03 10:45:00;R. SÃ£o Francisco - SÃ©, SÃ£o Paulo - SP, Brazil;-23,5491102;-46,6379728
360567;2016-11-03;09:36:00;12:20:00;2016-11-03 09:36:00;2016-11-03 12:20:00;R. Pais Leme - Pinheiros, SÃ£o Paulo - SP, Brazil;-23,5676914;-46,6988669
360568;2016-11-03;09:40:00;12:12:00;2016-11-03 09:40:00;2016-11-03 12:12:00;SÃ£o Paulo, State of SÃ£o Paulo, Brazil;-23,5505199;-46,6333093999999
360569;2016-11-03;09:43:00;11:46:00;2016-11-03 09:43:00;2016-11-03 11:46:00;Ponte Engenheiro Roberto Rossi Zuccolo, SÃ£o Paulo - SP, Brazil;-23,5868205;-46,6914047
360570;2016-11-03;09:44:00;12:04:00;2016-11-03 09:44:00;2016-11-03 12:04:00;SÃ£o Paulo, State of SÃ£o Paulo, Brazil;-23,5505199;-46,6333093999999
360571;2016-11-03;09:44:00;14:15:00;2016-11-03 09:44:00;2016-11-03 14:15:00;Pte. Estaiada Gov. Orestes QuÃ©rcia - Via Prof. SimÃ£o Faiguenboim - Bom Retiro, SÃ£o Paulo - SP, 01142-300, Brazil;-23,5180441;-46,6383614
360572;2016-11-03;10:06:00;13:50:00;2016-11-03 10:06:00;2016-11-03 13:50:00;Rua Robert Bosch - Parque Industrial Tomas Edson, SÃ£o Paulo - SP, Brazil;-23,5222492;-46,6713254999999
360573;2016-11-03;10:07:00;11:26:00;2016-11-03 10:07:00;2016-11-03 11:26:00;Av. Pres. Castelo Branco - Pte. Pequena;-23,5188564;-46,6441499
360574;2016-11-03;10:09:00;11:27:00;2016-11-03 10:09:00;2016-11-03 11:27:00;Av. Pres. Castelo Branco - Pte. Pequena;-23,5188564;-46,6441499
360575;2016-11-03;10:21:00;10:42:00;2016-11-03 10:21:00;2016-11-03 10:42:00;R. Ribeiro Lacerda, SÃ£o Paulo - SP, Brazil;-23,619077;-46,6234678
360576;2016-11-03;10:31:00;16:59:00;2016-11-03 10:31:00;2016-11-03 16:59:00;R. Alfredo Marcondes Machado, 10 - Freguesia do Ã“, SÃ£o Paulo - SP, 02757-080, Brazil;-23,4861224;-46,6861869
360577;2016-11-03;10:46:00;10:50:00;2016-11-03 10:46:00;2016-11-03 10:50:00;SÃ£o Paulo, State of SÃ£o Paulo, Brazil;-23,5505199;-46,6333093999999
360578;2016-11-03;10:46:00;14:25:00;2016-11-03 10:46:00;2016-11-03 14:25:00;R. Alfredo Marcondes Machado, 10 - Freguesia do Ã“, SÃ£o Paulo - SP, 02757-080, Brazil;-23,4861224;-46,6861869
360579;2016-11-03;10:54:00;11:49:00;2016-11-03 10:54:00;2016-11-03 11:49:00;Ponte do Morumbi - Pte. do Morumbi - Jardim das Acacias, SÃ£o Paulo - SP, 05650-000, Brazil;-23,6181633;-46,7009973
360580;2016-11-03;11:12:00;12:20:00;2016-11-03 11:12:00;2016-11-03 12:20:00;Ponte OctÃ¡vio Frias de Oliveira - Jardim Panorama, SÃ£o Paulo - SP, 04583-105, Brazil;-23,6127701;-46,6988729
360581;2016-11-03;12:39:00;23:49:00;2016-11-03 12:39:00;2016-11-03 23:49:00;R. PÃ´rto Calvo - Luz, SÃ£o Paulo - SP, 01109-070, Brazil;-23,5227742;-46,6280496
360582;2016-11-03;13:14:00;19:23:00;2016-11-03 13:14:00;2016-11-03 19:23:00;Pte. JÃºlio de Mesquita Neto - Parque Industrial Tomas Edson, SÃ£o Paulo - SP, Brazil;-23,5131194;-46,6789086
360583;2016-11-03;10:28:00;14:25:00;2016-11-03 10:28:00;2016-11-03 14:25:00;SÃ£o Paulo, State of SÃ£o Paulo, Brazil;-23,5505199;-46,6333093999999
360584;2016-11-03;15:37:00;15:52:00;2016-11-03 15:37:00;2016-11-03 15:52:00;SÃ£o Paulo, State of SÃ£o Paulo, Brazil;-23,5505199;-46,6333093999999
360585;2016-11-06;17:05:00;19:49:00;2016-11-06 17:05:00;2016-11-06 19:49:00;Pte. da Vila Guilherme - Pari, SÃ£o Paulo - SP, Brazil;-23,5236847;-46,6111961999999
360586;2016-11-06;17:08:00;19:49:00;2016-11-06 17:08:00;2016-11-06 19:49:00;Pte. Cruzeiro do Sul - Luz, SÃ£o Paulo - SP, Brazil;-23,5195505;-46,6251524
360587;2016-11-06;17:10:00;19:49:00;2016-11-06 17:10:00;2016-11-06 19:49:00;Av. Pres. Castelo Branco - Pte. Pequena;-23,516267;-46,6665208
360588;2016-11-06;17:25:00;19:49:00;2016-11-06 17:25:00;2016-11-06 19:49:00;Av. Pres. Castelo Branco - Pte. Pequena;-23,5188564;-46,6441499
360589;2016-11-09;18:03:00;19:23:00;2016-11-09 18:03:00;2016-11-09 19:23:00;R. Alfredo Marcondes Machado, 10 - Freguesia do Ã“, SÃ£o Paulo - SP, 02757-080, Brazil;-23,4861224;-46,6861869
360590;2016-11-09;18:05:00;20:14:00;2016-11-09 18:05:00;2016-11-09 20:14:00;SÃ£o Paulo, State of SÃ£o Paulo, Brazil;-23,5505199;-46,6333093999999
360591;2016-11-09;18:07:00;19:24:00;2016-11-09 18:07:00;2016-11-09 19:24:00;SÃ£o Paulo, State of SÃ£o Paulo, Brazil;-23,5505199;-46,6333093999999
360592;2016-11-09;18:10:00;20:15:00;2016-11-09 18:10:00;2016-11-09 20:15:00;SÃ£o Paulo, State of SÃ£o Paulo, Brazil;-23,5505199;-46,6333093999999
360593;2016-11-09;18:13:00;18:14:00;2016-11-09 18:13:00;2016-11-09 18:14:00;R. Guilherme Gama, 82 - Jardim Olinda, SÃ£o Paulo - SP, 04368-120, Brazil;-23,6577071;-46,6654418
360594;2016-11-09;18:18:00;19:29:00;2016-11-09 18:18:00;2016-11-09 19:29:00;R. Cristalino Rolim de Freitas, SÃ£o Paulo - SP, Brazil;-23,6652608;-46,7064546999999
360595;2016-11-09;18:27:00;19:51:00;2016-11-09 18:27:00;2016-11-09 19:51:00;SÃ£o Paulo, State of SÃ£o Paulo, Brazil;-23,5505199;-46,6333093999999
360596;2016-11-09;18:30:00;19:26:00;2016-11-09 18:30:00;2016-11-09 19:26:00;Av. Pres. Castelo Branco - Pte. Pequena;-23,5188564;-46,6441499
360597;2016-11-09;18:36:00;18:20:00;2016-11-09 18:36:00;2016-11-09 18:20:00;SÃ£o Paulo, State of SÃ£o Paulo, Brazil;-23,5505199;-46,6333093999999
360598;2016-11-09;18:38:00;19:26:00;2016-11-09 18:38:00;2016-11-09 19:26:00;SÃ£o Paulo, State of SÃ£o Paulo, Brazil;-23,5505199;-46,6333093999999
360599;2016-11-09;18:38:00;19:22:00;2016-11-09 18:38:00;2016-11-09 19:22:00;SÃ£o Paulo, State of SÃ£o Paulo, Brazil;-23,5505199;-46,6333093999999
360600;2016-11-09;18:39:00;19:29:00;2016-11-09 18:39:00;2016-11-09 19:29:00;PraÃ§a Maj. Guilherme Rudge - Belenzinho, SÃ£o Paulo - SP, 03014-020, Brazil;-23,537315;-46,5889414
360601;2016-11-09;18:42:00;22:27:00;2016-11-09 18:42:00;2016-11-09 22:27:00;Pte. da Vila Guilherme - Pari, SÃ£o Paulo - SP, Brazil;-23,5236847;-46,6111961999999
360602;2016-11-09;18:42:00;20:30:00;2016-11-09 18:42:00;2016-11-09 20:30:00;SÃ£o Paulo, State of SÃ£o Paulo, Brazil;-23,5505199;-46,6333093999999
360603;2016-11-09;18:47:00;19:26:00;2016-11-09 18:47:00;2016-11-09 19:26:00;R. Guilherme Gama, 82 - Jardim Olinda, SÃ£o Paulo - SP, 04368-120, Brazil;-23,6577071;-46,6654418
360604;2016-11-09;18:52:00;19:51:00;2016-11-09 18:52:00;2016-11-09 19:51:00;Pte. da Vila Guilherme - Pari, SÃ£o Paulo - SP, Brazil;-23,5236847;-46,6111961999999
360605;2016-11-09;18:58:00;19:17:00;2016-11-09 18:58:00;2016-11-09 19:17:00;Rua Professor Campos de Oliveira, SÃ£o Paulo - SP, 04675-100, Brazil;-23,6713641;-46,6986711
360606;2016-11-09;19:59:00;22:10:00;2016-11-09 19:59:00;2016-11-09 22:10:00;Pte. Pres. JÃ¢nio Quadros - Vila Maria, SÃ£o Paulo - SP, Brazil;-23,5273616;-46,5967346
360607;2016-11-09;20:27:00;20:20:00;2016-11-09 20:27:00;2016-11-09 20:20:00;R. Alfredo Marcondes Machado, 10 - Freguesia do Ã“, SÃ£o Paulo - SP, 02757-080, Brazil;-23,4861224;-46,6861869
360608;2016-11-16;18:46:00;20:41:00;2016-11-16 18:46:00;2016-11-16 20:41:00;R. Belmiro Valverde - Vila Minerva, SÃ£o Paulo - SP, Brazil;-23,5422354;-46,4110053
360609;2016-11-16;18:59:00;20:42:00;2016-11-16 18:59:00;2016-11-16 20:42:00;R. Alfredo Marcondes Machado, 10 - Freguesia do Ã“, SÃ£o Paulo - SP, 02757-080, Brazil;-23,4861224;-46,6861869
360610;2016-11-16;19:04:00;20:06:00;2016-11-16 19:04:00;2016-11-16 20:06:00;Av. Ãguia de Haia, SÃ£o Paulo - SP, Brazil;-23,5225168;-46,4753974
360611;2016-11-16;19:46:00;19:55:00;2016-11-16 19:46:00;2016-11-16 19:55:00;R. Ibipetuba, 42 - Mooca, SÃ£o Paulo - SP, 03127-180, Brazil;-23,5757421;-46,5867286
360612;2016-11-28;17:01:00;17:36:00;2016-11-28 17:01:00;2016-11-28 17:36:00;Rua HipÃ³dromo, SÃ£o Paulo - SP, Brazil;-23,5473929;-46,6072566
360613;2016-11-28;16:57:00;17:36:00;2016-11-28 16:57:00;2016-11-28 17:36:00;Rua Monte Serrat, SÃ£o Paulo - SP, Brazil;-23,5448816;-46,5611081
360614;2016-11-28;17:25:00;17:53:00;2016-11-28 17:25:00;2016-11-28 17:53:00;Av. Ãguia de Haia, SÃ£o Paulo - SP, Brazil;-23,5225168;-46,4753974
360615;2016-11-28;17:42:00;17:55:00;2016-11-28 17:42:00;2016-11-28 17:55:00;Av. Professor Vicente Rao, SÃ£o Paulo - SP, Brazil;-23,6347622;-46,6790151999999
360616;2016-11-28;17:35:00;17:46:00;2016-11-28 17:35:00;2016-11-28 17:46:00;Av. AlcÃ¢ntara Machado, SÃ£o Paulo - SP, Brazil;-23,5476643;-46,602319
360617;2016-11-28;17:20:00;17:46:00;2016-11-28 17:20:00;2016-11-28 17:46:00;Av. Alcântara Machado, 3232;-23,5450276;-46,5956222
360618;2016-11-28;17:20:00;17:46:00;2016-11-28 17:20:00;2016-11-28 17:46:00;Av. Buenos AÃ­res - Vila Buenos Aires, SÃ£o Paulo - SP, Brazil;-23,5124276;-46,5173484
360619;2016-11-28;17:16:00;18:21:00;2016-11-28 17:16:00;2016-11-28 18:21:00;R. Ribeiro de Lima, SÃ£o Paulo - SP, Brazil;-23,531499;-46,6363144
360620;2016-11-28;17:16:00;18:21:00;2016-11-28 17:16:00;2016-11-28 18:21:00;Av. Dom Hélder Câmara;-23,5163214;-46,5175155
360621;2016-11-28;17:15:00;18:23:00;2016-11-28 17:15:00;2016-11-28 18:23:00;R. Sd. SÃ©rgio Bernardino - Parque Novo Mundo, SÃ£o Paulo - SP, Brazil;-23,5200154;-46,5672319
360622;2016-11-28;17:12:00;17:52:00;2016-11-28 17:12:00;2016-11-28 17:52:00;Túnel Papa João Paulo II;-24;-46,637027
360623;2016-11-28;17:08:00;17:29:00;2016-11-28 17:08:00;2016-11-28 17:29:00;PraÃ§a JÃºlio Prestes - Campos ElÃ­seos, SÃ£o Paulo - SP, Brazil;-23,5348892;-46,6409927
360624;2016-11-28;17:07:00;17:33:00;2016-11-28 17:07:00;2016-11-28 17:33:00;Av. do Estado, 2513;-23,6063101;-46,5507005
360625;2016-11-28;17:05:00;18:56:00;2016-11-28 17:05:00;2016-11-28 18:56:00;R. Curuçá, 10;-23,5100639;-46,5948216
360626;2016-11-28;16:59:00;17:21:00;2016-11-28 16:59:00;2016-11-28 17:21:00;R. AntÃ´nio de Barros, SÃ£o Paulo - SP, Brazil;-23,54304;-46,5566527999999
360627;2016-11-28;16:58:00;18:36:00;2016-11-28 16:58:00;2016-11-28 18:36:00;R. Cantareira, SÃ£o Paulo - SP, Brazil;-23,5372298;-46,6281626
360628;2016-11-28;16:58:00;18:21:00;2016-11-28 16:58:00;2016-11-28 18:21:00;Assis Ribeiro, 1400;-23,5050371;-47
360629;2016-11-28;16:57:00;17:36:00;2016-11-28 16:57:00;2016-11-28 17:36:00;Rua Monte Serrat, SÃ£o Paulo - SP, Brazil;-23,5448816;-46,5611081
360630;2016-11-28;16:45:00;17:19:00;2016-11-28 16:45:00;2016-11-28 17:19:00;9 de Julho, SÃ£o Paulo - SP, Brazil;-23,5666493;-46,6587609
360631;2016-11-29;03:08:00;04:00:00;2016-11-29 03:08:00;2016-11-29 04:00:00;Av. Gen. Lamartine, SÃ£o Paulo - SP, 03541-110, Brazil;-23,5319894;-46,5211847
360632;2016-11-29;03:24:00;03:55:00;2016-11-29 03:24:00;2016-11-29 03:55:00;Av. SÃ£o Miguel, SÃ£o Paulo - SP, Brazil;-23,5071896;-46,4862554
360633;2016-11-29;03:25:00;09:48:00;2016-11-29 03:25:00;2016-11-29 09:48:00;PraÃ§a JerusalÃ©m - Bom Retiro, SÃ£o Paulo - SP, Brazil;-23,5214476;-46,6407377
360634;2016-11-29;06:03:00;13:10:00;2016-11-29 06:03:00;2016-11-29 13:10:00;Av. Pres. Castelo Branco - Pte. Pequena;-23,5188564;-46,6441499
360635;2016-11-29;07:42:00;09:51:00;2016-11-29 07:42:00;2016-11-29 09:51:00;R. Brg. Tobias, 780;-23,5361921;-46,633931
360636;2016-11-29;08:59:00;09:13:00;2016-11-29 08:59:00;2016-11-29 09:13:00;R. Alfredo Maia, 780;-23,5267502;-46,6297147
369636;2016-10-03;14:28:00;22:19:00;2016-10-03 14:28:00;2016-10-03 22:19:00;Av. Sen. QueirÃ³s - Centro, SÃ£o Paulo - SP, Brazil;-23,5394056;-46,6327876999999
369637;2016-10-03;17:16:00;22:34:00;2016-10-03 17:16:00;2016-10-03 22:34:00;Av. Gen. Ataliba Leonel;-23,4963241;-46,6104741
369638;2016-10-04;08:31:00;08:37:00;2016-10-04 08:31:00;2016-10-04 08:37:00;Rua Ângelo Colucci, 115;-23,5875499;-46,7231942
369639;2016-10-04;10:54:00;14:32:00;2016-10-04 10:54:00;2016-10-04 14:32:00;R. Florêncio de Abreu, 671 ;-23,5381205;-46,6329904
369640;2016-10-06;21:41:00;22:50:00;2016-10-06 21:41:00;2016-10-06 22:50:00;R. Estados Unidos, 671;-23,5719521;-46,662813
369641;2016-10-13;16:33:00;19:05:00;2016-10-13 16:33:00;2016-10-13 19:05:00;R. Saldanha Marinho - Belenzinho, SÃ£o Paulo - SP, Brazil;-23,5391526;-46,5986304
369642;2016-10-13;18:18:00;18:20:00;2016-10-13 18:18:00;2016-10-13 18:20:00;Rua Maria Leocadia - Vila Buenos Aires, SÃ£o Paulo - SP, 03736-240, Brazil;-23,5134238;-46,5183308
369643;2016-10-14;18:06:00;18:23:00;2016-10-14 18:06:00;2016-10-14 18:23:00;R. Belmiro Valverde - Vila Minerva, SÃ£o Paulo - SP, Brazil;-23,5422354;-46,4110053
369644;2016-10-17;17:00:00;17:12:00;2016-10-17 17:00:00;2016-10-17 17:12:00;R. do Ouvidor - SÃ©, SÃ£o Paulo - SP, 01005-030, Brazil;-23,5488819;-46,6377083
369645;2016-10-17;17:08:00;17:28:00;2016-10-17 17:08:00;2016-10-17 17:28:00;9 de Julho, SÃ£o Paulo - SP, Brazil;-23,5666493;-46,6587609
369646;2016-10-17;17:08:00;17:28:00;2016-10-17 17:08:00;2016-10-17 17:28:00;R. da Coroa - Vila Guilherme, SÃ£o Paulo - SP, Brazil;-23,5189874;-46,6128009
369647;2016-10-17;17:15:00;17:24:00;2016-10-17 17:15:00;2016-10-17 17:24:00;Av. Pres. Castelo Branco - Pte. Pequena;-23,5188564;-46,6441499
369648;2016-10-18;15:24:00;15:34:00;2016-10-18 15:24:00;2016-10-18 15:34:00;PraÃ§a da Bandeira, SÃ£o Paulo - SP, Brazil;-23,55043;-46,6381427
369649;2016-10-18;15:43:00;16:01:00;2016-10-18 15:43:00;2016-10-18 16:01:00;Av. Rangel Pestana, SÃ£o Paulo - SP, Brazil;-23,5454357;-46,6209075
369650;2016-10-18;17:08:00;10:19:00;2016-10-18 17:08:00;2016-10-18 10:19:00;Av. Cruzeiro do Sul, 400;-23,5286935;-46,6243325
369651;2016-10-20;17:23:00;20:03:00;2016-10-20 17:23:00;2016-10-20 20:03:00;R. Dr. Alberto da Silveira, SÃ£o Paulo - SP, Brazil;-23,5871927;-46,6951347
369652;2016-10-20;18:18:00;18:48:00;2016-10-20 18:18:00;2016-10-20 18:48:00;PraÃ§a Miguel Dell'Erba, SÃ£o Paulo - SP, Brazil;-23,5201007;-46,7008095
369653;2016-10-20;20:26:00;21:44:00;2016-10-20 20:26:00;2016-10-20 21:44:00;Av. Raimundo Pereira de Magalhães;-24;-47
369654;2016-10-20;18:20:00;18:51:00;2016-10-20 18:20:00;2016-10-20 18:51:00;R. ClÃ©lia, SÃ£o Paulo - SP, Brazil;-23,5249657;-46,6936013
369655;2016-10-20;18:04:00;18:06:00;2016-10-20 18:04:00;2016-10-20 18:06:00;R. SÃ£o Francisco - SÃ©, SÃ£o Paulo - SP, Brazil;-23,5491102;-46,6379728
369656;2016-10-20;17:52:00;17:56:00;2016-10-20 17:52:00;2016-10-20 17:56:00;SP-330, SÃ£o Paulo, Brazil;-23,5112612;-46,7273798
369657;2016-10-20;17:35:00;17:54:00;2016-10-20 17:35:00;2016-10-20 17:54:00;Pte. AtÃ­lio Fontana, SÃ£o Paulo - SP, Brazil;-23,5145798;-46,7258647
369658;2016-10-20;17:23:00;20:03:00;2016-10-20 17:23:00;2016-10-20 20:03:00;R. Dr. Alberto da Silveira, SÃ£o Paulo - SP, Brazil;-23,5871927;-46,6951347
369659;2016-10-20;17:07:00;17:23:00;2016-10-20 17:07:00;2016-10-20 17:23:00;R. Circular do Bosque, SÃ£o Paulo - SP, Brazil;-23,5875248;-46,7020951
369660;2016-10-20;17:07:00;17:23:00;2016-10-20 17:07:00;2016-10-20 17:23:00;Av. Prof. Francisco Morato, SÃ£o Paulo - SP, Brazil;-23,5890554;-46,7286596
369661;2016-10-20;17:07:00;17:23:00;2016-10-20 17:07:00;2016-10-20 17:23:00;Rua OlÃ­via Feder - Jardim Paulistano, SÃ£o Paulo - SP, Brazil;-23,5873826;-46,6893888
369662;2016-10-21;07:47:00;12:26:00;2016-10-21 07:47:00;2016-10-21 12:26:00;Av. Lineu De Paula Machado, 1263;-23,5838714;-46,6989559
369663;2016-10-21;08:29:00;08:58:00;2016-10-21 08:29:00;2016-10-21 08:58:00;R. FlorÃªncio de Abreu, SÃ£o Paulo - SP, Brazil;-23,5403734;-46,6328346
369664;2016-10-21;07:47:00;12:26:00;2016-10-21 07:47:00;2016-10-21 12:26:00;Av. Lineu de Paula Machado, 356;-23,5756586;-46,7029315
369665;2016-10-21;15:25:00;16:25:00;2016-10-21 15:25:00;2016-10-21 16:25:00;Av. Lineu de Paula Machado, 370;-23,5760007;-46,7029239
369666;2016-10-25;06:55:00;07:12:00;2016-10-25 06:55:00;2016-10-25 07:12:00;Viaduto do Chá, 50;-23,5472422;-46,6370252
369667;2016-10-26;09:13:00;09:40:00;2016-10-26 09:13:00;2016-10-26 09:40:00;Av. Sen. QueirÃ³s - Centro, SÃ£o Paulo - SP, Brazil;-23,5394056;-46,6327876999999
369668;2016-10-27;09:13:00;09:40:00;2016-10-27 09:13:00;2016-10-27 09:40:00;Av. Ver. José Diniz, 3300;-23,61898;-46,6761248
369669;2016-10-27;05:54:00;06:33:00;2016-10-27 05:54:00;2016-10-27 06:33:00;AV VINTE E TRES DE MAIO;-24;-47
369670;2016-10-27;06:15:00;06:36:00;2016-10-27 06:15:00;2016-10-27 06:36:00;Viaduto João Julião da Costa Águiar - Indianópolis;-24;-46,6617453
369671;2016-10-27;06:24:00;06:30:00;2016-10-27 06:24:00;2016-10-27 06:30:00;Av. Sen. QueirÃ³s - Centro, SÃ£o Paulo - SP, Brazil;-23,5394056;-46,6327876999999
369672;2016-10-27;06:31:00;06:33:00;2016-10-27 06:31:00;2016-10-27 06:33:00;PraÃ§a da Bandeira, SÃ£o Paulo - SP, Brazil;-23,55043;-46,6381427
369673;2016-10-27;07:43:00;07:47:00;2016-10-27 07:43:00;2016-10-27 07:47:00;NULL;-23,5099963;-47
369674;2016-10-27;09:52:00;10:31:00;2016-10-27 09:52:00;2016-10-27 10:31:00;Av. Sen. QueirÃ³s - Centro, SÃ£o Paulo - SP, Brazil;-23,5394056;-46,6327876999999
369675;2016-10-27;15:44:00;15:46:00;2016-10-27 15:44:00;2016-10-27 15:46:00;Viaduto Deputado Ulysses GuimarÃ£es, 55 - Perus, SÃ£o Paulo - SP, 05206-310, Brazil;-23,4062242;-46,754072
369676;2016-10-27;18:13:00;18:30:00;2016-10-27 18:13:00;2016-10-27 18:30:00;Av. Cruzeiro do Sul, 400;-24;-46,6243325
369677;2016-10-31;17:32:00;17:39:00;2016-10-31 17:32:00;2016-10-31 17:39:00;Av. Nossa Senhora do Ã“, SÃ£o Paulo - SP, Brazil;-23,5041268;-46,6826885
369678;2016-10-31;19:17:00;20:36:00;2016-10-31 19:17:00;2016-10-31 20:36:00;R. Padre Virgílio Campêlo ;-23,5062885;-46,3766956
369679;2016-10-31;20:37:00;22:49:00;2016-10-31 20:37:00;2016-10-31 22:49:00;R. Joaquim Machado, 69;-24;-47
369680;2016-10-31;21:34:00;23:04:00;2016-10-31 21:34:00;2016-10-31 23:04:00;R. Joaquim Machado, 69;-24;-47
369681;2016-03-01;16:49:00;16:05:00;2016-03-01 16:49:00;2016-03-01 16:05:00;Av. Santa Marina, SÃ£o Paulo - SP, Brazil;-23,5137522;-46,6921726
369682;2016-03-01;18:04:00;18:04:00;2016-03-01 18:04:00;2016-03-01 18:04:00;R. Carlos Spera - Água Branca;-24;-47
369683;2016-03-01;06:49:00;07:20:00;2016-03-01 06:49:00;2016-03-01 07:20:00;Pte. das Bandeiras - Luz, SÃ£o Paulo - SP, Brazil;-23,5187464;-46,6300234
369684;2016-03-01;06:49:00;06:56:00;2016-03-01 06:49:00;2016-03-01 06:56:00;R. Washington LuÃ­s, SÃ£o Paulo - SP, Brazil;-23,5378617;-46,6345956
369685;2016-03-01;07:09:00;07:34:00;2016-03-01 07:09:00;2016-03-01 07:34:00;AV. DO ESTADO;-24;-47
369686;2016-03-01;07:09:00;18:27:00;2016-03-01 07:09:00;2016-03-01 18:27:00;R. CristÃ³vÃ£o Colombo - SÃ©, SÃ£o Paulo - SP, 01006-020, Brazil;-23,5501844;-46,6365717
369687;2016-03-01;07:26:00;12:24:00;2016-03-01 07:26:00;2016-03-01 12:24:00;R. AntÃ´nio de Barros, SÃ£o Paulo - SP, Brazil;-23,54304;-46,5566527999999
369688;2016-03-01;07:34:00;15:26:00;2016-03-01 07:34:00;2016-03-01 15:26:00;PraÃ§a IgnÃªz GuimarÃ£es Soares Pestana - Alto de Pinheiros, SÃ£o Paulo - SP, 05467-110, Brazil;-23,5457051;-46,7135792
369689;2016-03-01;07:45:00;18:01:00;2016-03-01 07:45:00;2016-03-01 18:01:00;Av. Duque de Caxias, SÃ£o Paulo - SP, Brazil;-23,5378316;-46,6442562
369690;2016-03-01;08:09:00;09:43:00;2016-03-01 08:09:00;2016-03-01 09:43:00;R. AdÃ©lino - Itaquera, SÃ£o Paulo - SP, Brazil;-23,5290803;-46,4582726999999
369691;2016-03-01;08:21:00;11:12:00;2016-03-01 08:21:00;2016-03-01 11:12:00;R. Montanhas - Vila Taquari, SÃ£o Paulo - SP, Brazil;-23,5287647;-46,4565815
369692;2016-03-01;08:29:00;22:47:00;2016-03-01 08:29:00;2016-03-01 22:47:00;Liberdade, SÃ£o Paulo - State of SÃ£o Paulo, Brazil;-23,5600627;-46,6327578
369693;2016-03-01;09:35:00;22:27:00;2016-03-01 09:35:00;2016-03-01 22:27:00;R. JosÃ© Bueno - Vila Isolina Mazzei, SÃ£o Paulo - SP, 02079-060, Brazil;-23,5000945;-46,6047409
369694;2016-03-01;15:04:00;22:47:00;2016-03-01 15:04:00;2016-03-01 22:47:00;R. Margarida GalvÃ£o - Paineiras do Morumbi, SÃ£o Paulo - SP, Brazil;-23,6048376;-46,7081324
369695;2016-03-01;21:18:00;22:47:00;2016-03-01 21:18:00;2016-03-01 22:47:00;Av. do Cursino, 2976 - Saúde;-24;-47
369696;2016-03-02;16:50:00;17:30:00;2016-03-02 16:50:00;2016-03-02 17:30:00;R. Alvarenga, SÃ£o Paulo - SP, Brazil;-23,570208;-46,7116258
369697;2016-03-02;17:00:00;18:19:00;2016-03-02 17:00:00;2016-03-02 18:19:00;Av. dos TrÃªs Poderes - Instituto de Previdencia, SÃ£o Paulo - SP, Brazil;-23,5779328;-46,7125063
369698;2016-03-02;17:06:00;18:13:00;2016-03-02 17:06:00;2016-03-02 18:13:00;PraÃ§a Prof. AmÃ©rico de Moura, SÃ£o Paulo - SP, Brazil;-23,5858228;-46,6981052999999
369699;2016-03-02;17:28:00;18:15:00;2016-03-02 17:28:00;2016-03-02 18:15:00;PraÃ§a Prof. Cardim - Jardim Everest, SÃ£o Paulo - SP, Brazil;-23,5800405;-46,7019722
369700;2016-03-02;17:35:00;18:10:00;2016-03-02 17:35:00;2016-03-02 18:10:00;Av. Nossa Senhora do Ã“, SÃ£o Paulo - SP, Brazil;-23,5041268;-46,6826885
369701;2016-03-02;07:22:00;08:00:00;2016-03-02 07:22:00;2016-03-02 08:00:00;R MARTINS FONTES;-24;-47
369702;2016-03-02;07:27:00;08:02:00;2016-03-02 07:27:00;2016-03-02 08:02:00;Av. Prestes Maia, 919 - Luz;-24;-47
369703;2016-03-02;13:42:00;17:05:00;2016-03-02 13:42:00;2016-03-02 17:05:00;Av. Prestes Maia, 840 - Luz;-24;-47
369704;2016-03-02;17:03:00;18:40:00;2016-03-02 17:03:00;2016-03-02 18:40:00;Av. Prof. Francisco Morato, 3400 - Vila Sonia;-24;-47
369705;2016-03-02;17:10:00;19:01:00;2016-03-02 17:10:00;2016-03-02 19:01:00;R. Guilherme Gama, 82 - Jardim Olinda, SÃ£o Paulo - SP, 04368-120, Brazil;-23,6577071;-46,6654418
369706;2016-03-02;17:21:00;18:15:00;2016-03-02 17:21:00;2016-03-02 18:15:00;PraÃ§a Prof. Cardim - Jardim Everest, SÃ£o Paulo - SP, Brazil;-23,5800405;-46,7019722
369707;2016-03-02;17:46:00;18:38:00;2016-03-02 17:46:00;2016-03-02 18:38:00;Pte. Eng. Ari Torres - Cidade Jardim, SÃ£o Paulo - SP, Brazil;-23,5945207;-46,6935321
369708;2016-03-02;17:40:00;18:00:00;2016-03-02 17:40:00;2016-03-02 18:00:00;Av. Bosque da SaÃºde, SÃ£o Paulo - SP, Brazil;-23,6126268;-46,6278962
369709;2016-03-02;17:27:00;18:17:00;2016-03-02 17:27:00;2016-03-02 18:17:00;Av. 11 de Junho, SÃ£o Paulo - SP, Brazil;-23,6014547;-46,6443823
369710;2016-03-02;19:50:00;22:46:00;2016-03-02 19:50:00;2016-03-02 22:46:00;R. Jovita - Santana, SÃ£o Paulo - SP, Brazil;-23,5019702;-46,621244
369711;2016-03-03;19:21:00;03:02:00;2016-03-03 19:21:00;2016-03-03 03:02:00;R. Alfredo Marcondes Machado, 10 - Freguesia do Ã“, SÃ£o Paulo - SP, 02757-080, Brazil;-23,4861224;-46,6861869
369712;2016-03-03;08:28:00;08:36:00;2016-03-03 08:28:00;2016-03-03 08:36:00;R MARTINS FONTES;-24;-47
369713;2016-03-03;17:27:00;20:21:00;2016-03-03 17:27:00;2016-03-03 20:21:00;R. Alfredo Marcondes Machado, 10 - Freguesia do Ã“, SÃ£o Paulo - SP, 02757-080, Brazil;-23,4861224;-46,6861869
369714;2016-03-03;17:58:00;18:46:00;2016-03-03 17:58:00;2016-03-03 18:46:00;R. Alfredo Marcondes Machado, 10 - Freguesia do Ã“, SÃ£o Paulo - SP, 02757-080, Brazil;-23,4861224;-46,6861869
369715;2016-03-03;19:22:00;22:17:00;2016-03-03 19:22:00;2016-03-03 22:17:00;R. Guilherme Gama, 82 - Jardim Olinda, SÃ£o Paulo - SP, 04368-120, Brazil;-23,6577071;-46,6654418
369716;2016-03-03;22:15:00;22:44:00;2016-03-03 22:15:00;2016-03-03 22:44:00;Av. Ãlvaro Ramos, SÃ£o Paulo - SP, Brazil;-23,5475528;-46,5829972
369717;2016-03-03;22:52:00;23:12:00;2016-03-03 22:52:00;2016-03-03 23:12:00;Rod. Fepasa SÃ£o Paulo, Mirassol - SP, 15130-000, Brazil;-24;-47
369718;2016-03-03;22:15:00;22:44:00;2016-03-03 22:15:00;2016-03-03 22:44:00;Av. Ãlvaro Ramos, SÃ£o Paulo - SP, Brazil;-23,5475528;-46,5829972
369719;2016-03-03;23:05:00;03:46:00;2016-03-03 23:05:00;2016-03-03 03:46:00;R. Amazonas da Silva - Vila Guilherme, SÃ£o Paulo - SP, Brazil;-23,5154029;-46,6103947
369720;2016-03-03;23:07:00;01:37:00;2016-03-03 23:07:00;2016-03-03 01:37:00;R. Amazonas da Silva - Vila Guilherme, SÃ£o Paulo - SP, Brazil;-23,5154029;-46,6103947
369721;2016-03-03;23:32:00;00:20:00;2016-03-03 23:32:00;2016-03-03 00:20:00;R. Alfredo Marcondes Machado, 10 - Freguesia do Ã“, SÃ£o Paulo - SP, 02757-080, Brazil;-23,4861224;-46,6861869
369722;2016-03-04;00:29:00;01:37:00;2016-03-04 00:29:00;2016-03-04 01:37:00;R. Clodomiro Paschoal, SÃ£o Paulo - SP, Brazil;-23,5031799;-46,4300376
369723;2016-03-04;01:14:00;01:36:00;2016-03-04 01:14:00;2016-03-04 01:36:00;Av. Duque de Caxias, SÃ£o Paulo - SP, Brazil;-23,5378316;-46,6442562
369724;2016-03-04;06:22:00;06:56:00;2016-03-04 06:22:00;2016-03-04 06:56:00;R. PÃ´rto Calvo - Luz, SÃ£o Paulo - SP, 01109-070, Brazil;-23,5227742;-46,6280496
369725;2016-03-04;07:37:00;08:05:00;2016-03-04 07:37:00;2016-03-04 08:05:00;R. Aurora, SÃ£o Paulo - SP, Brazil;-23,5406665;-46,6413362
369726;2016-03-04;18:54:00;22:44:00;2016-03-04 18:54:00;2016-03-04 22:44:00;Av. Ermano Marchetti, SÃ£o Paulo - SP, Brazil;-23,5147413;-46,6990997
369727;2016-03-05;00:25:00;02:41:00;2016-03-05 00:25:00;2016-03-05 02:41:00;R. Alfredo Marcondes Machado, 10 - Freguesia do Ã“, SÃ£o Paulo - SP, 02757-080, Brazil;-23,4861224;-46,6861869
369728;2016-03-07;00:03:00;01:30:00;2016-03-07 00:03:00;2016-03-07 01:30:00;R. Washington LuÃ­s, SÃ£o Paulo - SP, Brazil;-23,5378617;-46,6345956
369729;2016-03-07;00:29:00;02:07:00;2016-03-07 00:29:00;2016-03-07 02:07:00;Av. Duque de Caxias, SÃ£o Paulo - SP, Brazil;-23,5378316;-46,6442562
369730;2016-03-07;18:27:00;18:57:00;2016-03-07 18:27:00;2016-03-07 18:57:00;R. Conchilia, 38 - Vila Albertina;-23,458015;-46,615559
369731;2016-03-07;18:29:00;19:09:00;2016-03-07 18:29:00;2016-03-07 19:09:00;R. Guilherme Gama, 82 - Jardim Olinda, SÃ£o Paulo - SP, 04368-120, Brazil;-23,6577071;-46,6654418
369732;2016-03-07;18:58:00;20:15:00;2016-03-07 18:58:00;2016-03-07 20:15:00;Av. Santo Amaro, SÃ£o Paulo - SP, Brazil;-23,617729;-46,6818226
369733;2016-03-09;17:55:00;18:42:00;2016-03-09 17:55:00;2016-03-09 18:42:00;PraÃ§a Leonor Kaupa - Bosque da SaÃºde, SÃ£o Paulo - SP, Brazil;-23,6199846;-46,6274516
369734;2016-03-09;18:20:00;18:56:00;2016-03-09 18:20:00;2016-03-09 18:56:00;Viaduto General Euclides de Figueiredo - Parque Ibirapuera, SÃ£o Paulo - SP, Brazil;-23,5842968;-46,6536584
369735;2016-03-09;18:02:00;18:50:00;2016-03-09 18:02:00;2016-03-09 18:50:00;Av. JosÃ© Maria Whitaker, SÃ£o Paulo - SP, Brazil;-23,6113259;-46,645078
369736;2016-03-09;18:16:00;18:52:00;2016-03-09 18:16:00;2016-03-09 18:52:00;R. Alfredo Marcondes Machado, 10 - Freguesia do Ã“, SÃ£o Paulo - SP, 02757-080, Brazil;-23,4861224;-46,6861869
369737;2016-03-09;18:20:00;19:06:00;2016-03-09 18:20:00;2016-03-09 19:06:00;Rua Vergueiro, SÃ£o Paulo - SP, Brazil;-23,5927308;-46,6209330999999
369738;2016-03-09;18:12:00;18:51:00;2016-03-09 18:12:00;2016-03-09 18:51:00;R. Gen. Chagas Santos, SÃ£o Paulo - SP, Brazil;-23,617054;-46,6300291
369739;2016-03-09;18:03:00;19:05:00;2016-03-09 18:03:00;2016-03-09 19:05:00;Av. 11 de Junho, SÃ£o Paulo - SP, Brazil;-23,6014547;-46,6443823
369740;2016-03-09;18:05:00;19:06:00;2016-03-09 18:05:00;2016-03-09 19:06:00;R. Francisco TapajÃ³s, SÃ£o Paulo - SP, Brazil;-23,6261209;-46,6249828
369741;2016-03-09;18:11:00;19:06:00;2016-03-09 18:11:00;2016-03-09 19:06:00;R. Alfredo Marcondes Machado, 10 - Freguesia do Ã“, SÃ£o Paulo - SP, 02757-080, Brazil;-23,4861224;-46,6861869
369742;2016-03-09;18:25:00;18:36:00;2016-03-09 18:25:00;2016-03-09 18:36:00;R. Guilherme Gama, 82 - Jardim Olinda, SÃ£o Paulo - SP, 04368-120, Brazil;-23,6577071;-46,6654418
369743;2016-03-09;18:31:00;19:22:00;2016-03-09 18:31:00;2016-03-09 19:22:00;Túnel Max Feffer, 535 - Itaim Bibi;-23,5828865;-46,6861111
369744;2016-03-09;19:18:00;21:47:00;2016-03-09 19:18:00;2016-03-09 21:47:00;R. Guilherme Gama, 82 - Jardim Olinda, SÃ£o Paulo - SP, 04368-120, Brazil;-23,6577071;-46,6654418
369745;2016-03-10;12:23:00;12:38:00;2016-03-10 12:23:00;2016-03-10 12:38:00;Cidade Antonio EstevÃ£o de Carvalho, SÃ£o Paulo - State of SÃ£o Paulo, 03568-080, Brazil;-23,5405792;-46,4845731
369746;2016-03-10;21:25:00;22:00:00;2016-03-10 21:25:00;2016-03-10 22:00:00;Alameda JosÃ© Lopes de Almeida - CapÃ£o Redondo, SÃ£o Paulo - SP, 05859-080, Brazil;-23,666436;-46,769965
369747;2016-03-10;22:03:00;22:35:00;2016-03-10 22:03:00;2016-03-10 22:35:00;Av. Rubem Berta, SÃ£o Paulo - SP, Brazil;-23,6022907;-46,651546
369748;2016-03-10;22:04:00;22:14:00;2016-03-10 22:04:00;2016-03-10 22:14:00;9 de Julho, 11 - Bela Vista, SÃ£o Paulo - SP, 01312-001, Brazil;-23,5581144;-46,6536076
369749;2016-03-10;00:41:00;01:56:00;2016-03-10 00:41:00;2016-03-10 01:56:00;Av. Queiroz Filho, 1700 - Vila Hamburguesa, SÃ£o Paulo - SP, 05319-000, Brazil;-23,5432832;-46,7326637
369750;2016-03-10;10:31:00;14:18:00;2016-03-10 10:31:00;2016-03-10 14:18:00;R. Miller - BrÃ¡s, SÃ£o Paulo - SP, Brazil;-23,5373324;-46,6176928999999
369751;2016-03-10;10:39:00;15:11:00;2016-03-10 10:39:00;2016-03-10 15:11:00;R. Alfredo Marcondes Machado, 10 - Freguesia do Ã“, SÃ£o Paulo - SP, 02757-080, Brazil;-23,4861224;-46,6861869
369752;2016-03-10;11:12:00;12:36:00;2016-03-10 11:12:00;2016-03-10 12:36:00;R. Saldanha Marinho - Belenzinho, SÃ£o Paulo - SP, Brazil;-23,5391526;-46,5986304
369753;2016-03-10;12:23:00;12:35:00;2016-03-10 12:23:00;2016-03-10 12:35:00;Rua DurandÃ© - Artur Alvim, SÃ£o Paulo - SP, 03694-080, Brazil;-23,5381613;-46,4838075
369754;2016-03-10;12:46:00;12:59:00;2016-03-10 12:46:00;2016-03-10 12:59:00;Cidade Antonio EstevÃ£o de Carvalho, SÃ£o Paulo - State of SÃ£o Paulo, 03568-080, Brazil;-23,5405792;-46,4845731
369755;2016-03-10;12:46:00;12:39:00;2016-03-10 12:46:00;2016-03-10 12:39:00;Rua DurandÃ© - Artur Alvim, SÃ£o Paulo - SP, 03694-080, Brazil;-23,5381613;-46,4838075
369756;2016-03-10;13:38:00;14:48:00;2016-03-10 13:38:00;2016-03-10 14:48:00;R. InhaÃºma - VÃ¡rzea da Barra Funda, SÃ£o Paulo - SP, Brazil;-23,5195176;-46,6625119
369757;2016-03-10;16:21:00;18:56:00;2016-03-10 16:21:00;2016-03-10 18:56:00;R. Alm. Mauriti - SÃ©, SÃ£o Paulo - SP, 01514-040, Brazil;-23,5541878;-46,6276696
369758;2016-03-10;18:53:00;19:26:00;2016-03-10 18:53:00;2016-03-10 19:26:00;Altura do NÂº 3500 - Av. Monteiro Lobato, S/N - Parque Cecap, SP, 07190-000, Brazil;-23,4584782;-46,4954079
369759;2016-03-10;19:05:00;19:26:00;2016-03-10 19:05:00;2016-03-10 19:26:00;R. Ibiapaba - Vila Sonia, SÃ£o Paulo - SP, 05625-020, Brazil;-23,5931044;-46,7296365
369760;2016-03-10;19:44:00;22:45:00;2016-03-10 19:44:00;2016-03-10 22:45:00;R. Alfredo Marcondes Machado, 10 - Freguesia do Ã“, SÃ£o Paulo - SP, 02757-080, Brazil;-23,4861224;-46,6861869
369761;2016-03-10;19:48:00;22:45:00;2016-03-10 19:48:00;2016-03-10 22:45:00;R. Alfredo Marcondes Machado, 10 - Freguesia do Ã“, SÃ£o Paulo - SP, 02757-080, Brazil;-23,4861224;-46,6861869
369762;2016-03-10;21:48:00;22:24:00;2016-03-10 21:48:00;2016-03-10 22:24:00;Rua TÃºlio Mugnaini - Cidade Auxiliadora, SÃ£o Paulo - SP, Brazil;-23,6589264;-46,7672229
369763;2016-03-10;21:31:00;22:06:00;2016-03-10 21:31:00;2016-03-10 22:06:00;R. Guilherme Gama, 82 - Jardim Olinda, SÃ£o Paulo - SP, 04368-120, Brazil;-23,6577071;-46,6654418
369764;2016-03-10;21:35:00;21:50:00;2016-03-10 21:35:00;2016-03-10 21:50:00;Av. JoÃ£o Dias, SÃ£o Paulo - SP, Brazil;-23,6448055;-46,7188525
369765;2016-03-10;21:42:00;22:03:00;2016-03-10 21:42:00;2016-03-10 22:03:00;R. Camargo, SÃ£o Paulo - SP, Brazil;-23,5720951;-46,7095755
369766;2016-03-10;21:53:00;02:03:00;2016-03-10 21:53:00;2016-03-10 02:03:00;Pte. Eng. Ari Torres - Cidade Jardim, SÃ£o Paulo - SP, Brazil;-23,5945207;-46,6935321
369767;2016-03-10;21:59:00;22:12:00;2016-03-10 21:59:00;2016-03-10 22:12:00;Av. Jamaris - IndianÃ³polis, SÃ£o Paulo - SP, Brazil;-23,6075164;-46,658363
369768;2016-03-10;22:00:00;22:10:00;2016-03-10 22:00:00;2016-03-10 22:10:00;Av. Cel. Sezefredo Fagundes, 19500 - Vila Cachoeira, SÃ£o Paulo - SP, 02306-001, Brazil;-23,4400995;-46,5921895
369769;2016-03-10;22:03:00;22:10:00;2016-03-10 22:03:00;2016-03-10 22:10:00;Pte. JoÃ£o Dias - Santo Amaro, SÃ£o Paulo - SP, Brazil;-23,6445299;-46,7261749
369770;2016-03-10;22:03:00;00:36:00;2016-03-10 22:03:00;2016-03-10 00:36:00;Av. Dr. Dante Pazzanese - Vila Mariana, SÃ£o Paulo - SP, Brazil;-23,585681;-46,6500958
369771;2016-03-10;22:04:00;23:38:00;2016-03-10 22:04:00;2016-03-10 23:38:00;Rua Professor Campos de Oliveira, SÃ£o Paulo - SP, 04675-100, Brazil;-23,6713641;-46,6986711
369772;2016-03-10;22:07:00;22:46:00;2016-03-10 22:07:00;2016-03-10 22:46:00;Rua OlÃ­via Feder - Jardim Paulistano, SÃ£o Paulo - SP, Brazil;-23,5873826;-46,6893888
369773;2016-03-10;22:08:00;01:50:00;2016-03-10 22:08:00;2016-03-10 01:50:00;R. Dr. Ricardo GonÃ§alves - BrÃ¡s, SÃ£o Paulo - SP, Brazil;-23,539438;-46,6130946
369774;2016-03-10;22:11:00;23:51:00;2016-03-10 22:11:00;2016-03-10 23:51:00;Av. Ãlvaro Ramos, SÃ£o Paulo - SP, Brazil;-23,5475528;-46,5829972
369775;2016-03-10;22:20:00;02:23:00;2016-03-10 22:20:00;2016-03-10 02:23:00;R. Catumbi, SÃ£o Paulo - SP, Brazil;-23,5328711;-46,6012443
369776;2016-03-10;22:25:00;00:15:00;2016-03-10 22:25:00;2016-03-10 00:15:00;AV PRESTES MAIA;-24;-47
369777;2016-03-10;22:30:00;22:45:00;2016-03-10 22:30:00;2016-03-10 22:45:00;R. Dr. Ricardo GonÃ§alves - BrÃ¡s, SÃ£o Paulo - SP, Brazil;-23,539438;-46,6130946
369778;2016-03-10;22:33:00;06:10:00;2016-03-10 22:33:00;2016-03-10 06:10:00;Pte. Eng. Ari Torres - Cidade Jardim, SÃ£o Paulo - SP, Brazil;-23,5945207;-46,6935321
369779;2016-03-10;22:42:00;23:27:00;2016-03-10 22:42:00;2016-03-10 23:27:00;R. ItajaÃ­ - Mooca, SÃ£o Paulo - SP, 03162-060, Brazil;-23,5513718;-46,6018037
369780;2016-03-10;22:49:00;23:23:00;2016-03-10 22:49:00;2016-03-10 23:23:00;Pte. Cruzeiro do Sul - Luz, SÃ£o Paulo - SP, Brazil;-23,5195505;-46,6251524
369781;2016-03-10;22:51:00;06:38:00;2016-03-10 22:51:00;2016-03-10 06:38:00;Pte. Cruzeiro do Sul - Luz, SÃ£o Paulo - SP, Brazil;-23,5195505;-46,6251524
369782;2016-03-10;23:05:00;00:08:00;2016-03-10 23:05:00;2016-03-10 00:08:00;Rod. Fepasa SÃ£o Paulo, Mirassol - SP, 15130-000, Brazil;-24;-47
369783;2016-03-10;23:05:00;00:08:00;2016-03-10 23:05:00;2016-03-10 00:08:00;Av. Campanella, SÃ£o Paulo - SP, Brazil;-23,5352775;-46,4642413
369784;2016-03-10;23:18:00;00:08:00;2016-03-10 23:18:00;2016-03-10 00:08:00;R. Guilherme Gama, 82 - Jardim Olinda, SÃ£o Paulo - SP, 04368-120, Brazil;-23,6577071;-46,6654418
369785;2016-03-10;23:26:00;03:57:00;2016-03-10 23:26:00;2016-03-10 03:57:00;R. Elias AntÃ´nio Zogbi - Santo Amaro, SÃ£o Paulo - SP, Brazil;-23,6613528;-46,7069758
369786;2016-03-11;01:05:00;07:00:00;2016-03-11 01:05:00;2016-03-11 07:00:00;R. FlÃ³rida, SÃ£o Paulo - SP, Brazil;-23,6113485;-46,6886465
369787;2016-03-11;01:49:00;07:00:00;2016-03-11 01:49:00;2016-03-11 07:00:00;Pte. das Bandeiras - Luz, SÃ£o Paulo - SP, Brazil;-23,5187464;-46,6300234
369788;2016-03-11;01:49:00;07:00:00;2016-03-11 01:49:00;2016-03-11 07:00:00;Pte. Eng. Ari Torres - Cidade Jardim, SÃ£o Paulo - SP, Brazil;-23,5945207;-46,6935321
369789;2016-03-11;01:29:00;04:40:00;2016-03-11 01:29:00;2016-03-11 04:40:00;Pte. da Freguesia do Ã“, SÃ£o Paulo - SP, Brazil;-23,5089559;-46,6895931
369790;2016-03-11;01:47:00;05:14:00;2016-03-11 01:47:00;2016-03-11 05:14:00;Pte. do Jaguaré;-23,544575;-46,733689
369791;2016-03-11;02:26:00;05:44:00;2016-03-11 02:26:00;2016-03-11 05:44:00;Av. Emb. Macedo Soares - Vila Anastacio, SÃ£o Paulo - SP, 05307-200, Brazil;-23,513899;-46,7232935
369792;2016-03-11;02:32:00;06:31:00;2016-03-11 02:32:00;2016-03-11 06:31:00;R. Prof. Milton Rodrigues - Parque Anhembi, SÃ£o Paulo - SP, Brazil;-23,5175991;-46,6387594
369793;2016-03-11;02:42:00;05:36:00;2016-03-11 02:42:00;2016-03-11 05:36:00;Pte. da Vila Guilherme - Pari, SÃ£o Paulo - SP, Brazil;-23,5236847;-46,6111961999999
369794;2016-03-11;03:21:00;05:26:00;2016-03-11 03:21:00;2016-03-11 05:26:00;Pte. Cruzeiro do Sul - Luz, SÃ£o Paulo - SP, Brazil;-23,5195505;-46,6251524
369795;2016-03-11;03:32:00;06:03:00;2016-03-11 03:32:00;2016-03-11 06:03:00;Rua OlÃ­via Feder - Jardim Paulistano, SÃ£o Paulo - SP, Brazil;-23,5873826;-46,6893888
369796;2016-03-11;03:40:00;07:51:00;2016-03-11 03:40:00;2016-03-11 07:51:00;R. dos Americanos - Barra Funda, SÃ£o Paulo - SP, Brazil;-23,5227566;-46,6554929
369797;2016-03-11;04:15:00;07:30:00;2016-03-11 04:15:00;2016-03-11 07:30:00;Av. Cruzeiro do Sul, SÃ£o Paulo - SP, Brazil;-23,5158892;-46,625269
369798;2016-03-11;04:45:00;07:53:00;2016-03-11 04:45:00;2016-03-11 07:53:00;R. Urupiara - Santana, SÃ£o Paulo - SP, Brazil;-23,511612;-46,6239895999999
369799;2016-03-11;05:14:00;07:26:00;2016-03-11 05:14:00;2016-03-11 07:26:00;Pte. AtÃ­lio Fontana, SÃ£o Paulo - SP, Brazil;-23,5145798;-46,7258647
369800;2016-03-11;06:32:00;08:00:00;2016-03-11 06:32:00;2016-03-11 08:00:00;Rua Dr. Mello Nogueira - Vila Baruel, SÃ£o Paulo - SP, 02510-040, Brazil;-23,513764;-46,6519671
369801;2016-03-11;03:32:00;08:00:00;2016-03-11 03:32:00;2016-03-11 08:00:00;R. Alfredo Marcondes Machado, 10 - Freguesia do Ã“, SÃ£o Paulo - SP, 02757-080, Brazil;-23,4861224;-46,6861869
369802;2016-03-11;13:12:00;15:49:00;2016-03-11 13:12:00;2016-03-11 15:49:00;Av. Nossa Senhora do Ã“, SÃ£o Paulo - SP, Brazil;-23,5041268;-46,6826885
369803;2016-03-11;13:50:00;14:28:00;2016-03-11 13:50:00;2016-03-11 14:28:00;R. Alfredo Marcondes Machado, 10 - Freguesia do Ã“, SÃ£o Paulo - SP, 02757-080, Brazil;-23,4861224;-46,6861869
369804;2016-03-11;00:11:00;00:29:00;2016-03-11 00:11:00;2016-03-11 00:29:00;Rua Engenheiro Dagoberto Salles Filho, SÃ£o Paulo - SP, Brazil;-23,6634056;-46,6772123
369805;2016-03-11;00:12:00;19:12:00;2016-03-11 00:12:00;2016-03-11 19:12:00;Av. Duque de Caxias, SÃ£o Paulo - SP, Brazil;-23,5378316;-46,6442562
369806;2016-03-11;00:26:00;00:27:00;2016-03-11 00:26:00;2016-03-11 00:27:00;R. Guilherme Gama, 82 - Jardim Olinda, SÃ£o Paulo - SP, 04368-120, Brazil;-23,6577071;-46,6654418
369807;2016-03-11;00:34:00;05:49:00;2016-03-11 00:34:00;2016-03-11 05:49:00;Pte. da Cidade UniversitÃ¡ria - Alto de Pinheiros, SÃ£o Paulo - SP, 05463-100, Brazil;-23,5599403;-46,7120656
369808;2016-03-11;00:35:00;00:51:00;2016-03-11 00:35:00;2016-03-11 00:51:00;Viaduto General Euclides de Figueiredo - Parque Ibirapuera, SÃ£o Paulo - SP, Brazil;-23,5842968;-46,6536584
369809;2016-03-11;00:36:00;08:05:00;2016-03-11 00:36:00;2016-03-11 08:05:00;Av. Pres. Castelo Branco - Pte. Pequena;-23,5188564;-46,6441499
369810;2016-03-11;00:40:00;04:27:00;2016-03-11 00:40:00;2016-03-11 04:27:00;R. Guilherme Gama, 82 - Jardim Olinda, SÃ£o Paulo - SP, 04368-120, Brazil;-23,6577071;-46,6654418
369811;2016-03-11;00:48:00;06:38:00;2016-03-11 00:48:00;2016-03-11 06:38:00;Ponte Engenheiro Roberto Rossi Zuccolo, SÃ£o Paulo - SP, Brazil;-23,5868205;-46,6914047
369812;2016-03-11;00:52:00;02:56:00;2016-03-11 00:52:00;2016-03-11 02:56:00;Ponte do Morumbi - Pte. do Morumbi - Jardim das Acacias, SÃ£o Paulo - SP, 05650-000, Brazil;-23,6181633;-46,7009973
369813;2016-03-11;00:57:00;02:24:00;2016-03-11 00:57:00;2016-03-11 02:24:00;R. Alfredo Marcondes Machado, 10 - Freguesia do Ã“, SÃ£o Paulo - SP, 02757-080, Brazil;-23,4861224;-46,6861869
369814;2016-03-11;00:57:00;02:24:00;2016-03-11 00:57:00;2016-03-11 02:24:00;R. Alfredo Marcondes Machado, 10 - Freguesia do Ã“, SÃ£o Paulo - SP, 02757-080, Brazil;-23,4861224;-46,6861869
369815;2016-03-11;01:14:00;02:39:00;2016-03-11 01:14:00;2016-03-11 02:39:00;R. Guilherme Gama, 82 - Jardim Olinda, SÃ£o Paulo - SP, 04368-120, Brazil;-23,6577071;-46,6654418
369816;2016-03-11;01:18:00;02:53:00;2016-03-11 01:18:00;2016-03-11 02:53:00;R. TapajÃ³s - Luz, SÃ£o Paulo - SP, 01107-040, Brazil;-23,5278239;-46,6266879
369817;2016-03-11;01:19:00;06:35:00;2016-03-11 01:19:00;2016-03-11 06:35:00;R. da Coroa - Vila Guilherme, SÃ£o Paulo - SP, Brazil;-23,5189874;-46,6128009
369818;2016-03-11;01:19:00;06:35:00;2016-03-11 01:19:00;2016-03-11 06:35:00;R. da Coroa - Vila Guilherme, SÃ£o Paulo - SP, Brazil;-23,5189874;-46,6128009
369819;2016-03-11;01:49:00;05:49:00;2016-03-11 01:49:00;2016-03-11 05:49:00;Pte. Eng. Ari Torres - Cidade Jardim, SÃ£o Paulo - SP, Brazil;-23,5945207;-46,6935321
369820;2016-03-11;01:50:00;05:14:00;2016-03-11 01:50:00;2016-03-11 05:14:00;Av. Pref. Hirant Sanazar, Osasco - SP, Brazil;-23,5546098;-46,7803718
369821;2016-03-11;01:58:00;02:53:00;2016-03-11 01:58:00;2016-03-11 02:53:00;Av. Radial Leste - Parque Artur Alvim;-24;-46
369822;2016-03-11;02:00:00;03:57:00;2016-03-11 02:00:00;2016-03-11 03:57:00;Av. Roque Petroni JÃºnior, SÃ£o Paulo - SP, Brazil;-23,6242558;-46,694804
369823;2016-03-11;02:02:00;02:39:00;2016-03-11 02:02:00;2016-03-11 02:39:00;Av. Brg. Faria Lima, 3825;-24;-47
369824;2016-03-11;02:04:00;03:57:00;2016-03-11 02:04:00;2016-03-11 03:57:00;Alameda Santo Amaro - Santo Amaro, SÃ£o Paulo - SP, Brazil;-23,6573889;-46,7061901
369825;2016-03-11;02:08:00;05:13:00;2016-03-11 02:08:00;2016-03-11 05:13:00;R. Alfredo Marcondes Machado, 10 - Freguesia do Ã“, SÃ£o Paulo - SP, 02757-080, Brazil;-23,4861224;-46,6861869
369826;2016-03-11;02:12:00;06:05:00;2016-03-11 02:12:00;2016-03-11 06:05:00;Pte. do Piqueri, SÃ£o Paulo - SP, Brazil;-23,5095268;-46,7056653
369827;2016-03-11;02:23:00;06:24:00;2016-03-11 02:23:00;2016-03-11 06:24:00;MARGINAL PINHEIROS / Cebolao;-24;-47
369828;2016-03-11;02:30:00;05:37:00;2016-03-11 02:30:00;2016-03-11 05:37:00;Pte. Ulysses GuimarÃ£es, SÃ£o Paulo - SP, Brazil;-23,5099532;-46,7203060999999
369829;2016-03-11;02:35:00;02:54:00;2016-03-11 02:35:00;2016-03-11 02:54:00;Pte. da Freguesia do Ã“, SÃ£o Paulo - SP, Brazil;-23,5089559;-46,6895931
369830;2016-03-11;02:36:00;13:38:00;2016-03-11 02:36:00;2016-03-11 13:38:00;R. Alfredo Marcondes Machado, 10 - Freguesia do Ã“, SÃ£o Paulo - SP, 02757-080, Brazil;-23,4861224;-46,6861869
369831;2016-03-11;02:39:00;05:00:00;2016-03-11 02:39:00;2016-03-11 05:00:00;Av. Pres. Castelo Branco - Pte. Pequena;-23,516267;-46,6665208
369832;2016-03-11;02:44:00;05:44:00;2016-03-11 02:44:00;2016-03-11 05:44:00;Pte. da Freguesia do Ã“, SÃ£o Paulo - SP, Brazil;-23,5089559;-46,6895931
369833;2016-03-11;02:45:00;05:31:00;2016-03-11 02:45:00;2016-03-11 05:31:00;Av. Ermano Marchetti, SÃ£o Paulo - SP, Brazil;-23,5147413;-46,6990997
369834;2016-03-11;02:54:00;05:19:00;2016-03-11 02:54:00;2016-03-11 05:19:00;Pte. da Freguesia do Ã“, SÃ£o Paulo - SP, Brazil;-23,5089559;-46,6895931
369835;2016-03-11;02:57:00;03:18:00;2016-03-11 02:57:00;2016-03-11 03:18:00;Av. Pres. Castelo Branco - Pte. Pequena;-23,5188564;-46,6441499
369836;2016-03-11;02:45:00;05:31:00;2016-03-11 02:45:00;2016-03-11 05:31:00;Rua do Curtume - Ãgua Branca, SÃ£o Paulo - SP, 05065-001, Brazil;-23,5183389;-46,6955684
369837;2016-03-11;03:04:00;06:13:00;2016-03-11 03:04:00;2016-03-11 06:13:00;Pte. Pres. JÃ¢nio Quadros - Vila Maria, SÃ£o Paulo - SP, Brazil;-23,5273616;-46,5967346
369838;2016-03-11;03:05:00;06:38:00;2016-03-11 03:05:00;2016-03-11 06:38:00;Pte. Pres. JÃ¢nio Quadros - Vila Maria, SÃ£o Paulo - SP, Brazil;-23,5273616;-46,5967346
369839;2016-03-11;03:16:00;08:19:00;2016-03-11 03:16:00;2016-03-11 08:19:00;R. Mergenthaler - Vila Leopoldina, SÃ£o Paulo - SP, Brazil;-23,5294733;-46,7386676
369840;2016-03-11;03:17:00;07:17:00;2016-03-11 03:17:00;2016-03-11 07:17:00;Av. Dr. Gastão Vidigal, Vila Leopoldina;-23,52956;-46,738098
369841;2016-03-11;03:58:00;06:38:00;2016-03-11 03:58:00;2016-03-11 06:38:00;Pte. do Piqueri, SÃ£o Paulo - SP, Brazil;-23,5095268;-46,7056653
369842;2016-03-11;04:09:00;07:08:00;2016-03-11 04:09:00;2016-03-11 07:08:00;Altura do NÂº 100 - R. Conselheiro Dantas, S/N - Pari, SÃ£o Paulo - SP, 03032-020, Brazil;-23,529552;-46,620969
369843;2016-03-11;04:18:00;06:34:00;2016-03-11 04:18:00;2016-03-11 06:34:00;PraÃ§a Luiz Carlos Mesquita - VÃ¡rzea da Barra Funda, SÃ£o Paulo - SP, Brazil;-23,5215486;-46,6680949
369844;2016-03-11;04:21:00;04:27:00;2016-03-11 04:21:00;2016-03-11 04:27:00;Rua Brazelisa Alves de Carvalho, SÃ£o Paulo - SP, Brazil;-23,5132423;-46,6505619
369845;2016-03-11;04:27:00;06:55:00;2016-03-11 04:27:00;2016-03-11 06:55:00;R. Alfredo Marcondes Machado, 10 - Freguesia do Ã“, SÃ£o Paulo - SP, 02757-080, Brazil;-23,4861224;-46,6861869
369846;2016-03-11;04:30:00;06:32:00;2016-03-11 04:30:00;2016-03-11 06:32:00;Av. Thomas Edison, SÃ£o Paulo - SP, Brazil;-23,5202919;-46,6680144
369847;2016-03-11;04:39:00;05:38:00;2016-03-11 04:39:00;2016-03-11 05:38:00;R. Miguel Arraes - Conceicao, Osasco - SP, 06145-145, Brazil;-23,576931;-46,8039499
369848;2016-03-11;04:49:00;06:30:00;2016-03-11 04:49:00;2016-03-11 06:30:00;Rua Domingos Marchetti, SÃ£o Paulo - SP, Brazil;-23,5091557;-46,6801971999999
369849;2016-03-11;04:54:00;06:35:00;2016-03-11 04:54:00;2016-03-11 06:35:00;Pte. JÃºlio de Mesquita Neto - Parque Industrial Tomas Edson, SÃ£o Paulo - SP, Brazil;-23,5131194;-46,6789086
369850;2016-03-11;05:00:00;06:39:00;2016-03-11 05:00:00;2016-03-11 06:39:00;R. Guilherme Gama, 82 - Jardim Olinda, SÃ£o Paulo - SP, 04368-120, Brazil;-23,6577071;-46,6654418
369851;2016-03-11;05:20:00;06:23:00;2016-03-11 05:20:00;2016-03-11 06:23:00;R. Guilherme Gama, 82 - Jardim Olinda, SÃ£o Paulo - SP, 04368-120, Brazil;-23,6577071;-46,6654418
369852;2016-03-11;05:22:00;06:30:00;2016-03-11 05:22:00;2016-03-11 06:30:00;Pte. AtÃ­lio Fontana, SÃ£o Paulo - SP, Brazil;-23,5145798;-46,7258647
369853;2016-03-11;05:23:00;06:39:00;2016-03-11 05:23:00;2016-03-11 06:39:00;R. MauÃ¡, SÃ£o Paulo - SP, Brazil;-23,535663;-46,6344362
369854;2016-03-11;05:28:00;09:15:00;2016-03-11 05:28:00;2016-03-11 09:15:00;R. Miguel Mentem - Vila Guilherme, SÃ£o Paulo - SP, Brazil;-23,515663;-46,6132669
369855;2016-03-11;05:38:00;06:57:00;2016-03-11 05:38:00;2016-03-11 06:57:00;Av. Ordem e Progresso, SÃ£o Paulo - SP, Brazil;-23,5152825;-46,6668303
369856;2016-03-11;05:41:00;06:34:00;2016-03-11 05:41:00;2016-03-11 06:34:00;Rua SamaritÃ¡ - Jardim das Laranjeiras, SÃ£o Paulo - SP, Brazil;-23,5097042;-46,6695664999999
369857;2016-03-11;06:23:00;09:04:00;2016-03-11 06:23:00;2016-03-11 09:04:00;R. SÃ£o Caetano, SÃ£o Paulo - SP, Brazil;-23,5353535;-46,6277194
369858;2016-03-11;06:23:00;08:11:00;2016-03-11 06:23:00;2016-03-11 08:11:00;R. MauÃ¡, SÃ£o Paulo - SP, Brazil;-23,535663;-46,6344362
369859;2016-03-11;06:28:00;09:47:00;2016-03-11 06:28:00;2016-03-11 09:47:00;R. Guilherme Gama, 82 - Jardim Olinda, SÃ£o Paulo - SP, 04368-120, Brazil;-23,6577071;-46,6654418
369860;2016-03-11;06:38:00;15:23:00;2016-03-11 06:38:00;2016-03-11 15:23:00;R. Washington LuÃ­s, SÃ£o Paulo - SP, Brazil;-23,5378617;-46,6345956
369861;2016-03-11;06:38:00;06:45:00;2016-03-11 06:38:00;2016-03-11 06:45:00;Av. Morvan Dias de Figueiredo, SÃ£o Paulo - SP, Brazil;-23,5268051;-46,5954843
369862;2016-03-11;06:41:00;08:05:00;2016-03-11 06:41:00;2016-03-11 08:05:00;Av. Pres. Castelo Branco - Pte. Pequena;-23,5188564;-46,6441499
369863;2016-03-11;07:01:00;09:15:00;2016-03-11 07:01:00;2016-03-11 09:15:00;Rua JosÃ© Bernardo Pinto - Vila Guilherme, SÃ£o Paulo - SP, Brazil;-23,5140856;-46,6081846
369864;2016-03-11;07:27:00;07:58:00;2016-03-11 07:27:00;2016-03-11 07:58:00;Altura do NÂº 100 - R. Conselheiro Dantas, S/N - Pari, SÃ£o Paulo - SP, 03032-020, Brazil;-23,529552;-46,620969
369865;2016-03-11;07:33:00;08:13:00;2016-03-11 07:33:00;2016-03-11 08:13:00;PraÃ§a Jorge de Lima - ButantÃ£, SÃ£o Paulo - SP, Brazil;-23,5725264;-46,7046701
369866;2016-03-11;07:55:00;14:52:00;2016-03-11 07:55:00;2016-03-11 14:52:00;Rua James Holland - Barra Funda, SÃ£o Paulo - SP, Brazil;-23,5220215;-46,6552454
369867;2016-03-11;08:24:00;14:50:00;2016-03-11 08:24:00;2016-03-11 14:50:00;R. Alfredo Marcondes Machado, 10 - Freguesia do Ã“, SÃ£o Paulo - SP, 02757-080, Brazil;-23,4861224;-46,6861869
369868;2016-03-11;08:36:00;11:39:00;2016-03-11 08:36:00;2016-03-11 11:39:00;R. Alfredo Marcondes Machado, 10 - Freguesia do Ã“, SÃ£o Paulo - SP, 02757-080, Brazil;-23,4861224;-46,6861869
369869;2016-03-11;12:39:00;16:42:00;2016-03-11 12:39:00;2016-03-11 16:42:00;R. Alfredo Marcondes Machado, 10 - Freguesia do Ã“, SÃ£o Paulo - SP, 02757-080, Brazil;-23,4861224;-46,6861869
369870;2016-03-11;13:39:00;14:42:00;2016-03-11 13:39:00;2016-03-11 14:42:00;Av. Nossa Senhora do Ã“, SÃ£o Paulo - SP, Brazil;-23,5041268;-46,6826885
369871;2016-03-11;13:30:00;14:53:00;2016-03-11 13:30:00;2016-03-11 14:53:00;Viaduto Guadalajara - Belenzinho, SÃ£o Paulo - SP, Brazil;-23,5438761;-46,5935729
369872;2016-03-11;13:31:00;16:46:00;2016-03-11 13:31:00;2016-03-11 16:46:00;R. Guilherme Gama, 82 - Jardim Olinda, SÃ£o Paulo - SP, 04368-120, Brazil;-23,6577071;-46,6654418
369873;2016-03-11;13:32:00;13:42:00;2016-03-11 13:32:00;2016-03-11 13:42:00;Rua Itapura, SÃ£o Paulo - SP, Brazil;-23,5456298;-46,5662834
369874;2016-03-11;13:34:00;13:39:00;2016-03-11 13:34:00;2016-03-11 13:39:00;Av. MarquÃªs de SÃ£o Vicente, SÃ£o Paulo - SP, Brazil;-23,5191501;-46,6751177
369875;2016-03-11;13:42:00;13:49:00;2016-03-11 13:42:00;2016-03-11 13:49:00;R. Guilherme Gama, 82 - Jardim Olinda, SÃ£o Paulo - SP, 04368-120, Brazil;-23,6577071;-46,6654418
369876;2016-03-11;13:50:00;21:13:00;2016-03-11 13:50:00;2016-03-11 21:13:00;Pte. da Vila Guilherme - Pari, SÃ£o Paulo - SP, Brazil;-23,5236847;-46,6111961999999
369877;2016-03-11;13:53:00;15:18:00;2016-03-11 13:53:00;2016-03-11 15:18:00;Pte. Pres. JÃ¢nio Quadros - Vila Maria, SÃ£o Paulo - SP, Brazil;-23,5273616;-46,5967346
369878;2016-03-11;14:04:00;14:50:00;2016-03-11 14:04:00;2016-03-11 14:50:00;R. SolimÃµes, SÃ£o Paulo - SP, Brazil;-23,5207853;-46,6556016
369879;2016-03-13;04:42:00;11:03:00;2016-03-13 04:42:00;2016-03-13 11:03:00;R. Alfredo Marcondes Machado, 10 - Freguesia do Ã“, SÃ£o Paulo - SP, 02757-080, Brazil;-23,4861224;-46,6861869
369880;2016-03-15;22:58:00;23:22:00;2016-03-15 22:58:00;2016-03-15 23:22:00;R. Washington LuÃ­s, SÃ£o Paulo - SP, Brazil;-23,5378617;-46,6345956
369881;2016-03-17;16:32:00;16:46:00;2016-03-17 16:32:00;2016-03-17 16:46:00;R. Washington LuÃ­s, SÃ£o Paulo - SP, Brazil;-23,5378617;-46,6345956
369882;2016-03-17;08:24:00;14:55:00;2016-03-17 08:24:00;2016-03-17 14:55:00;Av. Dr. AntÃ´nio Maria Laet, SÃ£o Paulo - SP, Brazil;-23,4744684;-46,5995006
369883;2016-03-22;15:37:00;15:59:00;2016-03-22 15:37:00;2016-03-22 15:59:00;Av. Nossa Senhora do Ã“, SÃ£o Paulo - SP, Brazil;-23,5041268;-46,6826885
369884;2016-03-25;16:47:00;17:45:00;2016-03-25 16:47:00;2016-03-25 17:45:00;R. Alfredo Marcondes Machado, 10 - Freguesia do Ã“, SÃ£o Paulo - SP, 02757-080, Brazil;-23,4861224;-46,6861869
369885;2016-03-25;16:48:00;16:58:00;2016-03-25 16:48:00;2016-03-25 16:58:00;SÃ£o Paulo, State of SÃ£o Paulo, Brazil;-23,5505199;-46,6333093999999
369886;2016-03-25;16:51:00;17:45:00;2016-03-25 16:51:00;2016-03-25 17:45:00;SÃ£o Paulo, State of SÃ£o Paulo, Brazil;-23,5505199;-46,6333093999999
369887;2016-03-25;17:20:00;17:55:00;2016-03-25 17:20:00;2016-03-25 17:55:00;Rua Fiorelli Peccicacco - Perus, SÃ£o Paulo - SP, Brazil;-23,4046075;-46,7504235
369888;2016-03-25;22:01:00;23:15:00;2016-03-25 22:01:00;2016-03-25 23:15:00;R. Edmundo Krug, SÃ£o Paulo - SP, Brazil;-23,4811839;-46,6738793
369889;2016-03-25;17:10:00;18:17:00;2016-03-25 17:10:00;2016-03-25 18:17:00;R. Alfredo Marcondes Machado, 10 - Freguesia do Ã“, SÃ£o Paulo - SP, 02757-080, Brazil;-23,4861224;-46,6861869
369890;2016-03-29;17:22:00;17:50:00;2016-03-29 17:22:00;2016-03-29 17:50:00;Rua Dr. Mello Nogueira - Vila Baruel, SÃ£o Paulo - SP, 02510-040, Brazil;-23,513764;-46,6519671
369891;2016-03-29;17:25:00;17:29:00;2016-03-29 17:25:00;2016-03-29 17:29:00;R. Alfredo Marcondes Machado, 10 - Freguesia do Ã“, SÃ£o Paulo - SP, 02757-080, Brazil;-23,4861224;-46,6861869
369892;2016-03-29;16:54:00;18:42:00;2016-03-29 16:54:00;2016-03-29 18:42:00;R. Alfredo Marcondes Machado, 10 - Freguesia do Ã“, SÃ£o Paulo - SP, 02757-080, Brazil;-23,4861224;-46,6861869
391350;2017-01-02;17:27:00;19:17:00;2017-01-02 17:27:00;2017-01-02 19:17:00;Av. das NaÃ§Ãµes Unidas, SÃ£o Paulo - SP, Brazil;-23,6077223;-46,6975576
391351;2017-01-02;17:32:00;19:08:00;2017-01-02 17:32:00;2017-01-02 19:08:00;R. Cristalino Rolim de Freitas, SÃ£o Paulo - SP, Brazil;-23,6652608;-46,7064546999999
391352;2017-01-02;17:48:00;18:20:00;2017-01-02 17:48:00;2017-01-02 18:20:00;Rua Jaime de Oliveira e Souza - Jurubatuba, SÃ£o Paulo - SP, Brazil;-23,6809505;-46,6932288
391353;2017-01-02;17:50:00;18:13:00;2017-01-02 17:50:00;2017-01-02 18:13:00;SÃ£o Paulo, State of SÃ£o Paulo, Brazil;-23,5505199;-46,6333093999999
391354;2017-01-02;17:45:00;18:38:00;2017-01-02 17:45:00;2017-01-02 18:38:00;Altura do nÃºmero 752. - Av. Ipiranga - RepÃºblica, SÃ£o Paulo - SP, 01040-000, Brazil;-23,5429304;-46,6408514
391355;2017-01-02;17:57:00;19:15:00;2017-01-02 17:57:00;2017-01-02 19:15:00;Av. Octalles Marcondes Ferreira - Jurubatuba, SÃ£o Paulo - SP, Brazil;-23,6759042;-46,6995602
391356;2017-01-02;17:27:00;19:17:00;2017-01-02 17:27:00;2017-01-02 19:17:00;Av. das NaÃ§Ãµes Unidas, SÃ£o Paulo - SP, Brazil;-23,6077223;-46,6975576
391357;2017-01-02;18:16:00;18:46:00;2017-01-02 18:16:00;2017-01-02 18:46:00;R. Galeno de Castro, SÃ£o Paulo - SP, Brazil;-23,6689222;-46,7035753
391358;2017-01-02;18:36:00;18:50:00;2017-01-02 18:36:00;2017-01-02 18:50:00;R. Alfredo Marcondes Machado, 10 - Freguesia do Ã“, SÃ£o Paulo - SP, 02757-080, Brazil;-23,4861224;-46,6861869
391359;2017-01-02;18:26:00;18:54:00;2017-01-02 18:26:00;2017-01-02 18:54:00;Av. SÃ£o Miguel, SÃ£o Paulo - SP, Brazil;-23,5071896;-46,4862554
391360;2017-01-02;18:56:00;19:01:00;2017-01-02 18:56:00;2017-01-02 19:01:00;SÃ£o Paulo, State of SÃ£o Paulo, Brazil;-23,5505199;-46,6333093999999
391361;2017-01-02;19:09:00;20:15:00;2017-01-02 19:09:00;2017-01-02 20:15:00;R. Joaquim Marra, SÃ£o Paulo - SP, Brazil;-23,5370531;-46,5199497
391362;2017-01-02;18:36:00;19:01:00;2017-01-02 18:36:00;2017-01-02 19:01:00;R. da Coroa - Vila Guilherme, SÃ£o Paulo - SP, Brazil;-23,5189874;-46,6128009
391363;2017-01-02;18:43:00;19:18:00;2017-01-02 18:43:00;2017-01-02 19:18:00;R. Montanhas - Vila Taquari, SÃ£o Paulo - SP, Brazil;-23,5287647;-46,4565815
391364;2017-01-02;18:27:00;19:16:00;2017-01-02 18:27:00;2017-01-02 19:16:00;Pte. da Vila Guilherme - Pari, SÃ£o Paulo - SP, Brazil;-23,5236847;-46,6111961999999
391365;2017-01-02;18:44:00;19:18:00;2017-01-02 18:44:00;2017-01-02 19:18:00;Av. SÃ£o Miguel, SÃ£o Paulo - SP, Brazil;-23,5071896;-46,4862554
391366;2017-01-02;18:05:00;19:06:00;2017-01-02 18:05:00;2017-01-02 19:06:00;R. Acari - VÃ¡rzea de Baixo, SÃ£o Paulo - SP, Brazil;-23,6409228;-46,7224546
391367;2017-01-02;18:03:00;18:48:00;2017-01-02 18:03:00;2017-01-02 18:48:00;SÃ£o Paulo, State of SÃ£o Paulo, Brazil;-23,5505199;-46,6333093999999
391368;2017-01-02;18:01:00;18:28:00;2017-01-02 18:01:00;2017-01-02 18:28:00;R. Ribeiro Lacerda, SÃ£o Paulo - SP, Brazil;-23,619077;-46,6234678
391369;2017-01-02;17:58:00;18:29:00;2017-01-02 17:58:00;2017-01-02 18:29:00;Av. Interlagos, SÃ£o Paulo - SP, Brazil;-23,6824462;-46,6900639
391370;2017-01-02;17:50:00;18:20:00;2017-01-02 17:50:00;2017-01-02 18:20:00;Rua Jaime de Oliveira e Souza - Jurubatuba, SÃ£o Paulo - SP, Brazil;-23,6809505;-46,6932288
391371;2017-01-02;17:47:00;18:02:00;2017-01-02 17:47:00;2017-01-02 18:02:00;Av. Fagundes Filho, SÃ£o Paulo - SP, Brazil;-23,6268152;-46,6347726
391372;2017-01-03;19:05:00;;2017-01-03 19:05:00;2017-01-03 ;R. AntÃ´nio de Barros, SÃ£o Paulo - SP, Brazil;-23,54304;-46,5566527999999
391373;2017-01-07;15:06:00;15:20:00;2017-01-07 15:06:00;2017-01-07 15:20:00;SÃ£o Paulo, State of SÃ£o Paulo, Brazil;-23,5505199;-46,6333093999999
391374;2017-01-07;15:56:00;17:44:00;2017-01-07 15:56:00;2017-01-07 17:44:00;SÃ£o Paulo, State of SÃ£o Paulo, Brazil;-23,5505199;-46,6333093999999
391375;2017-01-07;16:24:00;17:07:00;2017-01-07 16:24:00;2017-01-07 17:07:00;Av. Pres. Castelo Branco - Pte. Pequena;-23,5188564;-46,6441499
391376;2017-01-07;16:27:00;17:19:00;2017-01-07 16:27:00;2017-01-07 17:19:00;Rua JosÃ© Rafaeli, SÃ£o Paulo - SP, Brazil;-23,6691438;-46,7220271
391377;2017-01-07;16:30:00;17:13:00;2017-01-07 16:30:00;2017-01-07 17:13:00;Av. Pres. Castelo Branco - Pte. Pequena;-23,516267;-46,6665208
391378;2017-01-07;16:39:00;17:47:00;2017-01-07 16:39:00;2017-01-07 17:47:00;Av. Min. PetrÃ´nio Portela, SÃ£o Paulo - SP, Brazil;-23,4897469;-46,6987424
391379;2017-01-07;16:40:00;17:18:00;2017-01-07 16:40:00;2017-01-07 17:18:00;SÃ£o Paulo, State of SÃ£o Paulo, Brazil;-23,5505199;-46,6333093999999
391380;2017-01-07;16:41:00;18:46:00;2017-01-07 16:41:00;2017-01-07 18:46:00;SÃ£o Paulo, State of SÃ£o Paulo, Brazil;-23,5505199;-46,6333093999999
391381;2017-01-07;16:31:00;18:40:00;2017-01-07 16:31:00;2017-01-07 18:40:00;R. Alfredo Marcondes Machado, 10 - Freguesia do Ã“, SÃ£o Paulo - SP, 02757-080, Brazil;-23,4861224;-46,6861869
391382;2017-01-07;16:35:00;17:17:00;2017-01-07 16:35:00;2017-01-07 17:17:00;Av. Cabo AdÃ£o Pereira, SÃ£o Paulo - SP, Brazil;-23,4842291;-46,7162598
391383;2017-01-07;16:46:00;18:22:00;2017-01-07 16:46:00;2017-01-07 18:22:00;Av. AntÃ´nio Munhoz Bonilha, SÃ£o Paulo - SP, Brazil;-23,4991474;-46,6837398
391384;2017-01-07;16:50:00;18:22:00;2017-01-07 16:50:00;2017-01-07 18:22:00;Rua Bartholomeu do Canto - Vila Palmeiras, SÃ£o Paulo - SP, Brazil;-23,502585;-46,6859991
391385;2017-01-07;16:52:00;18:14:00;2017-01-07 16:52:00;2017-01-07 18:14:00;R. Alfredo Marcondes Machado, 10 - Freguesia do Ã“, SÃ£o Paulo - SP, 02757-080, Brazil;-23,4861224;-46,6861869
391386;2017-01-07;16:53:00;17:25:00;2017-01-07 16:53:00;2017-01-07 17:25:00;Rua SamaritÃ¡ - Jardim das Laranjeiras, SÃ£o Paulo - SP, Brazil;-23,5097042;-46,6695664999999
391387;2017-01-07;16:57:00;19:35:00;2017-01-07 16:57:00;2017-01-07 19:35:00;R. Alfredo Marcondes Machado, 10 - Freguesia do Ã“, SÃ£o Paulo - SP, 02757-080, Brazil;-23,4861224;-46,6861869
391388;2017-01-07;17:00:00;17:18:00;2017-01-07 17:00:00;2017-01-07 17:18:00;Av. Dom HÃ©lder CÃ¢mara, SÃ£o Paulo - SP, Brazil;-23,5169821;-46,5162831
391389;2017-01-07;17:13:00;19:24:00;2017-01-07 17:13:00;2017-01-07 19:24:00;R. Saldanha Marinho - Belenzinho, SÃ£o Paulo - SP, Brazil;-23,5391526;-46,5986304
391390;2017-01-07;17:12:00;18:11:00;2017-01-07 17:12:00;2017-01-07 18:11:00;R. Santa EulÃ¡lia - Santana, SÃ£o Paulo - SP, Brazil;-23,5116083;-46,6262026
391391;2017-01-07;17:33:00;19:05:00;2017-01-07 17:33:00;2017-01-07 19:05:00;R. Alfredo Marcondes Machado, 10 - Freguesia do Ã“, SÃ£o Paulo - SP, 02757-080, Brazil;-23,4861224;-46,6861869
391392;2017-01-07;17:32:00;19:04:00;2017-01-07 17:32:00;2017-01-07 19:04:00;R. JosÃ© de Alencar - BrÃ¡s, SÃ£o Paulo - SP, Brazil;-23,5404187;-46,6115139
391393;2017-01-07;17:20:00;17:36:00;2017-01-07 17:20:00;2017-01-07 17:36:00;R. Pedro ColaÃ§o - Piqueri, SÃ£o Paulo - SP, Brazil;-23,5063387;-46,7095893
391394;2017-01-07;17:48:00;19:10:00;2017-01-07 17:48:00;2017-01-07 19:10:00;SÃ£o Paulo, State of SÃ£o Paulo, Brazil;-23,5505199;-46,6333093999999
391395;2017-01-07;17:18:00;17:31:00;2017-01-07 17:18:00;2017-01-07 17:31:00;PraÃ§a Maj. Guilherme Rudge - Belenzinho, SÃ£o Paulo - SP, 03014-020, Brazil;-23,537315;-46,5889414
391396;2017-01-07;17:16:00;18:10:00;2017-01-07 17:16:00;2017-01-07 18:10:00;R. Itagimirim, SÃ£o Paulo - SP, Brazil;-23,5377191;-46,4562711
391397;2017-01-07;18:45:00;18:51:00;2017-01-07 18:45:00;2017-01-07 18:51:00;SÃ£o Paulo, State of SÃ£o Paulo, Brazil;-23,5505199;-46,6333093999999
391398;2017-01-07;19:01:00;20:07:00;2017-01-07 19:01:00;2017-01-07 20:07:00;Av. Nossa Senhora do Ã“, SÃ£o Paulo - SP, Brazil;-23,5041268;-46,6826885
391399;2017-01-08;16:12:00;17:18:00;2017-01-08 16:12:00;2017-01-08 17:18:00;SÃ£o Paulo, State of SÃ£o Paulo, Brazil;-23,5505199;-46,6333093999999
391400;2017-01-08;16:33:00;17:11:00;2017-01-08 16:33:00;2017-01-08 17:11:00;R. Dr. Ricardo GonÃ§alves - BrÃ¡s, SÃ£o Paulo - SP, Brazil;-23,539438;-46,6130946
391401;2017-01-08;16:24:00;17:08:00;2017-01-08 16:24:00;2017-01-08 17:08:00;R. ElÃ­dia Maria de Jesus, SÃ£o Paulo - SP, 03156-290, Brazil;-23,5824348;-46,5641534
391402;2017-01-08;16:46:00;17:06:00;2017-01-08 16:46:00;2017-01-08 17:06:00;R. Alfredo Marcondes Machado, 10 - Freguesia do Ã“, SÃ£o Paulo - SP, 02757-080, Brazil;-23,4861224;-46,6861869
391403;2017-01-08;16:51:00;17:34:00;2017-01-08 16:51:00;2017-01-08 17:34:00;Av. Pres. Castelo Branco - Pte. Pequena;-23,5188564;-46,6441499
391404;2017-01-08;16:55:00;17:42:00;2017-01-08 16:55:00;2017-01-08 17:42:00;Rua Rubino de Oliveira - BrÃ¡s, SÃ£o Paulo - SP, Brazil;-23,5384463;-46,6126858
391405;2017-01-08;17:58:00;21:16:00;2017-01-08 17:58:00;2017-01-08 21:16:00;SÃ£o Paulo, State of SÃ£o Paulo, Brazil;-23,5505199;-46,6333093999999
391406;2017-01-09;19:21:00;19:57:00;2017-01-09 19:21:00;2017-01-09 19:57:00;Av. Salim Farah Maluf, SÃ£o Paulo - SP, Brazil;-23,5559142;-46,5774648
391407;2017-01-09;19:41:00;20:20:00;2017-01-09 19:41:00;2017-01-09 20:20:00;R. Saldanha Marinho - Belenzinho, SÃ£o Paulo - SP, Brazil;-23,5391526;-46,5986304
391408;2017-01-09;20:45:00;22:01:00;2017-01-09 20:45:00;2017-01-09 22:01:00;SÃ£o Paulo, State of SÃ£o Paulo, Brazil;-23,5505199;-46,6333093999999
391409;2017-01-09;20:52:00;21:38:00;2017-01-09 20:52:00;2017-01-09 21:38:00;Av. Cel. Sezefredo Fagundes, 19500 - Vila Cachoeira, SÃ£o Paulo - SP, 02306-001, Brazil;-23,4400995;-46,5921895
391410;2017-01-09;20:54:00;21:12:00;2017-01-09 20:54:00;2017-01-09 21:12:00;SÃ£o Paulo, State of SÃ£o Paulo, Brazil;-23,5505199;-46,6333093999999
391411;2017-01-09;20:59:00;22:06:00;2017-01-09 20:59:00;2017-01-09 22:06:00;Altura do nÃºmero 1000 - Av. Ver. Abel Ferreira, S/N - Ãgua Rasa, SP, 03340-000, Brazil;-23,5589147;-46,5676676
391412;2017-01-09;21:18:00;21:38:00;2017-01-09 21:18:00;2017-01-09 21:38:00;Pte. JoÃ£o Dias - Santo Amaro, SÃ£o Paulo - SP, Brazil;-23,6445299;-46,7261749
391413;2017-01-09;21:49:00;;2017-01-09 21:49:00;2017-01-09 ;Pte. Eng. Ari Torres - Cidade Jardim, SÃ£o Paulo - SP, Brazil;-23,5945207;-46,6935321
391414;2017-01-09;22:11:00;;2017-01-09 22:11:00;2017-01-09 ;R. Alfredo Marcondes Machado, 10 - Freguesia do Ã“, SÃ£o Paulo - SP, 02757-080, Brazil;-23,4861224;-46,6861869
391415;2017-01-09;21:06:00;23:09:00;2017-01-09 21:06:00;2017-01-09 23:09:00;altura do nÃºmero 31 - Av. Nova TaboÃ£o, s/n - Jardim Nova Taboao, Guarulhos - SP, 07141-040, Brazil;-23,432244;-46,5088119
391416;2017-01-09;19:30:00;01:00:00;2017-01-09 19:30:00;2017-01-09 01:00:00;Altura do nÃºmero 205 - R. RÃªgo Freitas, s/n - Vila Buarque, SÃ£o Paulo - SP, 01220-010, Brazil;-23,5437224;-46,6465346
391417;2017-01-09;20:00:00;01:00:00;2017-01-09 20:00:00;2017-01-09 01:00:00;Tv. Foz do Tejó, 37 - Vila Fidalgo;-23,446027;-46,59004
391418;2017-01-11;15:22:00;15:56:00;2017-01-11 15:22:00;2017-01-11 15:56:00;Av. Professor Luiz IgnÃ¡cio Anhaia Mello, SÃ£o Paulo - SP, Brazil;-23,5902935;-46,5437632
391419;2017-01-11;15:26:00;15:56:00;2017-01-11 15:26:00;2017-01-11 15:56:00;R. DianÃ³polis, SÃ£o Paulo - SP, Brazil;-23,5777929;-46,5930144
391420;2017-01-11;16:22:00;15:46:00;2017-01-11 16:22:00;2017-01-11 15:46:00;R. Domingos Afonso, SÃ£o Paulo - SP, Brazil;-23,5785217;-46,5628082
391421;2017-01-15;15:58:00;16:24:00;2017-01-15 15:58:00;2017-01-15 16:24:00;Av. AlcÃ¢ntara Machado, SÃ£o Paulo - SP, Brazil;-23,5476643;-46,602319
391422;2017-01-15;16:08:00;16:30:00;2017-01-15 16:08:00;2017-01-15 16:30:00;9 de Julho, SÃ£o Paulo - SP, Brazil;-23,5666493;-46,6587609
391423;2017-01-15;16:17:00;16:32:00;2017-01-15 16:17:00;2017-01-15 16:32:00;R. Guilherme Gama, 82 - Jardim Olinda, SÃ£o Paulo - SP, 04368-120, Brazil;-23,6577071;-46,6654418
391424;2017-01-15;22:47:00;03:00:00;2017-01-15 22:47:00;2017-01-15 03:00:00;Av. Guilherme - Vila Guilherme, SÃ£o Paulo - SP, Brazil;-23,5148697;-46,6037158
391425;2017-01-15;23:31:00;03:00:00;2017-01-15 23:31:00;2017-01-15 03:00:00;Pte. da Vila Guilherme - Pari, SÃ£o Paulo - SP, Brazil;-23,5236847;-46,6111961999999
391426;2017-01-15;23:32:00;03:00:00;2017-01-15 23:32:00;2017-01-15 03:00:00;R. Alfredo Marcondes Machado, 10 - Freguesia do Ã“, SÃ£o Paulo - SP, 02757-080, Brazil;-23,4861224;-46,6861869
391427;2017-01-15;23:48:00;01:20:00;2017-01-15 23:48:00;2017-01-15 01:20:00;Av. Pres. Castelo Branco - Pte. Pequena;-23,5188564;-46,6441499
391428;2017-01-15;23:58:00;03:00:00;2017-01-15 23:58:00;2017-01-15 03:00:00;R. Maria CÃ¢ndida, SÃ£o Paulo - SP, Brazil;-23,505622;-46,6044905
391429;2017-01-15;22:59:00;;2017-01-15 22:59:00;2017-01-15 ;R. Alfredo Marcondes Machado, 10 - Freguesia do Ã“, SÃ£o Paulo - SP, 02757-080, Brazil;-23,4861224;-46,6861869
391430;2017-01-15;22:30:00;02:30:00;2017-01-15 22:30:00;2017-01-15 02:30:00;Altura do nÃºmero 37 - Av. Ipiranga - RepÃºblica, SÃ£o Paulo - SP, 01040-000, Brazil;-23,5451944;-46,6434706
391431;2017-01-15;22:30:00;01:30:00;2017-01-15 22:30:00;2017-01-15 01:30:00;Altura do nÃºmero 204 - R. Bento Freitas, s/n - Vila Buarque, SÃ£o Paulo - SP, 01220-010, Brazil;-23,5437114;-46,6455784
391432;2017-01-16;00:11:00;01:30:00;2017-01-16 00:11:00;2017-01-16 01:30:00;Av. Zaki Narchi, SÃ£o Paulo - SP, Brazil;-23,5094565;-46,6175609999999
391433;2017-01-16;00:21:00;01:52:00;2017-01-16 00:21:00;2017-01-16 01:52:00;R. Guilherme Gama, 82 - Jardim Olinda, SÃ£o Paulo - SP, 04368-120, Brazil;-23,6577071;-46,6654418
391434;2017-01-16;23:31:00;01:20:00;2017-01-16 23:31:00;2017-01-16 01:20:00;R. Alfredo Marcondes Machado, 10 - Freguesia do Ã“, SÃ£o Paulo - SP, 02757-080, Brazil;-23,4861224;-46,6861869
391435;2017-01-16;00:44:00;01:52:00;2017-01-16 00:44:00;2017-01-16 01:52:00;Av. Pres. Castelo Branco - Pte. Pequena;-23,5188564;-46,6441499
391436;2017-01-16;00:52:00;01:00:00;2017-01-16 00:52:00;2017-01-16 01:00:00;R. Dr. Zuquim, SÃ£o Paulo - SP, Brazil;-23,4975703;-46,6221149
391437;2017-01-16;01:02:00;03:00:00;2017-01-16 01:02:00;2017-01-16 03:00:00;Pte. Pres. JÃ¢nio Quadros - Vila Maria, SÃ£o Paulo - SP, Brazil;-23,5273616;-46,5967346
391438;2017-01-16;01:01:00;01:35:00;2017-01-16 01:01:00;2017-01-16 01:35:00;R. SÃ£o Caetano, SÃ£o Paulo - SP, Brazil;-23,5353535;-46,6277194
391439;2017-01-16;02:00:00;03:34:00;2017-01-16 02:00:00;2017-01-16 03:34:00;R. Pedro Vicente, SÃ£o Paulo - SP, Brazil;-23,5254504;-46,6255576999999
391440;2017-01-16;14:50:00;15:25:00;2017-01-16 14:50:00;2017-01-16 15:25:00;SÃ£o Paulo, State of SÃ£o Paulo, Brazil;-23,5505199;-46,6333093999999
391441;2017-01-16;15:54:00;17:41:00;2017-01-16 15:54:00;2017-01-16 17:41:00;R. Alfredo Marcondes Machado, 10 - Freguesia do Ã“, SÃ£o Paulo - SP, 02757-080, Brazil;-23,4861224;-46,6861869
391442;2017-01-16;17:26:00;19:00:00;2017-01-16 17:26:00;2017-01-16 19:00:00;R. Alfredo Marcondes Machado, 10 - Freguesia do Ã“, SÃ£o Paulo - SP, 02757-080, Brazil;-23,4861224;-46,6861869
391443;2017-01-16;17:26:00;02:48:00;2017-01-16 17:26:00;2017-01-16 02:48:00;R. Alfredo Marcondes Machado, 10 - Freguesia do Ã“, SÃ£o Paulo - SP, 02757-080, Brazil;-23,4861224;-46,6861869
391444;2017-01-16;21:54:00;22:10:00;2017-01-16 21:54:00;2017-01-16 22:10:00;SP-330, SÃ£o Paulo, Brazil;-23,5112612;-46,7273798
391445;2017-01-16;22:00:00;;2017-01-16 22:00:00;2017-01-16 ;R. Alfredo Marcondes Machado, 10 - Freguesia do Ã“, SÃ£o Paulo - SP, 02757-080, Brazil;-23,4861224;-46,6861869
391446;2017-01-16;22:45:00;23:09:00;2017-01-16 22:45:00;2017-01-16 23:09:00;Rua Jaime de Oliveira e Souza - Jurubatuba, SÃ£o Paulo - SP, Brazil;-23,6809505;-46,6932288
391447;2017-01-16;22:51:00;23:00:00;2017-01-16 22:51:00;2017-01-16 23:00:00;Rua Professor Campos de Oliveira, SÃ£o Paulo - SP, 04675-100, Brazil;-23,6713641;-46,6986711
391448;2017-01-16;22:53:00;02:48:00;2017-01-16 22:53:00;2017-01-16 02:48:00;R. Alfredo Marcondes Machado, 10 - Freguesia do Ã“, SÃ£o Paulo - SP, 02757-080, Brazil;-23,4861224;-46,6861869
391449;2017-01-16;23:00:00;00:48:00;2017-01-16 23:00:00;2017-01-16 00:48:00;Altura do nÃºmero 204 - R. Bento Freitas, s/n - Vila Buarque, SÃ£o Paulo - SP, 01220-010, Brazil;-23,5437114;-46,6455784
391450;2017-01-16;23:20:00;02:58:00;2017-01-16 23:20:00;2017-01-16 02:58:00;Av. Itaquera - Parque Maria Luiza, SÃ£o Paulo - SP, Brazil;-23,5537567;-46,4898454
391451;2017-01-16;23:10:00;01:13:00;2017-01-16 23:10:00;2017-01-16 01:13:00;AV PROF LUIS IGNÃCIO DE ANHAIA MELO;-24;-47
391452;2017-01-16;23:48:00;02:48:00;2017-01-16 23:48:00;2017-01-16 02:48:00;Av. Itaquera - Parque Maria Luiza, SÃ£o Paulo - SP, Brazil;-23,5537567;-46,4898454
391453;2017-01-16;23:55:00;02:48:00;2017-01-16 23:55:00;2017-01-16 02:48:00;R. JÃºlio ColaÃ§o, SÃ£o Paulo - SP, Brazil;-23,5390863;-46,5425845
391454;2017-01-16;23:49:00;18:00:00;2017-01-16 23:49:00;2017-01-16 18:00:00;Av. Duque de Caxias, SÃ£o Paulo - SP, Brazil;-23,5378316;-46,6442562
391455;2017-01-17;00:28:00;02:27:00;2017-01-17 00:28:00;2017-01-17 02:27:00;Rua BaquiÃ¡, SÃ£o Paulo - SP, Brazil;-23,5441675;-46,5373975
391456;2017-01-17;00:30:00;01:32:00;2017-01-17 00:30:00;2017-01-17 01:32:00;Rua Brazelisa Alves de Carvalho, 500 - Casa Verde, SÃ£o Paulo - SP, 02510-090, Brazil;-23,5113891;-46,6507695
391457;2017-01-17;00:59:00;03:28:00;2017-01-17 00:59:00;2017-01-17 03:28:00;Av. Interlagos, SÃ£o Paulo - SP, Brazil;-23,6824462;-46,6900639
391458;2017-01-17;03:53:00;;2017-01-17 03:53:00;2017-01-17 ;Pte. Eng. Ari Torres - Cidade Jardim, SÃ£o Paulo - SP, Brazil;-23,5945207;-46,6935321
391459;2017-01-18;11:23:00;11:32:00;2017-01-18 11:23:00;2017-01-18 11:32:00;R. JoÃ£o Alfredo - Santo Amaro, SÃ£o Paulo - SP, Brazil;-23,6583985;-46,702784
391460;2017-01-18;08:36:00;10:03:00;2017-01-18 08:36:00;2017-01-18 10:03:00;Av. do Cursino, 2943 - Saúde;-23,627549;-47
391461;2017-01-18;07:36:00;10:02:00;2017-01-18 07:36:00;2017-01-18 10:02:00;PraÃ§a Jorge de Lima - ButantÃ£, SÃ£o Paulo - SP, Brazil;-23,5725264;-46,7046701
391462;2017-01-18;07:20:00;08:10:00;2017-01-18 07:20:00;2017-01-18 08:10:00;R. FlorÃªncio de Abreu, SÃ£o Paulo - SP, Brazil;-23,5403734;-46,6328346
391463;2017-01-18;06:37:00;09:04:00;2017-01-18 06:37:00;2017-01-18 09:04:00;R. dos Italianos - Bom Retiro, SÃ£o Paulo - SP, Brazil;-23,5241085;-46,6440804
391464;2017-01-18;06:05:00;10:10:00;2017-01-18 06:05:00;2017-01-18 10:10:00;R. Paula Sousa, SÃ£o Paulo - SP, Brazil;-23,5383632;-46,6306501
391465;2017-01-18;05:49:00;06:50:00;2017-01-18 05:49:00;2017-01-18 06:50:00;R. Anhaia - Bom Retiro, SÃ£o Paulo - SP, Brazil;-23,524292;-46,6450613
391466;2017-01-18;04:14:00;09:00:00;2017-01-18 04:14:00;2017-01-18 09:00:00;Av. Pres. Castelo Branco - Pte. Pequena;-23,5188564;-46,6441499
391467;2017-01-18;02:35:00;02:57:00;2017-01-18 02:35:00;2017-01-18 02:57:00;Viaduto do GlicÃ©rio - Liberdade, SÃ£o Paulo - SP, Brazil;-23,5564647;-46,6307556
391468;2017-01-18;00:44:00;03:42:00;2017-01-18 00:44:00;2017-01-18 03:42:00;R. Joaquim Marra, SÃ£o Paulo - SP, Brazil;-23,5370531;-46,5199497
391469;2017-01-18;00:11:00;02:40:00;2017-01-18 00:11:00;2017-01-18 02:40:00;SÃ£o Paulo, State of SÃ£o Paulo, Brazil;-23,5505199;-46,6333093999999
391470;2017-01-18;00:21:00;10:32:00;2017-01-18 00:21:00;2017-01-18 10:32:00;Rua PurÃ©us - Jardim Guedala, SÃ£o Paulo - SP, Brazil;-23,5853641;-46,7096293
391471;2017-01-18;14:00:00;16:27:00;2017-01-18 14:00:00;2017-01-18 16:27:00;Rua Serra de Japi, SÃ£o Paulo - SP, Brazil;-23,546136;-46,5688323
391472;2017-01-18;12:09:00;16:16:00;2017-01-18 12:09:00;2017-01-18 16:16:00;R. Alfredo Marcondes Machado, 10 - Freguesia do Ã“, SÃ£o Paulo - SP, 02757-080, Brazil;-23,4861224;-46,6861869
391473;2017-01-18;12:45:00;16:33:00;2017-01-18 12:45:00;2017-01-18 16:33:00;R. Gomes Cardim - BrÃ¡s, SÃ£o Paulo - SP, Brazil;-23,5440447;-46,6131716
391474;2017-01-18;12:47:00;16:33:00;2017-01-18 12:47:00;2017-01-18 16:33:00;R. JosÃ© de Alencar - BrÃ¡s, SÃ£o Paulo - SP, Brazil;-23,5404187;-46,6115139
391475;2017-01-18;12:49:00;15:56:00;2017-01-18 12:49:00;2017-01-18 15:56:00;R. Saldanha Marinho - Belenzinho, SÃ£o Paulo - SP, Brazil;-23,5391526;-46,5986304
391476;2017-01-18;14:43:00;15:47:00;2017-01-18 14:43:00;2017-01-18 15:47:00;SÃ£o Paulo, State of SÃ£o Paulo, Brazil;-23,5505199;-46,6333093999999
391477;2017-01-18;14:45:00;15:50:00;2017-01-18 14:45:00;2017-01-18 15:50:00;R. SÃ£o Francisco - SÃ©, SÃ£o Paulo - SP, Brazil;-23,5491102;-46,6379728
391478;2017-01-18;14:46:00;15:08:00;2017-01-18 14:46:00;2017-01-18 15:08:00;Viaduto General Euclides de Figueiredo - Parque Ibirapuera, SÃ£o Paulo - SP, Brazil;-23,5842968;-46,6536584
391479;2017-01-18;14:59:00;15:07:00;2017-01-18 14:59:00;2017-01-18 15:07:00;Av. 23 de Maio, SÃ£o Paulo - SP, Brazil;-23,5689056;-46,640864
391480;2017-01-18;15:05:00;15:57:00;2017-01-18 15:05:00;2017-01-18 15:57:00;R. Guilherme Gama, 82 - Jardim Olinda, SÃ£o Paulo - SP, 04368-120, Brazil;-23,6577071;-46,6654418
391481;2017-01-18;14:34:00;14:39:00;2017-01-18 14:34:00;2017-01-18 14:39:00;R. Chico Pontes, SÃ£o Paulo - SP, Brazil;-23,5070224;-46,6039587
391482;2017-01-18;15:52:00;16:46:00;2017-01-18 15:52:00;2017-01-18 16:46:00;Av. Dr. Dante Pazzanese - Vila Mariana, SÃ£o Paulo - SP, Brazil;-23,585681;-46,6500958
391483;2017-01-19;13:05:00;15:45:00;2017-01-19 13:05:00;2017-01-19 15:45:00;R. Kotinda, SÃ£o Paulo - SP, Brazil;-23,430598;-46,587671
391484;2017-01-19;15:27:00;01:33:00;2017-01-19 15:27:00;2017-01-19 01:33:00;R. Guilherme Gama, 82 - Jardim Olinda, SÃ£o Paulo - SP, 04368-120, Brazil;-23,6577071;-46,6654418
391485;2017-01-19;17:05:00;17:55:00;2017-01-19 17:05:00;2017-01-19 17:55:00;R. SÃ£o Francisco - SÃ©, SÃ£o Paulo - SP, Brazil;-23,5491102;-46,6379728
391486;2017-01-19;18:16:00;19:12:00;2017-01-19 18:16:00;2017-01-19 19:12:00;R. JosÃ© Gomes FalcÃ£o - Barra Funda, SÃ£o Paulo - SP, Brazil;-23,5203668;-46,6614315
391487;2017-01-19;18:18:00;;2017-01-19 18:18:00;2017-01-19 ;R. Guilherme Gama, 82 - Jardim Olinda, SÃ£o Paulo - SP, 04368-120, Brazil;-23,6577071;-46,6654418
391488;2017-01-19;18:51:00;;2017-01-19 18:51:00;2017-01-19 ;SÃ£o Paulo, State of SÃ£o Paulo, Brazil;-23,5505199;-46,6333093999999
391489;2017-01-19;19:43:00;;2017-01-19 19:43:00;2017-01-19 ;R. Guilherme Gama, 82 - Jardim Olinda, SÃ£o Paulo - SP, 04368-120, Brazil;-23,6577071;-46,6654418
391490;2017-01-19;19:09:00;;2017-01-19 19:09:00;2017-01-19 ;R. Alfredo Marcondes Machado, 10 - Freguesia do Ã“, SÃ£o Paulo - SP, 02757-080, Brazil;-23,4861224;-46,6861869
391491;2017-01-19;20:10:00;20:37:00;2017-01-19 20:10:00;2017-01-19 20:37:00;R. Alfredo Marcondes Machado, 10 - Freguesia do Ã“, SÃ£o Paulo - SP, 02757-080, Brazil;-23,4861224;-46,6861869
391492;2017-01-20;06:50:00;11:51:00;2017-01-20 06:50:00;2017-01-20 11:51:00;Av. Pres. Castelo Branco - Pte. Pequena;-23,5188564;-46,6441499
391493;2017-01-20;06:51:00;11:50:00;2017-01-20 06:51:00;2017-01-20 11:50:00;Pte. Estaiada Gov. Orestes QuÃ©rcia - Via Prof. SimÃ£o Faiguenboim - Bom Retiro, SÃ£o Paulo - SP, 01142-300, Brazil;-23,5180441;-46,6383614
391494;2017-01-20;08:10:00;11:51:00;2017-01-20 08:10:00;2017-01-20 11:51:00;R. Alfredo Marcondes Machado, 10 - Freguesia do Ã“, SÃ£o Paulo - SP, 02757-080, Brazil;-23,4861224;-46,6861869
391495;2017-01-20;09:47:00;09:54:00;2017-01-20 09:47:00;2017-01-20 09:54:00;SÃ£o Paulo, State of SÃ£o Paulo, Brazil;-23,5505199;-46,6333093999999
391496;2017-01-20;18:42:00;20:52:00;2017-01-20 18:42:00;2017-01-20 20:52:00;R. Alfredo Marcondes Machado, 10 - Freguesia do Ã“, SÃ£o Paulo - SP, 02757-080, Brazil;-23,4861224;-46,6861869
391497;2017-01-20;19:14:00;19:33:00;2017-01-20 19:14:00;2017-01-20 19:33:00;R. Alfredo Marcondes Machado, 10 - Freguesia do Ã“, SÃ£o Paulo - SP, 02757-080, Brazil;-23,4861224;-46,6861869
391498;2017-01-20;19:16:00;20:03:00;2017-01-20 19:16:00;2017-01-20 20:03:00;9 de Julho, SÃ£o Paulo - SP, Brazil;-23,5666493;-46,6587609
391499;2017-01-20;19:30:00;20:45:00;2017-01-20 19:30:00;2017-01-20 20:45:00;Av. Nossa Senhora do Ã“, SÃ£o Paulo - SP, Brazil;-23,5041268;-46,6826885
391500;2017-01-20;19:31:00;20:29:00;2017-01-20 19:31:00;2017-01-20 20:29:00;PraÃ§a Pascoal Martins - Barra Funda, SÃ£o Paulo - SP, Brazil;-23,519576;-46,6751213
391501;2017-01-20;19:42:00;04:18:00;2017-01-20 19:42:00;2017-01-20 04:18:00;R. JosÃ© de Alencar - BrÃ¡s, SÃ£o Paulo - SP, Brazil;-23,5404187;-46,6115139
391502;2017-01-20;19:44:00;04:18:00;2017-01-20 19:44:00;2017-01-20 04:18:00;R. Saldanha Marinho - Belenzinho, SÃ£o Paulo - SP, Brazil;-23,5391526;-46,5986304
391503;2017-01-20;19:50:00;21:24:00;2017-01-20 19:50:00;2017-01-20 21:24:00;R. Teixeira Leite - Liberdade, SÃ£o Paulo - SP, 01325-070, Brazil;-23,5559621;-46,6284359
391504;2017-01-20;19:52:00;01:24:00;2017-01-20 19:52:00;2017-01-20 01:24:00;Rua GlicÃ©rio, SÃ£o Paulo - SP, Brazil;-23,5560709;-46,6291905
391505;2017-01-20;19:53:00;20:05:00;2017-01-20 19:53:00;2017-01-20 20:05:00;PraÃ§a Ibrahim Nobre, SÃ£o Paulo - SP, Brazil;-23,5849948;-46,6555741
391506;2017-01-20;19:56:00;20:23:00;2017-01-20 19:56:00;2017-01-20 20:23:00;Av. Thomas Edison, SÃ£o Paulo - SP, Brazil;-23,5202919;-46,6680144
391507;2017-01-20;19:58:00;20:45:00;2017-01-20 19:58:00;2017-01-20 20:45:00;R. do Bosque, SÃ£o Paulo - SP, Brazil;-23,5247867;-46,6582307
391508;2017-01-20;20:26:00;20:26:00;2017-01-20 20:26:00;2017-01-20 20:26:00;R. JosÃ© Gomes FalcÃ£o - Barra Funda, SÃ£o Paulo - SP, Brazil;-23,5203668;-46,6614315
391509;2017-01-20;20:02:00;20:13:00;2017-01-20 20:02:00;2017-01-20 20:13:00;R. Paula Sousa, SÃ£o Paulo - SP, Brazil;-23,5383632;-46,6306501
391510;2017-01-20;20:08:00;23:43:00;2017-01-20 20:08:00;2017-01-20 23:43:00;Av. Pres. Castelo Branco - Pte. Pequena;-23,5188564;-46,6441499
391511;2017-01-20;20:11:00;20:29:00;2017-01-20 20:11:00;2017-01-20 20:29:00;Rua SamaritÃ¡ - Jardim das Laranjeiras, SÃ£o Paulo - SP, Brazil;-23,5097042;-46,6695664999999
391512;2017-01-20;20:47:00;20:52:00;2017-01-20 20:47:00;2017-01-20 20:52:00;R. Teixeira Leite - Liberdade, SÃ£o Paulo - SP, 01325-070, Brazil;-23,5559621;-46,6284359
391513;2017-01-20;20:20:00;20:50:00;2017-01-20 20:20:00;2017-01-20 20:50:00;Rua BarÃ£o de Iguape - Liberdade, SÃ£o Paulo - SP, Brazil;-23,5581944;-46,6320404
391514;2017-01-20;21:15:00;01:24:00;2017-01-20 21:15:00;2017-01-20 01:24:00;Rua GlicÃ©rio, SÃ£o Paulo - SP, Brazil;-23,5560709;-46,6291905
391515;2017-01-20;18:51:00;21:35:00;2017-01-20 18:51:00;2017-01-20 21:35:00;R. Guilherme Gama, 82 - Jardim Olinda, SÃ£o Paulo - SP, 04368-120, Brazil;-23,6577071;-46,6654418
391516;2017-01-20;19:25:00;21:35:00;2017-01-20 19:25:00;2017-01-20 21:35:00;R. Alberto Keller - Jardim Boa Vista (Zona Oeste), SÃ£o Paulo - SP, 05583-130, Brazil;-23,5835829;-46,7821214
391517;2017-01-20;21:31:00;04:18:00;2017-01-20 21:31:00;2017-01-20 04:18:00;Pte. Eng. Ari Torres - Cidade Jardim, SÃ£o Paulo - SP, Brazil;-23,5945207;-46,6935321
391518;2017-01-20;22:22:00;23:41:00;2017-01-20 22:22:00;2017-01-20 23:41:00;Av. Pres. Castelo Branco - Pte. Pequena;-23,5188564;-46,6441499
391519;2017-01-20;23:58:00;03:27:00;2017-01-20 23:58:00;2017-01-20 03:27:00;Pte. da Vila Guilherme - Pari, SÃ£o Paulo - SP, Brazil;-23,5236847;-46,6111961999999
391520;2017-01-21;11:04:00;12:02:00;2017-01-21 11:04:00;2017-01-21 12:02:00;R. Guilherme Gama, 82 - Jardim Olinda, SÃ£o Paulo - SP, 04368-120, Brazil;-23,6577071;-46,6654418
391521;2017-01-21;12:43:00;12:56:00;2017-01-21 12:43:00;2017-01-21 12:56:00;R. Alfredo Marcondes Machado, 10 - Freguesia do Ã“, SÃ£o Paulo - SP, 02757-080, Brazil;-23,4861224;-46,6861869
391522;2017-01-21;17:58:00;22:22:00;2017-01-21 17:58:00;2017-01-21 22:22:00;Altura do NÃºmero 380 - Rua Bartolomeo Veneto, S/N - Jardim Ivana, SÃ£o Paulo - SP, 05364-030, Brazil;-23,5703647;-46,7523206
391523;2017-01-21;18:06:00;18:09:00;2017-01-21 18:06:00;2017-01-21 18:09:00;R. Ouro Grosso, SÃ£o Paulo - SP, Brazil;-23,501693;-46,6554116999999
391524;2017-01-21;18:06:00;;2017-01-21 18:06:00;2017-01-21 ;R. Guilherme Gama, 82 - Jardim Olinda, SÃ£o Paulo - SP, 04368-120, Brazil;-23,6577071;-46,6654418
391525;2017-01-21;18:12:00;18:37:00;2017-01-21 18:12:00;2017-01-21 18:37:00;Av. MarquÃªs de SÃ£o Vicente, SÃ£o Paulo - SP, Brazil;-23,5191501;-46,6751177
391526;2017-01-21;18:11:00;18:13:00;2017-01-21 18:11:00;2017-01-21 18:13:00;PraÃ§a Pascoal Martins - Barra Funda, SÃ£o Paulo - SP, Brazil;-23,519576;-46,6751213
391527;2017-01-21;18:13:00;19:14:00;2017-01-21 18:13:00;2017-01-21 19:14:00;Av. Thomas Edison, SÃ£o Paulo - SP, Brazil;-23,5202919;-46,6680144
391528;2017-01-21;18:15:00;18:16:00;2017-01-21 18:15:00;2017-01-21 18:16:00;Av. MarquÃªs de SÃ£o Vicente, SÃ£o Paulo - SP, Brazil;-23,5191501;-46,6751177
391529;2017-01-21;18:21:00;18:50:00;2017-01-21 18:21:00;2017-01-21 18:50:00;R. VenÃ¢ncio Aires, SÃ£o Paulo - SP, Brazil;-23,5281579;-46,6821344
391530;2017-01-21;18:21:00;18:37:00;2017-01-21 18:21:00;2017-01-21 18:37:00;Av. AntÃ¡rtica, SÃ£o Paulo - SP, Brazil;-23,5263304;-46,6723352
391531;2017-01-21;18:26:00;19:42:00;2017-01-21 18:26:00;2017-01-21 19:42:00;Av. SumarÃ©, SÃ£o Paulo - SP, Brazil;-23,5384701;-46,6746973
391532;2017-01-21;18:18:00;21:51:00;2017-01-21 18:18:00;2017-01-21 21:51:00;Av. Pres. Castelo Branco - Pte. Pequena;-23,5188564;-46,6441499
391533;2017-01-21;18:19:00;19:18:00;2017-01-21 18:19:00;2017-01-21 19:18:00;Largo Santa EfigÃªnia, s/n - Centro, SÃ£o Paulo - SP, 01033-050, Brazil;-23,5429555;-46,6353373
391534;2017-01-21;18:16:00;19:14:00;2017-01-21 18:16:00;2017-01-21 19:14:00;R. JosÃ© Gomes FalcÃ£o - Barra Funda, SÃ£o Paulo - SP, Brazil;-23,5203668;-46,6614315
391535;2017-01-21;18:35:00;19:02:00;2017-01-21 18:35:00;2017-01-21 19:02:00;Altura do nÃºmero 100 - R. Paulino GuimarÃ£es, S/N - ArmÃªnia, SÃ£o Paulo - SP, 01109-030, Brazil;-23,5245616;-46,6287773
391536;2017-01-21;18:36:00;20:27:00;2017-01-21 18:36:00;2017-01-21 20:27:00;R. Alfredo Marcondes Machado, 10 - Freguesia do Ã“, SÃ£o Paulo - SP, 02757-080, Brazil;-23,4861224;-46,6861869
391537;2017-01-21;18:42:00;21:28:00;2017-01-21 18:42:00;2017-01-21 21:28:00;Av. Pedroso de Morais, SÃ£o Paulo - SP, Brazil;-23,5593863;-46,6968344
391538;2017-01-21;18:48:00;19:03:00;2017-01-21 18:48:00;2017-01-21 19:03:00;Altura do NÃºmero 850 - R. Pedro AmÃ©rico, S/N - Campos ElÃ­seos, SÃ£o Paulo - SP, 01045-010, Brazil;-23,5413259;-46,6418626
391539;2017-01-21;18:59:00;19:07:00;2017-01-21 18:59:00;2017-01-21 19:07:00;Av. Professor Luiz IgnÃ¡cio Anhaia Mello, SÃ£o Paulo - SP, Brazil;-23,5902935;-46,5437632
391540;2017-01-21;18:59:00;22:18:00;2017-01-21 18:59:00;2017-01-21 22:18:00;Pte. Eng. Ari Torres - Cidade Jardim, SÃ£o Paulo - SP, Brazil;-23,5945207;-46,6935321
391541;2017-01-21;19:00:00;22:20:00;2017-01-21 19:00:00;2017-01-21 22:20:00;PraÃ§a Campo de Bagatelle - Santana, SÃ£o Paulo - SP, Brazil;-23,5135426;-46,6292293
391542;2017-01-21;19:02:00;19:20:00;2017-01-21 19:02:00;2017-01-21 19:20:00;Altura do nÃºmero 1400 - R. Eli, s/n - Vila Maria, SÃ£o Paulo - SP, 02114-012, Brazil;-23,5153974;-46,5844542
391543;2017-01-21;19:31:00;19:48:00;2017-01-21 19:31:00;2017-01-21 19:48:00;Altura do nÃºmero 100 - R. Paulino GuimarÃ£es, S/N - ArmÃªnia, SÃ£o Paulo - SP, 01109-030, Brazil;-23,5245616;-46,6287773
391544;2017-01-21;19:34:00;22:18:00;2017-01-21 19:34:00;2017-01-21 22:18:00;Av. Roque Petroni JÃºnior, SÃ£o Paulo - SP, Brazil;-23,6242558;-46,694804
391545;2017-01-21;19:59:00;21:59:00;2017-01-21 19:59:00;2017-01-21 21:59:00;Av. Professor Vicente Rao, SÃ£o Paulo - SP, Brazil;-23,6347622;-46,6790151999999
391546;2017-01-21;18:47:00;22:19:00;2017-01-21 18:47:00;2017-01-21 22:19:00;Ponte Engenheiro Roberto Rossi Zuccolo, SÃ£o Paulo - SP, Brazil;-23,5868205;-46,6914047
391547;2017-01-21;20:40:00;22:22:00;2017-01-21 20:40:00;2017-01-21 22:22:00;Altura do nÃºmero 1400 - R. Eli, s/n - Vila Maria, SÃ£o Paulo - SP, 02114-012, Brazil;-23,5153974;-46,5844542
391548;2017-01-21;19:02:00;19:20:00;2017-01-21 19:02:00;2017-01-21 19:20:00;R. Guilherme Gama, 82 - Jardim Olinda, SÃ£o Paulo - SP, 04368-120, Brazil;-23,6577071;-46,6654418
391549;2017-01-21;21:59:00;22:18:00;2017-01-21 21:59:00;2017-01-21 22:18:00;Pte. Cruzeiro do Sul - Luz, SÃ£o Paulo - SP, Brazil;-23,5195505;-46,6251524
391550;2017-01-21;20:58:00;19:50:00;2017-01-21 20:58:00;2017-01-21 19:50:00;SÃ£o Paulo, State of SÃ£o Paulo, Brazil;-23,5505199;-46,6333093999999
391551;2017-01-21;23:04:00;02:21:00;2017-01-21 23:04:00;2017-01-21 02:21:00;Pte. Eng. Ari Torres - Cidade Jardim, SÃ£o Paulo - SP, Brazil;-23,5945207;-46,6935321
391552;2017-01-22;04:19:00;12:16:00;2017-01-22 04:19:00;2017-01-22 12:16:00;R. Alfredo Marcondes Machado, 10 - Freguesia do Ã“, SÃ£o Paulo - SP, 02757-080, Brazil;-23,4861224;-46,6861869
391553;2017-01-22;06:27:00;12:36:00;2017-01-22 06:27:00;2017-01-22 12:36:00;SÃ£o Paulo, State of SÃ£o Paulo, Brazil;-23,5505199;-46,6333093999999
391554;2017-01-22;11:54:00;12:08:00;2017-01-22 11:54:00;2017-01-22 12:08:00;Altura do nÃºmero 912 - Av. Dezenove de Janeiro, S/N - Vila Carrao, SÃ£o Paulo - SP, 03449-000, Brazil;-23,5587072;-46,5217995
391555;2017-01-22;00:31:00;00:38:00;2017-01-22 00:31:00;2017-01-22 00:38:00;Pte. Eng. Ari Torres - Cidade Jardim, SÃ£o Paulo - SP, Brazil;-23,5945207;-46,6935321
391556;2017-01-22;15:11:00;15:55:00;2017-01-22 15:11:00;2017-01-22 15:55:00;R. JosÃ© de Alencar - BrÃ¡s, SÃ£o Paulo - SP, Brazil;-23,5404187;-46,6115139
391557;2017-01-22;15:12:00;15:55:00;2017-01-22 15:12:00;2017-01-22 15:55:00;R. Saldanha Marinho - Belenzinho, SÃ£o Paulo - SP, Brazil;-23,5391526;-46,5986304
391558;2017-01-24;17:40:00;;2017-01-24 17:40:00;2017-01-24 ;Pte. Estaiada Gov. Orestes QuÃ©rcia - Via Prof. SimÃ£o Faiguenboim - Bom Retiro, SÃ£o Paulo - SP, 01142-300, Brazil;-23,5180441;-46,6383614
391559;2017-01-24;17:44:00;18:09:00;2017-01-24 17:44:00;2017-01-24 18:09:00;Av. Nossa Senhora do Ã“, SÃ£o Paulo - SP, Brazil;-23,5041268;-46,6826885
391560;2017-01-24;17:42:00;17:51:00;2017-01-24 17:42:00;2017-01-24 17:51:00;AV BENEDITO ANDRADE;-23,48712414;-46,714822
391561;2017-01-24;17:49:00;18:23:00;2017-01-24 17:49:00;2017-01-24 18:23:00;R HENRIQUE SCHAUMANN/ AV REBOUCAS;-23,56420741;-46,6778934
391562;2017-01-24;17:52:00;18:56:00;2017-01-24 17:52:00;2017-01-24 18:56:00;AV CELSO GARCIA/R JOSE DE ALENCAR (BRAS);-23,5404187;-46,6115139
391563;2017-01-24;17:54:00;17:58:00;2017-01-24 17:54:00;2017-01-24 17:58:00;AV RIO BRANCO / AV DUQ.DE CAXIAS;-23,5362242;-46,642375588
391564;2017-01-24;17:55:00;17:58:00;2017-01-24 17:55:00;2017-01-24 17:58:00;AV RIO BRANCO / R GAL OSORIO;-23,5374731;-46,6416311
391565;2017-01-24;17:56:00;17:58:00;2017-01-24 17:56:00;2017-01-24 17:58:00;AV RIO BRANCO, 313;-23,5402935;-46,6398243
391566;2017-01-24;17:56:00;18:39:00;2017-01-24 17:56:00;2017-01-24 18:39:00;AV CELSO GARCIA;-23,5382111;-46,5990525
391567;2017-01-24;18:00:00;;2017-01-24 18:00:00;2017-01-24 ;R CEL ANTONIO DE CARVALHO;-23,51372277;-46,624100357
391568;2017-01-24;18:09:00;18:21:00;2017-01-24 18:09:00;2017-01-24 18:21:00;AV PRES CASTELO BRANCO;-23,5208208;-46,6296426
391570;2017-01-24;18:13:00;18:15:00;2017-01-24 18:13:00;2017-01-24 18:15:00;AV POMPEIA;-23,52677;-46,682099
391571;2017-01-24;18:13:00;18:15:00;2017-01-24 18:13:00;2017-01-24 18:15:00;AV BENEDITO ANDRADE;-23,4870729;-46,7150634
391572;2017-01-24;18:31:00;19:05:00;2017-01-24 18:31:00;2017-01-24 19:05:00;AV MARQ.DE SAO VICENTE;-23,52209;-46,661199
391573;2017-01-24;18:47:00;;2017-01-24 18:47:00;2017-01-24 ;AV RANGEL PESTANA;-23,5421568;-47
391574;2017-01-26;12:52:00;13:42:00;2017-01-26 12:52:00;2017-01-26 13:42:00;PC DA BANDEIRA;-24;-46,63832
391575;2017-01-26;12:55:00;13:01:00;2017-01-26 12:55:00;2017-01-26 13:01:00;AV NOVE DE JULHO;-23,55567;-46,65038
391576;2017-01-26;12:57:00;13:16:00;2017-01-26 12:57:00;2017-01-26 13:16:00;AV AGUIA DE HAIA;-23,53937;-46,48476
391577;2017-01-26;12:59:00;13:36:00;2017-01-26 12:59:00;2017-01-26 13:36:00;AV ANTONIO MUNHOZ BONILHA;-23,50386;-46,6844366
391578;2017-01-26;13:06:00;13:25:00;2017-01-26 13:06:00;2017-01-26 13:25:00;AV VINTE E TRES DE MAIO;-23,5843;-46,653658
391579;2017-01-26;13:10:00;13:38:00;2017-01-26 13:10:00;2017-01-26 13:38:00;R ENG JOSE CRUZ DE OLIVEIRA;-23,492524;-46,454975
391580;2017-01-26;13:21:00;13:39:00;2017-01-26 13:21:00;2017-01-26 13:39:00;AV STO AMARO;-23,6265;-46,68685
391581;2017-01-26;13:20:00;13:26:00;2017-01-26 13:20:00;2017-01-26 13:26:00;AV CB ADAO PEREIRA / AV BENEDITO ANDRADE;-23,48695;-46,71478
